student_id,course_id,term,term_index,midterm_score,assignment_score,final_score,gpa,credits,age,gender,socio_economic_tier,distance_from_campus_km,internet_access,parent_education,lms_logins_per_week,video_watch_hours,forum_posts,quiz_attempts,avg_quiz_score,total_classes,classes_attended,attendance_rate,tardy_count,engagement_index,dropout_risk,is_anomaly
STU10000,DS201,Spring 2025,3,53.1,49.3,52.0,2.08,3,20,Male,Medium,15.6,High-Speed,Bachelors,23,22.5,4,8,66.8,45,37,82.8,2,84.76,Low,False
STU10001,SE501,Spring 2025,3,73.6,71.8,73.1,2.92,4,25,Female,High,0.2,High-Speed,High School,17,12.6,6,12,77.0,50,44,88.4,6,85.1,Low,False
STU10002,AI301,Fall 2024,2,80.0,70.8,77.2,3.09,3,24,Female,Low,2.0,Limited,High School,12,14.9,6,2,83.6,50,36,72.4,5,70.92,Low,False
STU10003,SE501,Fall 2024,2,63.1,61.5,62.6,2.5,4,25,Female,Low,10.1,High-Speed,Masters,12,18.9,4,11,76.8,40,23,56.9,2,61.81,Medium,False
STU10004,CS101,Spring 2024,1,47.3,45.2,46.7,1.86,3,25,Male,Medium,4.5,Moderate,High School,11,17.6,5,2,69.4,50,35,89.0,5,74.88,Low,False
STU10005,CS101,Fall 2025,4,44.1,44.9,44.3,1.77,3,20,Male,High,38.4,Moderate,Bachelors,6,18.8,3,13,67.8,45,26,58.6,2,51.86,Medium,False
STU10006,AI301,Fall 2023,0,43.5,49.8,45.4,1.82,4,23,Male,Medium,10.4,High-Speed,Bachelors,11,19.5,0,9,71.6,40,27,68.4,4,65.02,Medium,False
STU10007,AI301,Fall 2023,0,58.1,57.1,57.8,2.31,3,21,Female,Medium,29.8,Moderate,Bachelors,9,6.3,5,6,76.9,40,25,62.2,4,59.98,Medium,False
STU10008,SE501,Spring 2024,1,52.5,47.6,51.0,2.04,3,20,Female,Medium,2.1,High-Speed,High School,13,7.9,8,7,46.4,40,30,75.2,6,66.38,Medium,False
STU10009,SE501,Spring 2026,5,49.2,40.6,46.6,1.86,3,22,Female,High,19.0,Moderate,High School,11,20.9,3,5,77.2,50,30,59.4,5,61.64,Medium,False
STU10010,AI301,Fall 2023,0,53.6,56.4,54.4,2.18,3,20,Male,High,3.7,High-Speed,Bachelors,9,11.1,4,5,82.4,45,28,62.6,1,61.28,Low,False
STU10011,CS101,Spring 2024,1,52.4,53.5,52.7,2.11,4,22,Female,High,43.3,High-Speed,High School,20,11.6,4,11,69.2,45,45,99.8,5,93.74,Low,False
STU10012,DB401,Fall 2024,2,55.0,60.0,54.2,2.21,4,25,Female,Low,1.6,High-Speed,Doctorate,15,8.7,2,14,65.0,40,30,75.0,5,73.0,Medium,False
STU10013,DB401,Spring 2025,3,50.9,51.7,51.1,2.04,4,24,Male,Low,6.9,High-Speed,Masters,19,13.0,3,10,61.3,50,40,79.8,5,80.66,Low,False
STU10014,DS201,Fall 2024,2,35.4,39.6,36.7,1.47,3,20,Male,Medium,15.0,Moderate,Bachelors,11,13.3,2,9,48.4,45,24,53.9,4,53.13,High,True
STU10015,CS101,Fall 2023,0,75.3,76.9,75.8,3.03,3,22,Male,High,5.4,Limited,Masters,14,10.3,1,12,72.1,50,35,70.5,0,70.67,Medium,False
STU10016,CS101,Fall 2025,4,58.4,59.9,58.8,2.35,4,20,Male,Low,6.0,Moderate,High School,12,9.7,5,14,75.3,40,23,57.3,3,61.71,High,False
STU10017,CS101,Spring 2026,5,58.9,66.0,61.0,2.44,3,24,Female,Low,40.8,High-Speed,Bachelors,10,16.6,2,13,81.8,45,30,66.0,3,64.36,Low,False
STU10018,DS201,Fall 2023,0,67.4,67.7,67.5,2.7,4,25,Male,Medium,5.3,Limited,High School,13,11.0,4,5,100.0,45,29,64.0,4,71.5,Low,False
STU10019,AI301,Fall 2025,4,51.1,47.7,50.1,2.0,3,20,Male,Low,8.8,High-Speed,Bachelors,14,12.0,2,8,73.1,50,32,64.7,1,67.97,Medium,False
STU10020,SE501,Fall 2023,0,72.2,78.7,74.1,2.96,3,19,Female,Medium,0.5,High-Speed,Bachelors,15,4.1,4,9,84.7,50,38,76.3,2,77.59,Low,False
STU10021,DS201,Fall 2023,0,48.9,46.1,48.1,1.92,3,22,Male,Medium,17.5,High-Speed,High School,14,24.7,4,8,52.6,40,30,75.1,1,69.07,Medium,False
STU10022,AI301,Spring 2024,1,40.7,34.6,38.9,1.56,3,24,Male,Medium,9.9,High-Speed,High School,14,19.7,3,6,66.4,40,23,57.0,4,62.78,Low,True
STU10023,SE501,Spring 2026,5,74.0,76.1,74.6,2.98,4,22,Male,Medium,4.9,Moderate,Bachelors,11,12.5,3,11,84.1,45,31,68.3,2,67.47,Medium,False
STU10024,AI301,Fall 2023,0,53.2,56.4,54.2,2.17,3,22,Male,Medium,0.2,High-Speed,Bachelors,13,10.5,5,2,73.7,45,34,75.0,6,71.74,Low,False
STU10025,AI301,Spring 2026,5,79.3,75.3,78.1,3.12,4,18,Female,Medium,8.5,High-Speed,High School,11,15.1,2,7,85.5,40,29,71.7,4,69.45,Low,False
STU10026,DB401,Fall 2023,0,100.0,100.0,72.3,3.46,3,24,Male,Medium,0.1,Moderate,Bachelors,15,14.9,3,9,100.0,45,33,100.0,10,92.5,Low,True
STU10027,CS101,Fall 2025,4,68.7,68.7,68.7,2.75,3,20,Female,Medium,0.0,Limited,Bachelors,11,8.6,5,12,92.5,45,30,65.7,0,67.85,Low,False
STU10028,DB401,Fall 2024,2,44.0,41.7,43.3,1.73,4,22,Female,Medium,9.1,Moderate,Bachelors,12,2.2,6,7,80.9,50,24,48.3,1,58.33,Medium,True
STU10029,DS201,Spring 2024,1,65.0,65.2,65.1,2.6,4,23,Male,Low,2.0,High-Speed,Bachelors,9,12.4,5,9,70.3,45,28,62.8,4,58.96,Medium,False
STU10030,SE501,Fall 2024,2,82.8,79.7,81.9,3.28,4,18,Female,Low,2.0,Moderate,High School,14,7.2,5,7,82.6,50,38,76.6,4,75.82,Low,False
STU10031,DB401,Fall 2024,2,40.2,40.1,40.2,1.61,4,19,Male,Low,10.1,High-Speed,Bachelors,12,15.9,5,3,60.2,40,24,60.5,1,60.29,High,True
STU10032,DB401,Spring 2026,5,63.9,72.2,66.4,2.66,4,22,Male,Low,0.5,High-Speed,Masters,10,15.9,4,7,97.5,40,26,63.8,4,66.4,Medium,False
STU10033,AI301,Fall 2023,0,44.5,42.9,44.0,1.76,3,25,Female,Medium,3.6,Limited,Bachelors,10,10.1,2,10,66.2,40,25,63.1,5,59.79,Medium,True
STU10034,DB401,Fall 2025,4,55.6,53.8,55.1,2.2,4,22,Female,High,1.5,Limited,Bachelors,15,12.3,2,14,71.8,50,37,74.2,5,73.96,Low,False
STU10035,DS201,Spring 2026,5,60.9,56.6,59.6,2.38,3,18,Female,Medium,8.2,Moderate,Bachelors,21,23.8,0,3,75.6,40,32,80.0,4,85.12,Low,False
STU10036,CS101,Spring 2025,3,68.4,66.2,67.8,2.71,4,20,Male,Medium,10.3,High-Speed,High School,9,18.9,3,4,80.2,50,32,65.0,3,62.04,Medium,False
STU10037,DB401,Fall 2024,2,46.0,39.7,44.1,1.76,4,23,Male,Medium,12.1,Moderate,Bachelors,9,12.7,7,10,86.8,45,25,56.6,1,59.16,Medium,False
STU10038,SE501,Fall 2023,0,64.5,62.2,63.8,2.55,4,25,Female,Medium,2.8,Limited,Masters,18,26.5,4,14,62.6,50,42,84.2,4,81.62,Medium,False
STU10039,SE501,Fall 2024,2,55.4,51.9,54.3,2.17,3,19,Male,Medium,0.9,High-Speed,High School,12,9.0,5,8,57.8,45,29,65.5,4,62.31,Medium,False
STU10040,AI301,Spring 2026,5,43.6,42.3,43.2,1.73,4,25,Male,Low,0.8,High-Speed,Masters,9,10.9,1,2,61.8,40,26,65.5,5,58.61,Medium,False
STU10041,DB401,Fall 2024,2,59.6,54.4,58.0,2.32,3,22,Female,Low,5.3,Moderate,High School,11,14.4,3,12,74.3,45,33,74.1,2,68.41,Medium,False
STU10042,DS201,Fall 2023,0,50.3,62.6,54.0,2.16,4,20,Male,Medium,27.7,High-Speed,Bachelors,10,7.3,5,14,80.0,45,26,57.1,1,59.55,High,False
STU10043,SE501,Fall 2025,4,53.1,49.0,51.9,2.08,3,24,Female,High,2.3,Limited,Masters,8,24.0,2,5,79.4,40,20,50.8,1,53.28,High,False
STU10044,DS201,Fall 2024,2,68.4,66.4,67.8,2.71,3,23,Male,Low,2.8,High-Speed,Masters,14,15.9,3,5,76.1,45,26,57.9,1,65.17,Low,False
STU10045,DB401,Spring 2026,5,46.5,47.8,46.9,1.88,4,24,Female,Low,1.0,Moderate,Masters,6,11.1,7,11,75.8,45,26,57.8,2,53.06,High,False
STU10046,CS101,Fall 2024,2,65.4,67.4,66.0,2.64,4,23,Male,Medium,8.8,Moderate,Masters,13,17.2,5,6,85.2,50,36,72.4,4,72.74,Medium,False
STU10047,DB401,Fall 2024,2,45.2,48.8,46.3,1.85,4,19,Female,Low,10.8,High-Speed,Bachelors,11,15.7,5,8,82.2,45,22,49.1,4,57.49,Medium,False
STU10048,SE501,Fall 2023,0,39.8,38.5,39.4,1.58,4,21,Female,High,9.8,Moderate,Bachelors,8,13.5,1,6,55.0,40,12,30.0,5,38.0,High,False
STU10049,SE501,Spring 2025,3,71.4,67.2,70.1,2.8,4,23,Male,Medium,18.8,High-Speed,High School,20,9.0,9,11,77.5,50,47,94.6,0,92.8,Low,False
STU10050,AI301,Spring 2026,5,66.1,73.5,68.3,2.73,4,21,Female,High,6.3,High-Speed,High School,12,7.8,6,7,79.3,45,33,74.0,3,70.86,Low,False
STU10051,DB401,Spring 2025,3,40.0,35.6,38.7,1.55,4,24,Female,Medium,1.4,High-Speed,Bachelors,4,25.9,3,10,63.4,40,19,47.1,5,42.23,High,False
STU10052,DB401,Spring 2024,1,52.9,51.8,52.6,2.1,4,23,Female,Medium,3.2,High-Speed,Bachelors,11,8.2,5,3,81.6,50,37,73.5,2,69.57,Low,False
STU10053,SE501,Spring 2024,1,48.2,48.5,48.3,1.93,3,19,Female,Medium,10.3,Moderate,Bachelors,15,23.5,4,7,71.4,50,40,81.0,0,77.28,Medium,False
STU10054,AI301,Spring 2025,3,56.4,59.5,57.3,2.29,4,18,Female,Medium,9.0,Limited,Masters,7,10.8,6,14,80.8,45,27,60.1,4,56.71,Medium,False
STU10055,DB401,Fall 2025,4,52.7,54.9,53.4,2.14,4,19,Female,Medium,7.2,High-Speed,Bachelors,11,19.0,4,7,56.5,50,32,64.5,4,60.05,Low,False
STU10056,CS101,Fall 2024,2,50.8,47.9,49.9,2.0,3,19,Male,Low,10.9,High-Speed,High School,12,17.3,2,13,59.1,50,30,60.1,4,59.87,Medium,False
STU10057,AI301,Spring 2025,3,67.0,68.1,67.3,2.69,4,18,Male,Medium,9.6,High-Speed,Bachelors,12,18.3,5,2,84.1,40,28,68.8,3,69.22,Medium,False
STU10058,CS101,Fall 2025,4,56.7,48.9,54.4,2.18,4,18,Male,Medium,20.2,Moderate,Bachelors,11,18.7,8,7,81.7,40,28,70.8,1,68.24,Medium,False
STU10059,DS201,Fall 2024,2,41.4,52.4,44.7,1.79,4,20,Male,High,8.4,Limited,Bachelors,5,6.9,6,8,46.9,50,29,58.4,5,46.08,High,False
STU10060,DB401,Spring 2026,5,35.5,31.5,34.3,1.37,4,23,Male,Medium,14.3,Moderate,Masters,11,11.6,3,14,69.9,50,33,65.7,5,63.33,Low,True
STU10061,DB401,Fall 2025,4,50.0,54.5,51.4,2.06,4,24,Male,Medium,2.7,Moderate,Bachelors,19,8.2,3,8,43.1,50,42,84.7,3,79.47,Medium,False
STU10062,CS101,Spring 2025,3,78.8,73.9,77.3,3.09,4,20,Female,Low,10.8,High-Speed,Masters,10,15.9,3,4,96.0,50,33,66.2,3,67.3,Low,False
STU10063,AI301,Spring 2026,5,57.1,60.3,58.1,2.32,3,18,Male,Medium,22.1,High-Speed,Bachelors,11,8.4,4,9,65.6,50,37,73.4,3,66.32,Low,False
STU10064,DS201,Fall 2025,4,70.1,65.1,68.6,2.74,3,21,Male,Medium,4.6,Moderate,Bachelors,9,5.1,2,8,68.5,40,27,66.8,2,60.6,Medium,False
STU10065,DB401,Fall 2025,4,44.1,48.6,45.5,1.82,3,24,Female,High,14.3,Moderate,Bachelors,4,13.8,9,5,63.3,40,15,38.3,2,37.81,High,False
STU10066,DS201,Spring 2025,3,59.1,68.6,61.9,2.48,4,21,Male,High,12.3,Moderate,High School,9,4.0,4,5,68.0,50,30,59.7,5,56.95,Medium,False
STU10067,CS101,Fall 2024,2,60.3,60.7,60.4,2.42,4,19,Female,Low,0.6,Moderate,High School,14,16.3,2,11,65.0,45,32,71.6,1,69.8,Low,False
STU10068,SE501,Spring 2024,1,78.5,81.3,79.3,3.17,4,22,Male,High,8.3,Moderate,High School,18,8.7,3,14,86.3,45,42,93.3,1,90.91,Low,False
STU10069,AI301,Fall 2024,2,51.3,56.2,52.8,2.11,4,19,Other,Low,1.3,Moderate,Bachelors,8,10.8,3,14,70.0,45,23,51.8,2,51.9,High,False
STU10070,AI301,Spring 2026,5,55.2,52.3,54.3,2.17,4,19,Female,Medium,32.5,Limited,High School,11,3.6,1,8,65.2,40,22,55.8,1,57.44,Medium,False
STU10071,AI301,Fall 2023,0,45.0,49.8,46.4,1.86,4,22,Male,Medium,15.8,Limited,Doctorate,9,23.3,6,3,77.2,50,23,45.5,4,51.69,High,False
STU10072,DS201,Spring 2026,5,58.0,55.7,57.3,2.29,3,23,Male,Low,1.1,High-Speed,Bachelors,11,7.7,3,6,48.6,45,31,69.6,2,61.02,Medium,False
STU10073,DB401,Spring 2026,5,69.3,80.1,72.5,2.9,4,18,Female,Medium,1.2,High-Speed,Bachelors,14,13.2,3,14,64.5,45,35,77.5,3,72.65,Low,False
STU10074,AI301,Spring 2024,1,53.4,47.3,51.6,2.06,4,21,Female,Low,8.6,High-Speed,High School,9,6.0,5,7,69.2,45,25,56.4,6,55.54,High,False
STU10075,CS101,Spring 2026,5,49.9,50.7,50.1,2.0,3,19,Female,Low,4.0,Moderate,High School,14,10.8,2,5,58.3,50,37,73.7,5,69.51,Medium,False
STU10076,DB401,Spring 2024,1,51.7,46.6,50.2,2.01,4,22,Female,Medium,0.3,High-Speed,High School,13,23.8,5,2,78.5,50,38,75.0,3,72.7,Medium,False
STU10077,CS101,Spring 2024,1,50.9,56.9,52.7,2.11,3,20,Male,Medium,7.4,High-Speed,Bachelors,10,16.5,6,12,71.2,40,19,48.4,8,53.44,Medium,True
STU10078,DB401,Fall 2023,0,66.6,79.0,70.3,2.81,4,19,Male,High,4.7,High-Speed,Bachelors,18,11.4,7,12,78.9,50,44,87.9,4,86.73,Low,False
STU10079,DS201,Fall 2023,0,62.1,63.5,62.5,2.5,3,21,Male,Medium,1.0,Moderate,Bachelors,16,14.8,6,2,78.6,40,36,89.6,3,84.52,Low,False
STU10080,SE501,Fall 2023,0,52.1,61.8,55.0,2.2,3,18,Female,Medium,15.4,High-Speed,Bachelors,14,12.2,3,4,89.2,45,27,60.8,2,69.24,Low,False
STU10081,AI301,Spring 2026,5,42.5,46.7,43.8,1.75,3,19,Female,Medium,23.4,High-Speed,Bachelors,8,14.5,5,10,60.4,40,27,66.9,4,57.53,Medium,False
STU10082,CS101,Spring 2024,1,59.6,67.9,62.1,2.48,3,19,Male,Low,13.4,High-Speed,High School,12,18.7,4,14,83.5,40,26,64.2,2,66.8,Medium,False
STU10083,CS101,Spring 2025,3,60.5,64.6,61.7,2.47,4,23,Male,Low,16.4,Moderate,Bachelors,14,13.3,3,3,65.6,50,38,76.0,2,72.12,Low,False
STU10084,DS201,Spring 2025,3,51.9,60.7,54.6,2.18,4,25,Male,Medium,2.3,High-Speed,Bachelors,8,16.1,3,6,73.3,45,21,46.1,4,49.71,High,False
STU10085,DS201,Fall 2024,2,77.5,85.6,79.9,3.2,3,22,Male,Medium,2.9,High-Speed,Bachelors,13,16.2,5,8,77.5,40,21,52.1,2,61.05,Low,False
STU10086,SE501,Fall 2023,0,70.6,68.2,69.9,2.8,3,20,Female,Medium,2.2,Moderate,High School,16,13.4,4,3,84.9,45,35,77.1,3,79.53,Low,False
STU10087,CS101,Fall 2023,0,62.7,60.4,62.0,2.48,4,20,Female,Medium,13.8,High-Speed,Bachelors,7,11.3,3,2,73.0,45,28,61.4,1,55.8,High,False
STU10088,DB401,Spring 2024,1,58.3,57.3,58.0,2.32,3,24,Female,Medium,28.1,High-Speed,High School,12,12.4,3,8,83.4,50,31,62.2,4,65.78,Low,False
STU10089,SE501,Spring 2025,3,49.3,46.2,48.4,1.94,4,18,Male,Low,12.0,Moderate,Doctorate,11,18.5,2,6,89.5,45,28,61.5,3,65.15,Medium,False
STU10090,CS101,Fall 2024,2,51.3,54.1,52.1,2.08,3,24,Male,Low,20.3,High-Speed,Bachelors,16,18.9,3,8,67.6,40,28,69.1,3,72.07,Medium,False
STU10091,DB401,Spring 2026,5,65.3,72.7,67.5,2.7,3,21,Female,High,9.7,Moderate,Doctorate,10,9.3,2,2,68.6,45,27,58.9,5,58.17,Medium,False
STU10092,SE501,Spring 2025,3,39.3,41.9,40.1,1.6,3,18,Female,Medium,4.7,High-Speed,Bachelors,8,13.7,2,7,62.2,45,24,52.6,3,50.74,Medium,False
STU10093,AI301,Spring 2026,5,61.3,59.8,60.9,2.44,4,19,Female,High,5.3,High-Speed,High School,16,11.2,2,7,65.6,45,39,86.1,4,80.17,Low,False
STU10094,DB401,Spring 2026,5,57.9,59.1,58.3,2.33,4,25,Female,Low,0.7,Moderate,Bachelors,15,19.0,4,8,74.8,50,34,69.0,5,71.96,Medium,False
STU10095,CS101,Fall 2023,0,66.4,56.7,63.5,2.54,3,19,Female,High,0.3,Moderate,High School,10,12.6,1,13,70.3,50,32,64.9,2,61.51,Medium,False
STU10096,SE501,Fall 2025,4,60.6,55.0,58.9,2.36,4,20,Female,Low,11.3,High-Speed,Masters,11,26.0,6,9,69.8,45,32,70.9,3,65.91,Low,False
STU10097,AI301,Fall 2025,4,67.8,66.3,67.4,2.7,4,21,Male,Low,5.5,High-Speed,Masters,17,16.1,6,10,75.8,45,37,81.5,2,81.41,Low,False
STU10098,DS201,Fall 2025,4,49.5,52.1,50.3,2.01,3,22,Male,High,7.6,Moderate,Bachelors,6,20.9,8,14,69.4,45,26,57.3,3,51.53,High,False
STU10099,DS201,Fall 2024,2,27.1,30.0,28.0,1.12,4,21,Male,Low,7.7,Moderate,Bachelors,8,9.9,3,11,55.1,45,26,57.3,6,51.67,High,False
STU10100,SE501,Fall 2025,4,55.0,56.0,55.3,2.21,3,19,Male,Medium,3.1,High-Speed,Bachelors,16,15.1,5,13,61.5,40,34,83.9,5,78.25,Medium,False
STU10101,AI301,Spring 2024,1,52.8,51.6,52.4,2.1,4,22,Female,Low,6.1,Moderate,Doctorate,7,18.1,3,14,76.7,45,25,55.7,2,53.69,High,False
STU10102,SE501,Fall 2024,2,53.2,51.3,52.6,2.1,4,21,Male,Medium,6.0,High-Speed,High School,8,9.8,5,6,75.6,45,24,54.0,1,54.12,Medium,False
STU10103,AI301,Fall 2025,4,46.9,41.2,45.2,1.81,4,25,Female,High,4.7,High-Speed,Bachelors,10,15.1,4,14,61.9,40,28,68.9,6,61.83,Medium,False
STU10104,AI301,Fall 2025,4,43.5,45.8,44.2,1.77,4,25,Female,Medium,16.3,High-Speed,Bachelors,16,20.3,5,5,64.4,45,33,72.6,7,73.18,Medium,True
STU10105,DS201,Fall 2023,0,57.4,55.2,56.7,2.27,3,21,Male,Medium,5.7,High-Speed,Doctorate,13,13.4,5,6,63.7,50,32,64.5,6,64.49,Medium,False
STU10106,DB401,Spring 2026,5,49.5,50.2,49.7,1.99,3,22,Male,Low,8.8,High-Speed,Masters,10,10.7,6,11,68.2,40,25,62.0,1,59.64,Medium,False
STU10107,SE501,Fall 2023,0,57.1,53.9,56.1,2.24,4,19,Female,Medium,21.5,High-Speed,Doctorate,15,24.0,3,6,82.7,50,30,60.1,1,69.09,Medium,False
STU10108,AI301,Fall 2024,2,52.3,55.3,53.2,2.13,3,21,Male,Medium,19.1,High-Speed,Bachelors,10,9.1,3,12,91.1,50,37,74.4,2,70.42,Low,False
STU10109,CS101,Fall 2024,2,56.3,56.9,56.5,2.26,3,22,Male,Low,21.0,High-Speed,High School,13,15.8,4,10,74.9,45,32,70.7,5,69.83,Low,False
STU10110,DS201,Fall 2024,2,63.6,65.0,64.0,2.56,3,23,Male,Medium,3.0,High-Speed,Bachelors,11,11.5,4,8,90.2,50,27,54.5,0,61.79,Low,False
STU10111,CS101,Fall 2024,2,55.8,52.0,54.7,2.19,3,25,Male,Low,0.3,High-Speed,Bachelors,12,10.3,1,12,67.7,40,26,65.6,2,64.34,Medium,False
STU10112,AI301,Fall 2023,0,51.4,47.3,50.2,2.01,4,23,Female,High,2.9,Moderate,Bachelors,8,18.7,0,3,76.3,50,30,60.5,7,57.51,Medium,False
STU10113,AI301,Fall 2025,4,52.5,54.0,52.9,2.12,4,19,Female,Medium,3.1,High-Speed,High School,13,14.0,8,3,69.3,40,29,72.6,1,69.66,Low,False
STU10114,DB401,Spring 2025,3,59.9,52.8,57.8,2.31,4,22,Female,Low,22.8,Moderate,Bachelors,14,17.0,5,2,80.2,50,37,73.3,4,73.69,Low,False
STU10115,DS201,Fall 2024,2,60.9,65.3,62.2,2.49,3,23,Female,Medium,10.0,High-Speed,High School,13,3.7,5,3,82.2,40,25,62.9,6,67.39,High,False
STU10116,DS201,Spring 2026,5,44.2,43.6,44.0,1.76,3,22,Female,Medium,0.8,High-Speed,Masters,5,17.5,3,3,65.3,45,17,38.1,6,39.61,High,False
STU10117,DS201,Spring 2024,1,69.6,64.8,68.2,2.73,3,21,Male,Medium,1.4,High-Speed,High School,15,11.4,1,6,85.2,45,35,77.7,1,78.39,Low,False
STU10118,SE501,Spring 2026,5,57.2,49.7,55.0,2.2,4,19,Female,High,1.6,Limited,Bachelors,8,5.6,7,10,65.7,50,30,60.9,2,55.59,Medium,False
STU10119,DS201,Fall 2024,2,57.1,62.1,58.6,2.34,4,23,Female,Medium,9.5,High-Speed,High School,16,24.4,3,8,58.6,50,41,81.8,5,76.62,Low,False
STU10120,DB401,Spring 2026,5,72.0,60.7,68.6,2.74,4,24,Female,High,12.6,High-Speed,High School,8,18.0,0,12,85.0,45,27,60.4,2,59.2,Medium,False
STU10121,SE501,Fall 2025,4,63.1,65.4,63.8,2.55,3,21,Female,Medium,18.7,Moderate,Masters,11,16.1,7,14,76.0,45,31,68.4,2,65.9,Low,False
STU10122,CS101,Fall 2024,2,53.1,53.8,53.3,2.13,3,25,Male,Low,26.8,Limited,High School,10,21.2,2,6,74.0,40,29,73.7,3,66.65,Medium,False
STU10123,SE501,Spring 2026,5,53.8,57.0,54.8,2.19,4,24,Male,Medium,2.1,Limited,High School,10,16.2,4,12,75.8,45,23,52.1,3,56.21,Medium,False
STU10124,CS101,Fall 2025,4,59.7,54.3,58.1,2.32,3,24,Male,Medium,3.5,High-Speed,High School,12,11.0,2,11,68.1,45,32,70.4,3,66.82,Medium,False
STU10125,AI301,Spring 2024,1,61.4,58.0,60.4,2.42,4,18,Male,Medium,2.6,High-Speed,Bachelors,11,14.1,5,5,79.3,40,24,59.0,3,61.86,Medium,False
STU10126,CS101,Spring 2025,3,93.3,80.0,43.8,3.31,3,18,Female,High,4.2,Moderate,Bachelors,13,11.6,4,7,96.9,45,27,90.0,8,83.88,Low,True
STU10127,DS201,Fall 2025,4,46.1,46.4,46.2,1.85,3,19,Female,Medium,23.4,High-Speed,High School,14,12.5,3,5,95.2,40,24,59.2,4,69.64,Low,False
STU10128,CS101,Fall 2025,4,65.1,69.5,66.4,2.66,3,23,Male,High,8.1,Moderate,Bachelors,15,8.7,3,11,61.5,45,33,72.3,3,70.95,Medium,False
STU10129,DS201,Fall 2024,2,41.3,41.1,41.3,1.65,4,23,Female,Medium,12.7,Moderate,High School,8,10.1,2,8,58.5,40,19,46.8,3,47.1,Medium,False
STU10130,SE501,Fall 2025,4,41.8,48.8,43.9,1.76,4,23,Male,Medium,6.4,Moderate,Masters,13,19.5,1,14,79.7,45,30,66.7,1,68.79,Low,True
STU10131,CS101,Fall 2025,4,47.9,48.6,48.1,1.92,3,22,Male,Medium,0.3,High-Speed,Masters,15,16.7,5,4,60.6,45,29,64.6,3,66.92,Medium,False
STU10132,AI301,Fall 2025,4,52.5,60.6,54.9,2.2,3,21,Male,Medium,0.6,High-Speed,Doctorate,6,12.5,4,13,82.8,50,17,33.6,4,42.36,High,False
STU10133,DS201,Spring 2026,5,47.7,56.3,50.3,2.01,3,23,Male,High,7.3,Moderate,Masters,6,9.9,5,14,80.7,40,24,59.9,1,55.09,High,False
STU10134,CS101,Spring 2024,1,41.6,50.4,44.2,1.77,3,21,Female,Medium,12.1,High-Speed,High School,12,13.0,6,9,58.5,45,30,67.2,7,63.3,Medium,True
STU10135,SE501,Spring 2024,1,45.4,41.8,44.3,1.77,4,19,Male,Low,2.3,High-Speed,High School,14,6.6,7,13,70.8,50,24,47.8,6,59.06,Medium,True
STU10136,DS201,Fall 2025,4,60.3,66.4,62.1,2.48,3,24,Female,Medium,12.2,High-Speed,Bachelors,10,15.6,7,9,90.5,50,29,58.2,3,62.2,Medium,False
STU10137,CS101,Spring 2025,3,47.0,46.9,47.0,1.88,3,23,Female,Medium,15.8,High-Speed,High School,8,19.7,2,4,66.2,40,25,62.9,2,56.69,High,False
STU10138,DS201,Fall 2023,0,52.8,52.7,52.8,2.11,4,19,Male,Low,5.0,High-Speed,High School,14,26.8,9,14,63.1,50,38,76.2,2,71.72,Medium,False
STU10139,DB401,Spring 2024,1,64.4,68.5,65.6,2.62,3,23,Female,Low,13.0,Moderate,High School,13,9.5,6,8,70.6,45,33,74.2,1,70.72,Medium,False
STU10140,DB401,Fall 2025,4,60.8,59.0,60.3,2.41,3,18,Female,Medium,4.9,High-Speed,Bachelors,14,19.5,1,2,78.3,50,37,73.4,6,73.36,Low,False
STU10141,SE501,Fall 2023,0,46.4,38.0,43.9,1.76,3,20,Male,Medium,10.8,High-Speed,Bachelors,15,11.5,6,6,66.3,40,32,79.3,4,75.41,Low,True
STU10142,AI301,Fall 2023,0,64.6,64.7,64.6,2.58,4,19,Female,Medium,13.7,High-Speed,High School,13,9.4,3,10,62.9,40,30,74.9,4,69.53,Medium,False
STU10143,DB401,Spring 2026,5,54.4,63.8,57.2,2.29,4,23,Male,Low,45.8,High-Speed,High School,8,9.4,6,3,80.4,45,27,59.2,2,57.68,Medium,False
STU10144,SE501,Fall 2024,2,59.0,57.3,58.5,2.34,3,25,Male,Low,4.0,Limited,Bachelors,15,15.7,6,4,95.3,45,32,70.4,2,76.76,Low,False
STU10145,DB401,Spring 2025,3,56.0,55.6,55.9,2.24,3,20,Male,Medium,5.0,Moderate,High School,11,10.3,3,5,72.0,45,32,71.7,4,66.75,Medium,False
STU10146,SE501,Fall 2024,2,39.6,41.6,40.2,1.61,4,19,Female,Medium,1.7,High-Speed,Doctorate,10,12.0,8,3,64.8,50,30,60.7,3,58.31,Medium,True
STU10147,AI301,Fall 2025,4,52.5,50.6,51.9,2.08,3,25,Female,Low,2.2,Moderate,High School,7,12.8,11,11,68.9,45,28,62.1,2,55.33,Medium,False
STU10148,DB401,Fall 2023,0,59.2,58.2,58.9,2.36,3,25,Male,Medium,11.2,High-Speed,Bachelors,16,11.3,5,7,53.8,45,37,83.2,2,76.36,Low,False
STU10149,DB401,Spring 2026,5,46.3,46.9,46.5,1.86,4,22,Male,Medium,23.6,Limited,Bachelors,8,10.9,3,6,71.5,45,25,55.7,4,54.15,High,False
STU10150,CS101,Fall 2023,0,50.5,48.4,49.9,2.0,4,25,Female,Low,4.8,High-Speed,High School,9,2.9,3,6,78.5,40,22,53.9,2,56.15,High,False
STU10151,SE501,Fall 2023,0,43.1,49.6,45.0,1.8,4,23,Male,Low,1.9,High-Speed,Bachelors,9,15.4,7,9,64.5,45,25,55.0,6,53.9,Medium,False
STU10152,DS201,Fall 2024,2,48.1,58.7,51.3,2.05,4,22,Male,Low,3.2,High-Speed,Bachelors,5,15.3,0,7,52.7,50,26,53.0,3,44.54,High,False
STU10153,SE501,Spring 2024,1,50.2,52.5,50.9,2.04,4,18,Male,High,5.8,Moderate,Masters,6,11.0,4,2,82.9,40,19,47.5,7,49.33,High,False
STU10154,SE501,Spring 2025,3,46.2,43.7,45.4,1.82,3,23,Other,Medium,3.3,High-Speed,Bachelors,14,16.8,3,2,53.8,45,33,73.3,2,68.41,Low,False
STU10155,DB401,Fall 2023,0,42.2,44.7,42.9,1.72,4,24,Male,Medium,2.5,Moderate,High School,5,22.0,7,11,69.4,45,15,33.2,5,37.98,High,False
STU10156,DB401,Spring 2025,3,60.6,54.9,58.9,2.36,4,25,Female,Medium,12.7,High-Speed,High School,10,15.1,7,11,90.6,40,27,66.4,5,66.32,Medium,False
STU10157,SE501,Spring 2026,5,57.6,50.7,55.5,2.22,3,18,Female,Medium,0.1,Limited,High School,10,21.7,1,6,76.5,40,28,70.4,3,65.5,Medium,False
STU10158,SE501,Fall 2023,0,42.7,42.3,42.6,1.7,4,20,Male,Medium,7.4,High-Speed,High School,13,26.2,4,14,48.7,40,30,74.1,3,66.29,Low,True
STU10159,SE501,Fall 2024,2,51.9,58.2,53.8,2.15,3,19,Female,Medium,15.0,Limited,Bachelors,11,27.7,7,13,57.7,50,30,59.7,2,57.89,Medium,False
STU10160,AI301,Fall 2025,4,43.0,50.0,45.1,1.8,4,25,Male,Low,2.9,High-Speed,Doctorate,8,9.1,4,4,62.2,45,24,53.4,2,51.14,High,False
STU10161,DB401,Spring 2024,1,40.9,42.9,41.5,1.66,3,21,Female,Medium,8.8,High-Speed,Bachelors,8,9.1,3,13,58.2,45,22,50.0,3,48.64,High,False
STU10162,DS201,Fall 2025,4,41.9,45.4,43.0,1.72,4,18,Female,Medium,10.5,Limited,Bachelors,7,12.8,3,9,55.2,45,21,45.9,0,44.49,High,False
STU10163,DS201,Fall 2024,2,71.1,72.2,71.4,2.86,4,21,Female,Medium,10.1,Limited,Bachelors,15,15.6,4,12,59.5,40,32,78.9,4,73.85,Low,False
STU10164,DS201,Fall 2023,0,67.4,66.9,67.3,2.69,3,25,Male,Medium,5.6,Moderate,Masters,13,22.9,5,3,79.5,45,33,72.4,2,71.6,Low,False
STU10165,DS201,Spring 2026,5,60.0,53.9,58.2,2.33,4,21,Female,Low,4.0,High-Speed,High School,13,18.1,3,6,82.5,45,36,80.8,3,76.4,Low,False
STU10166,DS201,Spring 2025,3,40.8,46.8,42.6,1.7,3,25,Male,Medium,17.2,High-Speed,Bachelors,15,9.0,5,13,52.1,40,30,75.1,7,70.47,Medium,True
STU10167,DS201,Spring 2026,5,60.6,58.5,60.0,2.4,4,19,Male,Medium,13.5,High-Speed,Masters,8,11.9,5,7,97.5,45,21,47.5,3,55.25,Medium,False
STU10168,AI301,Fall 2024,2,63.8,68.0,65.1,2.6,3,20,Male,High,3.7,High-Speed,High School,16,14.8,8,4,82.9,50,44,88.4,2,84.78,Low,False
STU10169,CS101,Spring 2026,5,58.4,58.2,58.3,2.33,4,19,Female,Medium,1.0,High-Speed,High School,11,7.6,7,9,93.3,45,26,57.2,4,63.76,Low,False
STU10170,DS201,Fall 2025,4,57.7,52.9,56.3,2.25,3,23,Female,Medium,0.7,High-Speed,Doctorate,18,15.1,2,9,58.6,50,45,89.3,2,83.37,Low,False
STU10171,AI301,Fall 2025,4,52.1,48.0,50.9,2.04,4,18,Male,Medium,0.9,Moderate,Bachelors,12,9.1,5,7,57.1,40,30,75.4,4,67.12,Medium,False
STU10172,AI301,Fall 2025,4,62.0,59.1,61.1,2.44,4,21,Female,High,8.3,Moderate,High School,12,6.7,2,10,82.3,45,35,76.9,0,72.91,Low,False
STU10173,AI301,Spring 2026,5,56.2,56.7,56.3,2.25,4,19,Male,Medium,0.5,High-Speed,Bachelors,10,10.3,5,4,77.7,50,36,72.3,3,66.69,Medium,False
STU10174,DS201,Fall 2023,0,43.5,49.4,45.3,1.81,3,25,Female,Medium,3.9,High-Speed,Bachelors,18,17.1,2,4,76.4,45,34,75.3,2,79.93,Low,False
STU10175,DB401,Fall 2025,4,57.6,61.2,58.7,2.35,4,19,Male,Medium,13.3,High-Speed,Bachelors,15,17.0,5,9,68.1,40,29,72.2,3,72.22,Low,False
STU10176,CS101,Fall 2025,4,55.9,51.9,54.7,2.19,4,19,Female,Medium,3.3,Moderate,High School,8,15.5,2,14,69.3,40,23,58.1,4,54.91,High,False
STU10177,CS101,Fall 2023,0,55.2,48.6,53.2,2.13,4,18,Male,High,13.7,High-Speed,High School,14,20.0,2,13,82.3,45,34,74.6,2,74.76,Low,False
STU10178,CS101,Fall 2023,0,61.9,65.3,62.9,2.52,3,20,Female,Low,13.0,Moderate,Bachelors,14,19.4,4,11,64.3,40,30,76.1,1,71.91,Medium,False
STU10179,DS201,Fall 2024,2,51.9,61.6,54.8,2.19,4,24,Male,Low,2.7,High-Speed,Bachelors,12,16.0,5,5,53.8,50,35,69.9,5,63.71,Medium,False
STU10180,DS201,Fall 2023,0,58.2,63.0,59.6,2.38,4,19,Male,High,12.4,High-Speed,Masters,10,15.3,9,11,75.9,40,27,67.2,3,63.78,Medium,False
STU10181,SE501,Spring 2026,5,65.2,75.4,68.3,2.73,4,18,Male,Medium,13.1,Moderate,High School,12,15.6,4,2,88.4,40,28,70.9,4,71.13,Medium,False
STU10182,AI301,Spring 2025,3,57.4,54.9,56.6,2.26,3,21,Female,Medium,4.8,Moderate,Masters,15,14.3,4,9,54.1,50,37,74.6,3,70.62,Low,False
STU10183,DS201,Spring 2025,3,62.7,62.7,62.7,2.51,3,25,Female,Medium,2.2,High-Speed,High School,13,4.1,0,9,71.6,45,33,74.4,3,71.02,Low,False
STU10184,CS101,Spring 2024,1,25.0,30.9,26.5,1.06,3,23,Male,Low,7.0,High-Speed,Bachelors,11,20.7,2,6,46.1,40,18,46.0,3,48.72,Medium,True
STU10185,CS101,Fall 2023,0,74.3,66.1,71.8,2.87,4,24,Female,Medium,24.2,Limited,Masters,13,17.0,4,12,85.8,45,33,74.1,2,73.71,Low,False
STU10186,DS201,Fall 2025,4,55.6,57.5,56.2,2.25,3,22,Female,Medium,9.7,High-Speed,Bachelors,12,8.9,5,13,61.3,50,33,66.5,4,63.51,Medium,False
STU10187,DS201,Spring 2024,1,46.3,47.9,46.8,1.87,4,24,Female,Medium,1.8,Moderate,High School,13,22.1,5,13,72.2,45,29,63.5,3,65.69,Medium,False
STU10188,DB401,Spring 2025,3,42.9,49.9,45.0,1.8,4,25,Female,Medium,10.9,Moderate,High School,12,12.1,4,3,72.7,40,28,70.3,1,67.69,Low,False
STU10189,SE501,Spring 2026,5,42.7,37.9,41.3,1.65,4,24,Male,High,5.3,Moderate,Bachelors,9,14.5,2,8,73.1,40,23,57.9,4,57.07,Medium,False
STU10190,DS201,Fall 2024,2,69.4,68.3,69.1,2.76,4,25,Male,Low,8.5,High-Speed,Bachelors,17,20.1,2,5,78.3,40,28,70.3,2,76.31,Low,False
STU10191,DS201,Spring 2026,5,67.6,64.2,66.6,2.66,3,18,Female,High,12.6,High-Speed,Doctorate,13,16.1,5,9,90.7,50,40,80.6,4,77.94,Low,False
STU10192,SE501,Spring 2026,5,59.5,59.0,59.3,2.37,3,22,Female,Low,6.9,Limited,Bachelors,15,21.7,6,12,68.1,40,26,64.9,4,68.57,Medium,False
STU10193,SE501,Spring 2026,5,69.4,63.2,67.5,2.7,4,19,Female,Medium,16.0,High-Speed,Masters,8,13.2,2,11,69.3,45,29,63.5,0,57.61,Medium,False
STU10194,CS101,Spring 2026,5,33.4,36.1,34.2,1.37,3,19,Male,High,12.2,High-Speed,Bachelors,13,23.5,3,12,58.5,40,19,48.1,3,55.25,High,True
STU10195,AI301,Fall 2024,2,40.5,41.3,40.7,1.63,4,24,Male,Medium,9.1,Moderate,Masters,11,11.1,3,7,50.5,50,37,74.6,1,63.9,Low,True
STU10196,DS201,Spring 2024,1,49.0,47.6,48.6,1.94,3,18,Female,Medium,1.6,High-Speed,High School,10,21.6,6,8,65.0,45,26,57.9,2,56.95,Medium,False
STU10197,DS201,Fall 2025,4,49.0,50.4,49.4,1.98,3,22,Female,Medium,17.2,Moderate,Masters,9,3.7,7,11,77.2,45,18,39.3,2,48.59,High,False
STU10198,DB401,Fall 2023,0,62.1,64.3,62.7,2.51,3,19,Female,Medium,26.1,Moderate,High School,16,9.5,4,12,69.2,50,35,70.6,2,73.14,Low,False
STU10199,DB401,Fall 2024,2,60.7,68.1,62.9,2.52,3,21,Female,Low,1.4,Moderate,Masters,16,16.5,7,3,87.7,45,37,82.5,2,82.79,Low,False
STU10200,SE501,Fall 2025,4,39.6,39.1,39.5,1.58,3,20,Female,High,6.4,Moderate,High School,3,13.0,3,6,71.7,40,16,40.6,4,39.14,High,False
STU10201,SE501,Fall 2023,0,73.6,80.3,75.6,3.02,4,20,Male,Medium,2.8,High-Speed,Bachelors,15,14.6,3,5,89.2,45,30,67.3,3,73.99,Low,False
STU10202,SE501,Spring 2024,1,59.3,55.2,58.1,2.32,3,19,Male,Medium,13.3,High-Speed,Bachelors,14,15.2,4,4,73.6,50,33,66.5,3,68.97,Low,False
STU10203,CS101,Fall 2023,0,51.3,48.2,50.4,2.02,3,22,Female,Medium,12.1,Moderate,Doctorate,10,9.0,5,8,65.4,45,25,56.5,2,56.33,High,False
STU10204,SE501,Spring 2025,3,45.4,53.4,47.8,1.91,3,23,Female,Low,1.4,High-Speed,Bachelors,11,9.4,2,2,56.3,45,30,66.1,7,60.81,High,False
STU10205,DB401,Fall 2025,4,51.4,57.5,53.2,2.13,3,19,Male,Low,19.9,Limited,High School,10,16.2,5,14,44.0,50,29,58.2,3,52.9,High,False
STU10206,CS101,Fall 2024,2,60.6,52.1,58.1,2.32,4,23,Male,Medium,1.9,Moderate,Bachelors,10,11.7,4,14,63.9,45,30,66.4,3,60.98,Low,False
STU10207,AI301,Fall 2025,4,65.1,54.2,61.8,2.47,4,23,Female,Medium,15.2,High-Speed,High School,17,21.7,2,7,80.3,50,42,83.1,1,83.11,Low,False
STU10208,CS101,Fall 2025,4,31.8,39.4,34.1,1.36,3,25,Male,Medium,5.8,Moderate,High School,11,14.0,6,12,66.8,40,18,46.1,1,52.91,High,True
STU10209,DB401,Fall 2024,2,59.0,58.4,58.8,2.35,4,25,Male,High,3.8,High-Speed,High School,18,18.6,6,4,60.5,50,34,68.3,1,73.25,Medium,False
STU10210,CS101,Spring 2024,1,59.0,55.9,58.1,2.32,3,22,Female,Low,1.6,High-Speed,High School,11,17.2,6,8,70.7,45,30,66.2,6,63.74,Medium,False
STU10211,DS201,Spring 2024,1,58.4,59.7,58.8,2.35,3,23,Female,Medium,1.7,Moderate,Bachelors,10,12.0,2,10,71.0,45,33,73.3,2,65.85,Medium,False
STU10212,DS201,Fall 2023,0,70.0,67.0,69.1,2.76,4,21,Female,Low,10.3,Moderate,Masters,17,5.1,5,4,66.2,40,34,85.3,3,81.39,Medium,False
STU10213,DS201,Fall 2025,4,55.4,55.5,55.4,2.22,4,22,Male,Medium,7.6,High-Speed,Masters,9,20.9,3,2,78.5,45,23,51.0,1,54.7,Medium,False
STU10214,CS101,Spring 2024,1,50.1,48.6,49.6,1.98,3,19,Female,Low,1.2,High-Speed,High School,12,10.1,3,4,69.5,45,28,61.6,4,62.7,Medium,False
STU10215,AI301,Spring 2026,5,72.1,70.2,71.5,2.86,3,24,Male,High,1.1,High-Speed,High School,14,13.0,3,10,90.4,45,31,69.8,3,73.98,Low,False
STU10216,CS101,Spring 2024,1,56.5,46.9,53.6,2.14,4,21,Male,Low,0.7,High-Speed,High School,13,14.2,4,11,65.9,45,32,71.0,3,68.18,Medium,False
STU10217,AI301,Spring 2025,3,57.4,52.3,55.9,2.24,4,18,Female,High,12.9,High-Speed,High School,11,14.7,0,5,63.6,50,31,61.5,3,59.97,Medium,False
STU10218,DB401,Spring 2026,5,58.7,64.3,60.4,2.42,4,20,Female,Medium,11.8,High-Speed,High School,14,19.8,1,13,68.3,45,34,75.7,2,72.51,Medium,False
STU10219,AI301,Fall 2023,0,59.1,62.9,60.2,2.41,4,19,Female,High,0.6,Moderate,High School,10,15.0,3,12,81.7,50,27,54.8,2,58.74,Medium,False
STU10220,DB401,Fall 2025,4,69.3,70.4,69.6,2.78,3,19,Female,Medium,7.8,Limited,Bachelors,8,14.4,1,4,78.2,45,30,65.6,2,60.44,Medium,False
STU10221,DB401,Fall 2025,4,62.0,66.0,63.2,2.53,3,19,Female,High,0.8,High-Speed,Bachelors,9,20.1,2,8,65.5,45,28,61.6,1,57.4,Medium,False
STU10222,AI301,Fall 2024,2,43.5,43.9,43.6,1.74,4,21,Male,Low,22.2,High-Speed,Bachelors,9,18.0,5,13,59.8,45,27,59.7,3,55.31,Medium,False
STU10223,DB401,Fall 2024,2,58.7,50.1,56.1,2.24,3,18,Male,Medium,22.6,Moderate,High School,14,11.3,1,8,56.0,40,29,72.1,4,68.25,Medium,False
STU10224,DB401,Fall 2023,0,44.5,38.9,42.8,1.71,3,24,Male,High,11.4,Moderate,Bachelors,13,9.3,4,5,57.9,50,33,65.5,1,63.83,Medium,True
STU10225,DB401,Spring 2025,3,69.0,71.5,69.8,2.79,4,22,Male,Low,24.8,Limited,Masters,10,10.9,4,10,90.7,40,26,66.0,7,66.14,Medium,False
STU10226,DS201,Spring 2025,3,46.6,37.9,44.0,1.76,3,25,Female,Low,15.8,High-Speed,High School,12,14.8,2,10,62.6,45,25,56.5,2,58.77,High,True
STU10227,SE501,Spring 2024,1,41.7,37.7,40.5,1.62,4,18,Male,Medium,16.8,High-Speed,High School,16,8.8,3,3,62.4,40,29,72.0,3,72.48,Medium,True
STU10228,CS101,Spring 2024,1,51.8,48.2,50.7,2.03,4,21,Female,High,8.0,High-Speed,High School,7,15.5,1,8,80.6,40,17,43.1,5,48.17,High,False
STU10229,DB401,Fall 2025,4,66.5,67.8,66.9,2.68,4,19,Female,Medium,3.5,Moderate,High School,13,14.4,4,9,72.0,40,29,73.2,1,70.5,Low,False
STU10230,AI301,Spring 2026,5,77.5,76.4,77.2,3.09,4,20,Female,Medium,2.3,High-Speed,Bachelors,20,2.3,4,9,84.4,50,49,97.2,6,95.48,Low,False
STU10231,CS101,Fall 2025,4,58.5,59.4,58.8,2.35,3,19,Female,Low,3.8,High-Speed,High School,15,8.0,3,11,87.5,45,34,75.9,4,77.95,Low,False
STU10232,DS201,Spring 2025,3,57.2,59.5,57.9,2.32,3,22,Female,Low,9.4,High-Speed,Bachelors,6,1.0,7,2,85.5,45,23,52.0,1,52.1,High,False
STU10233,SE501,Spring 2026,5,47.0,48.8,47.5,1.9,4,23,Female,High,1.8,High-Speed,High School,9,13.3,5,3,66.0,50,27,54.2,3,53.8,High,False
STU10234,SE501,Spring 2026,5,48.3,52.6,49.6,1.98,3,20,Male,Low,2.8,Moderate,Bachelors,10,20.4,1,9,41.2,50,32,63.3,3,54.89,Medium,False
STU10235,SE501,Spring 2026,5,55.1,55.9,55.3,2.21,3,19,Female,Medium,6.0,High-Speed,High School,9,5.5,7,14,52.7,45,29,64.3,0,56.19,Medium,False
STU10236,SE501,Fall 2023,0,40.9,36.0,39.4,1.58,4,24,Male,High,2.5,Moderate,Bachelors,16,8.4,4,8,72.9,45,25,55.3,3,66.23,Medium,True
STU10237,AI301,Spring 2025,3,55.0,48.7,53.1,2.12,4,20,Male,Low,8.4,High-Speed,High School,5,14.2,5,8,85.2,40,20,50.3,4,49.69,High,False
STU10238,SE501,Spring 2024,1,52.7,54.7,53.3,2.13,4,23,Female,Medium,24.4,High-Speed,High School,16,9.7,4,2,60.7,50,44,89.0,2,80.64,Low,False
STU10239,DB401,Spring 2026,5,53.4,52.9,53.3,2.13,3,25,Male,Low,13.1,High-Speed,Masters,8,9.7,3,3,77.0,45,24,52.6,1,53.7,Medium,False
STU10240,DB401,Fall 2025,4,32.1,32.0,32.1,1.28,4,18,Female,Medium,10.4,High-Speed,Bachelors,9,17.7,2,3,67.1,45,18,40.8,1,47.32,Medium,False
STU10241,AI301,Spring 2025,3,58.6,55.3,57.6,2.3,4,21,Female,Low,8.3,High-Speed,High School,13,12.5,4,4,91.5,40,23,56.3,2,65.95,Low,False
STU10242,AI301,Spring 2025,3,50.2,49.9,50.1,2.0,3,25,Female,Medium,6.4,Moderate,Bachelors,8,7.6,3,4,65.3,45,25,54.6,1,52.36,High,False
STU10243,CS101,Spring 2026,5,42.4,34.8,40.1,1.6,3,19,Male,Medium,2.0,Moderate,Bachelors,11,4.6,3,4,81.7,50,35,70.0,0,67.84,Medium,True
STU10244,DS201,Fall 2023,0,43.2,36.1,41.1,1.64,3,22,Male,Medium,21.4,High-Speed,Bachelors,7,26.0,4,13,70.4,50,21,42.9,1,46.03,High,False
STU10245,DB401,Fall 2025,4,44.1,58.7,48.5,1.94,3,18,Female,Medium,2.7,High-Speed,Bachelors,11,20.6,0,5,75.6,50,32,64.5,4,63.87,Medium,False
STU10246,CS101,Spring 2024,1,55.8,45.0,52.5,2.1,3,25,Male,Low,0.9,Limited,Masters,9,12.7,3,5,66.0,40,23,56.8,2,55.1,High,False
STU10247,CS101,Fall 2023,0,44.0,38.8,42.4,1.7,3,19,Female,Medium,13.2,High-Speed,High School,16,15.4,2,10,76.1,40,29,72.7,3,75.57,Low,True
STU10248,DB401,Spring 2025,3,45.9,40.0,44.1,1.76,4,18,Female,Medium,1.8,High-Speed,High School,13,12.6,5,4,47.6,50,37,74.3,3,66.17,High,True
STU10249,DB401,Fall 2024,2,63.6,57.7,61.8,2.47,4,25,Female,Medium,4.4,High-Speed,High School,14,17.6,1,4,56.4,45,34,76.3,4,70.43,Low,False
STU10250,SE501,Spring 2025,3,44.2,41.9,43.5,1.74,3,22,Male,Low,0.3,Moderate,Bachelors,11,10.7,5,10,60.3,45,32,71.2,0,64.16,High,True
STU10251,CS101,Spring 2026,5,55.0,48.4,53.0,2.12,3,19,Male,Medium,1.4,High-Speed,Masters,14,12.3,5,5,79.4,45,33,72.7,2,73.23,Low,False
STU10252,DB401,Spring 2025,3,53.0,56.4,54.0,2.16,3,23,Female,Low,1.8,High-Speed,Masters,13,17.3,4,7,67.8,50,33,66.1,3,66.11,Medium,False
STU10253,DS201,Spring 2026,5,42.0,42.4,42.1,1.68,4,23,Male,Medium,0.5,High-Speed,Bachelors,7,22.3,2,11,45.1,50,29,58.8,4,48.92,High,False
STU10254,DS201,Spring 2026,5,40.0,42.2,40.6,1.62,4,22,Male,Low,10.2,High-Speed,Doctorate,10,18.7,3,6,72.2,50,37,74.2,2,66.54,Medium,True
STU10255,DB401,Spring 2024,1,41.3,42.5,41.6,1.66,4,20,Female,Medium,17.2,High-Speed,Bachelors,11,21.2,3,12,53.8,40,22,54.6,0,54.56,High,True
STU10256,DB401,Fall 2025,4,66.5,63.0,65.5,2.62,4,22,Female,Low,4.4,Moderate,Bachelors,13,13.4,3,13,82.4,40,28,70.0,2,70.98,Low,False
STU10257,SE501,Fall 2025,4,62.7,58.7,61.5,2.46,4,20,Female,High,19.7,Moderate,Doctorate,7,11.9,3,11,78.1,50,18,35.6,3,43.92,High,False
STU10258,DB401,Spring 2026,5,41.0,47.6,43.0,1.72,3,19,Female,High,2.3,High-Speed,High School,11,5.3,4,4,54.5,50,32,63.3,3,59.05,High,True
STU10259,DB401,Spring 2025,3,59.1,59.7,59.3,2.37,3,25,Male,Low,3.7,High-Speed,Bachelors,15,15.4,2,9,76.8,45,35,76.9,5,76.31,Low,False
STU10260,AI301,Fall 2024,2,72.2,72.8,72.4,2.9,3,20,Female,Medium,1.6,Moderate,Bachelors,18,16.9,4,12,91.4,40,32,81.0,7,85.78,Low,False
STU10261,AI301,Fall 2025,4,43.3,43.8,43.4,1.74,4,19,Other,Low,9.2,Moderate,Masters,10,13.5,3,6,55.8,45,31,68.7,3,60.51,Medium,True
STU10262,CS101,Fall 2023,0,62.0,62.5,62.2,2.49,3,19,Male,Medium,5.2,High-Speed,Masters,10,11.1,2,9,73.1,50,26,52.3,3,55.77,High,False
STU10263,AI301,Fall 2025,4,53.6,46.3,51.4,2.06,4,24,Female,Medium,9.0,High-Speed,Masters,12,21.2,5,13,74.9,50,30,59.8,2,62.88,Medium,False
STU10264,SE501,Spring 2026,5,48.5,50.4,49.1,1.96,4,21,Female,Medium,13.6,High-Speed,Masters,7,18.2,2,7,64.6,40,21,52.2,1,49.52,High,False
STU10265,DS201,Spring 2025,3,52.7,65.5,56.5,2.26,4,19,Female,Medium,7.5,High-Speed,Bachelors,9,21.6,3,10,75.7,40,18,45.3,4,51.29,High,False
STU10266,DB401,Spring 2025,3,43.3,43.7,43.4,1.74,3,20,Female,Low,9.4,High-Speed,High School,12,10.2,5,3,65.3,45,35,77.2,3,69.66,Medium,True
STU10267,DB401,Spring 2025,3,50.2,58.9,52.8,2.11,3,21,Female,Medium,26.0,Moderate,High School,9,11.5,5,8,55.5,45,29,64.5,2,56.85,Low,False
STU10268,SE501,Fall 2024,2,59.2,59.9,59.4,2.38,4,21,Male,Low,3.4,High-Speed,Bachelors,16,21.0,3,11,78.9,40,33,81.7,3,80.63,Low,False
STU10269,AI301,Fall 2025,4,52.5,54.0,53.0,2.12,3,19,Male,Medium,4.2,Moderate,Bachelors,16,14.8,4,5,65.4,50,42,83.3,2,78.73,Low,False
STU10270,DB401,Spring 2026,5,52.0,53.6,52.5,2.1,3,22,Female,Medium,12.0,Moderate,Bachelors,10,12.2,1,11,56.9,40,26,63.8,2,58.28,High,False
STU10271,CS101,Fall 2024,2,59.2,49.5,56.3,2.25,4,22,Female,Medium,9.0,Moderate,Bachelors,9,12.5,5,8,77.3,45,22,48.2,1,53.06,High,False
STU10272,CS101,Fall 2023,0,59.9,52.3,57.6,2.3,4,23,Female,Low,1.9,High-Speed,Masters,16,14.9,3,10,74.8,40,30,74.9,3,76.41,Low,False
STU10273,DB401,Spring 2024,1,75.4,74.5,75.1,3.0,3,21,Female,Medium,4.5,High-Speed,High School,8,20.0,0,11,90.4,45,30,67.3,1,63.73,Low,False
STU10274,SE501,Fall 2024,2,54.9,63.6,57.5,2.3,3,19,Female,Medium,6.0,Limited,Masters,11,14.2,2,13,77.9,45,29,64.1,2,64.13,Low,False
STU10275,AI301,Fall 2024,2,38.0,35.7,37.3,1.49,4,24,Female,Low,5.2,Moderate,Masters,17,19.0,4,2,67.0,45,28,62.5,3,70.15,Low,True
STU10276,AI301,Fall 2023,0,48.6,51.2,49.4,1.98,3,22,Female,Medium,1.9,Moderate,Bachelors,9,17.3,3,6,80.0,50,32,64.9,2,61.95,Medium,False
STU10277,DS201,Fall 2025,4,69.0,64.3,67.6,2.7,4,24,Female,High,24.5,High-Speed,Bachelors,15,10.6,4,7,59.9,45,37,82.1,2,75.53,Low,False
STU10278,CS101,Spring 2024,1,81.2,86.0,82.6,3.3,4,19,Female,High,13.6,High-Speed,Bachelors,12,10.6,3,5,89.5,50,39,77.9,1,74.85,Low,False
STU10279,AI301,Spring 2026,5,50.9,43.6,48.7,1.95,4,19,Female,Medium,6.2,Moderate,Bachelors,6,12.7,6,14,65.0,50,28,55.1,5,49.55,Medium,False
STU10280,DS201,Fall 2024,2,44.1,49.5,45.7,1.83,3,25,Female,Medium,10.8,High-Speed,High School,12,8.3,3,11,51.9,40,28,70.7,6,63.73,Low,False
STU10281,DB401,Fall 2024,2,52.2,52.0,52.1,2.08,4,21,Male,Low,21.6,High-Speed,High School,12,12.4,9,7,64.8,50,36,71.8,6,66.86,Medium,False
STU10282,SE501,Fall 2025,4,57.8,56.8,57.5,2.3,3,25,Male,High,1.4,High-Speed,High School,13,22.6,2,2,65.7,50,40,79.6,3,72.44,Low,False
STU10283,DS201,Spring 2025,3,51.5,55.0,52.6,2.1,4,24,Male,Low,2.7,High-Speed,High School,11,14.8,4,9,83.1,40,18,45.4,0,55.82,Medium,False
STU10284,DB401,Spring 2026,5,52.2,58.9,54.2,2.17,4,25,Female,High,7.4,High-Speed,High School,9,11.2,2,7,59.6,40,24,59.7,3,55.27,High,False
STU10285,DB401,Fall 2025,4,55.1,47.3,52.8,2.11,4,23,Male,Medium,15.2,High-Speed,High School,9,24.6,1,11,66.2,45,29,64.8,3,59.14,Medium,False
STU10286,CS101,Fall 2025,4,48.2,51.6,49.2,1.97,3,21,Male,Medium,0.4,High-Speed,Bachelors,10,10.3,4,5,72.5,50,36,71.8,8,65.4,High,True
STU10287,DS201,Fall 2025,4,33.7,30.0,32.6,1.3,4,18,Female,High,39.3,Moderate,Doctorate,7,10.2,12,6,72.0,45,16,34.8,3,42.3,High,False
STU10288,CS101,Spring 2024,1,60.6,57.3,59.6,2.38,3,25,Male,Low,5.8,High-Speed,Bachelors,9,21.1,4,9,91.0,50,25,49.7,4,56.55,Medium,False
STU10289,DS201,Spring 2024,1,47.5,34.9,43.7,1.75,4,24,Female,Medium,4.2,High-Speed,Masters,8,18.3,4,14,79.6,50,24,47.1,2,51.47,High,False
STU10290,DS201,Spring 2024,1,52.6,51.2,52.2,2.09,4,22,Male,Medium,3.3,Moderate,Bachelors,13,14.3,4,3,62.2,45,32,70.8,1,67.34,Medium,False
STU10291,CS101,Spring 2026,5,52.6,53.6,52.9,2.12,3,22,Male,Low,1.8,High-Speed,Bachelors,11,19.2,4,5,79.8,50,26,51.4,5,58.16,Medium,False
STU10292,AI301,Spring 2025,3,40.6,45.4,42.0,1.68,3,22,Female,Medium,14.9,High-Speed,Bachelors,9,16.5,2,8,67.8,50,22,44.5,1,49.31,High,False
STU10293,CS101,Spring 2026,5,64.3,65.9,64.8,2.59,3,20,Male,Medium,29.5,Moderate,High School,13,9.1,4,3,93.1,40,26,65.1,2,70.67,Low,False
STU10294,SE501,Spring 2024,1,51.1,51.3,51.2,2.05,3,19,Male,Medium,5.1,Limited,Masters,8,3.0,5,7,69.0,50,22,44.9,2,48.25,High,False
STU10295,CS101,Fall 2024,2,57.4,62.0,58.8,2.35,3,21,Female,Low,28.9,High-Speed,Masters,9,12.2,6,12,81.1,45,29,64.9,3,62.17,Medium,False
STU10296,CS101,Spring 2025,3,63.3,70.0,65.3,2.61,4,22,Female,High,16.5,High-Speed,Bachelors,12,20.4,3,13,85.1,50,23,45.7,2,57.87,Low,False
STU10297,DS201,Spring 2026,5,64.6,69.9,66.2,2.65,3,18,Male,Low,6.2,Moderate,High School,15,12.9,2,13,68.3,40,25,62.0,3,67.16,Medium,False
STU10298,CS101,Fall 2024,2,58.9,69.3,62.0,2.48,4,22,Female,Low,10.6,High-Speed,Bachelors,23,17.3,6,10,70.4,40,38,93.8,4,90.98,Low,False
STU10299,AI301,Fall 2024,2,57.9,55.3,57.1,2.28,4,23,Male,Low,5.4,Moderate,High School,15,15.9,2,12,66.8,40,28,69.9,1,70.81,Medium,False
STU10300,CS101,Spring 2026,5,60.7,67.1,62.6,2.5,4,19,Male,Low,7.8,Limited,High School,16,6.5,6,14,79.6,45,35,76.9,1,78.37,Low,False
STU10301,SE501,Spring 2024,1,62.3,55.0,60.1,2.4,3,24,Female,Low,0.6,Limited,Masters,11,13.0,3,3,100.0,40,28,71.0,2,72.0,Low,False
STU10302,AI301,Fall 2023,0,56.7,50.5,54.9,2.2,3,19,Female,High,11.3,High-Speed,Bachelors,8,16.8,7,14,79.0,50,32,63.6,3,59.6,Medium,False
STU10303,DB401,Spring 2025,3,37.3,37.2,37.3,1.49,4,25,Female,Medium,0.5,High-Speed,Bachelors,12,11.1,4,5,76.2,50,30,59.7,4,63.09,Medium,True
STU10304,CS101,Spring 2026,5,54.7,52.3,54.0,2.16,4,24,Female,Low,16.1,Limited,Masters,11,13.2,3,11,62.5,50,29,58.7,2,58.35,High,False
STU10305,DS201,Spring 2024,1,67.1,70.7,68.2,2.73,3,24,Female,Low,16.6,High-Speed,Bachelors,9,17.0,2,14,84.9,50,33,65.6,6,63.28,Low,False
STU10306,AI301,Fall 2024,2,56.4,58.7,57.1,2.28,4,25,Female,Medium,2.6,High-Speed,Bachelors,12,15.4,4,11,74.1,45,28,62.3,2,63.97,High,False
STU10307,DB401,Spring 2026,5,68.1,76.0,70.5,2.82,3,21,Male,High,3.7,Moderate,High School,11,20.2,1,6,99.7,45,23,51.3,2,62.09,Low,False
STU10308,SE501,Fall 2024,2,52.1,54.8,52.9,2.12,4,25,Female,Low,6.2,High-Speed,High School,10,16.9,8,11,92.8,50,26,51.5,1,59.31,Medium,False
STU10309,SE501,Spring 2026,5,37.4,39.8,38.1,1.52,4,20,Male,Low,8.6,High-Speed,Bachelors,17,10.2,2,9,73.4,50,38,75.9,4,78.13,Low,True
STU10310,AI301,Fall 2024,2,58.4,52.7,56.7,2.27,4,24,Male,Low,3.2,Moderate,Bachelors,15,12.6,2,6,75.9,40,32,79.7,3,77.53,Low,False
STU10311,DB401,Fall 2024,2,39.5,38.3,39.2,1.57,4,24,Male,Low,8.5,High-Speed,High School,12,15.1,5,6,71.9,45,23,51.3,3,58.03,Medium,True
STU10312,SE501,Spring 2026,5,40.7,45.4,42.1,1.68,4,25,Male,Low,3.4,High-Speed,High School,10,21.7,1,11,60.2,50,21,41.4,4,47.74,High,True
STU10313,AI301,Spring 2025,3,71.6,86.3,76.0,3.04,4,21,Female,Medium,0.5,High-Speed,Bachelors,14,12.6,5,10,81.5,40,27,68.7,3,71.65,Low,False
STU10314,AI301,Fall 2023,0,62.4,58.2,61.1,2.44,3,22,Female,Low,0.0,Moderate,Bachelors,13,6.3,5,11,69.5,45,36,80.6,3,73.7,Low,False
STU10315,DS201,Fall 2025,4,68.7,74.6,70.5,2.82,3,23,Female,Medium,1.0,High-Speed,Bachelors,13,17.2,3,7,97.5,50,40,79.4,3,78.7,Low,False
STU10316,DS201,Spring 2026,5,60.6,60.7,60.6,2.42,4,18,Male,Low,14.9,High-Speed,Bachelors,7,11.2,1,6,72.8,40,23,56.5,3,53.31,High,False
STU10317,CS101,Spring 2024,1,63.8,64.4,64.0,2.56,4,21,Male,High,30.9,Moderate,High School,11,8.6,4,4,57.2,45,31,68.4,3,62.14,Medium,False
STU10318,AI301,Spring 2025,3,61.0,56.9,59.8,2.39,3,20,Male,High,5.3,Moderate,Bachelors,10,15.1,5,13,77.4,45,30,66.2,3,63.58,Medium,False
STU10319,SE501,Spring 2026,5,58.0,55.6,57.3,2.29,3,21,Male,Medium,6.8,High-Speed,Masters,14,19.9,3,2,82.2,45,34,75.8,4,75.34,Low,False
STU10320,CS101,Fall 2025,4,63.9,63.5,63.8,2.55,4,19,Female,Medium,1.5,Moderate,High School,16,12.1,4,7,78.5,50,39,78.8,2,79.1,Low,False
STU10321,CS101,Spring 2026,5,60.2,64.6,61.5,2.46,3,22,Female,Medium,7.6,High-Speed,Bachelors,13,17.5,4,11,75.8,45,32,71.5,4,70.41,Low,False
STU10322,SE501,Spring 2026,5,57.1,64.6,59.3,2.37,4,22,Female,Medium,1.5,Moderate,Bachelors,12,18.4,4,13,70.5,50,38,76.0,1,70.1,Low,False
STU10323,SE501,Spring 2025,3,67.3,64.9,66.6,2.66,3,24,Male,Medium,9.0,High-Speed,Bachelors,9,19.0,8,10,75.3,50,34,67.1,3,62.11,Low,False
STU10324,AI301,Spring 2025,3,61.5,58.7,60.7,2.43,4,22,Female,Medium,25.7,High-Speed,High School,8,11.3,4,12,74.1,45,28,62.7,3,58.17,High,False
STU10325,CS101,Fall 2025,4,38.1,41.9,39.2,1.57,3,22,Female,High,2.1,Moderate,Masters,10,9.4,4,5,58.4,50,30,59.9,4,56.63,Medium,True
STU10326,DB401,Spring 2025,3,48.1,46.9,47.7,1.91,3,25,Female,High,13.7,High-Speed,Bachelors,11,10.1,9,9,95.9,50,25,49.6,5,60.48,Medium,False
STU10327,DB401,Fall 2024,2,52.6,57.9,54.2,2.17,3,22,Female,Medium,0.2,High-Speed,Masters,14,19.0,3,3,75.8,40,27,66.3,2,69.31,Medium,False
STU10328,AI301,Spring 2026,5,44.8,48.0,45.7,1.83,4,22,Male,Medium,4.5,High-Speed,High School,13,18.3,4,12,72.3,45,27,59.5,1,63.71,Medium,False
STU10329,AI301,Spring 2025,3,64.1,61.1,63.2,2.53,3,18,Male,Low,1.1,Moderate,Bachelors,15,10.2,5,3,92.2,40,31,77.3,3,79.59,Low,False
STU10330,SE501,Spring 2025,3,52.1,56.7,53.5,2.14,4,20,Male,Low,4.1,High-Speed,Bachelors,14,25.7,4,5,55.4,40,30,74.8,4,69.48,Medium,False
STU10331,SE501,Fall 2025,4,63.3,65.8,64.1,2.56,4,24,Female,Medium,1.8,High-Speed,High School,9,9.6,3,3,98.9,45,28,63.0,1,64.78,Low,False
STU10332,AI301,Spring 2024,1,53.9,52.8,53.6,2.14,3,25,Male,Low,4.4,High-Speed,High School,11,20.0,2,7,62.6,50,34,68.7,3,63.37,Low,False
STU10333,DB401,Spring 2025,3,70.5,72.8,71.2,2.85,4,22,Male,High,5.1,High-Speed,Bachelors,19,22.6,7,9,89.4,40,37,93.5,1,93.13,Low,False
STU10334,CS101,Spring 2024,1,39.3,34.4,37.8,1.51,4,24,Male,Low,3.4,High-Speed,High School,10,15.5,3,4,60.4,50,33,65.8,2,59.98,Medium,True
STU10335,DS201,Fall 2023,0,46.1,44.1,45.5,1.82,4,20,Male,Medium,10.2,High-Speed,Bachelors,12,11.2,2,4,61.2,50,37,73.5,2,66.99,Low,False
STU10336,CS101,Fall 2023,0,48.3,52.3,49.5,1.98,3,25,Female,Medium,23.9,High-Speed,High School,7,11.3,6,5,79.2,40,25,62.7,5,57.69,Medium,False
STU10337,DS201,Fall 2024,2,49.0,47.6,48.6,1.94,4,23,Female,Medium,4.9,High-Speed,High School,12,13.7,6,13,74.6,50,32,63.7,3,64.77,Medium,False
STU10338,DS201,Fall 2024,2,49.8,52.0,50.4,2.02,4,22,Male,Medium,2.0,Moderate,Bachelors,10,20.4,6,6,60.8,45,25,55.5,4,54.91,Medium,False
STU10339,DB401,Fall 2025,4,45.8,38.5,43.6,1.74,3,24,Male,High,3.0,Moderate,High School,11,9.0,4,4,61.9,40,24,60.6,3,59.18,High,True
STU10340,DB401,Spring 2026,5,49.0,48.7,48.9,1.96,4,21,Female,Medium,18.3,Moderate,Doctorate,13,5.8,4,7,67.2,50,37,73.8,2,69.84,Medium,False
STU10341,CS101,Fall 2024,2,68.4,69.6,68.8,2.75,3,25,Male,Medium,8.1,High-Speed,Masters,19,16.8,4,6,85.2,40,35,87.6,1,89.34,Low,False
STU10342,AI301,Spring 2025,3,57.2,54.1,56.3,2.25,3,25,Male,Low,5.8,Limited,Bachelors,12,17.9,1,9,75.5,40,25,61.6,0,63.9,Medium,False
STU10343,DB401,Spring 2024,1,67.6,68.2,67.8,2.71,4,24,Male,Medium,1.5,High-Speed,Masters,16,24.8,6,11,78.7,45,38,85.2,1,82.34,Low,False
STU10344,CS101,Spring 2025,3,68.9,70.0,69.2,2.77,3,22,Male,High,5.7,Limited,Masters,9,8.1,5,5,65.6,50,29,58.5,2,55.87,High,False
STU10345,SE501,Spring 2025,3,55.3,50.2,53.8,2.15,3,19,Female,Medium,3.1,High-Speed,High School,13,14.3,7,7,77.7,45,33,72.4,1,71.24,Medium,False
STU10346,DB401,Fall 2025,4,62.4,48.2,58.1,2.32,3,18,Female,High,27.2,High-Speed,Masters,20,20.8,2,10,55.4,40,37,93.1,4,87.63,Low,False
STU10347,DB401,Fall 2024,2,56.7,52.2,55.3,2.21,4,21,Male,Medium,20.5,High-Speed,High School,12,15.6,2,7,61.7,50,29,58.7,1,59.69,High,False
STU10348,SE501,Spring 2026,5,59.7,49.2,56.6,2.26,3,21,Male,Low,0.8,High-Speed,Bachelors,5,14.0,7,11,83.6,40,14,34.4,1,41.42,High,False
STU10349,SE501,Spring 2025,3,56.9,60.5,58.0,2.32,3,19,Female,Low,6.9,Moderate,Bachelors,10,18.9,4,6,75.7,50,36,71.6,2,65.94,Low,False
STU10350,DS201,Fall 2025,4,37.9,43.6,39.6,1.58,3,22,Female,Medium,2.4,Moderate,Bachelors,9,12.0,3,12,93.8,45,17,36.9,2,50.71,High,False
STU10351,DS201,Spring 2025,3,54.6,48.7,52.8,2.11,3,25,Female,Medium,5.0,Limited,High School,10,19.3,5,9,79.8,40,25,62.8,3,62.36,Medium,False
STU10352,DS201,Fall 2023,0,53.2,47.9,51.6,2.06,3,25,Female,Medium,19.9,Moderate,High School,13,8.7,6,5,56.9,50,34,69.0,2,65.38,Medium,False
STU10353,CS101,Fall 2025,4,84.9,83.0,84.3,3.37,4,18,Male,Low,7.1,High-Speed,Bachelors,14,7.4,2,13,81.7,45,35,77.7,1,76.19,Low,False
STU10354,DS201,Fall 2023,0,32.7,30.0,31.9,1.28,4,21,Male,Medium,3.9,High-Speed,High School,10,13.6,1,7,56.1,45,24,53.3,2,52.87,High,True
STU10355,DS201,Fall 2025,4,57.9,54.2,56.8,2.27,4,18,Female,Medium,2.2,Limited,Bachelors,9,2.2,2,8,80.3,40,26,65.6,5,62.36,Medium,False
STU10356,DB401,Spring 2026,5,48.8,40.2,46.2,1.85,3,21,Male,Medium,15.3,High-Speed,Bachelors,17,15.4,2,11,69.0,45,30,66.6,2,72.6,Medium,False
STU10357,SE501,Fall 2024,2,51.4,51.2,51.4,2.06,3,22,Female,Low,9.3,Moderate,High School,6,6.3,8,7,63.6,50,23,46.7,1,45.07,High,False
STU10358,CS101,Spring 2026,5,51.5,46.9,50.1,2.0,4,23,Female,Low,6.0,High-Speed,High School,8,16.4,4,9,72.3,40,27,68.7,3,60.81,Medium,False
STU10359,SE501,Spring 2024,1,34.0,30.0,32.8,1.31,3,21,Female,Low,2.3,High-Speed,Bachelors,11,15.9,4,3,57.8,40,23,57.9,3,57.01,Medium,True
STU10360,DS201,Spring 2024,1,32.2,30.0,31.5,1.26,4,23,Male,Low,3.9,Limited,Bachelors,10,14.7,6,13,68.2,50,27,53.5,5,55.39,Medium,True
STU10361,AI301,Spring 2024,1,45.3,45.9,45.5,1.82,3,21,Female,Low,30.5,High-Speed,High School,11,17.2,4,6,47.1,45,27,60.9,2,56.37,High,False
STU10362,DS201,Spring 2025,3,68.6,67.5,68.3,2.73,3,25,Male,Low,7.0,High-Speed,High School,18,16.0,5,4,85.1,50,42,84.9,2,86.47,Low,False
STU10363,DS201,Fall 2023,0,61.2,63.7,62.0,2.48,4,20,Female,Medium,4.9,High-Speed,High School,9,13.5,4,5,75.6,50,34,67.0,0,62.12,Medium,False
STU10364,DS201,Spring 2024,1,58.4,68.1,61.3,2.45,4,22,Female,Medium,7.0,Moderate,High School,16,24.2,6,13,70.2,40,29,73.2,3,74.64,Low,False
STU10365,DS201,Spring 2024,1,58.8,58.6,58.7,2.35,4,19,Male,High,14.3,High-Speed,Bachelors,9,17.0,4,11,78.0,40,25,62.9,2,60.55,Medium,False
STU10366,SE501,Spring 2024,1,55.3,62.3,57.4,2.3,4,23,Female,Low,3.9,High-Speed,Bachelors,10,18.9,3,9,58.4,50,35,70.6,3,61.98,Low,False
STU10367,CS101,Spring 2024,1,39.6,32.5,37.5,1.5,3,19,Female,Medium,1.9,High-Speed,Bachelors,10,20.4,5,12,69.0,45,21,46.7,2,52.15,High,True
STU10368,DB401,Spring 2026,5,58.5,41.9,53.5,2.14,3,22,Male,Medium,8.4,High-Speed,Masters,16,18.3,3,13,79.3,40,27,66.9,4,73.31,Low,False
STU10369,DB401,Fall 2023,0,58.7,54.4,57.4,2.3,3,24,Male,Low,10.4,High-Speed,High School,10,25.3,4,3,61.9,50,37,74.6,3,64.68,Low,False
STU10370,DS201,Fall 2023,0,54.8,52.8,54.2,2.17,4,19,Male,High,11.8,High-Speed,Bachelors,13,15.8,1,10,86.2,40,28,69.9,7,71.69,Low,False
STU10371,DS201,Spring 2026,5,35.6,30.0,33.9,1.36,4,22,Male,Low,20.3,Limited,Bachelors,10,15.0,5,8,69.3,45,25,55.0,3,56.36,Medium,True
STU10372,AI301,Fall 2024,2,47.6,50.7,48.5,1.94,3,25,Male,High,4.4,Limited,Bachelors,11,11.8,2,13,50.4,40,25,61.6,5,57.38,Medium,False
STU10373,AI301,Spring 2025,3,42.3,39.2,41.4,1.66,4,19,Female,High,0.7,High-Speed,Bachelors,8,13.7,2,2,74.9,45,16,34.6,4,44.28,High,False
STU10374,DB401,Fall 2025,4,62.1,61.2,61.8,2.47,3,23,Male,Medium,30.2,Moderate,Bachelors,11,11.3,4,12,68.4,45,27,60.1,3,60.23,High,False
STU10375,CS101,Fall 2024,2,60.0,59.8,60.0,2.4,4,20,Male,Medium,5.4,High-Speed,Bachelors,7,18.4,2,4,95.9,50,20,41.0,3,50.18,Medium,False
STU10376,DS201,Spring 2024,1,48.4,54.5,50.2,2.01,3,19,Female,Medium,9.3,High-Speed,High School,11,10.4,3,13,68.7,50,29,58.7,2,59.59,Medium,False
STU10377,SE501,Spring 2024,1,48.7,45.6,47.8,1.91,4,23,Male,Medium,10.4,High-Speed,Bachelors,14,15.4,1,14,82.1,45,30,66.7,1,70.77,Medium,False
STU10378,DB401,Fall 2023,0,71.1,68.6,70.3,2.81,3,21,Female,Medium,7.5,High-Speed,Bachelors,19,17.8,4,9,67.2,40,33,83.6,4,83.74,Low,False
STU10379,AI301,Fall 2025,4,51.1,57.3,53.0,2.12,4,22,Male,Low,2.2,High-Speed,Doctorate,12,15.8,5,3,52.8,50,30,59.4,2,58.26,High,False
STU10380,CS101,Spring 2026,5,64.7,72.0,66.9,2.68,4,18,Male,Low,13.4,High-Speed,Bachelors,11,10.5,4,11,75.6,45,27,60.3,0,61.77,Medium,False
STU10381,SE501,Fall 2023,0,67.0,74.3,69.2,2.77,4,24,Female,Medium,15.5,Moderate,Bachelors,13,18.5,4,14,75.9,40,29,72.3,2,70.83,Low,False
STU10382,CS101,Spring 2025,3,51.3,58.4,53.4,2.14,4,25,Female,Medium,7.6,High-Speed,Bachelors,11,14.6,4,8,83.2,40,28,69.5,2,67.89,Low,False
STU10383,CS101,Fall 2023,0,48.7,37.0,45.2,1.81,3,18,Female,High,6.4,Moderate,Masters,6,1.0,5,2,51.4,50,30,61.0,4,49.78,High,False
STU10384,DB401,Spring 2025,3,65.3,60.3,63.8,2.55,3,25,Female,Low,1.1,High-Speed,Doctorate,13,10.1,4,4,77.9,40,26,66.2,2,68.18,Low,False
STU10385,CS101,Fall 2024,2,47.9,58.1,51.0,2.04,3,22,Female,High,0.8,High-Speed,Bachelors,11,22.0,3,13,77.1,50,20,40.4,3,52.12,High,False
STU10386,AI301,Spring 2025,3,41.4,44.2,42.2,1.69,4,25,Male,Low,3.9,High-Speed,Bachelors,6,22.4,1,11,76.2,40,13,33.7,3,41.09,High,False
STU10387,CS101,Fall 2025,4,45.6,54.4,48.2,1.93,3,20,Male,Medium,3.5,High-Speed,High School,17,17.6,3,3,41.8,40,33,81.4,1,74.56,Medium,False
STU10388,CS101,Spring 2026,5,52.7,57.2,54.1,2.16,4,19,Female,Medium,29.2,Moderate,Bachelors,16,18.9,5,13,84.2,45,28,62.9,3,72.29,Low,False
STU10389,DS201,Spring 2024,1,49.4,52.0,50.2,2.01,3,20,Female,Medium,14.5,Moderate,Bachelors,12,11.1,7,13,59.0,40,27,66.7,2,63.15,Medium,False
STU10390,AI301,Fall 2023,0,54.0,56.8,54.8,2.19,4,18,Other,Low,10.2,High-Speed,Bachelors,14,13.7,4,3,82.9,40,31,77.1,2,76.13,Low,False
STU10391,DB401,Fall 2024,2,49.0,48.2,48.8,1.95,4,24,Male,Medium,6.9,Moderate,High School,11,21.2,0,11,92.7,40,27,66.3,2,68.19,Medium,False
STU10392,AI301,Spring 2026,5,56.1,56.3,56.2,2.25,4,23,Male,High,1.7,Limited,Bachelors,12,17.1,5,3,81.6,50,35,69.6,1,69.12,Medium,False
STU10393,SE501,Spring 2026,5,56.3,50.6,54.6,2.18,3,24,Female,Medium,36.5,Moderate,High School,13,15.3,2,5,75.1,45,35,77.3,3,73.17,Low,False
STU10394,CS101,Fall 2023,0,65.7,63.0,64.9,2.6,4,22,Male,Medium,4.5,High-Speed,Bachelors,8,14.1,4,7,69.9,45,22,49.7,3,50.83,High,False
STU10395,DS201,Fall 2024,2,72.1,69.9,71.4,2.86,3,22,Female,High,1.1,Moderate,High School,15,20.9,3,2,73.8,40,32,79.2,5,76.86,Low,False
STU10396,CS101,Spring 2026,5,42.6,44.4,43.1,1.72,4,20,Female,Medium,6.5,High-Speed,Bachelors,8,20.6,3,11,59.7,45,23,50.8,0,49.34,High,False
STU10397,DS201,Spring 2024,1,49.7,53.4,50.8,2.03,3,23,Male,Medium,19.7,Moderate,High School,13,18.2,3,8,77.2,40,19,47.7,4,58.79,Low,False
STU10398,DS201,Spring 2026,5,67.2,71.9,68.6,2.74,3,20,Female,Low,20.7,High-Speed,High School,18,15.3,4,8,70.0,50,38,77.0,2,79.5,Low,False
STU10399,DS201,Spring 2026,5,52.5,62.0,55.3,2.21,3,19,Female,High,0.1,High-Speed,Bachelors,14,13.2,2,2,58.1,40,29,73.4,6,69.32,Medium,False
STU10400,SE501,Fall 2025,4,47.8,52.5,49.2,1.97,3,21,Male,Medium,20.7,High-Speed,High School,11,18.5,2,11,60.4,40,25,62.9,1,60.03,Medium,False
STU10401,DB401,Fall 2025,4,53.7,57.6,54.9,2.2,4,23,Female,Low,3.0,High-Speed,Bachelors,9,9.5,4,13,71.6,40,27,67.7,3,61.67,Medium,False
STU10402,AI301,Spring 2026,5,42.8,36.1,40.8,1.63,4,21,Female,Low,0.4,Limited,Masters,8,10.5,7,14,56.2,40,21,53.6,1,50.04,High,False
STU10403,DB401,Spring 2025,3,48.5,40.4,46.1,1.84,3,24,Female,High,17.9,High-Speed,Doctorate,12,7.7,6,10,72.6,50,36,71.0,2,68.02,Low,False
STU10404,DS201,Spring 2025,3,69.3,71.1,69.9,2.8,3,19,Male,Low,18.9,High-Speed,High School,9,21.2,4,9,87.0,45,29,63.4,2,62.6,High,False
STU10405,AI301,Fall 2023,0,49.5,47.9,49.0,1.96,3,25,Female,High,8.6,Limited,Masters,9,11.4,6,14,74.3,40,22,54.6,4,55.66,High,False
STU10406,DB401,Spring 2025,3,63.6,64.3,63.8,2.55,3,25,Male,Low,8.1,High-Speed,High School,12,17.0,7,3,69.7,45,29,64.1,5,63.99,Medium,False
STU10407,CS101,Fall 2025,4,70.9,65.4,69.3,2.77,4,21,Male,Medium,15.9,High-Speed,Masters,20,14.4,2,8,62.7,40,37,93.0,3,89.04,Low,False
STU10408,SE501,Spring 2026,5,59.4,59.4,59.4,2.38,4,18,Female,Medium,14.7,High-Speed,Bachelors,8,29.5,0,3,77.0,45,28,62.1,1,58.45,High,False
STU10409,CS101,Fall 2023,0,50.7,48.2,49.9,2.0,4,24,Male,Medium,21.0,High-Speed,High School,9,17.2,4,5,54.2,50,24,47.8,5,48.24,High,False
STU10410,DB401,Spring 2026,5,54.5,56.9,55.2,2.21,3,21,Male,High,7.6,High-Speed,Bachelors,10,5.7,5,14,70.8,45,31,69.7,4,64.01,Medium,False
STU10411,AI301,Spring 2024,1,54.9,57.9,55.8,2.23,3,19,Female,Medium,32.6,High-Speed,High School,14,20.9,3,6,73.6,45,34,74.8,7,73.12,Low,False
STU10412,CS101,Spring 2024,1,52.8,54.4,53.3,2.13,3,21,Female,Medium,52.8,Moderate,Bachelors,14,13.1,6,11,64.4,50,40,80.5,2,74.13,Low,False
STU10413,SE501,Spring 2024,1,53.5,47.8,51.8,2.07,3,22,Female,Low,1.2,Limited,Bachelors,7,14.0,5,4,75.3,45,26,56.9,3,54.01,Medium,False
STU10414,CS101,Spring 2024,1,62.5,61.8,62.3,2.49,3,20,Female,Low,18.0,High-Speed,Bachelors,8,11.6,4,8,95.4,40,19,46.9,6,54.53,Low,False
STU10415,AI301,Fall 2024,2,63.5,71.9,66.0,2.64,4,18,Male,Low,6.6,High-Speed,Bachelors,12,16.0,3,8,78.1,40,29,72.9,5,70.07,Medium,False
STU10416,AI301,Spring 2026,5,79.4,76.9,78.7,3.15,4,22,Male,Medium,4.7,High-Speed,Doctorate,15,15.9,2,7,86.2,50,37,74.0,5,76.74,Medium,False
STU10417,SE501,Fall 2025,4,54.5,51.2,53.5,2.14,4,22,Male,Low,9.0,Moderate,Masters,5,11.8,4,8,82.2,50,22,44.0,1,45.94,High,False
STU10418,AI301,Fall 2023,0,59.3,63.1,60.4,2.42,4,19,Female,Low,0.5,High-Speed,Bachelors,13,12.5,4,4,89.8,50,35,69.4,2,72.16,Low,False
STU10419,DS201,Fall 2024,2,52.1,49.3,51.3,2.05,3,20,Female,Medium,6.7,Moderate,Bachelors,12,15.5,4,14,66.3,40,24,60.7,5,61.61,Medium,False
STU10420,SE501,Fall 2024,2,52.4,47.9,51.0,2.04,3,20,Female,Medium,19.4,High-Speed,Masters,11,3.3,5,8,48.0,45,29,64.9,2,58.55,Medium,False
STU10421,SE501,Spring 2024,1,61.0,57.6,60.0,2.4,4,23,Female,Medium,2.3,Limited,Masters,19,7.8,4,14,68.3,50,47,93.7,2,89.01,Low,False
STU10422,AI301,Spring 2024,1,41.9,46.7,43.3,1.73,3,24,Male,Low,5.3,High-Speed,High School,5,23.3,6,8,60.5,40,23,56.8,2,48.0,High,False
STU10423,DB401,Spring 2024,1,67.1,66.1,66.8,2.67,4,18,Female,Low,26.6,Moderate,High School,16,16.6,6,10,65.7,45,36,79.0,1,76.64,Low,False
STU10424,DS201,Spring 2026,5,62.8,66.8,64.0,2.56,3,24,Male,High,5.3,High-Speed,High School,16,12.4,4,3,62.9,40,31,78.5,5,75.83,Low,False
STU10425,AI301,Fall 2023,0,58.5,64.4,60.3,2.41,3,19,Female,Low,4.2,Moderate,Bachelors,8,6.5,2,4,77.9,45,30,67.6,2,61.38,High,False
STU10426,SE501,Fall 2025,4,61.7,59.5,61.0,2.44,3,18,Male,High,5.5,High-Speed,High School,13,14.7,2,5,89.1,50,38,75.4,1,75.02,Low,False
STU10427,DB401,Spring 2024,1,63.3,62.5,63.1,2.52,3,23,Female,High,7.0,High-Speed,Bachelors,13,19.9,2,9,86.0,50,39,78.1,6,75.75,Low,False
STU10428,DS201,Spring 2025,3,59.0,57.8,58.6,2.34,3,21,Male,Medium,9.5,High-Speed,Bachelors,13,28.2,4,2,70.8,40,28,70.7,5,69.01,Low,False
STU10429,DB401,Fall 2025,4,49.3,45.3,48.1,1.92,4,22,Male,Low,15.3,Moderate,Bachelors,8,24.5,4,12,49.9,45,26,58.7,4,51.33,High,False
STU10430,CS101,Spring 2026,5,57.0,62.0,58.5,2.34,4,18,Male,High,5.7,Moderate,Bachelors,16,10.6,9,3,62.7,40,24,59.1,2,66.09,Medium,False
STU10431,AI301,Fall 2024,2,48.3,46.2,47.7,1.91,3,24,Female,Medium,16.2,High-Speed,High School,13,12.5,7,3,54.7,45,28,62.5,2,61.69,Medium,False
STU10432,DS201,Spring 2026,5,49.0,43.8,47.4,1.9,3,22,Female,Medium,7.2,High-Speed,Masters,11,7.6,0,3,71.2,40,30,75.4,2,68.44,Low,False
STU10433,DB401,Spring 2024,1,71.9,80.4,74.4,2.98,3,19,Male,Medium,3.9,High-Speed,Masters,13,10.8,6,12,81.1,45,31,69.7,2,70.57,Low,False
STU10434,DS201,Fall 2023,0,79.9,78.7,79.5,3.18,4,24,Male,Low,10.2,Moderate,Bachelors,13,13.9,3,3,97.3,50,39,78.7,5,78.31,Low,False
STU10435,SE501,Spring 2024,1,67.9,67.6,67.8,2.71,3,21,Female,Low,12.0,Moderate,Masters,13,13.2,7,8,73.1,40,31,77.1,4,72.67,Low,False
STU10436,SE501,Fall 2024,2,57.7,54.9,56.9,2.28,4,19,Male,Medium,7.8,Moderate,High School,14,25.3,3,7,45.9,45,32,71.1,4,65.73,Medium,False
STU10437,AI301,Fall 2023,0,56.4,50.6,54.7,2.19,4,25,Female,Medium,0.6,High-Speed,Bachelors,13,8.4,4,13,53.3,40,28,71.2,2,65.76,Medium,False
STU10438,SE501,Fall 2025,4,55.2,47.7,52.9,2.12,4,21,Female,Medium,1.8,Limited,High School,10,14.8,4,8,69.8,40,26,65.8,6,61.86,Medium,False
STU10439,DS201,Fall 2023,0,56.2,60.6,57.5,2.3,4,21,Male,Medium,3.2,Moderate,Bachelors,12,4.7,3,7,94.7,45,31,67.8,3,70.84,Medium,False
STU10440,DS201,Fall 2023,0,40.1,37.3,39.3,1.57,3,22,Male,Medium,3.2,Moderate,High School,6,16.7,4,11,84.5,45,14,31.4,4,41.6,High,False
STU10441,DS201,Spring 2026,5,47.9,37.4,44.8,1.79,3,19,Other,Medium,10.6,High-Speed,Bachelors,16,8.3,4,2,51.1,40,31,76.5,3,72.47,Medium,True
STU10442,CS101,Spring 2024,1,54.1,50.0,52.9,2.12,3,19,Male,High,0.2,Moderate,High School,14,20.5,1,7,53.8,40,26,65.8,2,64.66,Medium,False
STU10443,AI301,Spring 2025,3,50.4,49.0,50.0,2.0,4,18,Male,Low,13.4,High-Speed,Bachelors,6,13.5,8,5,42.7,45,23,51.6,4,43.34,High,False
STU10444,CS101,Spring 2024,1,69.7,66.0,68.6,2.74,4,24,Female,Medium,2.9,High-Speed,High School,9,8.0,4,10,80.1,50,33,66.4,3,62.72,Low,False
STU10445,DS201,Spring 2024,1,53.8,56.3,54.5,2.18,3,25,Female,Low,3.5,High-Speed,Masters,13,4.5,9,7,64.3,40,32,79.2,4,71.96,Medium,False
STU10446,CS101,Spring 2026,5,48.7,46.6,48.1,1.92,4,19,Other,Medium,7.1,High-Speed,Bachelors,12,10.1,1,10,64.0,40,24,60.3,3,60.95,High,False
STU10447,AI301,Fall 2025,4,51.3,55.6,52.6,2.1,3,18,Female,Medium,2.3,High-Speed,High School,9,16.2,5,9,83.7,45,32,71.7,4,66.09,Low,False
STU10448,SE501,Fall 2025,4,53.1,57.5,54.4,2.18,4,25,Male,High,20.5,High-Speed,High School,8,17.1,6,14,59.8,40,16,39.7,3,43.81,High,False
STU10449,CS101,Spring 2025,3,41.2,36.1,39.7,1.59,3,20,Male,Low,0.8,High-Speed,Masters,11,12.5,3,6,60.4,50,36,71.6,3,64.38,Low,True
STU10450,AI301,Fall 2025,4,56.0,52.3,54.9,2.2,3,20,Female,High,5.6,Moderate,High School,12,19.6,6,11,74.2,40,28,69.2,6,67.44,Low,False
STU10451,DS201,Fall 2023,0,71.2,76.4,72.7,2.91,3,25,Female,Low,18.0,High-Speed,Bachelors,15,9.3,3,13,69.9,40,32,80.3,5,76.63,Low,False
STU10452,AI301,Fall 2024,2,65.1,66.5,65.5,2.62,4,20,Male,Medium,9.1,High-Speed,Bachelors,15,1.0,7,8,82.8,40,29,72.1,4,75.11,Low,False
STU10453,SE501,Spring 2024,1,58.0,61.5,59.1,2.36,3,23,Female,Low,3.3,High-Speed,High School,13,16.4,4,12,59.2,50,37,74.5,2,68.59,Medium,False
STU10454,CS101,Fall 2024,2,60.3,63.8,61.4,2.46,4,19,Male,High,5.2,Moderate,High School,17,21.5,2,9,75.3,50,35,70.5,8,75.81,Low,True
STU10455,AI301,Spring 2025,3,34.6,31.2,33.6,1.34,4,23,Female,Medium,11.7,Moderate,Bachelors,13,21.5,2,14,66.4,50,27,54.7,2,60.13,High,True
STU10456,DB401,Spring 2024,1,51.4,63.9,55.2,2.21,4,24,Male,Medium,34.4,High-Speed,High School,11,8.5,5,13,69.7,45,22,50.0,1,55.44,Medium,False
STU10457,CS101,Fall 2025,4,59.1,64.0,60.6,2.42,4,19,Male,High,21.2,Limited,High School,15,12.3,4,6,69.6,45,30,65.8,7,69.32,Low,False
STU10458,CS101,Spring 2025,3,51.0,48.9,50.4,2.02,4,18,Male,Low,4.0,High-Speed,High School,16,18.6,4,13,65.7,50,37,73.1,4,73.69,Low,False
STU10459,CS101,Fall 2025,4,58.1,63.2,59.6,2.38,4,23,Male,Low,60.0,Limited,High School,13,11.9,3,9,82.0,45,22,48.2,4,60.0,Medium,False
STU10460,CS101,Spring 2024,1,58.5,58.0,58.4,2.34,3,23,Male,High,0.0,High-Speed,High School,16,15.5,5,11,73.7,45,37,81.9,2,79.69,Low,False
STU10461,SE501,Fall 2025,4,62.8,63.4,63.0,2.52,4,24,Female,Medium,0.3,High-Speed,Doctorate,15,11.4,4,10,56.6,40,29,73.0,3,70.32,Low,False
STU10462,DS201,Spring 2024,1,59.0,55.9,58.1,2.32,3,23,Female,Low,16.5,High-Speed,Bachelors,16,9.6,6,6,74.4,45,33,73.9,4,75.83,Low,False
STU10463,CS101,Fall 2025,4,61.7,57.3,60.4,2.42,3,21,Female,Medium,2.1,High-Speed,Bachelors,15,10.5,7,9,67.1,45,34,75.9,4,73.87,Low,False
STU10464,DB401,Fall 2025,4,53.2,57.0,54.3,2.17,4,18,Female,Medium,0.6,High-Speed,High School,13,19.8,4,10,66.2,40,24,60.8,3,63.14,Medium,False
STU10465,DB401,Spring 2026,5,64.5,61.0,63.4,2.54,4,20,Male,Low,2.6,Moderate,High School,13,15.1,4,2,79.8,40,27,66.9,4,68.91,Medium,False
STU10466,DB401,Fall 2024,2,52.6,48.7,51.4,2.06,4,18,Male,Low,5.3,Moderate,Masters,9,21.4,2,8,68.6,45,27,60.7,3,57.57,Medium,False
STU10467,SE501,Spring 2025,3,60.3,58.7,59.8,2.39,4,21,Female,Low,12.5,High-Speed,Bachelors,7,17.6,6,8,73.5,40,25,62.8,1,56.6,High,False
STU10468,AI301,Fall 2025,4,70.8,65.4,69.2,2.77,4,24,Male,Medium,9.3,High-Speed,High School,17,23.0,3,12,79.6,50,42,83.2,4,83.02,Low,False
STU10469,CS101,Spring 2024,1,46.7,47.0,46.8,1.87,4,24,Female,High,2.6,High-Speed,Bachelors,12,19.1,2,12,71.6,40,28,69.7,3,67.17,Low,False
STU10470,DB401,Fall 2023,0,45.7,43.1,44.9,1.8,4,19,Male,High,6.6,High-Speed,Bachelors,9,18.8,2,3,43.7,45,26,57.5,7,50.99,High,False
STU10471,DS201,Spring 2026,5,53.8,58.8,55.3,2.21,4,18,Female,Medium,24.8,Moderate,Masters,6,14.4,0,13,84.1,45,27,59.5,5,55.57,Medium,False
STU10472,DB401,Fall 2025,4,41.1,46.2,42.6,1.7,4,25,Male,Low,16.0,High-Speed,High School,15,30.0,3,3,48.7,50,29,57.2,3,60.84,Medium,True
STU10473,AI301,Fall 2023,0,51.5,51.4,51.5,2.06,3,25,Female,High,3.7,Moderate,Bachelors,12,15.6,5,13,58.4,45,34,75.4,2,67.38,Low,False
STU10474,DS201,Spring 2025,3,54.3,50.1,53.0,2.12,3,24,Female,Medium,38.3,High-Speed,Bachelors,20,5.1,2,9,67.2,40,31,76.7,7,81.79,Low,False
STU10475,CS101,Fall 2024,2,65.1,64.1,64.8,2.59,3,23,Other,Low,11.7,High-Speed,Doctorate,12,16.3,7,8,71.4,50,32,63.5,1,64.03,Low,False
STU10476,DB401,Spring 2026,5,37.1,35.2,36.5,1.46,4,24,Male,High,0.6,High-Speed,Masters,11,10.1,2,4,52.2,45,31,67.9,1,60.89,Medium,True
STU10477,DS201,Spring 2025,3,36.4,44.3,38.8,1.55,4,24,Female,Medium,0.3,High-Speed,High School,14,20.1,8,11,74.5,40,28,70.9,1,71.35,Medium,True
STU10478,CS101,Fall 2025,4,57.6,56.0,57.1,2.28,3,24,Female,Medium,1.8,High-Speed,Bachelors,12,18.6,5,5,83.0,40,29,72.3,3,70.75,Low,False
STU10479,SE501,Spring 2026,5,54.9,56.0,55.2,2.21,4,24,Female,Medium,12.4,Moderate,Bachelors,11,14.0,5,4,69.2,45,32,71.8,2,66.24,Medium,False
STU10480,DB401,Fall 2025,4,48.5,51.8,49.5,1.98,4,25,Female,Low,1.9,High-Speed,Bachelors,10,10.6,1,5,67.6,45,31,69.9,2,63.47,Low,False
STU10481,DB401,Spring 2025,3,47.1,54.4,49.3,1.97,3,25,Female,Low,6.8,High-Speed,Masters,7,15.7,2,11,86.0,45,23,50.8,5,53.1,High,False
STU10482,SE501,Fall 2024,2,58.2,56.5,57.7,2.31,3,20,Male,Medium,0.9,Moderate,Masters,12,11.8,2,14,66.0,45,30,65.7,1,64.05,Medium,False
STU10483,DB401,Spring 2026,5,38.4,31.0,36.2,1.45,4,20,Female,Low,24.1,High-Speed,High School,9,18.9,3,6,42.4,40,21,51.3,2,47.63,High,False
STU10484,DB401,Spring 2025,3,84.9,85.5,85.1,3.4,3,19,Female,Medium,4.0,Moderate,High School,16,17.8,3,11,75.0,45,39,86.8,3,82.4,Low,False
STU10485,CS101,Fall 2025,4,39.6,45.2,41.3,1.65,3,24,Female,Medium,22.7,High-Speed,Bachelors,9,29.7,4,2,65.5,40,20,49.2,2,51.2,High,False
STU10486,DS201,Spring 2025,3,58.0,59.9,58.6,2.34,3,25,Male,Medium,27.5,High-Speed,High School,16,12.8,6,7,63.7,40,29,73.6,3,73.54,Low,False
STU10487,DB401,Fall 2025,4,70.1,67.3,69.3,2.77,4,18,Male,Medium,0.1,Moderate,High School,14,13.5,3,14,91.4,40,29,72.7,2,75.63,Low,False
STU10488,CS101,Spring 2024,1,54.6,52.9,54.1,2.16,3,21,Female,Medium,5.9,Moderate,Bachelors,14,14.2,4,6,60.1,45,37,82.2,5,74.12,Low,False
STU10489,DB401,Spring 2026,5,40.3,36.1,39.1,1.56,4,19,Female,High,0.2,High-Speed,Masters,4,14.4,4,6,64.2,40,23,58.1,7,47.89,Medium,False
STU10490,AI301,Fall 2024,2,47.1,45.9,46.7,1.87,4,25,Male,Medium,22.7,High-Speed,High School,7,20.1,6,10,60.4,50,30,59.2,3,52.18,High,False
STU10491,AI301,Spring 2025,3,62.4,58.0,61.1,2.44,4,18,Female,Low,6.9,Moderate,Bachelors,10,13.6,5,4,79.8,45,29,65.1,0,63.51,Low,False
STU10492,CS101,Spring 2025,3,54.7,56.6,55.3,2.21,4,24,Male,Low,0.7,High-Speed,High School,12,24.9,3,4,83.4,50,33,66.6,2,67.98,Low,False
STU10493,DB401,Fall 2023,0,56.0,58.5,56.8,2.27,3,22,Male,Medium,1.1,High-Speed,High School,14,17.9,5,10,79.8,45,29,65.1,5,69.51,Medium,False
STU10494,CS101,Fall 2024,2,55.6,56.1,55.8,2.23,4,24,Male,Low,4.6,Moderate,High School,10,12.6,1,9,74.1,45,30,67.5,4,63.57,Medium,False
STU10495,DB401,Spring 2026,5,52.9,57.2,54.2,2.17,3,20,Male,Low,26.8,Moderate,High School,15,11.3,3,10,76.2,50,36,71.8,6,73.64,Low,False
STU10496,CS101,Fall 2023,0,60.4,66.6,62.3,2.49,4,21,Female,Low,11.2,Moderate,Masters,8,20.2,5,11,78.2,45,21,47.0,7,51.14,Medium,False
STU10497,DB401,Fall 2023,0,55.9,63.1,58.1,2.32,4,25,Male,Medium,19.2,Moderate,Masters,10,15.1,6,11,85.2,45,23,51.3,2,57.69,High,False
STU10498,AI301,Fall 2025,4,53.8,54.4,54.0,2.16,4,25,Female,High,4.3,Moderate,Bachelors,8,15.0,9,9,98.0,40,16,40.5,4,51.85,Medium,False
STU10499,CS101,Spring 2026,5,65.5,62.8,64.7,2.59,4,23,Other,Low,0.4,Moderate,High School,11,12.0,7,8,77.2,45,32,70.3,1,67.09,Low,False
STU10500,CS101,Fall 2023,0,51.9,41.0,48.6,1.94,3,21,Female,Medium,34.8,Moderate,Bachelors,8,14.7,4,3,64.3,50,31,62.5,3,56.11,Medium,False
STU10501,AI301,Spring 2024,1,56.8,54.5,56.1,2.24,3,23,Female,Medium,0.2,High-Speed,High School,13,11.8,7,12,46.5,50,36,71.5,4,64.55,Medium,False
STU10502,DS201,Fall 2023,0,50.3,44.0,48.4,1.94,4,21,Male,Low,28.0,High-Speed,High School,8,21.8,3,13,83.6,45,27,59.8,4,58.62,Medium,False
STU10503,CS101,Spring 2025,3,69.9,70.1,70.0,2.8,3,20,Female,High,4.4,Moderate,Bachelors,13,18.6,4,6,86.8,40,30,76.0,2,74.86,Low,False
STU10504,AI301,Fall 2023,0,54.0,58.1,55.2,2.21,4,23,Female,Medium,0.1,Moderate,Bachelors,9,14.1,3,11,65.2,50,35,70.4,5,61.74,Medium,False
STU10505,DB401,Spring 2024,1,65.8,69.5,66.9,2.68,4,18,Male,Medium,11.1,High-Speed,High School,9,14.1,1,8,73.4,45,29,64.2,4,60.28,Low,False
STU10506,CS101,Spring 2026,5,67.3,71.4,68.5,2.74,3,23,Female,Medium,37.4,High-Speed,High School,12,15.5,3,6,81.1,45,30,67.7,4,68.07,Medium,False
STU10507,DS201,Fall 2024,2,55.7,48.3,53.5,2.14,3,19,Female,Low,32.0,Limited,Masters,15,15.0,4,2,53.3,50,40,80.2,5,73.26,Medium,False
STU10508,DS201,Fall 2025,4,52.6,45.2,50.4,2.02,3,18,Female,Medium,1.7,High-Speed,Bachelors,17,10.2,2,12,47.4,40,31,78.0,4,73.98,Medium,False
STU10509,AI301,Spring 2024,1,46.7,53.2,48.7,1.95,3,19,Female,Low,1.9,High-Speed,Masters,10,5.5,4,11,66.5,40,21,52.0,4,54.3,High,False
STU10510,AI301,Spring 2025,3,59.7,49.6,56.7,2.27,3,24,Female,High,7.9,Moderate,Doctorate,10,11.0,4,7,62.6,50,32,64.1,3,59.57,High,False
STU10511,SE501,Spring 2025,3,60.2,63.7,61.3,2.45,4,21,Male,Medium,9.6,Limited,Bachelors,13,14.4,1,7,90.0,50,36,71.2,1,73.1,Low,False
STU10512,CS101,Fall 2023,0,64.2,63.3,63.9,2.56,4,18,Female,Medium,12.8,Moderate,High School,18,11.3,6,13,72.8,50,44,89.0,6,86.06,Low,False
STU10513,DS201,Fall 2023,0,63.6,62.0,63.1,2.52,3,21,Female,Low,1.9,Moderate,Bachelors,10,19.1,4,7,82.7,50,32,63.7,3,63.39,Medium,False
STU10514,AI301,Fall 2023,0,39.8,40.7,40.1,1.6,4,24,Male,Medium,30.3,High-Speed,High School,13,13.9,5,4,46.8,40,27,67.4,2,62.56,Low,True
STU10515,DB401,Fall 2023,0,40.5,49.6,43.2,1.73,3,22,Male,Medium,9.7,Moderate,High School,13,24.4,3,2,69.4,50,26,52.2,3,59.48,Medium,True
STU10516,DS201,Spring 2026,5,63.1,59.2,61.9,2.48,3,25,Male,Medium,17.8,High-Speed,Bachelors,11,12.2,1,8,66.4,40,29,73.3,3,66.43,Medium,False
STU10517,SE501,Fall 2025,4,37.8,35.8,37.2,1.49,4,21,Female,Medium,7.4,Moderate,Bachelors,10,15.7,7,7,74.3,40,20,48.9,5,54.31,High,True
STU10518,SE501,Fall 2023,0,69.5,75.1,71.2,2.85,4,24,Other,Medium,5.1,High-Speed,High School,14,13.6,5,6,81.4,40,29,73.7,6,74.13,Low,False
STU10519,DS201,Spring 2026,5,53.8,49.4,52.5,2.1,4,21,Male,High,35.9,High-Speed,Bachelors,13,17.2,4,4,67.6,45,33,73.6,4,69.82,Medium,False
STU10520,SE501,Fall 2024,2,49.1,53.4,50.4,2.02,3,24,Female,Medium,8.3,High-Speed,Bachelors,11,20.3,2,14,84.3,45,28,62.7,3,64.71,Medium,False
STU10521,DB401,Fall 2025,4,71.7,71.5,71.6,2.86,4,19,Male,High,19.2,High-Speed,High School,15,18.0,4,7,71.3,45,36,80.6,2,77.06,Low,False
STU10522,DB401,Fall 2025,4,40.2,30.0,37.2,1.49,4,24,Female,High,29.1,Moderate,High School,17,4.8,3,11,63.8,50,36,72.8,4,74.66,Low,True
STU10523,CS101,Fall 2024,2,70.1,70.7,70.3,2.81,4,23,Female,Medium,10.7,Limited,High School,14,17.5,5,10,68.7,45,38,84.2,1,76.84,Low,False
STU10524,DS201,Spring 2026,5,66.1,66.5,66.2,2.65,4,22,Female,Low,7.6,Moderate,High School,10,9.9,4,13,45.0,45,28,62.4,2,55.2,High,False
STU10525,DS201,Fall 2025,4,64.1,65.1,64.4,2.58,4,21,Male,Medium,0.0,Moderate,Bachelors,10,13.5,3,9,85.4,50,20,40.7,1,52.43,Medium,False
STU10526,DB401,Fall 2025,4,52.7,56.2,53.7,2.15,3,24,Male,High,0.4,High-Speed,Bachelors,11,18.4,3,12,70.8,45,30,67.1,4,64.21,Low,False
STU10527,DS201,Fall 2025,4,64.9,67.9,65.8,2.63,4,24,Male,Low,2.1,Moderate,Bachelors,9,9.4,5,14,78.3,40,21,53.2,3,55.76,Medium,False
STU10528,SE501,Spring 2026,5,65.0,65.0,65.0,2.6,3,21,Male,Medium,2.0,Moderate,High School,10,20.8,3,9,86.4,40,21,53.3,9,58.93,Medium,True
STU10529,AI301,Fall 2025,4,39.8,45.5,41.5,1.66,4,25,Female,High,2.8,Moderate,High School,7,13.2,2,9,50.5,50,33,65.4,1,53.3,Medium,False
STU10530,AI301,Spring 2026,5,39.0,37.2,38.5,1.54,4,22,Female,Medium,3.5,High-Speed,High School,15,25.9,5,2,41.2,50,38,75.9,3,68.69,Medium,True
STU10531,AI301,Fall 2023,0,52.5,53.9,52.9,2.12,3,22,Other,Medium,4.2,Moderate,High School,8,15.3,6,8,89.9,40,15,36.3,4,48.13,High,False
STU10532,DS201,Fall 2023,0,55.3,50.9,54.0,2.16,4,24,Other,Low,5.2,Moderate,High School,14,23.5,4,2,60.8,50,33,66.5,2,66.41,Medium,False
STU10533,DB401,Spring 2024,1,63.0,52.7,59.9,2.4,4,18,Female,Low,1.0,High-Speed,Bachelors,10,21.0,2,8,72.1,50,32,64.7,0,61.77,Low,False
STU10534,DS201,Spring 2024,1,61.3,57.4,60.1,2.4,4,19,Female,Medium,0.4,Moderate,High School,12,11.9,5,3,66.1,50,34,67.2,1,64.82,Medium,False
STU10535,SE501,Fall 2024,2,57.3,57.8,57.4,2.3,4,22,Female,Low,10.6,Limited,Bachelors,10,8.5,3,4,72.9,50,33,65.8,1,62.48,High,False
STU10536,SE501,Spring 2024,1,50.6,42.6,48.2,1.93,4,22,Female,Low,7.3,High-Speed,Bachelors,14,15.6,3,11,84.5,40,21,52.0,3,63.9,High,False
STU10537,DS201,Fall 2023,0,56.5,52.1,55.2,2.21,3,20,Male,High,5.6,Moderate,Bachelors,18,12.1,3,3,58.5,50,32,64.6,2,71.0,Low,False
STU10538,SE501,Fall 2024,2,73.1,81.7,75.7,3.03,4,23,Male,Medium,9.6,Moderate,High School,9,22.9,4,11,92.6,45,30,67.6,2,65.82,Medium,False
STU10539,AI301,Fall 2023,0,53.4,52.0,53.0,2.12,3,22,Male,High,16.7,Moderate,Masters,13,13.8,2,2,68.2,50,31,62.6,5,64.44,Medium,False
STU10540,DS201,Fall 2025,4,62.4,64.6,63.0,2.52,4,19,Female,High,5.3,High-Speed,Doctorate,10,13.5,6,6,91.8,50,34,67.9,4,67.31,Medium,False
STU10541,DS201,Spring 2025,3,35.2,30.9,33.9,1.36,4,23,Female,Low,9.7,Moderate,High School,10,8.0,3,14,44.3,40,21,53.4,3,50.56,High,True
STU10542,SE501,Spring 2025,3,40.8,33.9,38.7,1.55,4,23,Male,Low,29.2,High-Speed,Bachelors,14,17.1,4,9,62.2,45,31,69.4,5,68.14,Medium,True
STU10543,CS101,Spring 2026,5,46.7,41.6,45.2,1.81,3,21,Female,Medium,17.4,High-Speed,Masters,11,9.1,3,13,57.3,50,37,74.0,1,64.96,Medium,False
STU10544,DB401,Spring 2024,1,54.4,59.7,56.0,2.24,3,21,Female,Medium,5.3,Moderate,Bachelors,10,17.2,4,7,56.5,50,25,50.6,3,51.6,Medium,False
STU10545,DB401,Fall 2023,0,59.6,58.2,59.2,2.37,3,21,Male,Low,9.8,Moderate,High School,9,17.9,5,5,87.1,40,24,61.1,3,61.47,Low,False
STU10546,CS101,Fall 2023,0,43.7,44.3,43.9,1.76,3,21,Male,Medium,1.9,Moderate,Bachelors,12,11.3,5,14,60.2,50,30,60.9,3,60.49,Medium,True
STU10547,DS201,Spring 2026,5,60.7,57.1,59.6,2.38,3,20,Female,Low,7.8,High-Speed,Bachelors,11,19.8,3,11,84.0,50,34,68.2,2,67.4,Medium,False
STU10548,SE501,Fall 2024,2,65.7,69.5,66.9,2.68,3,22,Female,High,37.8,High-Speed,Bachelors,17,13.6,1,2,80.9,50,45,90.8,2,87.08,Low,False
STU10549,SE501,Spring 2025,3,59.0,66.0,61.1,2.44,4,21,Female,Low,6.9,Limited,Masters,13,7.6,1,11,85.5,40,21,53.1,4,63.15,Medium,False
STU10550,AI301,Spring 2024,1,47.6,58.8,51.0,2.04,3,24,Female,Low,24.9,High-Speed,Bachelors,14,22.7,3,3,51.5,50,37,74.6,4,68.6,Medium,False
STU10551,DB401,Spring 2024,1,59.8,63.0,60.7,2.43,3,18,Female,Low,5.0,Moderate,High School,12,10.4,3,3,79.8,45,32,70.6,3,69.26,Low,False
STU10552,AI301,Spring 2024,1,43.4,38.6,42.0,1.68,3,21,Female,High,64.3,Moderate,Bachelors,11,17.5,3,12,87.4,50,31,61.9,6,64.93,Medium,True
STU10553,DB401,Spring 2024,1,49.3,40.0,46.5,1.86,3,22,Female,Medium,8.2,Moderate,Bachelors,11,17.1,5,4,84.1,40,24,58.9,2,62.77,Medium,False
STU10554,CS101,Fall 2023,0,57.0,63.6,59.0,2.36,3,21,Female,High,0.4,High-Speed,High School,15,16.9,9,3,71.3,45,29,65.1,3,69.31,Low,False
STU10555,DS201,Fall 2025,4,53.7,44.4,50.9,2.04,4,20,Male,Medium,8.4,Moderate,High School,18,16.9,2,5,51.4,40,34,85.8,4,80.18,Low,False
STU10556,SE501,Fall 2024,2,69.1,68.8,69.0,2.76,3,19,Male,Medium,3.0,Moderate,Masters,17,10.1,3,5,72.7,50,44,88.5,6,84.29,Low,False
STU10557,CS101,Spring 2024,1,59.3,64.4,60.8,2.43,4,19,Male,Low,0.3,High-Speed,Bachelors,11,23.5,6,6,78.9,50,32,64.3,3,64.43,Medium,False
STU10558,SE501,Fall 2024,2,63.4,71.8,65.9,2.64,4,22,Female,Medium,16.3,High-Speed,High School,13,19.8,4,10,66.1,40,26,64.2,1,64.82,Medium,False
STU10559,SE501,Spring 2025,3,25.2,30.0,26.6,1.06,3,24,Female,Medium,3.1,High-Speed,High School,14,17.4,5,4,71.0,50,25,50.0,3,60.2,Medium,True
STU10560,DB401,Spring 2026,5,58.5,59.3,58.7,2.35,4,19,Female,Medium,15.1,High-Speed,Bachelors,9,8.3,3,7,83.6,45,29,63.9,3,62.17,Medium,False
STU10561,CS101,Spring 2026,5,58.8,58.2,58.6,2.34,4,25,Male,Low,3.2,Moderate,Bachelors,9,10.1,5,11,74.6,40,24,59.7,6,58.27,Medium,False
STU10562,DS201,Spring 2024,1,56.4,52.8,55.3,2.21,3,19,Male,High,2.1,Moderate,High School,11,18.3,1,12,89.8,50,25,49.6,1,59.26,High,False
STU10563,CS101,Spring 2024,1,51.4,57.7,53.3,2.13,3,18,Male,Low,34.6,Limited,Bachelors,12,5.0,5,14,74.7,45,27,59.1,3,62.49,High,False
STU10564,AI301,Spring 2025,3,51.0,53.9,51.9,2.08,3,22,Male,High,4.3,High-Speed,High School,14,16.7,4,5,69.3,50,34,67.0,5,68.36,Low,False
STU10565,DS201,Spring 2024,1,48.1,42.1,46.3,1.85,4,24,Female,Low,8.7,Moderate,High School,11,8.3,3,8,83.2,50,25,49.9,0,58.09,Medium,False
STU10566,DB401,Spring 2024,1,52.3,51.3,52.0,2.08,3,22,Male,Medium,8.9,High-Speed,Bachelors,10,10.7,2,5,81.1,40,23,58.4,4,60.42,Medium,False
STU10567,CS101,Spring 2025,3,42.1,40.2,41.5,1.66,4,19,Male,Medium,7.8,Moderate,High School,11,7.9,2,8,70.1,45,24,53.5,3,57.27,High,True
STU10568,CS101,Spring 2025,3,46.3,48.5,47.0,1.88,3,19,Female,Medium,23.4,Moderate,Masters,9,16.2,3,2,87.2,45,15,33.9,3,47.89,Medium,False
STU10569,AI301,Fall 2023,0,33.1,42.6,35.9,1.44,4,19,Male,Medium,10.7,Limited,High School,11,20.6,8,10,57.0,45,19,42.4,2,49.1,High,True
STU10570,CS101,Fall 2024,2,63.8,65.5,64.3,2.57,4,23,Female,Medium,4.9,Moderate,Bachelors,12,16.7,4,14,68.5,50,35,69.1,0,66.25,Medium,False
STU10571,DB401,Spring 2024,1,58.4,57.0,58.0,2.32,4,20,Female,Medium,18.8,Limited,High School,12,17.3,4,2,100.0,50,32,63.1,5,69.55,Low,False
STU10572,SE501,Spring 2025,3,76.9,76.4,76.7,3.07,4,21,Male,Medium,1.9,Moderate,High School,18,15.8,5,6,88.5,40,29,72.2,2,80.8,Low,False
STU10573,DS201,Spring 2025,3,66.7,68.7,67.3,2.69,3,25,Female,Medium,7.5,Moderate,Bachelors,8,18.4,4,9,83.5,40,26,64.1,8,60.75,Medium,True
STU10574,DB401,Fall 2025,4,60.6,51.9,58.0,2.32,3,20,Female,High,28.6,High-Speed,Bachelors,13,17.3,4,9,60.9,50,33,66.9,1,65.13,High,False
STU10575,AI301,Fall 2024,2,42.3,47.9,44.0,1.76,3,22,Female,Low,9.3,Moderate,Bachelors,14,1.4,7,7,48.7,50,29,57.8,2,59.64,High,True
STU10576,CS101,Fall 2025,4,45.3,46.1,45.5,1.82,4,25,Male,Medium,16.1,Moderate,Bachelors,12,19.5,4,7,68.8,45,30,67.1,6,65.31,Medium,False
STU10577,AI301,Spring 2024,1,47.8,47.2,47.6,1.9,4,18,Female,Medium,10.1,High-Speed,Bachelors,12,19.0,6,12,77.7,50,38,75.8,5,71.44,Low,False
STU10578,DB401,Spring 2025,3,61.5,59.5,60.9,2.44,4,21,Female,Medium,17.4,High-Speed,Bachelors,7,13.2,1,3,86.3,45,23,50.7,4,53.11,Low,False
STU10579,SE501,Spring 2024,1,47.9,47.6,47.8,1.91,4,18,Male,Medium,27.5,Moderate,Bachelors,14,5.1,1,5,58.7,40,25,63.1,3,64.29,Medium,False
STU10580,SE501,Spring 2026,5,55.2,50.4,53.8,2.15,4,24,Male,Medium,3.0,High-Speed,Bachelors,12,16.2,2,9,74.6,50,36,72.3,3,69.07,Low,False
STU10581,DS201,Spring 2026,5,61.9,53.8,59.5,2.38,3,23,Other,Low,1.8,High-Speed,Bachelors,13,16.6,5,3,68.5,50,37,73.2,3,69.8,Low,False
STU10582,DB401,Fall 2023,0,66.0,68.6,66.8,2.67,4,22,Female,Low,6.3,Moderate,Masters,7,12.8,2,7,73.8,45,17,38.4,1,44.46,Medium,False
STU10583,AI301,Fall 2024,2,56.3,52.5,55.1,2.2,4,23,Male,Low,11.5,Limited,High School,13,15.9,5,4,77.6,40,25,62.3,0,66.17,Medium,False
STU10584,DB401,Spring 2024,1,57.1,58.2,57.4,2.3,3,22,Female,Medium,2.4,Moderate,Bachelors,12,20.4,3,8,68.5,50,26,52.1,2,57.75,Medium,False
STU10585,DB401,Spring 2026,5,49.9,49.0,49.6,1.98,3,18,Male,Medium,0.0,High-Speed,High School,13,27.0,6,10,64.6,45,29,63.4,3,64.12,Medium,False
STU10586,CS101,Fall 2024,2,62.8,69.3,64.8,2.59,4,18,Male,High,4.0,High-Speed,High School,17,15.7,5,9,69.9,50,34,67.9,6,73.43,Medium,False
STU10587,DS201,Spring 2025,3,53.1,55.5,53.8,2.15,4,18,Male,Medium,33.0,High-Speed,Bachelors,7,16.7,0,13,78.5,40,21,52.2,3,52.3,High,False
STU10588,DS201,Spring 2026,5,69.7,75.2,71.3,2.85,3,22,Male,Low,11.3,High-Speed,Masters,14,10.9,2,9,78.4,45,35,77.6,3,75.48,Low,False
STU10589,DB401,Spring 2024,1,57.3,61.1,58.4,2.34,3,19,Male,High,4.9,High-Speed,Bachelors,10,12.5,3,10,59.5,45,32,71.3,3,62.55,Medium,False
STU10590,AI301,Fall 2025,4,34.3,43.1,36.9,1.48,4,18,Male,High,2.0,Limited,Bachelors,8,14.3,4,3,57.3,45,19,41.3,4,44.11,High,False
STU10591,DS201,Fall 2023,0,52.7,44.9,50.4,2.02,4,23,Female,Medium,4.2,High-Speed,High School,13,20.9,7,7,83.8,40,30,75.6,4,74.06,Low,False
STU10592,AI301,Spring 2026,5,26.7,34.0,28.9,1.16,4,24,Male,Medium,1.8,High-Speed,Bachelors,6,19.1,2,10,56.1,45,25,55.6,2,48.02,High,False
STU10593,DB401,Fall 2025,4,60.3,56.4,59.1,2.36,4,21,Male,High,1.1,High-Speed,Masters,12,24.6,4,14,64.4,40,31,78.1,3,69.93,Medium,False
STU10594,DS201,Fall 2023,0,64.2,58.8,62.6,2.5,4,22,Female,Medium,22.5,High-Speed,High School,9,7.5,3,3,69.7,50,32,63.9,1,59.39,Medium,False
STU10595,AI301,Fall 2023,0,59.1,52.8,57.2,2.29,3,25,Male,High,57.5,High-Speed,High School,7,8.4,5,10,72.5,50,32,63.4,3,56.7,Medium,False
STU10596,DS201,Fall 2024,2,71.0,68.9,70.4,2.82,3,23,Female,Low,1.7,High-Speed,Bachelors,14,20.5,1,3,71.4,45,35,78.5,6,74.53,Low,False
STU10597,CS101,Spring 2024,1,72.0,74.1,72.6,2.9,3,20,Male,Low,0.5,Limited,Bachelors,9,22.2,5,10,80.0,50,33,66.5,6,62.75,Medium,False
STU10598,DB401,Spring 2024,1,63.0,69.9,65.1,2.6,4,24,Male,Medium,3.8,High-Speed,Bachelors,8,15.2,4,2,90.6,50,28,56.6,1,58.42,Medium,False
STU10599,AI301,Spring 2025,3,34.8,30.0,33.3,1.33,3,20,Male,Medium,5.9,High-Speed,Bachelors,10,1.0,6,7,71.2,50,30,60.3,1,59.39,Medium,True
STU10600,DS201,Spring 2026,5,45.1,46.6,45.5,1.82,3,21,Male,High,2.2,High-Speed,Bachelors,12,11.3,4,7,60.9,45,34,75.1,5,67.73,Medium,False
STU10601,DB401,Spring 2026,5,42.8,37.9,41.3,1.65,4,19,Male,High,3.4,High-Speed,High School,12,16.7,4,3,75.3,45,20,45.2,2,55.66,High,True
STU10602,DB401,Fall 2023,0,37.6,31.3,35.7,1.43,4,18,Male,Medium,2.1,High-Speed,Bachelors,10,10.5,4,12,68.6,40,21,53.0,2,55.22,Medium,True
STU10603,DB401,Fall 2025,4,35.0,32.2,34.2,1.37,4,22,Male,Low,14.1,High-Speed,High School,6,15.9,6,8,66.6,50,27,53.9,2,49.27,High,False
STU10604,SE501,Fall 2025,4,50.5,50.9,50.6,2.02,4,23,Male,High,11.8,High-Speed,High School,13,24.5,4,11,80.7,40,18,46.2,1,58.74,Medium,False
STU10605,SE501,Spring 2024,1,42.2,38.9,41.2,1.65,4,25,Male,Medium,9.6,Moderate,Bachelors,13,22.1,6,5,57.8,40,28,71.1,1,66.61,Medium,True
STU10606,DB401,Fall 2025,4,42.2,36.1,40.4,1.62,4,18,Male,Low,4.7,High-Speed,Masters,9,19.0,5,5,65.5,50,28,56.0,1,54.6,High,False
STU10607,AI301,Spring 2025,3,62.6,60.5,62.0,2.48,4,23,Male,Medium,22.8,High-Speed,Bachelors,15,14.7,5,12,69.6,40,33,81.4,2,77.12,Low,False
STU10608,DB401,Spring 2026,5,50.4,53.3,51.3,2.05,4,22,Female,Medium,33.2,High-Speed,Bachelors,9,12.5,3,10,81.8,45,28,61.6,8,60.66,Medium,True
STU10609,SE501,Spring 2026,5,55.7,57.7,56.3,2.25,4,20,Female,Medium,1.8,High-Speed,High School,15,18.8,5,3,79.4,50,29,58.5,7,67.63,Medium,False
STU10610,AI301,Spring 2026,5,60.0,57.5,59.3,2.37,4,18,Male,Medium,2.4,High-Speed,High School,10,15.1,5,10,83.8,50,36,71.8,2,67.66,Low,False
STU10611,AI301,Fall 2025,4,63.2,62.3,62.9,2.52,3,21,Female,Medium,7.1,High-Speed,High School,14,15.3,6,10,63.7,50,36,72.8,5,70.14,Low,False
STU10612,DB401,Spring 2026,5,54.6,50.7,53.4,2.14,4,19,Female,High,0.9,High-Speed,Masters,12,7.2,6,13,92.6,45,26,56.8,6,64.92,Low,False
STU10613,AI301,Spring 2026,5,44.4,45.5,44.7,1.79,4,21,Male,Medium,5.4,High-Speed,Masters,12,11.4,3,7,68.2,40,28,69.8,1,66.54,Low,True
STU10614,DS201,Fall 2023,0,59.1,63.4,60.4,2.42,3,19,Female,Medium,8.3,High-Speed,Doctorate,12,18.8,2,11,79.1,45,34,74.9,2,71.27,Low,False
STU10615,CS101,Spring 2025,3,68.2,64.2,67.0,2.68,4,24,Female,Low,7.0,High-Speed,High School,11,9.5,7,14,74.4,40,21,53.0,3,57.88,High,False
STU10616,CS101,Fall 2024,2,62.3,59.8,61.6,2.46,4,23,Male,Medium,3.8,High-Speed,Bachelors,15,16.3,2,8,63.2,45,28,61.9,2,66.09,Medium,False
STU10617,DB401,Fall 2025,4,61.4,64.2,62.2,2.49,4,18,Male,Low,7.4,Limited,Bachelors,7,17.1,2,5,68.1,45,24,52.4,5,50.32,High,False
STU10618,DS201,Spring 2026,5,57.4,70.1,61.2,2.45,4,18,Female,Low,30.3,Moderate,Bachelors,10,17.4,7,2,79.1,50,28,56.1,1,58.87,Medium,False
STU10619,DB401,Fall 2023,0,62.4,65.8,63.4,2.54,4,24,Female,Medium,2.2,Moderate,Bachelors,13,17.8,9,10,78.5,45,33,73.6,6,72.0,Low,False
STU10620,SE501,Fall 2025,4,45.6,44.7,45.3,1.81,4,19,Male,Low,10.1,Moderate,Bachelors,8,18.1,2,14,76.2,45,26,57.9,6,56.19,Medium,False
STU10621,CS101,Spring 2025,3,65.6,60.4,64.1,2.56,4,20,Male,Medium,0.4,Limited,High School,15,11.9,4,10,85.9,40,28,69.0,3,74.18,Medium,False
STU10622,DS201,Spring 2024,1,56.0,61.3,57.6,2.3,3,22,Male,Low,0.7,Moderate,High School,13,7.7,6,12,87.3,40,32,79.9,4,76.91,Low,False
STU10623,DB401,Fall 2024,2,50.9,46.9,49.7,1.99,4,21,Male,Medium,7.6,Moderate,High School,10,10.6,3,14,69.8,45,28,61.4,4,59.66,Medium,False
STU10624,CS101,Fall 2023,0,56.3,55.3,56.0,2.24,3,24,Female,Low,1.1,High-Speed,High School,11,18.6,4,2,62.5,50,35,70.2,8,64.1,Medium,True
STU10625,DB401,Fall 2023,0,45.2,43.3,44.6,1.78,3,25,Male,Low,0.2,High-Speed,High School,11,9.0,3,13,58.3,50,33,66.8,2,61.56,Medium,True
STU10626,AI301,Spring 2025,3,61.5,61.1,61.4,2.46,3,25,Male,Low,1.8,Moderate,High School,11,9.8,6,5,77.6,40,27,67.6,3,65.82,Medium,False
STU10627,AI301,Fall 2024,2,57.6,52.8,56.1,2.24,4,23,Female,High,7.9,Limited,High School,13,9.8,3,8,88.9,40,26,65.6,2,70.08,Low,False
STU10628,AI301,Fall 2024,2,35.7,40.5,37.1,1.48,3,24,Male,High,11.5,High-Speed,Bachelors,15,5.8,2,4,74.7,50,33,66.6,3,70.74,Low,True
STU10629,CS101,Fall 2023,0,60.1,62.3,60.8,2.43,3,21,Male,Low,2.1,Moderate,Masters,12,9.3,7,6,70.0,40,26,65.0,4,64.5,Medium,False
STU10630,AI301,Fall 2025,4,65.4,63.9,64.9,2.6,3,21,Female,Medium,10.5,High-Speed,Masters,13,20.0,3,6,84.3,40,27,66.5,3,69.61,Low,False
STU10631,SE501,Spring 2024,1,38.0,36.8,37.6,1.5,4,23,Female,Medium,1.9,High-Speed,High School,7,11.4,1,9,61.9,40,18,45.0,4,45.38,High,False
STU10632,DS201,Spring 2026,5,52.2,50.5,51.7,2.07,4,23,Female,High,9.0,High-Speed,High School,11,6.3,2,10,70.8,50,31,61.5,0,61.41,Low,False
STU10633,CS101,Fall 2024,2,76.0,76.6,76.2,3.05,4,18,Female,Medium,5.0,High-Speed,High School,16,12.4,3,2,59.4,50,40,80.8,3,76.28,Low,False
STU10634,DS201,Fall 2025,4,61.4,57.5,60.2,2.41,3,21,Male,Medium,10.1,High-Speed,Doctorate,8,17.6,0,3,79.9,45,27,59.3,2,57.63,Medium,False
STU10635,DB401,Spring 2026,5,50.8,45.6,49.2,1.97,4,22,Male,Low,50.4,Moderate,Bachelors,17,5.8,3,12,58.4,40,32,81.0,2,77.68,Medium,False
STU10636,DB401,Fall 2024,2,59.7,58.6,59.4,2.38,4,25,Female,Medium,26.4,Moderate,High School,10,19.8,8,6,83.9,45,26,58.3,0,60.93,Low,False
STU10637,CS101,Fall 2025,4,59.1,62.4,60.1,2.4,4,22,Male,High,0.0,Moderate,Masters,11,7.8,4,2,67.2,45,31,69.0,5,64.44,Low,False
STU10638,CS101,Spring 2024,1,61.2,68.8,63.5,2.54,4,19,Male,Medium,20.6,High-Speed,High School,8,13.0,5,7,95.4,45,29,63.9,0,63.03,Medium,False
STU10639,SE501,Spring 2024,1,55.0,55.9,55.3,2.21,3,24,Male,Low,0.7,Moderate,Masters,20,13.0,3,14,45.2,40,38,95.7,2,86.89,Low,False
STU10640,AI301,Fall 2023,0,38.5,42.5,39.7,1.59,4,23,Male,Low,29.1,High-Speed,High School,8,12.2,4,7,75.2,50,28,55.8,6,54.94,Medium,False
STU10641,SE501,Spring 2026,5,55.4,59.4,56.6,2.26,3,18,Male,Medium,3.1,High-Speed,High School,16,14.7,2,4,76.7,40,26,64.9,2,71.79,Low,False
STU10642,DS201,Spring 2026,5,50.4,52.0,50.9,2.04,3,22,Male,Medium,4.6,Moderate,Bachelors,16,18.9,1,5,66.6,50,43,85.1,2,79.87,Low,False
STU10643,SE501,Spring 2026,5,60.5,62.8,61.2,2.45,3,20,Male,Medium,0.9,High-Speed,Masters,13,14.8,2,4,97.0,40,31,78.1,4,77.95,Low,False
STU10644,AI301,Spring 2026,5,56.0,54.0,55.4,2.22,3,25,Male,High,1.1,High-Speed,Masters,11,12.0,2,6,90.8,50,29,57.8,5,63.56,Medium,False
STU10645,CS101,Fall 2024,2,63.0,59.4,61.9,2.48,3,18,Female,Low,12.3,High-Speed,Bachelors,10,17.3,3,10,79.6,45,31,68.5,2,65.17,Low,False
STU10646,DS201,Fall 2025,4,33.1,30.0,32.2,1.29,4,18,Female,Medium,27.4,Moderate,High School,8,16.0,4,14,66.2,40,22,56.1,3,53.29,Medium,False
STU10647,AI301,Spring 2026,5,43.4,42.4,43.1,1.72,4,22,Female,High,9.0,High-Speed,Bachelors,10,11.7,3,11,66.8,50,24,48.4,3,52.56,Medium,True
STU10648,AI301,Fall 2024,2,37.9,39.2,38.3,1.53,4,20,Female,Medium,12.0,Moderate,Doctorate,15,15.2,6,4,60.9,45,28,63.0,2,66.18,Medium,True
STU10649,CS101,Spring 2026,5,70.3,68.6,69.8,2.79,4,19,Female,Low,13.6,Moderate,Bachelors,7,11.2,3,3,78.1,45,25,55.2,3,53.72,Medium,False
STU10650,AI301,Fall 2024,2,42.2,41.9,42.1,1.68,3,22,Male,Medium,2.9,Moderate,Bachelors,16,10.7,3,14,51.3,45,38,83.5,3,76.01,Low,True
STU10651,DB401,Spring 2026,5,55.8,48.3,53.5,2.14,3,20,Female,High,0.4,Moderate,Bachelors,11,19.0,4,14,73.1,45,31,68.2,4,65.22,Medium,False
STU10652,AI301,Spring 2024,1,39.8,51.2,43.2,1.73,3,18,Female,Low,0.0,High-Speed,Bachelors,9,17.2,3,7,73.6,50,25,50.6,1,53.52,Medium,False
STU10653,SE501,Spring 2025,3,50.2,58.2,52.6,2.1,3,25,Female,High,4.1,High-Speed,Bachelors,9,18.9,8,11,59.0,50,30,59.1,3,54.85,Medium,False
STU10654,DB401,Spring 2024,1,39.6,38.8,39.4,1.58,4,20,Male,Medium,2.6,High-Speed,Bachelors,16,18.2,7,2,77.8,45,30,66.9,4,73.01,Low,True
STU10655,AI301,Fall 2023,0,70.1,71.6,70.6,2.82,4,18,Male,Low,0.6,High-Speed,Masters,16,10.6,3,10,67.2,45,36,79.8,3,77.34,Low,False
STU10656,DS201,Spring 2026,5,71.9,80.2,74.4,2.98,3,24,Male,Medium,1.9,Moderate,Bachelors,11,20.0,4,12,72.3,45,26,58.7,2,60.31,Medium,False
STU10657,CS101,Fall 2025,4,58.9,62.8,60.1,2.4,4,22,Male,Medium,1.3,High-Speed,Bachelors,16,13.5,6,11,71.0,45,24,53.3,5,64.85,Medium,False
STU10658,DB401,Spring 2025,3,50.7,47.8,49.8,1.99,4,23,Female,Medium,23.4,High-Speed,High School,12,19.6,7,4,65.7,45,26,58.6,3,60.44,Low,False
STU10659,DB401,Spring 2025,3,60.1,62.6,60.8,2.43,3,22,Female,Medium,1.4,Moderate,High School,17,14.4,7,4,68.5,40,36,89.7,1,84.05,Low,False
STU10660,DB401,Spring 2025,3,51.6,44.7,49.5,1.98,3,24,Male,High,7.3,Moderate,Masters,11,16.6,10,9,78.5,50,35,70.9,6,67.65,High,False
STU10661,AI301,Spring 2026,5,49.6,50.9,50.0,2.0,4,21,Other,Low,8.5,Moderate,High School,10,16.7,3,13,85.3,50,32,64.1,2,64.11,High,False
STU10662,SE501,Fall 2025,4,48.3,49.8,48.7,1.95,4,21,Female,Medium,7.4,Moderate,Masters,6,19.1,5,7,81.7,40,21,51.7,5,51.19,Medium,False
STU10663,AI301,Fall 2025,4,71.0,61.7,68.2,2.73,4,21,Male,Medium,1.0,Moderate,Bachelors,19,6.8,3,4,84.2,50,41,82.4,2,86.54,Low,False
STU10664,DB401,Spring 2026,5,46.0,51.2,47.6,1.9,4,22,Male,Medium,3.6,Moderate,Bachelors,14,7.1,3,7,54.1,45,32,71.6,4,67.62,Medium,False
STU10665,CS101,Spring 2026,5,51.3,53.5,52.0,2.08,3,19,Male,Medium,0.5,High-Speed,Masters,10,18.4,1,7,62.0,50,35,70.2,4,62.5,Low,False
STU10666,DB401,Spring 2024,1,51.9,50.3,51.4,2.06,3,22,Male,Low,4.8,Limited,Bachelors,10,16.8,2,4,59.8,45,29,64.7,3,59.31,Low,False
STU10667,DB401,Fall 2023,0,52.2,50.9,51.8,2.07,4,25,Male,Medium,2.0,High-Speed,Masters,10,11.1,4,13,58.4,50,26,52.9,3,53.13,High,False
STU10668,DS201,Spring 2026,5,67.5,71.7,68.8,2.75,4,24,Male,Medium,7.8,High-Speed,High School,13,16.8,5,12,67.0,40,26,64.2,3,65.0,Medium,False
STU10669,DS201,Fall 2025,4,33.0,30.1,32.1,1.28,3,25,Male,Low,11.2,High-Speed,Bachelors,9,8.0,5,12,57.4,50,29,57.7,6,53.83,Medium,False
STU10670,SE501,Fall 2025,4,61.9,58.8,61.0,2.44,4,24,Male,High,7.2,Moderate,Bachelors,7,31.3,4,7,68.0,45,21,47.3,1,47.75,High,False
STU10671,DS201,Spring 2025,3,67.5,63.7,66.3,2.65,4,23,Female,High,5.4,Limited,High School,13,21.6,2,12,64.4,40,31,76.8,8,70.78,Medium,True
STU10672,CS101,Spring 2026,5,62.6,66.6,63.8,2.55,4,20,Male,Medium,4.7,High-Speed,Bachelors,12,18.1,2,11,87.6,45,24,53.3,2,62.17,Medium,False
STU10673,SE501,Fall 2025,4,39.4,42.6,40.4,1.62,3,22,Female,Low,17.5,High-Speed,Bachelors,5,15.4,5,13,70.1,50,17,34.9,5,38.97,High,False
STU10674,AI301,Fall 2024,2,62.5,56.8,60.8,2.43,3,22,Male,Medium,2.4,Moderate,Masters,12,11.9,0,9,92.6,40,29,72.4,4,72.72,Low,False
STU10675,DB401,Spring 2025,3,68.0,68.8,68.2,2.73,4,18,Other,Low,12.6,Limited,High School,13,8.4,6,10,90.5,45,26,58.4,5,66.8,Medium,False
STU10676,SE501,Spring 2025,3,54.5,56.0,55.0,2.2,4,24,Male,Low,13.5,High-Speed,Bachelors,13,14.4,4,4,69.5,50,37,74.0,2,70.4,Medium,False
STU10677,DB401,Spring 2025,3,36.1,42.1,37.9,1.52,4,18,Male,Medium,5.2,High-Speed,High School,12,10.7,4,3,70.8,40,24,58.8,3,61.56,Medium,True
STU10678,DS201,Fall 2023,0,53.1,51.1,52.5,2.1,3,18,Female,Low,3.4,Moderate,Bachelors,10,11.0,2,11,81.3,50,27,54.5,6,58.51,Medium,False
STU10679,AI301,Spring 2024,1,49.5,46.9,48.7,1.95,3,22,Female,Low,6.0,High-Speed,Bachelors,17,7.9,3,11,54.5,40,33,81.5,5,77.15,Low,False
STU10680,SE501,Fall 2023,0,62.4,65.0,63.2,2.53,4,19,Female,Low,0.9,Moderate,Bachelors,10,16.2,1,13,81.8,50,26,53.0,4,57.86,Medium,False
STU10681,DS201,Spring 2024,1,50.8,48.1,50.0,2.0,3,20,Male,Low,0.4,High-Speed,Bachelors,8,13.1,1,8,90.3,40,26,64.2,2,62.16,Medium,False
STU10682,DS201,Spring 2026,5,62.8,66.2,63.8,2.55,3,20,Male,Low,1.1,High-Speed,High School,7,17.7,5,13,62.2,45,21,46.0,1,45.94,High,False
STU10683,AI301,Spring 2026,5,51.2,52.4,51.6,2.06,4,25,Female,High,2.0,High-Speed,High School,10,17.3,4,9,73.3,50,28,56.1,0,57.71,Medium,False
STU10684,SE501,Fall 2023,0,35.8,30.0,34.0,1.36,4,24,Female,Low,6.7,High-Speed,High School,11,16.1,5,14,65.2,50,29,58.4,2,58.74,Medium,True
STU10685,DB401,Spring 2026,5,57.3,56.1,56.9,2.28,3,23,Female,Low,18.0,High-Speed,Bachelors,10,28.3,4,12,84.0,50,29,58.6,1,61.1,Medium,False
STU10686,CS101,Spring 2024,1,59.4,60.5,59.7,2.39,4,24,Female,Low,2.6,High-Speed,Masters,7,19.1,4,10,92.2,40,19,47.6,3,52.74,Medium,False
STU10687,CS101,Fall 2024,2,55.2,58.7,56.2,2.25,3,19,Male,High,26.0,Moderate,High School,5,8.7,4,2,56.1,40,23,56.9,3,47.17,High,False
STU10688,AI301,Spring 2026,5,51.1,48.6,50.4,2.02,4,19,Female,Medium,29.4,High-Speed,High School,9,17.3,6,14,73.1,50,27,53.3,3,54.77,Medium,False
STU10689,DB401,Spring 2024,1,58.4,54.3,57.2,2.29,3,20,Male,Medium,30.3,Limited,Bachelors,11,14.7,7,2,76.4,40,27,66.4,2,64.98,Medium,False
STU10690,DS201,Fall 2025,4,54.5,50.2,53.2,2.13,4,21,Male,High,17.3,High-Speed,Bachelors,12,8.3,1,12,80.4,45,24,54.3,3,61.23,Medium,False
STU10691,CS101,Spring 2024,1,34.6,35.5,34.9,1.4,4,18,Male,Medium,4.3,Moderate,High School,7,7.9,1,2,64.1,50,23,46.5,5,46.57,High,False
STU10692,SE501,Fall 2024,2,58.2,58.4,58.3,2.33,3,18,Female,Medium,0.7,High-Speed,High School,13,17.3,6,12,65.7,45,36,79.3,4,72.29,Low,False
STU10693,DB401,Fall 2024,2,65.7,62.2,64.6,2.58,4,20,Male,Low,8.0,High-Speed,High School,12,18.5,3,5,90.3,50,37,74.4,6,73.26,Low,False
STU10694,DS201,Fall 2024,2,46.2,48.5,46.9,1.88,4,24,Male,Medium,7.8,High-Speed,High School,12,9.8,3,13,53.4,50,38,76.2,0,66.78,Medium,False
STU10695,DS201,Fall 2023,0,39.0,40.0,39.3,1.57,4,19,Female,Medium,18.0,High-Speed,High School,12,19.9,2,4,73.5,50,31,61.9,3,63.65,Medium,True
STU10696,CS101,Spring 2026,5,52.8,49.9,51.9,2.08,3,24,Male,Medium,52.4,Moderate,High School,15,16.4,5,8,65.7,45,33,73.9,2,72.59,Low,False
STU10697,CS101,Spring 2026,5,60.0,57.1,59.1,2.36,4,23,Female,Low,6.7,Moderate,Bachelors,13,21.0,1,7,67.9,40,28,69.9,6,68.03,Medium,False
STU10698,AI301,Fall 2024,2,77.1,85.8,79.7,3.19,3,21,Male,Medium,4.0,Moderate,Bachelors,11,20.4,8,4,92.8,45,32,70.6,1,70.36,Low,False
STU10699,DS201,Spring 2026,5,47.2,36.4,44.0,1.76,3,20,Male,Low,2.0,High-Speed,High School,3,14.2,5,13,72.4,45,22,49.7,3,43.83,Medium,False
STU10700,SE501,Spring 2026,5,62.8,55.1,60.5,2.42,4,18,Female,Low,0.0,Moderate,Bachelors,9,23.2,1,4,89.8,45,32,70.1,1,66.51,Medium,False
STU10701,DB401,Fall 2025,4,64.5,63.5,64.2,2.57,3,22,Male,Medium,6.8,Moderate,Bachelors,17,9.4,4,6,88.9,50,39,78.1,2,82.33,Low,False
STU10702,CS101,Spring 2024,1,61.6,66.5,63.1,2.52,4,24,Male,High,7.7,Limited,Masters,9,27.0,2,5,85.3,40,25,62.6,1,61.86,High,False
STU10703,DS201,Fall 2025,4,32.9,30.0,32.0,1.28,4,19,Male,Medium,16.6,Moderate,High School,4,10.6,3,10,54.7,40,15,37.3,5,35.59,High,False
STU10704,CS101,Spring 2024,1,59.1,62.0,60.0,2.4,4,22,Male,Medium,6.7,High-Speed,Bachelors,15,14.8,4,13,71.9,40,26,64.7,4,69.23,Low,False
STU10705,AI301,Fall 2024,2,41.0,32.2,38.4,1.54,3,23,Other,Low,23.6,High-Speed,Bachelors,12,12.2,10,2,86.1,40,25,62.5,1,66.47,Medium,True
STU10706,CS101,Spring 2024,1,66.7,65.4,66.3,2.65,4,20,Male,Low,9.4,High-Speed,High School,12,13.1,5,2,86.7,45,31,69.1,1,69.89,Low,False
STU10707,DB401,Fall 2023,0,50.4,51.9,50.8,2.03,3,24,Female,Low,17.4,Moderate,Masters,9,29.6,5,14,73.8,40,24,61.0,1,58.76,Medium,False
STU10708,DB401,Spring 2025,3,59.0,63.3,60.3,2.41,4,18,Male,Medium,1.5,High-Speed,Bachelors,13,12.7,8,13,75.1,45,34,74.9,6,71.97,Low,False
STU10709,AI301,Fall 2023,0,39.5,42.5,40.4,1.62,4,24,Female,Low,18.4,Moderate,Bachelors,9,19.3,4,13,60.5,45,32,70.3,0,60.75,Medium,False
STU10710,SE501,Fall 2025,4,45.2,35.7,42.3,1.69,3,21,Female,Low,10.7,High-Speed,High School,16,13.8,3,6,41.6,40,29,71.9,2,68.27,Medium,True
STU10711,AI301,Fall 2024,2,52.4,52.5,52.4,2.1,4,25,Female,Medium,1.8,High-Speed,High School,8,19.7,8,9,62.6,40,23,58.0,6,53.52,High,False
STU10712,CS101,Spring 2025,3,78.2,74.6,77.1,3.08,4,22,Male,Low,2.0,High-Speed,Bachelors,16,12.3,5,5,92.9,45,36,80.0,0,82.58,Low,False
STU10713,AI301,Spring 2026,5,50.9,50.4,50.8,2.03,4,21,Male,Medium,24.8,High-Speed,High School,14,16.3,3,10,57.4,40,28,69.7,2,67.33,Medium,False
STU10714,DB401,Fall 2023,0,55.7,54.1,55.2,2.21,4,23,Male,Medium,0.3,Moderate,Bachelors,11,18.1,4,8,75.4,50,29,57.4,2,60.28,Medium,False
STU10715,SE501,Fall 2024,2,65.3,68.8,66.4,2.66,3,18,Female,Medium,5.9,High-Speed,High School,13,11.4,7,4,81.1,40,28,69.8,5,70.62,Low,False
STU10716,AI301,Spring 2025,3,49.4,49.3,49.4,1.98,3,22,Female,Medium,3.6,Moderate,Bachelors,11,28.8,4,7,64.3,40,30,74.4,5,66.56,Medium,False
STU10717,DS201,Fall 2025,4,61.0,62.2,61.4,2.46,4,23,Female,Medium,10.4,High-Speed,Bachelors,10,18.4,3,7,67.0,50,30,59.7,1,58.25,Medium,False
STU10718,CS101,Fall 2023,0,34.2,34.5,34.3,1.37,4,21,Male,Low,17.4,High-Speed,High School,10,13.9,3,6,67.7,40,18,44.9,1,50.99,High,True
STU10719,SE501,Fall 2024,2,62.5,51.4,59.2,2.37,4,21,Female,Medium,4.2,Moderate,Bachelors,9,11.5,5,14,71.7,40,27,68.3,3,61.99,Medium,False
STU10720,CS101,Spring 2025,3,52.8,53.0,52.9,2.12,3,25,Female,High,5.3,High-Speed,Bachelors,16,15.5,3,9,78.5,40,30,76.1,3,77.75,Low,False
STU10721,SE501,Spring 2025,3,50.8,50.6,50.7,2.03,3,22,Male,Low,38.1,Moderate,High School,12,8.9,9,12,78.9,40,30,75.8,5,71.68,Medium,False
STU10722,CS101,Spring 2025,3,42.2,44.7,43.0,1.72,3,18,Male,Low,14.6,Moderate,High School,13,23.9,1,2,59.8,40,25,62.6,2,62.76,High,True
STU10723,DS201,Fall 2023,0,65.4,67.7,66.1,2.64,4,21,Female,High,21.6,Moderate,High School,13,17.2,5,12,88.4,40,25,63.1,3,68.73,Low,False
STU10724,SE501,Fall 2025,4,42.9,33.8,40.2,1.61,3,20,Female,Medium,5.5,High-Speed,High School,11,14.6,6,13,71.1,50,28,56.9,5,59.17,Medium,True
STU10725,CS101,Fall 2025,4,48.4,43.0,46.8,1.87,4,25,Female,Medium,2.5,High-Speed,Masters,14,20.2,6,12,43.9,40,24,60.0,3,59.78,High,False
STU10726,DB401,Spring 2026,5,54.9,55.3,55.0,2.2,4,23,Male,Medium,5.0,Moderate,Bachelors,13,11.4,4,14,58.0,50,39,78.6,6,70.4,Low,False
STU10727,AI301,Spring 2024,1,42.5,45.2,43.3,1.73,3,22,Female,Low,12.0,Moderate,High School,9,9.2,4,11,67.9,45,28,61.6,1,57.88,Medium,False
STU10728,DB401,Spring 2024,1,54.6,53.1,54.2,2.17,4,19,Male,Medium,1.1,Moderate,High School,17,14.3,4,5,63.4,45,35,78.2,3,77.28,Low,False
STU10729,DB401,Fall 2025,4,49.9,52.5,50.7,2.03,4,19,Male,Medium,3.0,High-Speed,High School,14,15.6,9,8,58.3,50,26,51.0,6,58.16,High,False
STU10730,DS201,Fall 2024,2,67.3,77.0,70.2,2.81,3,18,Male,Low,0.5,High-Speed,Bachelors,11,17.7,4,7,70.5,40,29,71.8,4,66.5,Low,False
STU10731,CS101,Spring 2025,3,69.9,72.4,70.6,2.82,3,20,Female,Medium,5.4,High-Speed,High School,14,7.6,5,8,87.8,50,36,72.2,2,74.66,Low,False
STU10732,DB401,Fall 2024,2,62.1,69.0,64.2,2.57,4,21,Female,Medium,16.7,Moderate,Bachelors,8,12.7,4,4,78.9,50,29,57.1,2,56.33,Medium,False
STU10733,DB401,Fall 2024,2,57.8,56.5,57.4,2.3,4,19,Female,Medium,0.2,High-Speed,High School,16,1.0,3,4,60.8,50,42,83.6,0,77.96,Low,False
STU10734,AI301,Fall 2024,2,62.2,65.3,63.1,2.52,4,18,Male,Low,10.7,High-Speed,Masters,10,9.1,2,2,93.3,50,35,70.6,2,68.96,Medium,False
STU10735,SE501,Spring 2026,5,52.3,57.4,53.8,2.15,3,23,Female,Medium,25.6,Moderate,High School,6,18.6,3,8,82.1,50,26,52.7,3,51.77,Medium,False
STU10736,DS201,Spring 2025,3,59.4,64.6,60.9,2.44,4,25,Male,Medium,2.6,High-Speed,Bachelors,7,19.8,5,5,59.5,40,24,60.4,0,52.6,Medium,False
STU10737,CS101,Fall 2024,2,46.0,35.8,43.0,1.72,3,20,Female,Medium,11.2,High-Speed,Bachelors,13,9.3,7,10,60.4,45,32,71.7,4,67.43,Low,True
STU10738,DS201,Fall 2023,0,58.4,55.5,57.5,2.3,4,20,Male,Medium,35.1,High-Speed,Bachelors,14,13.4,6,6,70.7,50,37,74.3,4,72.29,Low,False
STU10739,DS201,Fall 2024,2,58.6,62.9,59.9,2.4,4,24,Male,Low,31.1,High-Speed,Bachelors,9,15.1,8,6,77.8,40,24,60.9,1,59.51,High,False
STU10740,CS101,Fall 2025,4,47.6,40.3,45.4,1.82,4,18,Male,Medium,2.5,High-Speed,Bachelors,9,20.4,4,10,85.1,50,19,38.5,3,49.77,High,False
STU10741,SE501,Fall 2023,0,54.3,50.2,53.1,2.12,4,18,Male,Medium,1.0,High-Speed,Bachelors,14,22.6,4,13,54.2,50,28,55.3,3,59.49,Medium,False
STU10742,DB401,Spring 2024,1,58.0,60.8,58.8,2.35,3,24,Female,Low,1.5,High-Speed,Bachelors,10,15.8,8,2,71.6,50,33,65.9,3,62.27,Medium,False
STU10743,DS201,Fall 2024,2,53.8,50.1,52.7,2.11,4,25,Female,Medium,11.5,High-Speed,Doctorate,7,13.7,1,7,74.8,45,25,55.7,4,53.31,Medium,False
STU10744,CS101,Fall 2025,4,54.0,48.3,52.3,2.09,4,21,Male,Medium,12.3,High-Speed,Bachelors,7,7.8,1,9,75.3,40,22,55.6,0,53.36,High,False
STU10745,SE501,Spring 2026,5,66.9,73.8,69.0,2.76,3,18,Female,Medium,10.7,Moderate,Masters,17,15.5,13,2,65.9,40,31,78.6,2,77.98,Medium,False
STU10746,AI301,Fall 2023,0,51.5,49.0,50.7,2.03,3,24,Male,Low,3.9,High-Speed,High School,13,25.4,7,13,75.7,50,30,60.9,5,65.09,Medium,False
STU10747,DB401,Spring 2026,5,52.3,46.8,50.7,2.03,3,21,Female,Medium,1.8,High-Speed,Bachelors,11,21.5,4,14,80.1,40,26,64.1,4,64.57,Medium,False
STU10748,DS201,Spring 2025,3,42.2,36.7,40.6,1.62,3,25,Female,High,8.3,High-Speed,Masters,9,15.9,6,11,52.2,45,20,44.0,3,45.94,High,False
STU10749,DS201,Fall 2024,2,63.2,69.4,65.0,2.6,3,21,Female,Medium,6.3,High-Speed,High School,14,16.5,8,10,71.8,50,37,74.0,2,72.36,Low,False
STU10750,CS101,Spring 2024,1,53.5,55.1,54.0,2.16,4,22,Male,High,12.4,High-Speed,Doctorate,12,11.6,5,9,46.6,50,38,76.1,1,65.37,High,False
STU10751,SE501,Fall 2025,4,27.4,34.0,29.4,1.18,3,20,Female,High,5.5,High-Speed,High School,10,13.2,4,7,54.3,50,30,60.7,2,56.21,Medium,True
STU10752,SE501,Spring 2026,5,45.1,43.9,44.8,1.79,3,23,Female,Low,3.9,Moderate,Masters,9,15.7,3,10,54.9,50,29,58.3,4,53.63,High,False
STU10753,DS201,Fall 2023,0,50.3,50.8,50.5,2.02,4,20,Male,Medium,3.3,High-Speed,Bachelors,10,15.8,1,4,59.8,50,32,64.6,2,59.26,Medium,False
STU10754,DS201,Spring 2025,3,62.9,58.4,61.6,2.46,3,20,Male,Medium,2.3,Moderate,High School,7,20.1,2,5,77.2,40,26,66.2,3,59.04,Low,False
STU10755,DS201,Fall 2023,0,42.7,47.3,44.1,1.76,3,22,Female,High,2.9,High-Speed,Masters,11,19.8,2,4,65.9,45,28,62.5,3,60.93,Medium,True
STU10756,DS201,Spring 2025,3,55.2,50.0,53.6,2.14,3,21,Female,Low,0.9,High-Speed,High School,11,17.6,4,6,82.5,50,22,43.1,3,54.55,Medium,False
STU10757,SE501,Fall 2025,4,46.8,55.9,49.5,1.98,3,21,Female,High,4.0,High-Speed,High School,5,10.0,7,12,73.6,45,25,55.6,3,50.02,High,False
STU10758,AI301,Fall 2023,0,52.9,47.3,51.2,2.05,3,18,Female,Medium,0.4,Moderate,High School,12,10.2,4,13,74.5,50,30,59.1,7,62.45,Medium,False
STU10759,SE501,Fall 2023,0,64.1,57.4,62.1,2.48,4,22,Female,Medium,2.0,High-Speed,Bachelors,9,10.6,6,2,84.3,40,19,48.1,2,54.41,Medium,False
STU10760,DS201,Spring 2026,5,39.3,41.0,39.8,1.59,3,18,Male,Low,13.0,High-Speed,Doctorate,6,16.2,5,2,58.0,45,16,36.1,4,38.65,High,False
STU10761,AI301,Fall 2023,0,60.5,56.7,59.4,2.38,3,22,Male,Low,3.7,High-Speed,High School,13,4.9,1,3,74.2,45,33,73.2,5,70.94,Low,False
STU10762,DS201,Fall 2025,4,59.5,57.0,58.8,2.35,4,18,Male,Medium,10.5,High-Speed,Bachelors,10,15.0,1,14,72.9,50,32,64.4,5,61.78,Medium,False
STU10763,AI301,Fall 2023,0,56.3,61.5,57.9,2.32,4,19,Female,Low,12.0,Limited,High School,9,22.0,6,2,70.4,50,28,56.2,4,55.68,Medium,False
STU10764,SE501,Spring 2026,5,36.4,43.9,38.7,1.55,3,24,Male,High,8.3,High-Speed,Bachelors,12,18.3,3,4,87.2,45,26,58.4,3,64.64,Low,True
STU10765,CS101,Spring 2026,5,58.8,59.2,58.9,2.36,4,20,Female,Low,30.3,Moderate,High School,8,13.2,7,3,77.8,40,21,51.8,5,53.46,High,False
STU10766,SE501,Fall 2023,0,59.8,58.3,59.4,2.38,3,20,Female,Medium,0.2,Moderate,High School,9,11.5,3,11,64.7,50,30,59.7,3,56.29,High,False
STU10767,AI301,Fall 2023,0,58.9,57.2,58.4,2.34,3,25,Female,Medium,12.7,High-Speed,High School,14,19.0,6,8,62.6,50,41,82.0,3,74.52,Low,False
STU10768,SE501,Fall 2024,2,42.1,44.3,42.8,1.71,3,23,Male,Medium,30.3,High-Speed,Bachelors,13,16.5,2,14,70.3,50,36,71.2,3,69.16,Low,True
STU10769,SE501,Fall 2023,0,49.3,37.6,45.8,1.83,4,24,Female,Medium,18.8,Moderate,Masters,11,13.8,3,9,84.8,50,26,52.5,3,59.71,Medium,False
STU10770,DS201,Spring 2026,5,52.5,52.0,52.3,2.09,4,21,Male,Medium,1.7,High-Speed,Bachelors,11,12.1,3,3,79.4,45,34,75.2,2,69.98,Low,False
STU10771,AI301,Fall 2025,4,60.7,55.4,59.1,2.36,3,23,Female,Low,3.8,High-Speed,High School,15,15.4,4,5,75.6,45,34,75.1,5,75.17,Low,False
STU10772,CS101,Fall 2025,4,40.7,42.0,41.1,1.64,4,19,Male,Low,1.8,Moderate,Bachelors,3,13.5,1,9,63.3,50,18,35.6,2,34.96,High,False
STU10773,CS101,Fall 2023,0,64.6,63.5,64.3,2.57,3,25,Male,Medium,8.7,Moderate,Bachelors,11,18.9,7,12,67.0,50,36,71.8,2,65.8,Low,False
STU10774,DS201,Spring 2025,3,52.2,52.7,52.3,2.09,4,23,Female,Medium,11.8,Moderate,High School,9,21.2,3,11,45.0,40,23,57.4,3,51.2,High,False
STU10775,SE501,Fall 2023,0,84.1,85.0,84.4,3.38,3,25,Male,Medium,3.6,Moderate,High School,14,8.2,6,2,81.8,50,39,77.6,4,76.16,Low,False
STU10776,DS201,Fall 2024,2,45.9,48.0,46.5,1.86,4,20,Male,Medium,7.4,High-Speed,High School,14,8.9,4,12,78.3,40,20,50.4,3,61.86,Medium,False
STU10777,DB401,Spring 2024,1,68.9,64.9,67.7,2.71,4,21,Female,Medium,11.2,High-Speed,Bachelors,14,21.7,3,9,100.0,40,29,72.1,5,77.05,Low,False
STU10778,CS101,Spring 2024,1,58.2,64.1,60.0,2.4,4,19,Female,Medium,5.2,High-Speed,Bachelors,12,15.8,5,14,75.0,50,35,70.9,1,68.45,Medium,False
STU10779,CS101,Fall 2024,2,49.4,50.1,49.6,1.98,4,20,Female,Low,18.3,Moderate,Bachelors,8,9.3,6,9,85.6,50,26,51.4,4,54.82,Medium,False
STU10780,DS201,Spring 2025,3,66.2,67.2,66.5,2.66,4,24,Female,Medium,14.0,Limited,High School,14,19.9,4,3,77.3,50,41,82.6,5,77.76,Low,False
STU10781,DB401,Fall 2023,0,60.8,60.6,60.8,2.43,4,18,Female,High,0.6,High-Speed,High School,12,16.7,6,4,72.0,40,26,65.2,7,65.0,Low,False
STU10782,SE501,Fall 2023,0,71.2,68.4,70.4,2.82,4,22,Male,High,9.2,High-Speed,Doctorate,9,26.0,3,10,77.4,45,25,54.5,5,56.23,Medium,False
STU10783,SE501,Fall 2025,4,61.2,64.1,62.1,2.48,3,19,Male,Medium,2.5,High-Speed,High School,9,13.8,5,11,77.8,40,25,62.7,2,60.41,High,False
STU10784,SE501,Spring 2026,5,44.4,45.5,44.7,1.79,3,21,Male,Medium,7.7,Moderate,Masters,12,20.5,2,14,72.1,50,30,60.4,5,62.62,Medium,True
STU10785,DB401,Fall 2023,0,35.4,45.7,38.5,1.54,3,25,Female,High,29.9,High-Speed,Bachelors,5,7.8,2,6,78.7,40,15,36.5,1,41.49,High,False
STU10786,DS201,Fall 2024,2,53.9,50.2,52.8,2.11,4,23,Female,Medium,20.1,High-Speed,High School,13,22.0,4,8,89.7,45,28,61.3,1,68.09,Low,False
STU10787,DS201,Spring 2026,5,60.4,67.4,62.5,2.5,3,24,Male,Low,4.9,Limited,Bachelors,13,19.7,7,6,73.8,45,29,63.7,3,66.11,Medium,False
STU10788,AI301,Fall 2023,0,59.2,59.1,59.2,2.37,4,23,Male,Low,3.3,Moderate,Masters,8,23.0,1,11,85.6,40,24,61.0,4,59.62,Low,False
STU10789,CS101,Fall 2025,4,47.1,46.8,47.0,1.88,4,19,Female,Medium,2.5,High-Speed,Bachelors,10,20.6,6,3,86.6,40,23,57.0,1,60.82,High,False
STU10790,DB401,Fall 2024,2,51.1,46.7,49.8,1.99,4,24,Male,High,7.2,Limited,Masters,12,14.5,3,3,76.7,50,34,68.3,4,67.49,Low,False
STU10791,AI301,Spring 2024,1,68.5,70.3,69.0,2.76,3,21,Female,Medium,1.2,High-Speed,High School,15,9.1,7,2,83.2,45,30,66.3,2,72.29,Low,False
STU10792,SE501,Fall 2025,4,49.0,48.2,48.8,1.95,3,19,Female,Low,7.6,High-Speed,Bachelors,12,12.0,2,7,49.2,40,19,47.7,4,51.69,Medium,False
STU10793,DS201,Fall 2025,4,39.9,42.3,40.6,1.62,4,21,Female,Low,0.0,High-Speed,Masters,12,6.2,3,8,67.0,40,31,76.9,3,69.85,Medium,True
STU10794,DB401,Fall 2023,0,58.1,53.4,56.7,2.27,3,23,Male,Medium,3.7,Moderate,Masters,12,10.4,5,6,71.4,40,27,68.2,1,66.38,Low,False
STU10795,SE501,Spring 2025,3,68.5,69.6,68.8,2.75,3,20,Female,High,2.4,Moderate,Bachelors,15,17.1,4,4,73.7,40,32,80.4,2,77.44,Low,False
STU10796,DB401,Spring 2024,1,62.7,62.8,62.7,2.51,4,24,Female,Medium,33.7,High-Speed,Bachelors,13,14.8,6,12,81.6,50,41,81.8,2,76.72,Medium,False
STU10797,AI301,Fall 2024,2,57.0,54.7,56.3,2.25,3,18,Female,Medium,12.3,Limited,High School,12,13.9,4,11,64.0,50,29,57.7,5,59.65,High,False
STU10798,SE501,Fall 2024,2,66.9,67.4,67.0,2.68,3,20,Female,Low,4.1,High-Speed,High School,16,11.0,6,14,55.8,40,30,75.9,1,73.11,Low,False
STU10799,CS101,Fall 2025,4,66.7,66.7,66.7,2.67,3,18,Female,High,0.9,Moderate,High School,13,6.1,5,14,71.9,50,37,74.2,2,70.98,Low,False
STU10800,SE501,Spring 2025,3,60.4,63.2,61.3,2.45,3,23,Female,Medium,6.9,Moderate,High School,16,15.9,2,11,57.9,40,34,84.6,0,77.88,Low,False
STU10801,AI301,Fall 2023,0,39.7,44.1,41.0,1.64,4,25,Male,Low,2.3,High-Speed,High School,9,16.9,6,10,65.3,40,21,51.5,1,52.31,High,False
STU10802,AI301,Spring 2024,1,64.8,67.3,65.5,2.62,4,24,Female,Medium,7.3,High-Speed,High School,14,10.0,1,12,56.5,45,32,71.0,3,67.8,Medium,False
STU10803,CS101,Fall 2024,2,53.3,54.1,53.6,2.14,4,20,Female,Low,17.1,Moderate,Doctorate,10,12.3,3,12,89.5,45,28,62.5,2,64.15,High,False
STU10804,SE501,Spring 2024,1,63.7,58.5,62.1,2.48,3,20,Male,Low,9.1,High-Speed,Bachelors,11,22.7,2,13,74.1,50,37,73.9,6,68.27,Medium,False
STU10805,DB401,Spring 2026,5,52.5,49.1,51.5,2.06,3,19,Female,Low,9.5,Moderate,Bachelors,15,20.8,6,9,65.9,40,31,77.6,3,74.48,Low,False
STU10806,CS101,Fall 2024,2,44.6,49.0,45.9,1.84,3,22,Female,Low,7.4,High-Speed,Doctorate,14,7.6,7,3,62.0,50,35,70.0,6,68.4,Medium,False
STU10807,DS201,Fall 2024,2,63.2,65.3,63.8,2.55,4,23,Female,Medium,24.9,Moderate,High School,10,14.6,5,4,66.0,45,29,65.3,2,60.85,Low,False
STU10808,AI301,Fall 2024,2,74.0,72.0,73.4,2.94,4,21,Male,Medium,25.5,High-Speed,Bachelors,17,22.3,2,8,90.2,50,33,66.8,5,76.94,Low,False
STU10809,CS101,Spring 2026,5,40.4,44.8,41.7,1.67,4,23,Male,Medium,6.8,High-Speed,Bachelors,10,13.9,4,12,54.2,40,27,68.3,3,59.99,Medium,True
STU10810,CS101,Fall 2024,2,56.7,53.4,55.7,2.23,4,21,Other,Medium,3.5,High-Speed,High School,9,13.7,4,10,68.6,50,32,63.3,3,58.87,Medium,False
STU10811,DB401,Fall 2025,4,51.7,47.5,50.5,2.02,3,24,Female,Low,5.8,Moderate,Bachelors,8,20.5,8,3,74.4,40,23,57.8,4,55.78,Medium,False
STU10812,AI301,Spring 2024,1,37.3,42.3,38.8,1.55,3,21,Male,Low,2.0,High-Speed,High School,9,19.9,4,11,59.8,45,26,57.0,2,53.96,Medium,False
STU10813,AI301,Fall 2023,0,44.0,50.7,46.0,1.84,4,25,Female,Medium,9.6,High-Speed,High School,11,19.7,6,8,60.8,45,30,66.8,3,62.06,Low,False
STU10814,DB401,Fall 2024,2,46.3,43.8,45.6,1.82,3,18,Female,Medium,6.6,Limited,High School,15,13.7,4,9,59.6,50,32,63.9,3,66.37,Medium,False
STU10815,AI301,Fall 2025,4,55.9,59.5,57.0,2.28,4,21,Female,Low,1.0,Moderate,Masters,16,18.3,1,7,73.1,50,31,61.5,5,69.37,Medium,False
STU10816,AI301,Fall 2025,4,69.6,74.0,70.9,2.84,3,21,Female,High,2.1,High-Speed,Bachelors,14,22.5,4,7,78.7,40,22,55.0,0,64.24,Low,False
STU10817,AI301,Fall 2024,2,75.0,75.7,75.2,3.01,4,19,Male,Medium,6.2,Limited,Bachelors,17,14.8,2,9,83.7,50,42,83.2,2,83.84,Low,False
STU10818,CS101,Spring 2026,5,53.4,52.4,53.1,2.12,4,20,Male,High,20.8,Moderate,Bachelors,11,13.0,5,12,67.5,50,30,60.8,3,60.4,Medium,False
STU10819,SE501,Fall 2023,0,45.2,42.2,44.3,1.77,4,23,Male,Medium,7.9,High-Speed,High School,7,21.2,6,4,77.8,40,15,37.4,2,44.76,High,False
STU10820,SE501,Spring 2025,3,51.9,52.7,52.1,2.08,4,23,Female,Low,10.9,High-Speed,Bachelors,13,25.2,3,9,84.4,45,35,77.8,3,75.28,Low,False
STU10821,AI301,Spring 2024,1,48.8,47.6,48.5,1.94,3,24,Male,Medium,3.9,Moderate,Bachelors,12,25.6,3,14,76.3,50,29,58.2,5,62.36,High,False
STU10822,SE501,Spring 2025,3,71.7,77.0,73.3,2.93,4,24,Male,Low,8.0,Moderate,High School,20,13.1,7,13,72.8,50,42,83.6,0,86.36,Low,False
STU10823,SE501,Fall 2025,4,55.5,60.9,57.1,2.28,4,25,Male,Medium,5.6,High-Speed,Bachelors,5,13.6,2,12,64.5,45,25,55.2,1,48.0,High,False
STU10824,CS101,Fall 2023,0,47.1,46.8,47.0,1.88,3,21,Female,Low,10.2,High-Speed,High School,13,9.9,6,11,62.5,40,32,80.6,0,72.3,Low,False
STU10825,SE501,Fall 2025,4,53.5,56.2,54.3,2.17,3,22,Female,High,0.5,High-Speed,High School,8,15.6,10,14,88.8,50,25,50.9,6,55.21,Medium,False
STU10826,DB401,Fall 2024,2,43.8,45.8,44.4,1.78,4,23,Male,Low,6.5,High-Speed,Masters,10,9.6,5,2,68.8,40,27,67.3,1,62.41,High,True
STU10827,DB401,Fall 2023,0,48.6,56.4,50.9,2.04,4,24,Male,High,3.3,High-Speed,Bachelors,10,12.4,3,3,71.0,50,18,36.4,5,47.4,High,False
STU10828,DB401,Fall 2023,0,67.7,67.7,67.7,2.71,4,21,Female,High,3.8,High-Speed,Bachelors,7,18.5,8,14,100.0,40,24,61.2,4,61.1,Low,False
STU10829,SE501,Fall 2025,4,43.8,45.8,44.4,1.78,4,24,Male,Medium,30.8,Moderate,Bachelors,15,16.9,5,7,68.7,50,35,69.3,1,70.89,Medium,True
STU10830,DB401,Fall 2023,0,58.3,57.6,58.1,2.32,3,25,Male,Medium,1.9,Moderate,High School,9,5.9,6,3,67.6,40,26,66.1,4,60.07,Medium,False
STU10831,AI301,Fall 2024,2,64.9,68.1,65.9,2.64,4,18,Male,Medium,3.5,High-Speed,Bachelors,10,22.9,1,11,74.5,40,28,70.2,5,65.0,Low,False
STU10832,DB401,Spring 2025,3,51.5,49.2,50.8,2.03,3,18,Male,High,6.8,High-Speed,Bachelors,11,9.6,4,3,53.5,50,30,60.1,4,57.25,Medium,False
STU10833,CS101,Fall 2025,4,49.2,43.3,47.4,1.9,3,24,Male,Medium,18.9,High-Speed,Bachelors,13,10.2,4,4,65.6,50,31,62.2,2,63.72,Medium,False
STU10834,AI301,Spring 2024,1,58.5,68.5,61.5,2.46,3,18,Female,Medium,5.1,High-Speed,Doctorate,12,8.8,5,4,64.1,50,35,70.2,4,65.92,Low,False
STU10835,SE501,Fall 2025,4,58.5,55.1,57.5,2.3,3,24,Male,Medium,12.9,Limited,Doctorate,13,11.7,4,5,62.9,50,32,64.1,2,64.13,Medium,False
STU10836,CS101,Spring 2026,5,36.4,30.4,34.6,1.38,4,21,Female,High,18.4,Moderate,Bachelors,10,10.5,4,10,88.1,45,20,45.5,8,55.37,High,True
STU10837,SE501,Fall 2025,4,51.8,54.0,52.4,2.1,4,19,Male,Medium,3.5,High-Speed,Masters,9,10.6,0,10,62.4,50,27,54.2,4,53.08,High,False
STU10838,DS201,Spring 2025,3,36.1,36.4,36.2,1.45,4,22,Female,Medium,4.7,High-Speed,Bachelors,10,2.7,3,12,63.6,40,26,64.1,1,59.77,Medium,True
STU10839,AI301,Fall 2024,2,52.9,47.5,51.3,2.05,4,21,Female,Medium,4.2,High-Speed,Bachelors,11,15.6,6,3,70.8,50,36,71.4,5,66.36,Low,False
STU10840,AI301,Spring 2024,1,40.7,41.5,40.9,1.64,3,19,Male,High,17.0,Moderate,High School,6,16.2,2,3,62.6,50,22,43.9,5,43.47,High,False
STU10841,DB401,Spring 2026,5,56.2,53.3,55.3,2.21,4,19,Female,Medium,0.4,High-Speed,Bachelors,13,26.2,2,14,68.3,45,27,60.7,2,63.51,Medium,False
STU10842,SE501,Fall 2025,4,54.6,48.4,52.7,2.11,3,23,Male,Low,3.5,Moderate,Masters,11,17.4,5,7,67.2,45,32,71.1,3,65.49,Medium,False
STU10843,DB401,Spring 2024,1,61.3,63.6,62.0,2.48,3,21,Female,Medium,10.8,Moderate,Bachelors,10,12.5,6,6,68.3,45,32,70.9,2,64.11,Medium,False
STU10844,AI301,Fall 2024,2,47.9,48.4,48.0,1.92,4,21,Male,High,7.9,High-Speed,Bachelors,17,9.0,1,6,55.6,40,30,74.1,5,73.67,Medium,False
STU10845,DS201,Fall 2025,4,67.3,70.5,68.3,2.73,3,24,Male,Medium,5.4,Moderate,High School,15,14.5,3,8,80.2,45,34,74.5,2,75.79,Medium,False
STU10846,CS101,Spring 2025,3,54.9,50.9,53.7,2.15,3,19,Male,High,7.4,Moderate,High School,10,17.2,3,10,76.2,45,23,51.3,6,55.89,High,False
STU10847,DS201,Fall 2024,2,52.8,57.1,54.1,2.16,4,19,Other,Low,2.1,Moderate,High School,10,12.5,2,2,68.0,50,30,59.3,5,58.25,High,False
STU10848,DB401,Fall 2024,2,52.3,47.4,50.8,2.03,4,19,Female,Medium,5.4,Limited,High School,11,15.3,12,6,74.5,40,25,63.1,2,62.95,High,False
STU10849,SE501,Fall 2023,0,45.6,45.9,45.7,1.83,4,24,Female,Medium,6.6,High-Speed,Bachelors,9,24.5,7,6,66.5,50,26,51.8,2,52.7,High,False
STU10850,SE501,Fall 2023,0,48.3,46.0,47.6,1.9,4,23,Male,High,22.0,High-Speed,High School,5,13.1,3,6,70.9,40,20,50.8,3,47.08,High,False
STU10851,AI301,Spring 2026,5,36.0,31.7,34.7,1.39,3,21,Female,Low,2.9,Moderate,Bachelors,11,5.6,3,10,49.4,40,22,55.5,1,54.13,High,True
STU10852,CS101,Spring 2024,1,58.6,61.6,59.5,2.38,3,19,Male,High,19.2,Moderate,Bachelors,11,19.4,6,12,77.8,45,32,70.1,4,67.11,Low,False
STU10853,DS201,Fall 2023,0,54.9,57.5,55.7,2.23,3,18,Female,Medium,9.8,Limited,High School,12,16.6,3,7,59.3,50,36,72.1,1,65.91,Low,False
STU10854,CS101,Spring 2025,3,43.7,42.5,43.3,1.73,4,21,Male,Low,0.2,High-Speed,High School,11,6.5,3,9,69.9,45,17,38.4,2,49.68,Medium,True
STU10855,AI301,Spring 2024,1,41.2,40.2,40.9,1.64,3,24,Male,Medium,12.3,Moderate,Masters,7,17.1,6,9,75.7,40,19,48.1,4,49.69,High,False
STU10856,DS201,Fall 2023,0,59.9,60.1,59.9,2.4,4,23,Male,Low,0.3,High-Speed,High School,10,10.0,0,7,93.5,40,25,61.4,3,64.4,Medium,False
STU10857,CS101,Spring 2024,1,60.4,60.8,60.5,2.42,3,18,Male,Medium,56.5,High-Speed,High School,18,17.2,4,7,82.5,40,27,67.1,0,77.05,Low,False
STU10858,SE501,Fall 2023,0,38.8,34.4,37.5,1.5,4,24,Female,Low,19.6,High-Speed,Masters,9,24.5,3,11,47.0,45,26,58.6,3,52.2,High,False
STU10859,AI301,Spring 2026,5,51.0,49.7,50.6,2.02,3,20,Male,Low,3.4,High-Speed,Doctorate,8,14.1,3,9,64.1,40,24,59.3,4,54.47,High,False
STU10860,SE501,Spring 2026,5,56.7,52.3,55.4,2.22,4,21,Female,High,2.8,High-Speed,Bachelors,16,20.4,4,12,68.9,50,41,82.9,4,79.23,Low,False
STU10861,CS101,Fall 2025,4,46.8,49.7,47.7,1.91,3,20,Male,Low,4.6,Moderate,High School,7,8.9,2,2,67.6,50,23,45.9,3,46.97,High,False
STU10862,SE501,Spring 2026,5,54.5,43.0,51.0,2.04,3,24,Female,Low,4.2,High-Speed,High School,13,7.4,5,10,51.4,45,32,71.4,7,65.48,Medium,False
STU10863,AI301,Spring 2026,5,46.8,46.2,46.6,1.86,3,24,Male,Medium,4.4,High-Speed,Doctorate,13,25.1,5,14,81.8,45,19,42.3,2,57.01,Medium,False
STU10864,CS101,Spring 2026,5,61.4,64.7,62.4,2.5,4,24,Male,Medium,3.6,High-Speed,Masters,12,16.5,6,12,76.4,50,35,69.6,3,68.08,Medium,False
STU10865,SE501,Fall 2025,4,72.9,73.8,73.2,2.93,3,19,Female,Medium,9.2,High-Speed,Bachelors,18,18.2,3,10,64.1,45,42,94.2,4,86.92,Low,False
STU10866,DS201,Fall 2024,2,48.8,45.4,47.8,1.91,4,23,Male,Medium,1.7,Limited,High School,14,20.8,5,9,65.1,50,30,60.3,3,64.17,High,False
STU10867,DB401,Spring 2026,5,61.0,48.1,57.1,2.28,3,19,Male,Medium,17.8,High-Speed,High School,9,12.4,4,5,72.4,50,34,67.4,3,61.68,Medium,False
STU10868,AI301,Spring 2025,3,59.2,60.9,59.7,2.39,3,23,Female,Medium,15.9,High-Speed,High School,16,19.1,2,12,82.2,45,35,76.9,3,78.89,Low,False
STU10869,SE501,Fall 2024,2,66.4,71.2,67.9,2.72,3,22,Female,Low,6.1,Moderate,Bachelors,17,18.4,3,12,76.9,45,38,84.2,5,82.98,Low,False
STU10870,DB401,Fall 2024,2,47.1,46.5,46.9,1.88,3,19,Male,Low,18.2,Moderate,High School,11,8.5,8,2,64.2,45,27,60.4,2,59.54,Medium,False
STU10871,CS101,Fall 2024,2,34.9,39.1,36.2,1.45,4,20,Male,Medium,2.7,Moderate,Doctorate,11,22.6,3,3,68.9,50,28,56.0,7,58.28,Medium,True
STU10872,CS101,Spring 2025,3,69.0,70.1,69.3,2.77,3,23,Female,Medium,0.2,Moderate,High School,12,21.5,6,2,78.5,45,29,64.7,3,66.05,Medium,False
STU10873,AI301,Spring 2025,3,52.7,52.6,52.7,2.11,4,19,Male,Medium,9.2,Limited,Bachelors,12,8.6,9,12,75.4,45,29,63.6,3,64.88,Medium,False
STU10874,DS201,Fall 2024,2,54.4,56.7,55.1,2.2,4,21,Male,Medium,5.8,High-Speed,High School,15,16.0,2,13,58.3,50,34,68.0,2,68.16,Medium,False
STU10875,DS201,Fall 2025,4,56.6,56.7,56.6,2.26,3,24,Male,Medium,8.0,Limited,Bachelors,16,13.8,6,4,61.4,45,38,84.9,1,78.73,Low,False
STU10876,CS101,Spring 2026,5,49.1,55.4,51.0,2.04,4,23,Female,Low,21.8,Moderate,High School,6,22.1,5,10,83.9,40,24,59.9,0,55.73,High,False
STU10877,SE501,Fall 2025,4,74.2,77.4,75.2,3.01,4,23,Female,Low,33.3,High-Speed,Bachelors,13,7.9,4,7,83.2,40,31,77.1,6,74.69,Medium,False
STU10878,AI301,Spring 2024,1,62.6,62.9,62.7,2.51,4,19,Male,Medium,9.6,Moderate,Bachelors,8,33.0,1,6,78.3,45,29,64.9,2,60.11,Low,False
STU10879,DB401,Fall 2025,4,54.7,63.7,57.4,2.3,4,22,Male,Medium,13.7,Moderate,High School,13,14.1,2,9,80.5,50,37,73.4,2,72.3,Low,False
STU10880,AI301,Spring 2024,1,48.5,45.9,47.7,1.91,4,19,Male,Medium,0.8,High-Speed,Masters,15,18.7,5,11,54.8,50,25,50.0,4,58.46,Medium,False
STU10881,SE501,Spring 2025,3,61.6,64.0,62.3,2.49,4,25,Female,Low,1.7,High-Speed,Bachelors,10,21.9,8,4,49.7,45,32,72.0,3,60.94,Medium,False
STU10882,DB401,Fall 2025,4,51.1,53.8,51.9,2.08,4,20,Male,Medium,12.6,Limited,Masters,14,14.0,7,13,64.5,45,26,57.4,3,62.6,Medium,False
STU10883,SE501,Fall 2024,2,62.5,67.6,64.0,2.56,4,20,Male,High,5.4,High-Speed,Masters,7,14.4,5,13,81.8,50,28,55.3,0,54.51,Medium,False
STU10884,DS201,Spring 2026,5,67.1,68.9,67.6,2.7,3,23,Female,Low,5.6,High-Speed,Masters,14,12.5,2,13,69.3,50,36,71.6,0,70.66,Low,False
STU10885,SE501,Spring 2024,1,51.5,50.4,51.2,2.05,3,23,Male,Medium,3.5,Moderate,High School,14,10.6,3,11,68.3,50,38,76.1,2,72.71,Medium,False
STU10886,SE501,Spring 2026,5,72.2,72.0,72.1,2.88,3,19,Female,High,8.9,High-Speed,High School,11,16.4,6,4,100.0,45,31,68.5,1,70.75,Low,False
STU10887,CS101,Spring 2025,3,50.9,53.3,51.6,2.06,3,20,Male,Medium,1.9,High-Speed,Doctorate,16,14.3,6,6,74.5,50,40,80.1,3,78.95,Low,False
STU10888,SE501,Spring 2025,3,49.8,60.8,53.1,2.12,4,20,Male,Medium,9.4,Moderate,Bachelors,18,12.5,5,2,69.6,45,25,56.6,5,69.22,Medium,False
STU10889,CS101,Spring 2024,1,59.1,51.7,56.9,2.28,3,22,Male,Low,1.8,Moderate,High School,18,12.7,6,8,66.8,40,36,91.2,3,85.96,Low,False
STU10890,CS101,Spring 2026,5,50.5,55.4,52.0,2.08,4,21,Female,Medium,0.6,High-Speed,Bachelors,15,17.9,3,4,79.1,40,22,56.2,1,66.42,Low,False
STU10891,DB401,Spring 2024,1,51.8,57.1,53.4,2.14,3,22,Female,Low,3.8,Limited,High School,9,11.0,3,12,76.9,45,31,69.0,3,63.38,Low,False
STU10892,DB401,Fall 2023,0,48.7,52.9,50.0,2.0,4,25,Female,High,2.5,High-Speed,Bachelors,19,13.8,6,14,72.7,45,30,66.7,5,76.39,Low,False
STU10893,AI301,Fall 2023,0,41.5,41.8,41.6,1.66,4,18,Male,Medium,20.9,High-Speed,Masters,14,19.5,4,3,58.9,45,30,67.2,4,66.38,Medium,True
STU10894,CS101,Fall 2023,0,48.8,46.7,48.2,1.93,4,24,Female,Medium,0.5,High-Speed,Bachelors,13,16.2,4,8,77.6,45,35,77.5,2,73.77,Medium,False
STU10895,DS201,Spring 2024,1,55.1,52.8,54.4,2.18,3,22,Male,Medium,1.8,Moderate,High School,15,9.8,7,2,63.2,50,41,82.6,1,76.44,Low,False
STU10896,SE501,Spring 2025,3,36.5,41.3,37.9,1.52,3,25,Male,Medium,7.6,High-Speed,Bachelors,7,14.9,3,2,61.4,40,23,58.1,3,51.83,High,False
STU10897,CS101,Spring 2025,3,51.7,56.1,53.0,2.12,3,19,Female,Medium,6.2,High-Speed,Bachelors,11,17.2,1,10,70.4,45,33,73.9,1,67.53,Medium,False
STU10898,SE501,Spring 2024,1,51.8,44.0,49.5,1.98,4,21,Male,High,0.4,Moderate,Bachelors,10,19.9,4,8,77.3,45,32,71.3,2,66.11,Low,False
STU10899,DB401,Fall 2023,0,49.5,45.3,48.2,1.93,3,19,Male,High,0.1,High-Speed,High School,12,11.2,6,4,77.1,45,34,75.5,2,71.17,Medium,False
STU10900,DB401,Fall 2024,2,63.4,62.8,63.2,2.53,4,24,Male,Medium,42.1,Moderate,Bachelors,7,12.2,7,6,100.0,45,24,52.5,1,56.75,Medium,False
STU10901,DB401,Fall 2023,0,56.9,54.4,56.2,2.25,4,25,Male,High,10.2,High-Speed,Bachelors,13,11.5,3,14,77.3,45,28,63.3,4,66.61,Low,False
STU10902,SE501,Spring 2025,3,59.1,62.5,60.1,2.4,3,18,Male,Medium,4.3,Limited,Bachelors,14,11.8,7,3,67.2,50,38,75.7,2,72.29,Low,False
STU10903,SE501,Spring 2024,1,59.0,56.5,58.2,2.33,3,21,Female,Medium,6.0,High-Speed,Masters,18,17.0,2,14,64.0,45,37,82.6,4,81.1,Low,False
STU10904,SE501,Spring 2024,1,64.2,78.3,68.4,2.74,4,23,Male,Medium,2.9,High-Speed,Bachelors,15,18.0,4,6,68.7,45,36,79.3,3,75.89,Low,False
STU10905,SE501,Fall 2025,4,58.5,56.2,57.8,2.31,4,20,Female,Low,4.0,High-Speed,High School,17,20.3,5,10,67.6,45,37,83.2,2,80.62,Low,False
STU10906,DB401,Spring 2025,3,77.8,73.4,76.5,3.06,3,22,Female,Low,9.9,Moderate,Bachelors,17,14.5,6,11,91.3,45,32,71.6,1,79.56,Low,False
STU10907,AI301,Fall 2024,2,41.7,46.9,43.3,1.73,4,25,Male,Low,20.4,Moderate,Bachelors,14,8.0,4,14,60.8,45,32,70.6,5,68.46,Medium,True
STU10908,CS101,Fall 2024,2,43.6,42.4,43.2,1.73,3,19,Male,Medium,1.9,High-Speed,High School,15,18.3,4,14,67.1,45,32,71.7,1,71.77,Medium,True
STU10909,CS101,Fall 2024,2,43.3,47.8,44.6,1.78,4,18,Male,Medium,17.4,Moderate,Bachelors,10,15.8,2,6,92.3,45,26,58.4,6,62.66,Low,True
STU10910,SE501,Fall 2025,4,49.5,56.1,51.5,2.06,3,20,Female,Medium,1.2,High-Speed,High School,16,15.3,1,14,82.8,40,31,78.4,4,79.76,Low,False
STU10911,SE501,Fall 2025,4,56.5,61.9,58.1,2.32,3,22,Male,High,2.3,Limited,High School,20,8.6,6,2,64.8,40,34,85.7,3,85.81,Low,False
STU10912,SE501,Fall 2023,0,61.3,59.2,60.7,2.43,3,20,Female,Medium,0.4,Limited,Masters,11,14.0,1,12,94.1,45,29,64.4,4,67.52,Low,False
STU10913,AI301,Fall 2024,2,54.8,47.1,52.5,2.1,3,22,Male,Medium,1.4,Limited,Masters,16,9.0,2,9,49.2,40,27,68.7,4,68.19,Medium,False
STU10914,DB401,Fall 2024,2,49.4,57.7,51.9,2.08,4,25,Female,Low,23.7,Moderate,Bachelors,10,17.4,6,7,69.4,45,27,60.1,3,58.93,Medium,False
STU10915,DB401,Spring 2024,1,60.2,53.5,58.2,2.33,3,23,Male,Low,5.8,Limited,Bachelors,8,12.9,4,3,70.6,45,22,49.0,2,50.62,High,False
STU10916,DB401,Fall 2024,2,59.6,69.8,62.7,2.51,4,21,Male,Medium,0.8,High-Speed,Masters,11,12.4,1,12,78.2,50,33,65.8,3,65.04,Medium,False
STU10917,AI301,Fall 2023,0,55.1,54.4,54.9,2.2,3,25,Female,Medium,30.5,Moderate,Doctorate,10,7.3,4,7,62.3,50,32,65.0,2,59.96,Medium,False
STU10918,SE501,Fall 2025,4,57.4,56.1,57.0,2.28,4,20,Female,Medium,20.1,Moderate,Bachelors,12,20.1,5,10,64.3,45,28,61.5,1,61.61,Medium,False
STU10919,SE501,Spring 2026,5,57.2,54.6,56.4,2.26,3,20,Male,Low,13.3,Limited,Bachelors,14,13.7,9,4,67.4,45,38,83.4,2,76.18,Low,False
STU10920,DS201,Spring 2025,3,60.7,61.1,60.8,2.43,4,20,Female,Medium,25.7,High-Speed,Bachelors,9,15.4,4,6,67.9,50,25,50.3,2,52.23,Medium,False
STU10921,CS101,Spring 2025,3,71.7,68.5,70.7,2.83,4,21,Male,Low,2.4,High-Speed,High School,11,11.3,1,8,98.5,45,33,72.7,0,72.55,Medium,False
STU10922,DB401,Spring 2025,3,74.2,76.4,74.9,3.0,4,18,Female,Low,17.2,High-Speed,Bachelors,9,6.7,5,11,90.6,50,31,61.6,1,62.42,Medium,False
STU10923,CS101,Fall 2023,0,65.0,64.6,64.9,2.6,3,22,Female,Low,11.1,Moderate,Bachelors,16,12.3,5,14,57.9,45,38,83.9,4,77.53,Low,False
STU10924,SE501,Fall 2023,0,62.5,57.1,60.9,2.44,3,25,Male,Low,19.4,High-Speed,Masters,14,13.1,4,3,70.5,50,37,74.6,5,72.4,Low,False
STU10925,CS101,Fall 2025,4,43.2,38.4,41.8,1.67,4,25,Male,Medium,15.1,High-Speed,Masters,12,16.5,6,12,48.4,40,27,66.7,3,61.03,High,True
STU10926,AI301,Fall 2025,4,47.7,46.2,47.3,1.89,3,23,Male,Low,4.0,High-Speed,High School,6,13.2,5,14,65.4,50,28,55.5,4,49.83,Medium,False
STU10927,AI301,Spring 2024,1,58.2,47.2,54.9,2.2,3,20,Female,High,14.1,High-Speed,Bachelors,12,11.4,5,2,69.0,45,31,69.6,2,66.6,Medium,False
STU10928,DB401,Fall 2023,0,38.1,30.2,35.7,1.43,3,24,Female,Medium,2.9,High-Speed,High School,6,7.5,8,6,62.3,40,22,55.7,5,49.31,High,False
STU10929,DS201,Spring 2026,5,28.8,35.1,30.7,1.23,4,25,Male,Low,3.8,High-Speed,High School,11,15.2,1,5,58.3,45,26,58.7,2,57.51,High,True
STU10930,SE501,Spring 2024,1,48.5,54.5,50.3,2.01,3,21,Male,Low,1.1,Limited,Masters,7,11.0,6,10,67.8,50,31,61.3,5,54.71,High,False
STU10931,DB401,Spring 2025,3,48.2,52.9,49.6,1.98,3,18,Female,Medium,26.0,Moderate,Bachelors,9,21.6,2,11,57.7,45,31,69.4,1,59.74,Medium,False
STU10932,CS101,Spring 2025,3,54.6,58.0,55.6,2.22,4,25,Other,Low,3.3,High-Speed,Bachelors,10,15.8,3,5,75.5,40,20,50.7,1,55.45,Medium,False
STU10933,DS201,Spring 2026,5,71.5,73.9,72.2,2.89,3,22,Female,High,7.0,Moderate,High School,14,17.8,5,8,73.6,40,31,78.2,4,74.82,Low,False
STU10934,CS101,Spring 2025,3,46.8,49.1,47.5,1.9,3,21,Male,High,4.7,Moderate,Bachelors,10,13.8,1,6,49.7,50,34,67.5,2,58.69,Medium,False
STU10935,DS201,Spring 2024,1,44.1,40.8,43.1,1.72,4,23,Male,Low,30.6,High-Speed,Bachelors,9,16.0,1,14,76.3,45,26,57.9,4,57.71,Medium,False
STU10936,SE501,Fall 2024,2,49.3,54.5,50.8,2.03,3,23,Male,Medium,3.9,High-Speed,High School,9,10.5,1,6,59.0,40,26,64.0,1,57.3,Medium,False
STU10937,SE501,Fall 2025,4,61.3,56.6,59.9,2.4,3,22,Female,Low,14.3,Moderate,High School,14,9.1,3,14,72.3,45,35,77.7,3,74.31,Low,False
STU10938,SE501,Fall 2025,4,40.7,53.4,44.5,1.78,4,20,Male,Medium,18.4,High-Speed,High School,11,15.1,6,7,58.0,50,24,48.3,4,52.25,High,True
STU10939,CS101,Spring 2026,5,47.7,45.1,46.9,1.88,3,23,Female,Medium,5.4,Moderate,Bachelors,10,17.9,6,9,86.5,40,20,50.9,4,57.75,Medium,False
STU10940,CS101,Spring 2024,1,71.5,66.8,70.1,2.8,3,18,Male,Low,4.5,High-Speed,Doctorate,8,5.3,9,5,73.9,40,26,65.4,0,59.48,Medium,False
STU10941,CS101,Spring 2024,1,63.4,79.8,68.3,2.73,3,21,Female,Low,13.1,High-Speed,Masters,8,12.5,4,10,77.4,50,33,65.2,4,60.08,Medium,False
STU10942,SE501,Fall 2024,2,57.5,52.2,55.9,2.24,3,25,Female,Medium,23.2,Limited,Doctorate,15,24.2,3,7,53.3,40,31,78.0,4,72.16,Low,False
STU10943,SE501,Spring 2025,3,41.2,45.2,42.4,1.7,4,18,Female,Medium,13.4,High-Speed,Masters,17,17.4,3,9,70.3,40,28,68.8,5,73.96,Medium,True
STU10944,SE501,Spring 2026,5,50.2,51.9,50.7,2.03,3,20,Male,Low,2.4,Moderate,Masters,12,22.7,2,5,81.0,40,28,68.9,3,68.65,Medium,False
STU10945,SE501,Spring 2024,1,51.7,55.0,52.7,2.11,3,18,Male,Medium,20.8,High-Speed,Bachelors,7,11.8,5,10,100.0,50,30,60.0,5,60.5,Medium,False
STU10946,SE501,Spring 2025,3,58.3,64.1,60.0,2.4,3,18,Male,Medium,4.7,High-Speed,Bachelors,9,12.7,3,12,83.1,40,27,68.4,2,64.32,Medium,False
STU10947,DS201,Fall 2024,2,68.9,72.9,70.1,2.8,3,19,Female,High,8.2,High-Speed,Bachelors,13,19.8,4,12,88.1,45,27,60.7,3,67.47,Low,False
STU10948,DB401,Fall 2025,4,60.9,53.2,58.6,2.34,4,18,Female,Low,16.9,High-Speed,Masters,15,18.1,1,10,79.7,40,31,76.4,4,76.64,Low,False
STU10949,CS101,Spring 2024,1,50.4,52.1,50.9,2.04,4,22,Female,Medium,2.0,High-Speed,High School,16,14.5,3,2,58.5,40,30,74.0,4,72.7,Medium,False
STU10950,AI301,Fall 2024,2,36.5,38.1,37.0,1.48,3,21,Female,Medium,14.6,High-Speed,High School,8,8.7,3,2,70.1,40,22,54.5,0,53.27,Medium,False
STU10951,AI301,Spring 2024,1,62.8,66.6,63.9,2.56,4,19,Female,Low,8.6,High-Speed,Masters,9,20.8,3,8,91.3,50,30,59.6,3,61.56,Medium,False
STU10952,SE501,Fall 2023,0,48.5,48.5,48.5,1.94,4,21,Male,Medium,21.3,Moderate,High School,10,27.6,7,4,71.5,45,27,59.6,4,59.1,Low,False
STU10953,CS101,Fall 2023,0,67.2,63.0,65.9,2.64,3,21,Female,Medium,1.8,High-Speed,Doctorate,14,7.1,1,8,85.6,50,30,60.3,4,68.27,Medium,False
STU10954,SE501,Fall 2025,4,52.0,47.6,50.7,2.03,4,20,Male,High,5.2,Moderate,Bachelors,14,22.0,6,2,65.9,50,40,80.0,3,74.18,High,False
STU10955,SE501,Spring 2025,3,55.0,54.4,54.8,2.19,3,20,Male,Low,17.0,High-Speed,High School,15,12.7,7,2,67.2,40,30,73.9,4,72.89,Medium,False
STU10956,DB401,Spring 2026,5,46.2,40.2,44.4,1.78,3,19,Female,Medium,0.2,High-Speed,Bachelors,13,13.3,6,8,53.7,50,37,73.7,2,67.09,Low,True
STU10957,CS101,Spring 2026,5,62.7,59.9,61.8,2.47,3,23,Male,Medium,1.1,Moderate,Masters,12,16.3,6,5,92.4,40,29,71.4,2,72.18,Low,False
STU10958,AI301,Spring 2024,1,57.1,54.7,56.4,2.26,3,24,Male,High,44.3,High-Speed,High School,15,9.0,1,3,58.9,45,31,69.7,6,69.13,Medium,False
STU10959,DB401,Fall 2024,2,46.5,45.2,46.1,1.84,3,20,Female,Medium,3.1,High-Speed,Bachelors,11,14.8,3,6,70.2,45,31,69.7,0,65.39,Medium,False
STU10960,DB401,Spring 2025,3,58.2,70.1,61.8,2.47,4,24,Male,High,35.3,High-Speed,Masters,18,6.9,3,6,67.0,45,37,82.4,2,81.6,Low,False
STU10961,CS101,Spring 2024,1,51.6,46.8,50.2,2.01,3,20,Female,High,1.9,Moderate,High School,8,17.4,2,5,68.9,40,24,61.1,5,56.33,Medium,False
STU10962,SE501,Spring 2025,3,63.0,49.3,58.9,2.36,3,20,Male,Low,4.3,Moderate,High School,16,26.2,3,10,57.0,50,44,88.2,1,79.5,Low,False
STU10963,DB401,Spring 2024,1,55.1,56.8,55.6,2.22,3,21,Male,High,13.3,High-Speed,High School,17,11.8,3,3,59.1,45,39,86.4,8,80.52,Low,True
STU10964,SE501,Spring 2025,3,51.0,46.9,49.8,1.99,3,19,Male,High,10.2,High-Speed,High School,8,14.2,5,5,64.0,50,21,42.7,3,46.15,High,False
STU10965,DB401,Spring 2024,1,55.1,60.9,56.9,2.28,3,21,Male,Low,8.3,Moderate,High School,19,14.4,4,3,82.7,45,43,95.6,2,92.84,Low,False
STU10966,DS201,Spring 2026,5,51.2,50.4,51.0,2.04,4,25,Female,Medium,7.2,High-Speed,Bachelors,5,19.9,2,12,76.5,40,17,42.3,4,43.95,High,False
STU10967,DS201,Spring 2025,3,49.5,50.0,49.6,1.98,4,22,Male,Medium,17.6,High-Speed,High School,10,17.0,4,11,60.5,40,25,63.6,0,58.9,High,False
STU10968,SE501,Fall 2023,0,72.1,65.4,70.1,2.8,3,21,Female,Low,2.5,High-Speed,Masters,9,19.6,4,5,100.0,40,24,60.9,1,63.95,Medium,False
STU10969,AI301,Fall 2024,2,34.7,35.0,34.8,1.39,4,24,Male,Low,5.6,High-Speed,High School,5,12.5,5,7,64.6,45,19,42.9,4,41.87,High,False
STU10970,CS101,Spring 2025,3,62.1,68.5,64.0,2.56,4,24,Female,Low,1.6,High-Speed,Bachelors,13,17.2,3,6,54.9,50,33,66.5,2,63.73,Low,False
STU10971,SE501,Spring 2026,5,62.8,67.2,64.1,2.56,3,22,Female,Low,8.6,Moderate,Bachelors,10,1.0,3,12,60.5,40,28,69.1,7,61.65,Medium,False
STU10972,AI301,Fall 2025,4,43.8,44.8,44.1,1.76,4,18,Female,Medium,2.7,High-Speed,Masters,7,18.3,6,11,76.1,50,21,42.8,2,47.12,High,False
STU10973,DB401,Spring 2025,3,52.7,46.6,50.9,2.04,4,18,Male,Low,3.9,High-Speed,Bachelors,11,8.9,7,14,61.8,50,31,61.5,3,59.61,Medium,False
STU10974,SE501,Fall 2024,2,45.5,48.0,46.2,1.85,4,22,Male,High,6.1,Limited,High School,10,13.4,6,11,83.1,45,24,52.6,3,57.92,Low,False
STU10975,SE501,Fall 2024,2,47.6,49.5,48.2,1.93,4,22,Male,Medium,0.3,High-Speed,Masters,7,18.7,6,7,48.7,50,29,58.0,6,49.24,High,False
STU10976,AI301,Spring 2024,1,44.4,50.8,46.3,1.85,3,21,Female,Low,0.9,High-Speed,High School,9,7.3,5,3,80.0,40,19,47.7,1,53.35,High,False
STU10977,DS201,Fall 2025,4,52.7,54.2,53.2,2.13,3,22,Male,Medium,11.0,High-Speed,High School,9,20.4,1,2,61.5,40,26,64.1,3,57.85,Medium,False
STU10978,DB401,Spring 2024,1,54.8,57.7,55.7,2.23,4,25,Female,Medium,5.3,Moderate,Bachelors,16,14.4,7,6,85.4,50,36,71.6,4,76.88,Low,False
STU10979,DS201,Spring 2026,5,58.2,56.4,57.7,2.31,3,19,Female,High,19.0,High-Speed,Bachelors,8,22.3,3,12,58.5,40,25,63.5,6,55.45,Low,False
STU10980,SE501,Fall 2023,0,64.7,61.9,63.9,2.56,3,18,Male,Low,11.3,High-Speed,High School,13,10.5,0,4,76.0,45,33,74.3,5,71.85,Low,False
STU10981,DB401,Fall 2023,0,72.4,74.8,73.1,2.92,3,18,Female,Low,0.1,Limited,Bachelors,12,5.9,5,4,83.9,40,23,57.3,2,63.43,Medium,False
STU10982,DB401,Fall 2023,0,56.3,57.6,56.7,2.27,3,25,Male,High,9.1,Moderate,Bachelors,12,14.9,1,11,61.4,50,38,75.9,3,68.23,Medium,False
STU10983,CS101,Fall 2025,4,30.4,31.8,30.8,1.23,3,23,Male,High,0.9,Moderate,Masters,8,17.9,6,6,66.0,50,20,40.6,2,45.5,High,False
STU10984,SE501,Fall 2025,4,53.2,53.9,53.4,2.14,3,25,Female,Medium,14.4,High-Speed,High School,15,18.4,4,4,62.5,50,32,64.9,2,67.45,Medium,False
STU10985,SE501,Fall 2025,4,80.9,70.6,77.8,3.11,4,25,Female,Medium,45.3,High-Speed,High School,11,9.3,2,7,79.9,50,36,71.4,7,68.18,Low,False
STU10986,SE501,Spring 2025,3,62.5,65.5,63.4,2.54,3,22,Female,Low,7.2,High-Speed,Bachelors,13,6.9,1,12,81.7,45,36,79.2,5,75.44,Low,False
STU10987,SE501,Fall 2024,2,52.4,55.8,53.4,2.14,4,20,Male,Medium,10.9,High-Speed,High School,21,13.4,6,8,42.5,50,39,78.6,1,77.8,Low,False
STU10988,SE501,Fall 2023,0,57.2,54.2,56.3,2.25,3,20,Male,Low,2.6,Moderate,Bachelors,13,17.6,5,7,73.5,40,23,56.9,1,62.65,Medium,False
STU10989,DS201,Spring 2026,5,43.0,46.5,44.1,1.76,4,25,Female,Low,5.5,High-Speed,Bachelors,16,17.3,5,11,69.8,45,28,63.0,2,69.46,Low,True
STU10990,CS101,Fall 2024,2,56.2,55.3,55.9,2.24,3,22,Female,High,18.4,Moderate,Bachelors,14,22.9,5,9,71.4,40,26,63.8,3,67.18,Low,False
STU10991,CS101,Fall 2024,2,68.2,68.8,68.4,2.74,3,19,Female,Low,1.7,High-Speed,Masters,11,13.1,2,5,85.3,50,36,71.0,1,69.06,Medium,False
STU10992,AI301,Fall 2024,2,65.2,61.8,64.2,2.57,3,20,Male,Medium,2.9,High-Speed,Masters,11,5.8,1,7,75.6,45,33,72.9,1,68.07,Low,False
STU10993,AI301,Fall 2023,0,46.0,45.9,46.0,1.84,3,23,Female,High,5.6,Moderate,Bachelors,14,21.0,4,12,59.9,45,28,63.2,3,64.58,Medium,False
STU10994,SE501,Spring 2024,1,58.9,50.9,56.5,2.26,3,24,Male,Low,11.8,High-Speed,Doctorate,20,16.0,1,14,71.4,40,38,94.4,4,91.48,Low,False
STU10995,CS101,Spring 2026,5,53.4,51.9,52.9,2.12,4,22,Male,High,4.5,Moderate,High School,11,16.4,9,4,93.7,40,22,54.6,3,62.54,Medium,False
STU10996,AI301,Spring 2026,5,52.5,61.7,55.3,2.21,3,25,Female,High,25.0,Limited,Bachelors,15,18.8,4,11,76.7,50,30,59.6,2,67.64,Medium,False
STU10997,DB401,Spring 2024,1,49.2,50.0,49.5,1.98,3,19,Male,Medium,0.9,High-Speed,Bachelors,9,21.3,2,13,57.2,45,29,63.6,4,56.74,High,False
STU10998,AI301,Spring 2025,3,38.5,36.9,38.0,1.52,4,19,Female,Low,4.4,High-Speed,Masters,10,14.9,5,13,61.4,50,31,61.5,2,58.03,Medium,True
STU10999,CS101,Spring 2026,5,65.5,63.8,65.0,2.6,4,21,Male,Medium,11.7,High-Speed,Bachelors,13,20.9,3,8,75.1,45,30,67.7,3,68.37,Medium,False
STU11000,DS201,Spring 2025,3,69.9,66.5,68.9,2.76,4,19,Male,Medium,2.4,Moderate,Bachelors,22,17.8,3,14,61.9,40,38,95.2,1,89.98,Low,False
STU11001,AI301,Spring 2024,1,59.5,60.2,59.7,2.39,4,20,Female,Medium,10.1,High-Speed,Masters,3,11.7,7,7,59.0,50,20,39.9,2,36.25,High,False
STU11002,DS201,Spring 2024,1,52.0,47.0,50.5,2.02,3,25,Female,Low,1.7,Moderate,Bachelors,12,13.8,6,13,75.0,45,22,48.9,2,57.45,High,False
STU11003,CS101,Fall 2023,0,62.2,66.0,63.3,2.53,4,24,Female,High,0.5,High-Speed,Bachelors,12,18.1,9,7,84.9,40,30,74.2,6,72.08,Low,False
STU11004,DS201,Fall 2023,0,37.6,41.9,38.9,1.56,4,20,Female,Low,1.2,Moderate,High School,10,11.5,7,4,62.4,40,25,62.0,1,58.48,High,True
STU11005,DS201,Fall 2024,2,36.4,39.8,37.4,1.5,3,22,Female,Medium,25.3,Moderate,High School,8,19.4,5,2,59.1,50,31,62.3,4,54.97,Medium,False
STU11006,DS201,Spring 2024,1,50.3,55.2,51.8,2.07,3,24,Female,Low,7.6,High-Speed,Doctorate,16,15.8,1,3,65.9,50,40,80.8,4,77.58,Low,False
STU11007,AI301,Spring 2026,5,41.0,45.8,42.5,1.7,4,22,Female,Medium,15.1,High-Speed,Bachelors,13,16.9,7,12,72.1,45,25,56.2,3,62.02,Medium,True
STU11008,SE501,Spring 2024,1,54.3,55.9,54.8,2.19,3,19,Male,High,3.8,High-Speed,Bachelors,13,22.2,4,12,80.6,50,32,64.8,3,68.02,Low,False
STU11009,CS101,Fall 2025,4,49.6,56.3,51.6,2.06,4,23,Male,Low,8.5,High-Speed,High School,14,16.8,3,11,81.4,40,23,57.7,0,66.13,Low,False
STU11010,CS101,Spring 2025,3,65.0,67.4,65.7,2.63,4,18,Male,Low,6.5,High-Speed,High School,16,15.4,2,11,64.8,50,38,75.6,2,74.76,Low,False
STU11011,AI301,Fall 2024,2,53.9,51.0,53.0,2.12,3,24,Other,Medium,27.7,High-Speed,High School,7,14.6,4,4,74.4,50,25,49.8,3,50.28,High,False
STU11012,CS101,Spring 2025,3,48.5,48.2,48.4,1.94,3,25,Female,Medium,13.1,Limited,Bachelors,7,14.3,2,13,51.0,45,26,57.5,2,49.45,Medium,False
STU11013,DB401,Fall 2025,4,42.4,46.8,43.7,1.75,4,21,Male,Medium,12.5,Limited,High School,11,16.6,7,14,67.8,45,32,70.3,2,65.21,Medium,True
STU11014,CS101,Fall 2025,4,55.6,57.9,56.3,2.25,4,18,Female,Medium,0.5,Moderate,High School,12,21.8,4,12,60.9,40,31,77.3,3,68.83,Medium,False
STU11015,DS201,Fall 2025,4,34.9,32.3,34.1,1.36,4,19,Female,Low,7.6,High-Speed,Bachelors,13,11.9,5,2,54.7,40,26,65.5,1,63.19,High,True
STU11016,DB401,Fall 2024,2,67.5,67.8,67.6,2.7,3,19,Male,High,6.0,Moderate,Bachelors,11,11.6,2,12,85.7,50,36,71.3,0,69.29,Low,False
STU11017,SE501,Fall 2025,4,43.7,39.9,42.6,1.7,4,25,Female,High,25.0,High-Speed,High School,15,21.4,2,9,56.8,45,30,67.1,4,67.41,Medium,True
STU11018,AI301,Fall 2025,4,50.9,55.0,52.1,2.08,3,18,Female,Medium,2.8,High-Speed,Bachelors,12,12.2,0,10,84.2,45,31,69.7,3,69.69,Low,False
STU11019,SE501,Spring 2024,1,63.0,69.7,65.0,2.6,3,21,Male,High,3.0,High-Speed,Masters,15,16.1,3,8,96.5,40,28,69.7,1,76.65,Low,False
STU11020,DB401,Spring 2024,1,45.6,37.7,43.2,1.73,4,24,Female,Medium,5.0,High-Speed,Bachelors,17,12.0,4,12,59.3,45,30,67.4,2,71.06,Medium,True
STU11021,AI301,Spring 2024,1,65.2,67.2,65.8,2.63,4,24,Male,Medium,2.6,High-Speed,Masters,15,6.6,5,8,71.6,50,38,76.7,4,75.17,Low,False
STU11022,CS101,Fall 2025,4,52.3,47.0,50.7,2.03,3,18,Female,Low,1.3,High-Speed,Masters,9,16.0,2,4,74.9,45,30,66.8,3,61.88,Medium,False
STU11023,DB401,Spring 2026,5,67.9,61.0,65.8,2.63,4,22,Female,Medium,18.5,Limited,High School,14,20.6,4,10,86.5,40,33,82.8,3,79.7,Low,False
STU11024,DS201,Fall 2025,4,48.1,54.6,50.1,2.0,4,20,Female,Medium,7.8,High-Speed,High School,10,14.7,2,14,79.7,45,27,58.9,3,60.39,Medium,False
STU11025,DS201,Fall 2023,0,46.8,52.5,48.5,1.94,3,23,Male,Low,18.8,Limited,Bachelors,7,7.6,7,10,72.7,45,25,55.0,4,52.54,Medium,False
STU11026,SE501,Fall 2024,2,47.6,48.7,47.9,1.92,4,22,Female,Medium,16.9,High-Speed,Bachelors,15,15.5,4,6,71.8,40,27,67.5,2,70.61,Low,False
STU11027,SE501,Spring 2026,5,49.9,47.3,49.1,1.96,4,24,Female,Medium,3.1,High-Speed,Bachelors,12,11.2,3,8,61.8,50,35,70.3,4,65.51,Medium,False
STU11028,DB401,Spring 2025,3,59.7,58.3,59.3,2.37,3,20,Male,Medium,7.5,High-Speed,High School,4,1.9,4,14,83.2,50,28,55.6,1,50.44,High,False
STU11029,SE501,Spring 2024,1,62.0,59.0,61.1,2.44,3,23,Female,Medium,0.8,Moderate,Bachelors,14,14.6,8,2,79.8,40,27,68.7,5,71.31,Low,False
STU11030,DB401,Spring 2026,5,71.9,81.8,74.9,3.0,4,23,Male,High,23.4,High-Speed,High School,13,17.6,3,7,84.0,45,31,69.3,4,70.95,Low,False
STU11031,CS101,Fall 2024,2,43.8,53.5,46.7,1.87,4,23,Female,Low,4.9,High-Speed,Doctorate,8,20.9,3,11,69.4,45,30,66.8,2,59.28,High,False
STU11032,DS201,Spring 2025,3,52.4,56.5,53.6,2.14,4,19,Male,Medium,4.8,High-Speed,High School,7,23.8,3,2,76.4,40,23,57.2,4,54.38,Medium,False
STU11033,DS201,Fall 2023,0,54.0,54.4,54.1,2.16,3,25,Male,Medium,3.4,High-Speed,Masters,10,18.3,7,11,80.8,50,33,65.5,1,63.91,Medium,False
STU11034,DB401,Fall 2024,2,50.5,44.3,48.6,1.94,3,23,Male,Medium,5.9,Moderate,High School,15,19.7,6,7,57.4,50,34,67.1,4,67.53,Medium,False
STU11035,SE501,Fall 2023,0,66.5,65.4,66.2,2.65,3,21,Female,Medium,2.8,High-Speed,High School,15,8.6,4,7,87.5,50,38,76.4,1,78.2,Low,False
STU11036,CS101,Spring 2025,3,59.2,59.3,59.2,2.37,3,18,Male,Low,4.5,High-Speed,High School,16,23.1,3,8,80.0,50,43,86.2,2,83.1,Low,False
STU11037,DS201,Fall 2024,2,50.6,47.2,49.6,1.98,4,24,Female,High,15.3,Moderate,Doctorate,7,21.3,3,8,56.1,50,32,64.8,5,54.12,Medium,False
STU11038,SE501,Spring 2024,1,55.3,62.2,57.4,2.3,3,21,Male,Medium,17.1,High-Speed,High School,19,13.2,2,12,56.9,50,42,84.3,6,82.03,Low,False
STU11039,DB401,Fall 2025,4,77.6,86.9,80.4,3.22,3,18,Male,High,3.4,Moderate,Bachelors,18,18.4,3,11,75.4,50,46,91.7,2,87.93,Low,False
STU11040,DB401,Fall 2025,4,52.0,51.3,51.8,2.07,3,22,Female,Medium,6.0,Moderate,Masters,17,17.9,2,13,99.2,40,24,59.7,4,75.19,Low,False
STU11041,AI301,Spring 2025,3,57.6,62.8,59.2,2.37,3,25,Female,Medium,19.7,Limited,Bachelors,18,22.4,5,4,70.9,45,38,84.9,5,83.63,Low,False
STU11042,SE501,Fall 2023,0,72.3,73.8,72.7,2.91,3,22,Male,High,0.5,High-Speed,High School,10,14.2,4,8,82.3,50,36,72.3,4,67.61,Low,False
STU11043,SE501,Fall 2024,2,54.5,50.8,53.4,2.14,4,18,Female,Medium,20.9,Moderate,Doctorate,14,11.3,8,12,69.1,45,28,63.1,4,66.37,Medium,False
STU11044,AI301,Spring 2025,3,45.4,51.2,47.1,1.88,4,21,Female,Medium,2.4,High-Speed,Masters,15,12.6,6,11,72.9,40,24,59.0,1,66.58,Medium,False
STU11045,DB401,Fall 2025,4,62.5,70.4,64.9,2.6,4,18,Female,Medium,10.8,Moderate,Bachelors,12,19.5,5,3,83.8,40,30,73.8,2,71.66,Low,False
STU11046,SE501,Spring 2025,3,41.6,44.4,42.4,1.7,4,23,Male,High,8.3,High-Speed,Bachelors,10,5.4,3,13,86.2,45,25,55.9,1,60.19,Medium,True
STU11047,DB401,Fall 2023,0,62.4,60.2,61.7,2.47,3,19,Male,Medium,7.6,High-Speed,Doctorate,16,1.0,4,12,63.2,40,32,80.2,1,76.74,Low,False
STU11048,SE501,Fall 2025,4,50.3,54.4,51.5,2.06,4,24,Female,Medium,18.6,Moderate,Doctorate,12,19.5,4,3,69.9,40,29,73.1,5,68.53,Low,False
STU11049,CS101,Fall 2025,4,42.9,41.7,42.5,1.7,3,22,Male,Low,1.0,High-Speed,Bachelors,9,16.4,2,2,61.8,40,18,44.7,4,48.21,High,False
STU11050,DS201,Fall 2024,2,68.0,72.5,69.3,2.77,3,24,Female,High,4.0,Moderate,Masters,20,15.1,5,14,76.2,45,41,90.5,2,90.49,Low,False
STU11051,SE501,Spring 2025,3,57.9,65.4,60.2,2.41,4,19,Female,Low,7.3,Moderate,High School,16,8.5,3,14,74.3,50,38,76.4,4,77.06,Low,False
STU11052,AI301,Spring 2026,5,30.3,30.0,30.2,1.21,4,23,Female,Medium,15.8,High-Speed,High School,12,6.5,5,3,60.5,45,30,66.6,6,63.4,Medium,True
STU11053,AI301,Spring 2025,3,55.1,58.1,56.0,2.24,3,23,Female,Medium,2.3,High-Speed,High School,11,11.8,7,13,72.0,50,36,72.1,2,66.95,Medium,False
STU11054,CS101,Fall 2024,2,37.9,36.5,37.5,1.5,4,22,Other,Medium,15.4,High-Speed,High School,9,16.8,2,3,84.5,45,27,60.3,7,60.55,Medium,False
STU11055,DS201,Fall 2024,2,71.8,77.7,73.6,2.94,3,22,Male,Medium,4.8,Limited,Bachelors,13,12.1,6,13,74.8,50,37,73.4,3,71.16,Low,False
STU11056,DB401,Fall 2025,4,46.0,46.3,46.1,1.84,3,23,Female,Low,2.0,High-Speed,Bachelors,8,19.5,7,12,60.5,40,24,60.8,1,54.5,High,False
STU11057,CS101,Spring 2024,1,49.9,57.6,52.2,2.09,3,20,Male,Medium,13.5,High-Speed,High School,13,10.2,1,10,75.9,40,27,67.1,1,68.23,Low,False
STU11058,DS201,Spring 2024,1,30.0,42.5,33.7,1.35,3,24,Male,Medium,0.9,Moderate,Bachelors,5,12.4,5,4,66.0,45,23,50.9,3,46.15,High,False
STU11059,DS201,Fall 2023,0,63.9,60.0,62.7,2.51,4,25,Female,High,6.9,Limited,High School,15,18.5,8,2,74.2,50,37,73.8,4,74.24,Medium,False
STU11060,AI301,Fall 2023,0,46.9,48.6,47.4,1.9,4,19,Female,Low,0.6,Moderate,Doctorate,10,13.1,6,13,52.3,40,23,56.5,6,53.71,Medium,False
STU11061,DB401,Fall 2024,2,59.2,65.3,61.0,2.44,4,24,Other,High,4.2,Moderate,Masters,13,13.4,6,3,79.8,40,29,72.0,6,71.46,Low,False
STU11062,DS201,Spring 2025,3,58.9,58.0,58.6,2.34,3,19,Female,Medium,8.7,High-Speed,High School,13,11.8,3,11,83.1,45,29,65.5,5,68.87,Low,False
STU11063,CS101,Spring 2026,5,41.9,45.2,42.9,1.72,3,20,Male,High,7.7,High-Speed,Masters,12,10.9,2,9,55.9,45,29,65.5,1,61.93,Medium,True
STU11064,SE501,Spring 2024,1,55.6,53.8,55.1,2.2,3,25,Male,Medium,4.9,High-Speed,High School,17,16.8,5,11,75.4,40,32,79.4,6,80.28,Low,False
STU11065,CS101,Fall 2024,2,61.5,53.7,59.1,2.36,4,21,Female,Medium,5.3,Moderate,Bachelors,18,17.4,4,3,62.0,45,30,67.4,1,73.1,Medium,False
STU11066,AI301,Spring 2026,5,66.1,69.9,67.2,2.69,4,19,Male,High,2.4,Moderate,Doctorate,17,16.1,4,12,81.4,40,37,91.6,2,87.58,Low,False
STU11067,CS101,Fall 2025,4,61.3,65.1,62.4,2.5,3,24,Male,High,5.8,Moderate,High School,17,11.9,9,12,77.2,40,28,69.2,1,75.54,Low,False
STU11068,DB401,Spring 2026,5,46.4,42.5,45.2,1.81,4,18,Male,Medium,29.1,Moderate,Bachelors,8,14.0,5,5,86.1,40,15,37.7,1,48.07,Medium,False
STU11069,SE501,Fall 2025,4,62.8,61.1,62.3,2.49,4,25,Male,Low,18.1,High-Speed,High School,16,23.0,4,10,87.8,45,33,72.9,3,78.01,Low,False
STU11070,DS201,Spring 2026,5,63.5,62.7,63.3,2.53,4,23,Male,Medium,1.5,High-Speed,High School,11,7.9,5,10,68.0,45,22,48.9,3,54.55,High,False
STU11071,DB401,Spring 2024,1,64.7,68.2,65.7,2.63,4,23,Male,Medium,0.3,High-Speed,Bachelors,12,24.4,3,8,73.4,50,31,61.2,1,63.28,Medium,False
STU11072,CS101,Spring 2026,5,67.4,72.4,68.9,2.76,3,20,Male,Low,25.8,High-Speed,Doctorate,7,15.5,3,2,93.6,50,30,60.9,3,59.67,Medium,False
STU11073,AI301,Fall 2025,4,42.3,45.0,43.1,1.72,3,19,Male,Low,7.1,Moderate,Bachelors,9,14.1,5,11,47.4,40,24,60.2,4,53.08,High,False
STU11074,CS101,Spring 2025,3,61.6,56.2,60.0,2.4,4,21,Other,High,7.3,High-Speed,Masters,15,19.8,2,12,57.1,45,36,81.1,1,74.47,Medium,False
STU11075,DS201,Spring 2024,1,51.6,50.1,51.1,2.04,4,19,Male,Low,14.4,Moderate,Masters,15,4.7,6,6,83.8,50,40,80.6,4,79.56,Low,False
STU11076,CS101,Spring 2024,1,49.9,49.0,49.6,1.98,4,23,Male,Medium,3.6,Moderate,High School,12,21.9,4,6,60.6,50,33,65.6,5,62.92,Low,False
STU11077,DB401,Fall 2023,0,63.3,61.9,62.9,2.52,3,22,Female,Low,6.2,High-Speed,Bachelors,16,24.3,4,3,91.5,40,33,81.7,3,83.15,Low,False
STU11078,SE501,Fall 2024,2,66.8,71.7,68.3,2.73,3,18,Male,Medium,32.9,High-Speed,Bachelors,17,20.4,3,8,61.7,40,37,91.3,1,83.49,Low,False
STU11079,DB401,Spring 2024,1,63.8,70.4,65.8,2.63,4,25,Female,Low,10.6,High-Speed,Bachelors,14,4.5,5,14,79.0,45,29,64.5,3,69.05,Low,False
STU11080,CS101,Fall 2023,0,65.8,70.7,67.3,2.69,3,20,Female,Low,1.6,High-Speed,High School,16,18.8,3,2,75.1,50,33,66.2,2,72.12,Low,False
STU11081,DS201,Spring 2026,5,48.3,55.4,50.4,2.02,4,22,Male,Medium,1.4,Moderate,Doctorate,12,23.2,3,2,70.7,40,21,51.5,4,57.89,Medium,False
STU11082,AI301,Fall 2024,2,55.2,55.6,55.3,2.21,4,24,Male,High,2.2,High-Speed,Bachelors,14,22.7,3,13,76.6,50,32,63.3,7,67.97,Low,False
STU11083,SE501,Fall 2023,0,72.5,70.0,71.7,2.87,3,21,Female,Low,13.8,Moderate,Bachelors,20,8.0,2,11,75.0,45,42,94.0,2,92.0,Low,False
STU11084,DS201,Fall 2024,2,76.5,70.8,74.8,2.99,4,22,Female,Medium,3.3,Moderate,Bachelors,17,20.1,8,13,78.7,45,39,87.2,1,84.84,Low,False
STU11085,CS101,Fall 2023,0,50.6,49.1,50.1,2.0,4,24,Male,Medium,0.2,High-Speed,High School,8,24.0,3,2,90.2,50,32,64.8,2,62.44,Medium,False
STU11086,DB401,Spring 2025,3,60.3,56.3,59.1,2.36,4,22,Female,High,27.4,Moderate,Bachelors,12,15.1,6,12,80.4,45,33,73.6,4,70.88,Low,False
STU11087,CS101,Spring 2026,5,47.5,56.8,50.3,2.01,3,21,Male,Medium,1.8,Moderate,Masters,14,7.7,3,11,85.6,40,32,79.0,2,77.62,Low,False
STU11088,CS101,Spring 2025,3,70.0,74.3,71.3,2.85,3,25,Other,Medium,0.1,Moderate,Masters,16,19.1,3,8,68.5,45,39,86.9,1,81.15,Low,False
STU11089,AI301,Fall 2024,2,45.5,41.0,44.2,1.77,3,22,Male,Medium,2.6,High-Speed,High School,13,20.3,1,5,54.8,45,33,73.0,5,66.96,Medium,True
STU11090,CS101,Spring 2024,1,46.5,45.6,46.2,1.85,3,20,Female,High,2.5,High-Speed,Bachelors,7,14.3,4,5,60.9,40,19,47.0,3,46.18,High,False
STU11091,SE501,Fall 2025,4,51.9,49.2,51.1,2.04,3,23,Female,Low,5.2,High-Speed,Bachelors,14,9.0,6,10,91.9,45,29,64.8,4,71.78,Low,False
STU11092,DS201,Spring 2024,1,60.9,57.8,60.0,2.4,3,19,Female,Medium,24.0,High-Speed,High School,10,19.9,2,5,95.0,50,29,58.9,2,63.45,Low,False
STU11093,DS201,Fall 2024,2,34.9,33.1,34.4,1.38,3,22,Female,High,20.1,Moderate,High School,9,11.2,5,9,58.6,40,16,39.1,2,44.77,High,False
STU11094,AI301,Fall 2025,4,49.8,48.2,49.3,1.97,4,20,Male,Medium,5.8,Moderate,Bachelors,17,17.0,6,2,62.7,40,31,77.3,5,76.69,Low,False
STU11095,AI301,Fall 2025,4,55.8,53.7,55.2,2.21,4,19,Male,Medium,5.0,Limited,Bachelors,9,22.8,6,4,68.3,50,26,51.9,2,53.11,High,False
STU11096,DB401,Fall 2023,0,49.2,49.5,49.3,1.97,4,25,Male,Medium,7.7,High-Speed,High School,10,6.7,3,13,72.0,50,34,68.9,1,63.85,Medium,False
STU11097,SE501,Spring 2024,1,67.6,66.1,67.1,2.68,3,24,Male,Medium,2.7,High-Speed,High School,9,19.5,4,2,87.7,40,23,57.4,4,59.74,Medium,False
STU11098,AI301,Fall 2024,2,69.7,75.5,71.4,2.86,4,19,Female,Medium,0.5,Moderate,High School,10,14.0,0,2,83.6,50,30,59.3,1,61.37,Medium,False
STU11099,AI301,Spring 2024,1,53.3,53.5,53.4,2.14,3,24,Male,Medium,26.6,High-Speed,High School,16,14.1,3,4,58.2,40,34,85.6,1,78.44,Low,False
STU11100,CS101,Fall 2023,0,63.5,63.5,63.5,2.54,3,22,Male,Medium,2.0,High-Speed,Bachelors,10,17.6,1,5,57.7,40,27,67.2,3,60.14,High,False
STU11101,AI301,Fall 2023,0,59.6,57.4,58.9,2.36,4,20,Female,Medium,2.1,High-Speed,High School,12,11.1,1,7,55.1,40,30,75.5,6,66.77,Low,False
STU11102,DS201,Spring 2024,1,63.2,62.6,63.0,2.52,3,23,Female,High,6.1,High-Speed,High School,11,9.1,4,4,61.8,40,20,50.9,3,54.31,Medium,False
STU11103,AI301,Fall 2023,0,62.4,56.1,60.5,2.42,4,22,Female,Low,6.4,Moderate,Masters,11,6.1,4,9,55.7,40,26,64.4,2,59.84,Medium,False
STU11104,AI301,Spring 2025,3,53.0,51.7,52.6,2.1,3,24,Other,Medium,0.2,High-Speed,High School,11,21.2,2,9,81.4,40,19,47.3,4,56.43,Medium,False
STU11105,CS101,Spring 2026,5,60.2,66.3,62.0,2.48,4,21,Male,Medium,1.5,Moderate,Bachelors,16,13.1,2,4,56.5,40,29,72.6,3,71.6,Medium,False
STU11106,AI301,Fall 2025,4,57.0,53.4,55.9,2.24,3,19,Male,Medium,4.5,Moderate,Doctorate,9,17.8,8,4,75.0,50,36,72.0,4,64.5,Low,False
STU11107,SE501,Spring 2026,5,59.0,60.7,59.5,2.38,4,22,Female,Low,10.9,High-Speed,Bachelors,15,12.6,7,13,55.8,50,32,64.8,3,66.06,Medium,False
STU11108,AI301,Fall 2025,4,57.4,63.5,59.2,2.37,4,24,Female,Medium,2.5,Limited,Bachelors,11,9.2,3,14,100.0,50,33,66.4,3,69.7,Low,False
STU11109,SE501,Fall 2025,4,59.9,61.3,60.3,2.41,3,25,Male,High,5.2,High-Speed,Bachelors,13,18.3,2,7,77.9,40,32,80.4,5,75.28,Low,False
STU11110,AI301,Fall 2025,4,45.2,43.6,44.7,1.79,3,19,Female,Medium,7.7,Limited,High School,6,16.6,1,2,82.7,50,22,44.1,1,47.59,Medium,False
STU11111,DS201,Spring 2025,3,42.7,45.9,43.7,1.75,3,25,Male,High,20.8,High-Speed,Bachelors,9,13.8,2,2,67.9,45,21,46.2,1,50.18,High,False
STU11112,SE501,Spring 2026,5,62.1,62.0,62.1,2.48,3,24,Male,High,3.7,Moderate,Bachelors,14,16.5,6,12,80.6,50,41,81.3,3,77.77,Low,False
STU11113,SE501,Spring 2024,1,52.1,56.5,53.4,2.14,3,20,Female,Low,1.4,High-Speed,High School,8,10.2,5,12,67.3,50,31,62.9,4,56.91,High,False
STU11114,DS201,Spring 2026,5,66.8,68.4,67.3,2.69,4,18,Female,Low,6.4,Moderate,Bachelors,10,20.3,8,6,92.7,50,31,61.1,3,64.09,Low,False
STU11115,CS101,Spring 2024,1,43.4,35.4,41.0,1.64,3,25,Female,High,13.0,Moderate,Masters,9,21.5,4,11,59.2,40,19,46.7,5,48.69,High,False
STU11116,CS101,Fall 2024,2,60.3,57.6,59.5,2.38,3,22,Male,High,1.1,High-Speed,High School,13,18.8,1,8,71.7,45,31,69.8,2,68.74,Low,False
STU11117,DS201,Fall 2025,4,39.3,40.5,39.7,1.59,3,23,Female,Low,5.3,Limited,Bachelors,6,13.1,2,2,69.3,45,22,48.5,3,47.11,Medium,False
STU11118,AI301,Fall 2025,4,42.2,47.5,43.8,1.75,3,22,Male,Low,0.2,High-Speed,Bachelors,12,15.3,4,3,56.0,45,28,62.5,1,60.45,Medium,True
STU11119,AI301,Fall 2025,4,51.4,55.4,52.6,2.1,4,19,Male,Low,0.3,High-Speed,Masters,11,22.8,2,12,83.8,40,21,53.6,4,60.06,Low,False
STU11120,DB401,Spring 2026,5,47.1,51.7,48.5,1.94,3,20,Female,High,6.3,Moderate,Masters,12,21.4,3,10,60.7,50,30,59.0,3,59.64,Low,False
STU11121,DS201,Spring 2025,3,54.2,53.4,54.0,2.16,3,24,Female,Low,3.4,Moderate,Bachelors,10,25.0,3,2,52.4,40,23,58.2,6,54.58,High,False
STU11122,DS201,Spring 2024,1,63.3,60.1,62.3,2.49,3,21,Female,Medium,17.7,High-Speed,High School,12,11.1,8,4,80.1,45,35,76.7,1,72.37,Low,False
STU11123,DB401,Fall 2025,4,35.3,32.4,34.4,1.38,4,23,Female,High,8.8,High-Speed,High School,9,10.6,0,9,53.9,40,20,49.1,3,48.83,Medium,False
STU11124,SE501,Fall 2023,0,66.5,63.0,65.5,2.62,3,20,Female,Low,5.7,Limited,High School,15,15.7,11,3,79.6,45,33,74.4,4,75.62,Low,False
STU11125,CS101,Spring 2026,5,50.1,61.1,53.4,2.14,4,25,Female,Medium,5.0,Moderate,Bachelors,11,17.0,1,11,84.6,45,18,39.2,2,53.02,Medium,False
STU11126,DS201,Fall 2023,0,52.9,62.1,55.7,2.23,3,25,Male,Low,6.5,High-Speed,Bachelors,16,14.3,3,13,58.9,45,35,78.2,0,74.88,Low,False
STU11127,DS201,Fall 2024,2,73.1,67.1,71.3,2.85,4,22,Male,High,0.4,High-Speed,Doctorate,14,13.1,6,13,80.6,40,30,74.6,1,74.42,Low,False
STU11128,DB401,Spring 2024,1,52.8,54.8,53.4,2.14,3,21,Male,Low,21.2,Limited,Bachelors,11,21.3,7,14,59.2,50,28,57.0,4,56.84,Low,False
STU11129,CS101,Fall 2023,0,61.0,60.4,60.8,2.43,4,20,Male,Medium,60.6,Moderate,Bachelors,16,14.5,2,8,67.3,50,43,86.3,1,80.61,Low,False
STU11130,DB401,Spring 2026,5,57.1,55.6,56.6,2.26,4,18,Female,Medium,1.9,Limited,Bachelors,17,8.9,1,14,71.8,50,37,73.2,1,76.46,Low,False
STU11131,DB401,Fall 2024,2,44.0,47.1,44.9,1.8,4,23,Female,Low,1.2,High-Speed,High School,12,9.5,5,3,57.0,50,30,59.2,1,59.0,Medium,True
STU11132,DS201,Fall 2023,0,36.0,33.5,35.3,1.41,3,19,Male,Low,1.5,Moderate,Bachelors,9,16.2,5,4,57.6,50,30,60.0,2,55.02,High,False
STU11133,AI301,Spring 2024,1,57.1,54.8,56.4,2.26,4,20,Male,Medium,10.3,Moderate,Bachelors,11,30.0,8,11,85.9,45,28,62.5,3,64.93,Medium,False
STU11134,SE501,Fall 2023,0,36.4,38.9,37.2,1.49,4,20,Female,Low,10.3,High-Speed,Doctorate,7,10.1,2,10,46.3,50,22,44.6,3,42.06,High,False
STU11135,DS201,Fall 2024,2,44.6,51.3,46.6,1.86,4,18,Male,High,17.9,High-Speed,High School,10,13.4,5,5,67.8,45,32,70.1,6,63.61,Medium,False
STU11136,DS201,Fall 2023,0,49.5,59.8,52.6,2.1,4,22,Female,High,13.2,Moderate,Doctorate,9,27.0,5,13,75.0,50,35,70.8,9,63.9,Medium,True
STU11137,CS101,Spring 2026,5,74.0,76.7,74.8,2.99,3,24,Female,Medium,5.7,High-Speed,Bachelors,9,12.6,5,8,78.1,40,24,60.4,1,59.32,Medium,False
STU11138,SE501,Fall 2024,2,71.8,67.5,70.5,2.82,4,24,Male,Medium,9.0,Moderate,High School,12,17.3,4,7,88.9,40,23,58.0,4,64.78,Medium,False
STU11139,CS101,Fall 2024,2,53.7,57.4,54.8,2.19,4,23,Female,Medium,11.1,Moderate,High School,13,24.4,2,8,81.2,45,30,67.7,2,69.59,Low,False
STU11140,CS101,Fall 2025,4,58.8,57.0,58.3,2.33,4,23,Female,High,6.8,Moderate,High School,16,10.2,6,8,75.2,45,39,86.6,3,82.34,Low,False
STU11141,DS201,Fall 2025,4,57.9,58.0,57.9,2.32,3,19,Male,Medium,6.1,Moderate,Bachelors,18,13.5,3,3,70.3,45,29,63.6,1,72.86,Low,False
STU11142,SE501,Spring 2025,3,50.5,58.4,52.9,2.12,4,20,Female,Low,9.8,High-Speed,High School,16,12.6,4,2,67.4,45,30,67.2,1,71.08,Medium,False
STU11143,SE501,Spring 2024,1,48.3,55.4,50.4,2.02,3,21,Female,Low,7.7,High-Speed,Bachelors,9,7.4,1,11,68.2,50,25,50.8,3,52.54,High,False
STU11144,DB401,Spring 2025,3,57.3,61.9,58.7,2.35,4,20,Male,Medium,9.8,Moderate,Doctorate,13,22.8,2,7,69.0,45,34,75.1,3,70.85,Low,False
STU11145,DS201,Fall 2024,2,48.6,57.0,51.1,2.04,3,24,Female,Medium,9.0,High-Speed,Bachelors,10,12.1,6,8,77.0,45,24,54.4,0,57.6,Medium,False
STU11146,SE501,Fall 2023,0,37.8,30.0,35.5,1.42,4,19,Female,Medium,12.1,High-Speed,Bachelors,5,10.6,1,3,66.4,40,23,58.1,3,49.83,High,False
STU11147,AI301,Fall 2024,2,56.8,53.4,55.8,2.23,3,20,Female,Low,9.8,High-Speed,High School,13,12.8,2,3,81.6,50,38,76.9,5,74.27,Low,False
STU11148,DS201,Fall 2025,4,59.7,63.1,60.7,2.43,4,18,Female,Medium,7.0,High-Speed,Bachelors,15,19.6,0,10,74.6,50,41,82.5,1,78.67,Low,False
STU11149,SE501,Fall 2025,4,52.0,51.9,52.0,2.08,4,24,Female,Low,10.9,Moderate,High School,17,15.6,5,13,59.1,50,42,83.7,3,79.17,Low,False
STU11150,DB401,Fall 2023,0,42.6,48.4,44.3,1.77,4,20,Female,Low,5.7,High-Speed,Masters,7,11.0,6,12,72.2,50,30,59.4,0,54.64,High,False
STU11151,CS101,Spring 2024,1,74.3,68.4,72.5,2.9,3,20,Female,Medium,2.6,High-Speed,High School,16,17.0,3,6,71.4,40,32,81.0,8,78.78,Low,True
STU11152,DB401,Spring 2026,5,63.6,69.7,65.4,2.62,4,24,Female,Low,0.0,Limited,Bachelors,14,19.1,3,8,68.5,40,32,80.6,1,75.0,Low,False
STU11153,SE501,Spring 2024,1,50.4,53.2,51.2,2.05,3,21,Female,Medium,7.8,Moderate,Bachelors,7,14.9,5,2,76.7,40,21,53.7,1,52.69,Medium,False
STU11154,CS101,Spring 2025,3,53.4,54.1,53.6,2.14,3,24,Female,Medium,8.5,Moderate,Bachelors,8,13.8,5,5,52.5,40,27,68.2,3,56.6,Medium,False
STU11155,DB401,Fall 2025,4,52.0,43.9,49.6,1.98,4,18,Female,Medium,34.0,Moderate,Masters,9,20.1,6,3,67.5,50,34,67.7,1,60.85,Medium,False
STU11156,CS101,Spring 2024,1,67.7,78.9,71.1,2.84,4,18,Male,Medium,4.3,Moderate,High School,4,14.1,4,12,70.4,50,26,51.5,4,45.83,High,False
STU11157,DB401,Spring 2025,3,79.1,73.3,77.4,3.1,4,20,Female,Low,4.8,Moderate,High School,13,23.0,5,14,66.0,40,30,73.8,3,69.6,Medium,False
STU11158,SE501,Fall 2024,2,74.2,67.4,72.2,2.89,4,23,Female,Low,2.1,High-Speed,Bachelors,14,11.2,2,6,75.1,50,38,76.6,1,74.32,Low,False
STU11159,AI301,Fall 2025,4,57.2,60.5,58.2,2.33,3,21,Male,High,0.7,Limited,Bachelors,6,11.1,5,2,67.3,40,22,55.7,1,50.31,Medium,False
STU11160,CS101,Spring 2025,3,53.3,59.0,55.0,2.2,3,20,Female,Medium,14.1,High-Speed,Bachelors,13,10.5,3,11,67.5,45,33,73.3,3,69.65,Medium,False
STU11161,DS201,Fall 2024,2,38.9,38.4,38.8,1.55,3,24,Male,Medium,2.7,Limited,High School,11,13.8,1,8,70.9,45,29,64.9,5,63.13,Medium,True
STU11162,DS201,Spring 2024,1,61.2,57.1,60.0,2.4,4,20,Male,Low,8.9,High-Speed,Bachelors,10,15.0,7,3,61.4,40,26,65.0,1,59.78,High,False
STU11163,AI301,Fall 2024,2,46.6,44.4,46.0,1.84,3,19,Female,Medium,11.1,High-Speed,Doctorate,13,8.4,5,4,57.4,50,35,69.1,7,65.53,Medium,False
STU11164,AI301,Spring 2025,3,54.6,56.8,55.2,2.21,4,19,Male,Medium,6.1,High-Speed,Bachelors,8,15.5,3,6,95.0,45,18,40.9,1,51.45,Medium,False
STU11165,DS201,Spring 2026,5,55.2,52.4,54.4,2.18,3,23,Female,Medium,19.9,High-Speed,Masters,14,17.8,3,10,66.0,45,29,63.6,5,66.0,Low,False
STU11166,DB401,Spring 2026,5,60.2,66.4,62.0,2.48,3,21,Female,Medium,5.6,Moderate,Bachelors,9,7.7,4,11,70.3,45,31,68.3,3,61.71,Low,False
STU11167,CS101,Fall 2023,0,63.0,59.1,61.8,2.47,4,22,Female,Low,3.2,Limited,High School,11,12.4,5,14,85.8,40,26,64.7,1,66.01,Low,False
STU11168,CS101,Spring 2026,5,54.0,46.2,51.7,2.07,3,25,Male,Low,21.5,Limited,High School,12,17.8,6,14,75.7,45,34,74.8,3,70.54,Medium,False
STU11169,CS101,Fall 2024,2,51.8,59.8,54.2,2.17,3,19,Male,High,18.8,Limited,Bachelors,10,9.6,5,5,63.2,50,35,69.5,2,62.39,High,False
STU11170,SE501,Spring 2025,3,41.3,37.9,40.3,1.61,4,22,Female,High,1.7,High-Speed,Bachelors,12,13.4,2,9,50.0,40,24,59.5,2,57.75,High,True
STU11171,DB401,Spring 2025,3,51.6,54.2,52.4,2.1,4,18,Other,Low,0.2,Limited,Bachelors,8,20.4,3,12,53.9,40,21,53.7,7,49.63,High,False
STU11172,DS201,Fall 2024,2,49.2,52.0,50.0,2.0,4,19,Female,Medium,0.9,High-Speed,Bachelors,15,24.0,4,9,60.1,45,31,69.5,4,69.27,Low,False
STU11173,SE501,Spring 2026,5,51.2,47.9,50.2,2.01,3,19,Male,Low,3.2,Moderate,Doctorate,12,17.2,3,11,66.2,45,30,67.1,2,64.79,Medium,False
STU11174,DB401,Spring 2026,5,63.4,66.6,64.4,2.58,4,21,Female,Low,34.1,High-Speed,Bachelors,14,14.2,5,5,79.0,40,31,77.6,4,75.6,Low,False
STU11175,AI301,Fall 2023,0,47.9,45.8,47.3,1.89,4,23,Female,Medium,7.8,High-Speed,Bachelors,8,12.5,4,12,61.0,50,32,64.7,2,56.55,Medium,False
STU11176,AI301,Fall 2025,4,49.1,45.7,48.1,1.92,4,22,Female,Low,4.4,Limited,High School,11,19.6,2,5,60.8,40,25,62.1,1,59.71,Medium,False
STU11177,SE501,Spring 2024,1,48.0,47.8,48.0,1.92,4,24,Male,Medium,20.9,Limited,Bachelors,15,20.7,1,3,85.2,40,22,56.2,1,67.64,Medium,False
STU11178,CS101,Spring 2026,5,52.8,61.6,55.4,2.22,3,19,Female,Medium,5.7,Moderate,Masters,15,9.2,4,9,93.1,40,25,61.4,4,71.82,Medium,False
STU11179,DS201,Fall 2025,4,51.2,52.8,51.7,2.07,3,19,Female,Low,3.6,Moderate,High School,11,19.6,2,2,77.6,50,31,62.0,0,63.02,Medium,False
STU11180,DS201,Spring 2024,1,59.5,64.2,60.9,2.44,4,21,Female,Low,26.9,High-Speed,Doctorate,15,12.0,4,13,70.1,40,29,72.1,4,72.57,Medium,False
STU11181,AI301,Spring 2025,3,45.7,46.1,45.8,1.83,3,21,Male,High,18.0,Moderate,Doctorate,6,10.7,4,13,69.9,45,28,62.0,2,53.98,High,False
STU11182,DB401,Spring 2024,1,57.1,54.5,56.3,2.25,4,23,Female,Low,17.6,Moderate,Bachelors,13,14.2,6,6,60.2,45,35,77.4,6,70.24,Medium,False
STU11183,AI301,Fall 2024,2,58.5,60.3,59.0,2.36,3,22,Female,Medium,6.8,High-Speed,High School,9,20.0,3,9,83.7,50,22,43.2,4,51.84,Low,False
STU11184,DS201,Fall 2024,2,43.2,42.5,43.0,1.72,4,18,Male,Medium,14.8,High-Speed,High School,9,16.5,7,7,72.6,45,29,65.1,4,60.57,Medium,False
STU11185,DS201,Spring 2025,3,46.1,43.9,45.4,1.82,3,24,Female,Medium,1.9,High-Speed,High School,12,16.4,5,11,60.3,50,37,74.0,5,67.06,Medium,False
STU11186,DB401,Spring 2024,1,39.7,43.6,40.9,1.64,4,23,Female,Medium,8.1,Moderate,High School,8,16.8,2,5,64.7,45,28,62.0,3,55.94,Medium,False
STU11187,SE501,Fall 2023,0,43.2,45.4,43.8,1.75,3,25,Male,Low,39.2,High-Speed,Bachelors,6,17.3,2,10,83.5,40,21,52.5,0,51.95,High,False
STU11188,AI301,Fall 2024,2,38.3,35.2,37.4,1.5,4,18,Male,Low,3.3,High-Speed,High School,14,14.4,1,13,62.2,50,40,79.5,5,73.19,Medium,True
STU11189,SE501,Fall 2024,2,48.4,52.9,49.7,1.99,4,20,Female,Low,15.0,High-Speed,Bachelors,12,18.2,4,4,63.9,45,24,53.4,3,57.48,High,False
STU11190,DS201,Spring 2025,3,59.2,59.1,59.2,2.37,3,19,Male,Medium,6.4,High-Speed,High School,10,11.7,5,10,100.0,40,26,65.9,3,67.95,Low,False
STU11191,CS101,Spring 2024,1,58.4,62.7,59.7,2.39,4,22,Female,Medium,0.4,Moderate,High School,13,18.3,7,2,62.0,50,40,80.2,0,72.0,Low,False
STU11192,DS201,Fall 2023,0,69.7,66.4,68.7,2.75,4,23,Male,Low,13.7,Moderate,Bachelors,15,19.3,0,13,75.5,50,40,79.7,1,77.45,Low,False
STU11193,DB401,Spring 2024,1,46.0,41.6,44.7,1.79,4,19,Female,Low,1.8,High-Speed,Doctorate,9,18.5,0,5,67.7,45,30,66.5,2,60.29,Medium,False
STU11194,AI301,Fall 2024,2,80.4,78.1,79.7,3.19,3,22,Male,Medium,9.5,High-Speed,Bachelors,21,18.8,2,14,100.0,45,38,85.5,4,92.75,Low,False
STU11195,SE501,Fall 2025,4,66.3,66.4,66.3,2.65,3,22,Female,Medium,0.9,High-Speed,Bachelors,8,17.3,3,11,86.6,40,23,56.4,1,57.52,Medium,False
STU11196,DS201,Spring 2026,5,52.2,51.2,51.9,2.08,4,22,Female,High,27.9,Moderate,Bachelors,13,20.9,1,14,75.4,50,34,68.4,2,68.78,Medium,False
STU11197,DS201,Spring 2025,3,37.5,43.9,39.4,1.58,4,19,Female,Medium,3.3,High-Speed,Bachelors,18,3.6,7,4,61.3,40,29,72.0,2,75.26,Low,True
STU11198,DS201,Fall 2023,0,42.5,38.5,41.3,1.65,4,23,Female,Medium,2.4,High-Speed,Masters,17,19.3,5,3,61.2,40,28,69.1,4,72.29,Low,True
STU11199,AI301,Spring 2026,5,87.2,77.3,84.2,3.37,4,24,Male,Medium,1.3,Moderate,High School,16,24.9,6,14,92.1,45,35,77.0,2,80.92,Low,False
STU11200,CS101,Spring 2024,1,39.4,39.3,39.4,1.58,3,21,Female,High,27.7,High-Speed,Masters,12,11.9,5,14,55.1,45,22,48.4,4,53.22,High,True
STU11201,AI301,Fall 2024,2,64.6,67.1,65.4,2.62,3,19,Male,High,11.8,Moderate,High School,8,11.3,5,5,78.3,45,28,62.9,3,59.11,Medium,False
STU11202,AI301,Fall 2025,4,61.1,59.4,60.6,2.42,4,25,Male,Medium,12.9,High-Speed,Masters,11,21.4,4,14,78.2,45,33,74.3,4,69.29,Low,False
STU11203,DB401,Spring 2026,5,49.1,50.2,49.4,1.98,3,22,Male,Low,6.6,Moderate,High School,11,10.4,6,5,98.1,50,30,59.8,5,66.02,Medium,False
STU11204,AI301,Spring 2025,3,45.4,41.6,44.3,1.77,4,23,Male,Low,6.1,High-Speed,Masters,10,11.7,5,10,53.7,40,20,49.8,3,50.64,High,True
STU11205,DS201,Fall 2023,0,58.3,53.6,56.9,2.28,4,24,Female,Medium,1.1,High-Speed,Doctorate,21,15.8,2,11,78.1,50,40,80.0,2,85.62,Low,False
STU11206,CS101,Spring 2024,1,77.8,80.6,78.6,3.14,4,20,Female,Medium,7.8,High-Speed,High School,13,11.0,5,13,78.7,40,31,76.4,4,73.44,Low,False
STU11207,SE501,Fall 2023,0,53.2,56.3,54.1,2.16,3,25,Male,Medium,2.7,Moderate,Doctorate,14,19.4,4,7,77.9,50,35,70.0,7,71.58,Low,False
STU11208,AI301,Spring 2025,3,68.9,71.8,69.8,2.79,3,18,Male,Low,35.9,Limited,High School,12,11.0,6,7,75.5,40,25,62.7,4,64.45,Medium,False
STU11209,SE501,Spring 2024,1,74.9,77.7,75.7,3.03,4,25,Other,Medium,15.1,High-Speed,High School,6,16.8,3,7,89.9,50,32,63.7,0,58.83,Low,False
STU11210,DB401,Fall 2024,2,45.6,47.7,46.2,1.85,3,22,Male,High,5.1,Moderate,Bachelors,11,16.4,4,14,72.4,45,32,70.6,1,66.28,Low,False
STU11211,CS101,Fall 2024,2,64.3,63.6,64.1,2.56,4,20,Male,Low,1.6,Moderate,Doctorate,18,23.3,10,7,63.9,45,37,83.0,6,81.28,Low,False
STU11212,DB401,Fall 2025,4,50.7,54.2,51.7,2.07,3,21,Male,Medium,14.6,Limited,Bachelors,15,20.8,3,9,53.7,40,32,80.1,8,73.29,Medium,True
STU11213,SE501,Spring 2024,1,55.1,51.0,53.9,2.16,4,24,Female,Medium,1.2,Moderate,Bachelors,8,12.4,5,5,69.9,40,18,44.7,3,48.33,High,False
STU11214,CS101,Spring 2026,5,56.4,62.6,58.3,2.33,3,24,Female,High,2.0,High-Speed,Bachelors,9,8.7,7,2,66.0,40,27,66.9,5,60.15,Medium,False
STU11215,CS101,Fall 2023,0,56.8,61.3,58.2,2.33,4,22,Male,High,2.3,Moderate,Doctorate,16,19.2,3,12,83.1,45,25,55.2,4,68.22,Low,False
STU11216,AI301,Fall 2025,4,44.6,37.2,42.4,1.7,4,25,Male,Medium,7.7,High-Speed,Bachelors,13,11.7,3,4,55.7,40,26,64.4,1,62.84,Medium,True
STU11217,AI301,Spring 2024,1,68.6,72.7,69.8,2.79,4,25,Female,Medium,14.7,High-Speed,High School,10,13.3,5,9,98.4,40,25,61.5,3,65.43,Medium,False
STU11218,DS201,Spring 2026,5,46.0,50.1,47.2,1.89,3,24,Female,High,3.6,High-Speed,High School,12,9.7,6,2,72.0,45,32,71.3,4,68.05,Medium,False
STU11219,AI301,Spring 2024,1,70.7,82.7,74.3,2.97,3,20,Male,Medium,0.8,Limited,High School,15,18.4,0,6,84.7,50,37,73.1,5,75.99,Medium,False
STU11220,AI301,Fall 2024,2,75.9,70.7,74.3,2.97,4,22,Female,Medium,5.9,Limited,Bachelors,16,11.8,7,3,83.6,40,36,89.3,0,85.37,Low,False
STU11221,AI301,Spring 2024,1,53.1,46.5,51.1,2.04,3,19,Male,Medium,13.1,Moderate,High School,11,14.8,0,11,60.4,40,25,62.1,4,59.63,Medium,False
STU11222,DB401,Spring 2024,1,53.7,58.8,55.2,2.21,3,23,Male,Low,2.4,Limited,High School,18,14.9,7,5,71.2,40,33,81.8,1,82.14,Low,False
STU11223,SE501,Fall 2024,2,43.7,46.0,44.4,1.78,4,20,Female,Medium,2.4,Moderate,Masters,9,15.9,9,4,87.5,45,19,41.2,6,51.6,Medium,False
STU11224,SE501,Fall 2025,4,54.9,48.2,52.9,2.12,4,23,Male,High,27.9,High-Speed,High School,13,18.3,4,2,81.4,50,35,69.1,8,70.33,Low,True
STU11225,SE501,Spring 2026,5,53.6,63.8,56.7,2.27,4,19,Female,Medium,29.3,High-Speed,Bachelors,13,13.8,4,6,75.6,45,34,76.6,1,72.92,Low,False
STU11226,SE501,Spring 2026,5,62.6,60.8,62.1,2.48,4,19,Male,Medium,44.2,High-Speed,High School,17,11.3,6,10,78.3,45,32,72.1,5,77.21,Low,False
STU11227,CS101,Fall 2025,4,52.2,50.2,51.6,2.06,3,23,Male,Low,15.7,High-Speed,High School,12,5.7,5,4,64.6,50,38,76.2,3,69.02,Medium,False
STU11228,DS201,Spring 2026,5,49.2,53.1,50.4,2.02,4,20,Other,Medium,2.0,High-Speed,High School,13,15.5,3,2,51.9,45,35,78.8,4,69.28,Low,False
STU11229,DS201,Spring 2024,1,60.2,71.5,63.6,2.54,3,23,Male,Low,2.3,High-Speed,Bachelors,17,14.2,4,2,89.1,40,28,70.8,2,78.72,Low,False
STU11230,DB401,Spring 2025,3,47.3,44.9,46.6,1.86,4,23,Female,Low,4.0,Moderate,Masters,14,11.4,6,2,64.4,40,31,77.2,1,72.48,Low,False
STU11231,SE501,Fall 2024,2,42.0,45.0,42.9,1.72,4,18,Male,Medium,3.6,Moderate,High School,7,15.3,2,5,58.4,45,26,57.4,4,50.88,High,False
STU11232,DS201,Fall 2025,4,65.6,60.7,64.1,2.56,3,20,Male,Low,29.8,Moderate,High School,12,19.3,2,6,92.6,50,25,49.4,5,61.22,Medium,False
STU11233,DS201,Spring 2025,3,67.7,67.5,67.6,2.7,3,25,Male,Medium,14.8,Limited,Bachelors,17,20.6,6,9,75.0,40,31,77.5,1,79.25,Low,False
STU11234,DB401,Fall 2024,2,46.5,55.2,49.1,1.96,3,25,Female,Medium,12.2,High-Speed,Bachelors,6,7.3,3,11,47.7,50,29,58.7,0,47.89,High,False
STU11235,SE501,Spring 2024,1,64.5,71.9,66.7,2.67,4,18,Male,High,2.0,Moderate,Bachelors,14,13.2,4,14,57.5,50,37,73.8,2,69.4,Low,False
STU11236,AI301,Fall 2024,2,53.8,51.6,53.1,2.12,3,22,Female,Medium,22.8,High-Speed,Doctorate,14,19.8,2,12,73.8,40,29,71.3,2,71.41,Low,False
STU11237,CS101,Spring 2025,3,45.6,50.1,46.9,1.88,4,24,Male,Low,16.7,High-Speed,Bachelors,9,23.0,2,8,65.0,40,22,55.9,2,54.45,High,False
STU11238,SE501,Spring 2026,5,59.0,59.8,59.2,2.37,4,25,Female,Low,1.7,Limited,Bachelors,6,10.9,4,11,76.8,40,20,50.6,0,49.66,High,False
STU11239,DB401,Fall 2024,2,47.5,47.1,47.4,1.9,3,23,Male,Medium,19.5,High-Speed,Masters,6,21.9,3,5,68.5,40,20,50.8,3,48.1,High,False
STU11240,CS101,Fall 2023,0,48.6,39.7,45.9,1.84,4,22,Female,Medium,3.0,High-Speed,Bachelors,11,8.2,5,3,67.0,40,29,72.9,5,66.35,High,False
STU11241,CS101,Spring 2024,1,43.6,41.5,43.0,1.72,4,25,Female,Medium,0.8,High-Speed,High School,10,20.7,4,3,76.9,45,25,55.9,0,58.33,Medium,True
STU11242,DS201,Spring 2026,5,36.5,31.3,35.0,1.4,3,20,Female,Medium,10.2,Moderate,High School,11,13.6,5,3,56.0,45,24,53.8,2,54.6,Medium,True
STU11243,DS201,Fall 2024,2,52.5,54.0,52.9,2.12,4,23,Female,Low,10.1,Limited,High School,14,22.8,2,2,55.1,45,23,50.5,4,57.27,Medium,False
STU11244,AI301,Spring 2025,3,66.7,62.7,65.5,2.62,4,24,Female,Medium,0.9,High-Speed,High School,19,12.7,6,12,81.0,40,33,81.6,1,85.5,Low,False
STU11245,CS101,Fall 2023,0,48.5,37.3,45.1,1.8,4,22,Female,Medium,3.6,Moderate,High School,7,13.5,4,7,73.4,50,21,41.6,3,45.98,High,False
STU11246,DB401,Spring 2024,1,62.5,64.2,63.0,2.52,4,25,Male,Low,46.9,High-Speed,High School,9,14.3,3,5,87.4,45,31,67.8,1,64.88,Medium,False
STU11247,DS201,Spring 2026,5,41.5,44.4,42.4,1.7,4,25,Male,Low,10.8,High-Speed,Masters,10,7.3,3,4,58.1,50,30,59.7,0,56.47,Medium,True
STU11248,AI301,Fall 2023,0,30.2,30.0,30.1,1.2,3,21,Female,Low,12.4,High-Speed,Masters,9,6.2,3,2,73.1,40,22,55.0,4,55.62,Medium,False
STU11249,DB401,Spring 2026,5,38.4,30.0,35.9,1.44,4,25,Female,Low,2.3,Moderate,Bachelors,11,17.6,4,13,60.0,40,28,69.0,1,63.0,Medium,True
STU11250,DS201,Spring 2026,5,73.0,71.4,72.5,2.9,4,19,Female,Medium,0.8,High-Speed,Masters,15,19.9,6,8,71.8,45,39,85.9,5,79.81,Low,False
STU11251,AI301,Spring 2026,5,80.8,76.5,79.5,3.18,4,23,Male,Low,3.1,High-Speed,High School,21,18.0,6,10,88.3,50,49,98.4,1,96.86,Low,False
STU11252,SE501,Fall 2023,0,76.2,69.1,74.1,2.96,3,24,Male,Low,2.7,High-Speed,Masters,19,8.7,1,13,80.6,50,39,77.7,2,83.47,Low,False
STU11253,CS101,Fall 2025,4,48.9,48.0,48.6,1.94,4,19,Male,Low,2.5,High-Speed,Bachelors,10,17.4,5,5,64.7,50,26,52.2,3,54.04,High,False
STU11254,AI301,Fall 2025,4,59.3,57.4,58.7,2.35,3,18,Female,High,2.0,Moderate,High School,8,10.0,3,14,72.9,50,31,61.3,3,57.23,High,False
STU11255,DS201,Fall 2025,4,50.4,46.5,49.2,1.97,4,22,Male,High,8.1,High-Speed,High School,15,17.0,2,2,69.4,50,41,82.2,3,77.48,Low,False
STU11256,CS101,Spring 2024,1,48.8,50.3,49.2,1.97,3,25,Male,Low,3.8,High-Speed,High School,19,20.7,4,4,61.9,40,37,91.8,6,86.78,Low,False
STU11257,AI301,Spring 2024,1,65.0,65.5,65.1,2.6,4,18,Female,Medium,16.3,High-Speed,High School,15,16.8,4,10,64.3,50,38,76.7,6,73.71,Low,False
STU11258,DB401,Spring 2026,5,46.8,44.7,46.2,1.85,3,24,Male,Low,1.9,High-Speed,High School,8,22.3,3,2,62.5,50,24,48.6,3,48.8,Medium,False
STU11259,AI301,Spring 2025,3,61.1,62.2,61.4,2.46,3,23,Female,Medium,5.9,Moderate,High School,13,14.3,6,2,83.8,50,34,69.0,2,70.76,Low,False
STU11260,DB401,Fall 2024,2,48.9,48.5,48.8,1.95,4,19,Male,Low,0.1,High-Speed,High School,13,13.9,3,6,69.2,45,28,63.1,5,64.89,Medium,False
STU11261,DB401,Fall 2024,2,70.2,65.6,68.8,2.75,4,19,Female,Medium,6.2,High-Speed,High School,12,15.3,3,14,68.9,40,28,70.5,3,67.03,Medium,False
STU11262,AI301,Fall 2023,0,39.1,39.5,39.2,1.57,4,22,Male,Medium,0.5,High-Speed,Doctorate,9,8.3,3,6,66.4,45,22,48.1,5,50.83,High,False
STU11263,DB401,Spring 2026,5,76.5,79.5,77.4,3.1,4,23,Male,High,36.1,High-Speed,High School,13,13.0,3,14,95.4,45,30,65.9,4,71.53,Low,False
STU11264,AI301,Spring 2025,3,47.1,46.0,46.8,1.87,3,25,Male,Low,14.9,Moderate,High School,11,13.4,5,9,54.8,45,28,62.5,6,58.71,High,False
STU11265,AI301,Fall 2025,4,40.9,53.3,44.6,1.78,4,21,Male,High,6.4,Moderate,Bachelors,16,13.6,1,2,64.7,45,35,77.8,2,75.84,Low,True
STU11266,SE501,Fall 2024,2,59.1,58.9,59.0,2.36,4,21,Male,Medium,0.9,Moderate,Masters,14,16.3,2,9,71.3,45,29,63.9,2,67.21,Medium,False
STU11267,SE501,Spring 2024,1,49.6,51.7,50.2,2.01,4,22,Male,Low,8.5,High-Speed,High School,9,7.6,5,12,70.3,40,22,55.0,3,55.06,Medium,False
STU11268,SE501,Fall 2025,4,57.2,58.2,57.5,2.3,4,23,Female,Medium,13.5,Moderate,Masters,14,9.3,2,3,81.0,50,35,70.6,2,72.5,Low,False
STU11269,CS101,Fall 2024,2,68.5,71.6,69.4,2.78,3,22,Male,Low,2.0,Moderate,High School,15,20.7,3,2,100.0,45,31,69.0,3,77.0,Low,False
STU11270,DS201,Spring 2024,1,31.8,34.7,32.7,1.31,3,23,Female,Low,8.0,High-Speed,High School,14,5.0,9,12,50.7,40,32,80.4,3,71.34,Medium,True
STU11271,DB401,Spring 2024,1,52.4,49.5,51.5,2.06,3,24,Female,Low,16.0,Moderate,High School,9,18.1,2,9,58.3,45,31,68.9,1,59.61,High,False
STU11272,CS101,Fall 2025,4,53.4,54.7,53.8,2.15,4,24,Female,Medium,13.9,Moderate,Bachelors,12,13.1,5,11,72.0,50,30,59.6,1,62.2,Medium,False
STU11273,DB401,Fall 2025,4,66.0,64.6,65.6,2.62,3,18,Male,Medium,15.4,High-Speed,High School,6,15.8,3,3,77.1,45,23,50.9,5,49.87,High,False
STU11274,AI301,Spring 2024,1,68.1,65.3,67.3,2.69,4,25,Male,High,20.1,High-Speed,Bachelors,16,22.8,3,6,58.2,40,26,65.4,1,68.34,Medium,False
STU11275,DS201,Spring 2025,3,58.3,57.4,58.0,2.32,4,22,Male,Low,26.4,Moderate,High School,12,14.3,8,11,75.4,50,38,75.9,7,71.03,Low,False
STU11276,AI301,Spring 2026,5,64.0,63.0,63.7,2.55,3,25,Male,High,4.9,High-Speed,Bachelors,12,18.1,2,7,63.4,50,38,76.9,3,69.13,Medium,False
STU11277,CS101,Spring 2024,1,65.2,71.7,67.1,2.68,3,23,Other,Low,8.0,Moderate,High School,12,15.3,2,4,77.5,50,29,58.6,1,62.8,Low,False
STU11278,CS101,Spring 2024,1,68.2,64.1,67.0,2.68,4,21,Male,Medium,14.9,Moderate,Bachelors,20,14.5,9,14,72.1,50,48,96.4,2,92.62,Low,False
STU11279,DB401,Spring 2024,1,63.9,65.1,64.3,2.57,3,25,Female,Medium,11.3,Moderate,Bachelors,15,13.8,3,10,76.2,50,39,78.6,1,77.04,Low,False
STU11280,AI301,Fall 2025,4,52.4,53.6,52.8,2.11,4,23,Female,Low,51.4,High-Speed,Bachelors,11,18.5,1,10,78.4,45,27,60.2,3,62.28,Medium,False
STU11281,SE501,Spring 2026,5,47.3,46.1,46.9,1.88,3,24,Female,High,0.1,High-Speed,High School,9,11.3,5,9,79.9,40,26,64.6,9,61.78,Medium,True
STU11282,SE501,Fall 2025,4,54.3,60.0,56.0,2.24,3,23,Female,Medium,4.2,High-Speed,Masters,8,9.3,2,14,54.1,40,24,59.4,2,52.52,High,False
STU11283,DS201,Spring 2026,5,50.4,53.0,51.2,2.05,4,22,Male,Medium,3.1,Moderate,Bachelors,11,15.4,5,8,74.4,40,28,71.1,0,66.93,Medium,False
STU11284,CS101,Spring 2024,1,55.0,47.0,52.6,2.1,3,18,Male,Medium,2.9,Moderate,High School,12,16.0,5,6,83.9,45,26,58.8,3,64.18,Medium,False
STU11285,SE501,Spring 2024,1,62.0,69.4,64.2,2.57,3,18,Female,Medium,2.4,Moderate,Doctorate,8,5.9,7,11,76.8,40,23,57.0,2,55.86,Medium,False
STU11286,DB401,Fall 2023,0,48.2,60.1,51.8,2.07,4,18,Male,Medium,11.7,High-Speed,Bachelors,17,14.9,3,3,62.9,45,38,85.3,2,80.73,Low,False
STU11287,DS201,Spring 2025,3,52.3,62.3,55.3,2.21,3,18,Male,Medium,0.8,Limited,Bachelors,8,8.9,3,4,71.9,50,32,64.9,4,58.83,Low,False
STU11288,SE501,Spring 2024,1,62.6,65.0,63.3,2.53,3,24,Male,Low,12.9,Limited,High School,8,18.1,8,6,70.7,50,29,57.4,4,54.84,Medium,False
STU11289,AI301,Spring 2024,1,44.4,38.9,42.7,1.71,3,20,Male,Medium,11.2,High-Speed,Bachelors,13,6.0,2,9,71.0,50,34,68.3,4,67.85,Medium,True
STU11290,SE501,Fall 2023,0,47.4,48.2,47.6,1.9,4,25,Male,High,2.7,High-Speed,High School,10,24.6,4,2,68.9,40,23,58.3,3,57.93,Medium,False
STU11291,DB401,Fall 2025,4,47.2,40.8,45.3,1.81,3,22,Male,Low,2.8,Moderate,Bachelors,12,13.3,7,12,69.7,40,30,73.9,0,68.89,Low,False
STU11292,SE501,Spring 2026,5,60.3,65.4,61.8,2.47,4,19,Female,Low,9.4,Moderate,Bachelors,8,10.7,4,2,78.9,40,21,52.2,4,53.88,High,False
STU11293,DS201,Fall 2024,2,60.6,63.4,61.4,2.46,4,22,Female,Medium,13.6,Limited,Bachelors,11,13.6,0,8,52.7,40,24,60.0,1,57.04,High,False
STU11294,SE501,Fall 2023,0,67.5,78.6,70.8,2.83,4,20,Female,Medium,19.9,High-Speed,High School,14,17.8,2,2,66.1,50,39,78.6,2,73.52,Low,False
STU11295,CS101,Fall 2025,4,44.3,48.5,45.5,1.82,4,18,Male,Medium,18.2,High-Speed,Masters,8,19.5,7,4,62.4,45,18,40.9,7,44.93,High,False
STU11296,DB401,Fall 2025,4,57.4,53.2,56.1,2.24,3,20,Male,Low,31.8,Moderate,High School,19,13.6,2,9,81.3,45,30,65.8,3,77.66,Low,False
STU11297,CS101,Spring 2026,5,63.2,70.0,65.3,2.61,4,21,Male,Medium,8.3,Moderate,Bachelors,13,7.8,4,10,68.2,40,30,74.4,5,70.34,Medium,False
STU11298,AI301,Fall 2023,0,59.2,58.9,59.1,2.36,4,21,Female,Low,22.7,Moderate,Bachelors,14,8.9,3,6,66.5,50,34,68.4,2,68.5,Low,False
STU11299,CS101,Spring 2025,3,40.8,40.1,40.6,1.62,3,25,Female,Medium,15.7,Limited,Bachelors,8,16.4,7,7,68.0,50,30,59.0,3,55.1,Medium,False
STU11300,AI301,Fall 2025,4,48.8,50.4,49.3,1.97,3,24,Male,Medium,21.4,High-Speed,High School,14,19.9,2,14,65.6,45,35,78.6,1,73.42,Medium,False
STU11301,CS101,Fall 2024,2,50.3,47.9,49.6,1.98,4,22,Female,Low,0.1,Moderate,High School,14,20.6,4,9,87.4,50,35,69.5,3,73.23,Low,False
STU11302,DS201,Spring 2026,5,48.6,45.7,47.7,1.91,4,22,Male,Medium,32.1,High-Speed,High School,9,15.8,3,4,70.5,40,18,46.1,1,50.65,Medium,False
STU11303,DS201,Spring 2025,3,53.6,65.8,57.3,2.29,4,19,Female,High,6.1,High-Speed,Bachelors,8,19.8,3,2,82.1,50,29,57.5,1,57.17,High,False
STU11304,DS201,Fall 2023,0,56.0,62.2,57.9,2.32,4,24,Female,Medium,15.2,High-Speed,High School,12,24.6,2,10,68.2,45,27,59.7,0,61.49,Medium,False
STU11305,AI301,Fall 2025,4,70.1,73.3,71.1,2.84,4,19,Female,High,1.3,Moderate,Bachelors,12,21.0,5,3,88.8,45,28,61.9,1,66.71,Medium,False
STU11306,SE501,Fall 2025,4,73.5,73.9,73.6,2.94,4,21,Female,Medium,4.8,Limited,Bachelors,20,19.6,5,13,85.7,40,36,91.2,4,92.74,Low,False
STU11307,AI301,Spring 2024,1,59.4,52.3,57.3,2.29,4,18,Female,Medium,3.0,High-Speed,High School,16,11.0,4,12,71.3,40,32,78.9,4,77.71,Low,False
STU11308,DS201,Spring 2025,3,64.9,70.1,66.5,2.66,4,20,Male,Low,3.3,High-Speed,High School,9,19.8,2,10,79.7,45,26,56.9,5,57.89,Medium,False
STU11309,DB401,Fall 2024,2,47.9,45.4,47.2,1.89,4,19,Female,Low,1.2,Moderate,High School,14,17.3,1,12,74.6,40,30,75.7,2,73.77,High,False
STU11310,DS201,Fall 2025,4,58.6,57.4,58.2,2.33,4,23,Male,Low,15.6,Moderate,High School,15,18.3,1,3,71.7,45,33,73.5,5,73.59,Low,False
STU11311,CS101,Fall 2024,2,58.6,63.2,60.0,2.4,4,19,Female,Medium,0.1,Limited,Bachelors,18,21.3,2,9,68.4,45,37,82.5,1,81.93,Low,False
STU11312,CS101,Fall 2024,2,58.4,50.6,56.1,2.24,3,18,Female,High,3.6,High-Speed,Bachelors,13,16.8,4,4,72.6,40,31,76.5,3,72.27,Low,False
STU11313,CS101,Spring 2024,1,50.5,49.8,50.3,2.01,3,18,Female,Medium,1.8,High-Speed,Bachelors,9,14.5,5,14,72.0,50,32,64.6,4,60.2,Medium,False
STU11314,DS201,Fall 2024,2,63.7,64.8,64.0,2.56,3,22,Male,Medium,8.4,High-Speed,High School,12,9.7,3,10,63.3,45,31,70.0,3,65.66,Medium,False
STU11315,SE501,Fall 2024,2,45.2,48.9,46.3,1.85,3,20,Female,Medium,2.8,High-Speed,Masters,17,13.5,2,11,76.6,45,32,71.3,1,76.47,Low,False
STU11316,CS101,Spring 2024,1,61.2,59.0,60.6,2.42,3,18,Female,Medium,2.8,High-Speed,High School,15,16.1,5,14,57.9,45,37,81.7,5,74.93,Low,False
STU11317,DB401,Spring 2025,3,49.0,41.3,46.7,1.87,3,24,Female,Medium,6.4,High-Speed,High School,12,16.4,3,5,74.3,40,27,68.3,5,67.01,Medium,False
STU11318,DS201,Spring 2025,3,36.1,37.1,36.4,1.46,4,19,Male,Medium,10.0,High-Speed,Bachelors,13,16.2,4,9,62.1,50,34,68.8,4,66.32,Medium,True
STU11319,AI301,Spring 2025,3,58.4,54.1,57.1,2.28,4,19,Male,Medium,1.2,High-Speed,Masters,8,19.8,4,5,88.4,40,20,48.8,2,54.08,High,False
STU11320,AI301,Fall 2023,0,59.2,61.9,60.0,2.4,4,21,Male,Low,1.8,Limited,High School,5,19.3,7,4,80.9,45,26,56.7,2,52.03,High,False
STU11321,AI301,Fall 2023,0,72.2,77.7,73.9,2.96,4,18,Male,High,2.7,High-Speed,Bachelors,14,14.7,5,2,75.6,40,31,77.5,2,74.87,Low,False
STU11322,AI301,Spring 2026,5,59.3,60.2,59.6,2.38,4,23,Female,Low,34.6,High-Speed,Masters,10,10.8,3,5,79.3,50,34,67.9,1,64.81,Medium,False
STU11323,DS201,Spring 2024,1,61.9,55.7,60.0,2.4,4,22,Male,Low,4.8,Moderate,Bachelors,13,16.9,2,3,79.2,40,23,56.5,7,63.59,Medium,False
STU11324,CS101,Fall 2024,2,69.8,70.9,70.1,2.8,3,20,Female,High,8.7,Moderate,High School,14,26.2,5,10,79.9,40,31,76.8,2,75.38,Low,False
STU11325,DS201,Fall 2023,0,53.0,54.1,53.3,2.13,3,23,Male,Medium,2.6,Moderate,Masters,13,16.6,3,3,52.9,50,38,76.5,1,68.33,Low,False
STU11326,DB401,Spring 2025,3,41.8,38.2,40.7,1.63,3,22,Male,Medium,6.4,Moderate,Bachelors,12,13.5,2,9,65.3,45,29,64.9,3,63.51,Low,True
STU11327,DB401,Fall 2024,2,67.8,74.5,69.8,2.79,3,19,Female,Medium,0.7,Moderate,Bachelors,17,17.7,6,11,64.5,45,41,90.6,1,83.7,Low,False
STU11328,AI301,Fall 2025,4,52.0,53.0,52.3,2.09,3,23,Female,Medium,0.3,Moderate,Bachelors,12,18.0,1,11,63.3,40,19,48.7,1,55.01,High,False
STU11329,DS201,Spring 2025,3,47.8,48.8,48.1,1.92,3,22,Female,Low,6.0,Moderate,Doctorate,6,17.9,2,8,91.4,40,18,46.0,3,50.28,High,False
STU11330,AI301,Spring 2025,3,52.6,52.8,52.7,2.11,4,19,Female,Medium,4.8,Moderate,Bachelors,13,21.9,7,7,71.6,40,27,67.1,2,67.37,Medium,False
STU11331,DB401,Spring 2026,5,45.7,54.4,48.3,1.93,3,19,Female,Medium,1.4,High-Speed,High School,14,16.9,3,5,84.0,40,26,65.3,1,70.45,Medium,False
STU11332,CS101,Fall 2024,2,55.6,63.3,57.9,2.32,3,19,Male,Medium,11.1,High-Speed,Bachelors,11,21.6,2,4,70.3,50,25,50.1,0,55.61,High,False
STU11333,DS201,Spring 2025,3,45.6,44.0,45.1,1.8,3,19,Other,Medium,47.0,Moderate,High School,15,16.2,5,13,63.5,45,31,70.0,4,70.2,High,False
STU11334,AI301,Spring 2024,1,66.7,71.4,68.1,2.72,4,24,Female,High,4.8,High-Speed,High School,16,22.6,4,13,72.6,45,37,81.6,0,79.32,Low,False
STU11335,AI301,Fall 2024,2,58.1,57.9,58.0,2.32,4,19,Female,Low,9.3,Limited,Bachelors,9,21.0,4,12,67.2,40,25,61.4,5,57.64,Medium,False
STU11336,CS101,Fall 2024,2,62.8,66.4,63.9,2.56,4,21,Male,Medium,31.3,High-Speed,High School,7,19.6,6,14,87.3,50,29,57.2,3,56.56,Low,False
STU11337,DS201,Spring 2026,5,42.2,38.7,41.1,1.64,4,23,Female,Medium,16.9,High-Speed,Bachelors,8,18.9,3,11,52.6,50,25,50.6,3,47.82,High,False
STU11338,SE501,Fall 2023,0,67.4,66.5,67.1,2.68,3,22,Male,High,5.9,Limited,Masters,13,26.5,5,6,82.0,40,27,66.7,3,69.25,Low,False
STU11339,SE501,Fall 2025,4,51.2,43.2,48.8,1.95,4,21,Male,Low,12.7,High-Speed,Bachelors,12,20.4,5,3,72.9,40,23,56.9,4,61.03,Medium,False
STU11340,SE501,Fall 2024,2,61.0,60.9,61.0,2.44,4,24,Male,Medium,1.3,Limited,Masters,14,10.8,3,14,70.2,45,28,61.4,1,65.74,Low,False
STU11341,AI301,Spring 2026,5,46.4,42.1,45.1,1.8,4,25,Male,High,6.8,Limited,High School,13,16.2,7,3,70.5,40,22,54.1,2,60.65,Medium,False
STU11342,AI301,Spring 2025,3,72.2,65.6,70.2,2.81,4,25,Female,Low,3.1,Moderate,Masters,12,13.7,3,9,76.8,40,32,79.0,3,72.86,Low,False
STU11343,DS201,Spring 2025,3,58.3,58.8,58.4,2.34,4,21,Female,High,1.7,High-Speed,Masters,15,25.3,4,4,70.5,45,32,70.4,1,71.8,Low,False
STU11344,DS201,Fall 2025,4,64.3,59.0,62.7,2.51,3,18,Female,Low,5.3,Moderate,High School,14,21.3,5,8,83.5,45,35,77.8,3,76.6,Low,False
STU11345,DS201,Fall 2023,0,47.3,44.0,46.3,1.85,3,18,Male,Medium,1.3,Moderate,High School,11,25.2,5,12,50.5,50,34,67.2,4,60.2,Medium,False
STU11346,SE501,Fall 2024,2,73.3,82.9,76.2,3.05,4,18,Male,High,11.4,Moderate,High School,22,11.2,7,7,65.6,45,42,93.4,5,89.82,Low,False
STU11347,DB401,Fall 2023,0,45.5,40.6,44.0,1.76,4,20,Male,Medium,5.8,Moderate,Masters,10,20.5,4,9,61.8,40,24,60.6,2,57.66,High,True
STU11348,CS101,Fall 2023,0,52.2,50.7,51.7,2.07,3,18,Other,Medium,7.2,Limited,Masters,10,8.2,6,4,54.5,50,35,70.6,6,61.2,Low,False
STU11349,CS101,Spring 2026,5,50.9,45.7,49.3,1.97,3,22,Male,Low,1.5,Moderate,High School,16,7.0,3,2,74.8,40,29,72.2,3,75.06,Medium,False
STU11350,SE501,Spring 2025,3,55.2,62.2,57.3,2.29,3,21,Female,High,1.4,Limited,Bachelors,6,13.0,4,7,89.1,45,26,58.2,4,55.92,Medium,False
STU11351,DB401,Spring 2024,1,62.1,63.2,62.4,2.5,4,22,Female,Medium,8.3,High-Speed,High School,10,22.6,5,7,76.9,50,34,67.7,4,64.23,Medium,False
STU11352,AI301,Fall 2023,0,50.6,56.3,52.3,2.09,3,23,Male,Low,39.9,High-Speed,Bachelors,12,10.0,2,9,67.8,50,36,71.2,0,67.16,Medium,False
STU11353,SE501,Spring 2026,5,67.4,69.5,68.0,2.72,3,18,Female,Medium,1.0,High-Speed,Doctorate,13,14.9,6,11,81.6,50,34,67.5,6,69.57,Low,False
STU11354,CS101,Fall 2024,2,70.1,71.2,70.4,2.82,3,24,Male,Medium,3.2,High-Speed,High School,12,20.9,2,4,78.3,45,30,67.7,2,67.51,Medium,False
STU11355,DB401,Fall 2023,0,38.8,41.7,39.7,1.59,4,20,Female,Low,19.3,Moderate,Masters,8,19.2,5,14,60.9,45,21,47.6,1,47.98,High,False
STU11356,AI301,Spring 2026,5,51.4,42.5,48.7,1.95,4,23,Female,Low,0.7,High-Speed,Masters,14,26.1,4,10,64.7,45,34,74.7,2,71.29,Medium,False
STU11357,DS201,Spring 2025,3,66.6,60.9,64.9,2.6,4,24,Male,Low,19.8,Limited,Doctorate,7,15.0,4,7,94.0,50,27,54.6,2,56.6,Low,False
STU11358,CS101,Spring 2026,5,59.9,62.4,60.7,2.43,4,20,Male,Medium,7.1,High-Speed,High School,9,12.8,1,2,87.7,45,25,55.9,7,58.99,Medium,False
STU11359,DB401,Spring 2026,5,41.4,43.0,41.9,1.68,4,25,Female,Medium,5.0,High-Speed,High School,8,9.5,1,4,76.9,45,25,55.9,3,55.33,Medium,False
STU11360,CS101,Fall 2023,0,59.3,53.8,57.6,2.3,3,23,Female,Medium,3.5,High-Speed,High School,15,13.2,3,5,82.5,40,33,82.3,1,80.15,Low,False
STU11361,SE501,Fall 2025,4,61.9,62.4,62.1,2.48,4,25,Male,High,3.3,High-Speed,Bachelors,11,9.5,4,4,86.2,45,30,65.6,4,66.54,Low,False
STU11362,SE501,Fall 2023,0,80.6,79.3,80.2,3.21,4,21,Female,High,3.5,High-Speed,Bachelors,14,6.0,3,7,87.0,45,34,75.5,1,76.15,Medium,False
STU11363,AI301,Spring 2025,3,68.6,73.7,70.1,2.8,4,22,Female,Medium,20.5,High-Speed,High School,10,24.8,2,8,82.8,45,31,69.4,0,66.26,Low,False
STU11364,SE501,Spring 2024,1,67.0,68.2,67.3,2.69,4,19,Female,Low,12.2,Moderate,Bachelors,9,15.2,7,13,62.9,45,24,53.9,4,53.03,Medium,False
STU11365,DS201,Fall 2023,0,56.5,58.3,57.0,2.28,4,22,Male,Medium,10.5,High-Speed,High School,9,28.0,10,12,74.3,40,27,66.3,5,61.51,Medium,False
STU11366,DB401,Spring 2024,1,28.6,30.0,29.0,1.16,3,18,Female,Medium,15.2,High-Speed,High School,9,10.8,2,3,83.2,45,16,35.7,5,47.99,High,False
STU11367,SE501,Fall 2025,4,71.3,69.6,70.8,2.83,3,25,Female,Medium,2.8,Moderate,Bachelors,8,12.9,6,14,74.4,45,24,53.9,3,53.83,Medium,False
STU11368,CS101,Spring 2026,5,46.1,41.9,44.8,1.79,3,24,Male,Medium,9.1,High-Speed,High School,11,11.1,2,7,70.8,45,29,63.4,1,62.36,Medium,True
STU11369,AI301,Spring 2024,1,51.9,52.0,51.9,2.08,4,19,Male,Medium,5.9,High-Speed,High School,18,11.8,2,5,66.5,45,41,91.5,4,86.05,Low,False
STU11370,DB401,Fall 2023,0,60.0,59.9,60.0,2.4,4,20,Female,High,14.5,High-Speed,High School,15,19.4,3,13,54.6,50,39,77.7,3,72.27,Low,False
STU11371,AI301,Fall 2023,0,61.4,64.9,62.5,2.5,3,25,Male,Low,3.5,High-Speed,Masters,11,17.8,6,2,64.4,45,27,60.8,4,59.78,High,False
STU11372,SE501,Fall 2023,0,63.0,69.2,64.9,2.6,3,21,Female,Medium,9.8,Moderate,Bachelors,15,19.4,3,13,57.3,40,30,75.2,3,71.56,Medium,False
STU11373,DS201,Fall 2024,2,68.2,67.9,68.1,2.72,3,21,Female,Low,20.3,High-Speed,Bachelors,16,21.7,6,3,75.3,50,43,86.4,1,82.26,Low,False
STU11374,CS101,Spring 2025,3,38.4,30.0,35.9,1.44,3,25,Male,High,4.9,Moderate,Bachelors,13,20.5,7,6,65.4,45,31,68.0,3,66.58,Medium,True
STU11375,DS201,Fall 2023,0,58.4,65.1,60.4,2.42,3,25,Female,Low,0.7,Limited,Bachelors,17,10.0,5,13,71.8,40,27,67.1,5,73.41,Low,False
STU11376,SE501,Spring 2024,1,73.1,76.4,74.1,2.96,3,25,Male,Low,6.9,High-Speed,High School,16,12.4,4,10,74.9,45,36,80.2,4,79.08,Low,False
STU11377,SE501,Spring 2024,1,59.4,55.1,58.1,2.32,4,20,Female,Medium,4.0,Limited,Bachelors,10,15.6,1,6,75.7,50,32,63.4,3,61.84,Low,False
STU11378,DB401,Fall 2025,4,47.2,68.2,53.5,2.14,3,18,Male,Medium,10.6,High-Speed,Bachelors,7,33.6,4,9,66.1,50,26,52.3,1,49.87,High,False
STU11379,CS101,Spring 2024,1,61.0,61.4,61.1,2.44,3,20,Female,Low,28.7,High-Speed,Bachelors,9,18.9,2,13,67.5,40,26,64.3,1,59.15,Medium,False
STU11380,SE501,Spring 2026,5,56.7,53.6,55.8,2.23,3,23,Male,Medium,6.3,High-Speed,Bachelors,4,15.5,4,11,72.8,40,20,49.4,5,45.26,High,False
STU11381,SE501,Spring 2024,1,49.4,47.3,48.8,1.95,4,24,Male,Medium,6.0,High-Speed,Bachelors,10,18.4,4,3,72.8,50,29,58.8,3,58.96,High,False
STU11382,DS201,Spring 2024,1,63.5,68.5,65.0,2.6,4,25,Female,Low,10.1,Moderate,High School,11,12.0,3,6,81.8,45,30,67.3,1,66.51,Low,False
STU11383,DS201,Fall 2024,2,51.0,48.0,50.1,2.0,3,24,Male,Medium,1.0,High-Speed,Masters,11,16.3,6,2,73.1,50,28,56.1,8,59.17,Medium,True
STU11384,DS201,Fall 2023,0,48.1,40.7,45.9,1.84,4,18,Female,High,2.8,Moderate,High School,12,19.8,1,3,59.2,45,25,55.8,2,57.74,Medium,False
STU11385,CS101,Fall 2025,4,52.6,58.9,54.5,2.18,3,19,Male,Medium,23.9,Moderate,Masters,15,14.9,2,12,66.0,40,26,66.2,3,68.8,Medium,False
STU11386,CS101,Spring 2025,3,50.0,49.9,50.0,2.0,4,20,Female,Medium,10.5,High-Speed,High School,14,11.2,5,4,63.4,50,34,67.1,2,67.23,Low,False
STU11387,DS201,Fall 2024,2,39.7,37.2,38.9,1.56,4,18,Male,Medium,0.1,Moderate,High School,8,14.6,7,9,67.5,45,21,46.1,0,48.55,High,False
STU11388,AI301,Fall 2025,4,62.9,67.4,64.3,2.57,3,24,Female,Medium,2.2,Limited,Bachelors,12,13.4,6,13,78.5,45,32,70.2,1,68.8,Medium,False
STU11389,DS201,Spring 2025,3,61.7,62.4,61.9,2.48,3,19,Male,Low,10.9,High-Speed,High School,8,8.2,6,11,80.1,50,31,61.3,4,58.67,Medium,False
STU11390,CS101,Spring 2025,3,62.6,61.0,62.1,2.48,3,20,Male,Low,13.7,High-Speed,Masters,19,12.1,2,4,74.4,50,47,93.7,1,90.23,Low,False
STU11391,CS101,Fall 2025,4,37.2,35.9,36.8,1.47,3,21,Male,High,17.4,High-Speed,Bachelors,10,8.0,1,13,55.8,45,27,59.0,2,55.66,Medium,True
STU11392,AI301,Spring 2026,5,48.8,50.7,49.4,1.98,4,20,Male,High,3.3,High-Speed,Bachelors,9,8.8,5,5,63.9,45,27,60.3,4,56.43,Medium,False
STU11393,CS101,Fall 2025,4,48.9,54.6,50.6,2.02,3,22,Female,Medium,25.4,High-Speed,High School,11,9.3,5,5,67.2,40,24,60.2,2,60.04,Medium,False
STU11394,AI301,Fall 2023,0,64.0,66.2,64.7,2.59,4,20,Male,Low,7.6,High-Speed,High School,7,19.8,5,10,78.8,45,27,61.1,7,56.81,Medium,False
STU11395,SE501,Spring 2025,3,57.7,66.6,60.4,2.42,4,22,Female,Low,11.3,Moderate,High School,11,22.4,0,5,54.6,50,35,69.5,3,62.17,Medium,False
STU11396,AI301,Fall 2023,0,36.8,30.0,34.8,1.39,3,19,Male,Medium,8.6,Moderate,Bachelors,11,7.3,6,10,59.0,50,29,57.9,3,57.25,High,True
STU11397,DS201,Fall 2023,0,54.1,49.6,52.8,2.11,3,20,Male,Medium,1.2,High-Speed,Bachelors,8,22.9,4,12,78.3,45,28,61.2,2,58.26,Low,False
STU11398,CS101,Spring 2025,3,64.5,55.5,61.8,2.47,4,19,Female,Low,31.3,High-Speed,Bachelors,12,9.4,7,9,76.8,45,35,78.0,2,72.36,Low,False
STU11399,DB401,Spring 2026,5,64.3,62.1,63.6,2.54,4,19,Female,High,1.2,High-Speed,Doctorate,14,18.7,4,5,89.4,45,35,78.6,6,78.18,Low,False
STU11400,SE501,Spring 2026,5,83.5,91.9,86.0,3.44,4,24,Male,Medium,2.8,High-Speed,Bachelors,18,16.3,6,4,94.9,40,34,85.9,1,88.93,Low,False
STU11401,DS201,Spring 2025,3,34.3,37.4,35.2,1.41,3,18,Male,High,16.0,High-Speed,Masters,7,18.2,5,3,60.9,50,27,54.7,1,50.03,High,False
STU11402,DB401,Fall 2025,4,54.9,58.9,56.1,2.24,4,19,Male,Medium,9.2,Limited,High School,22,9.2,7,9,57.5,50,47,93.2,1,88.1,Low,False
STU11403,SE501,Fall 2024,2,51.1,52.7,51.6,2.06,3,19,Female,Medium,17.3,High-Speed,High School,11,5.9,2,9,61.8,45,29,64.7,2,61.21,Low,False
STU11404,CS101,Fall 2025,4,60.0,56.7,59.0,2.36,4,24,Female,Medium,6.9,High-Speed,High School,10,11.0,1,2,100.0,40,26,64.9,2,67.45,Low,False
STU11405,SE501,Fall 2025,4,55.0,62.4,57.2,2.29,3,24,Male,Medium,4.5,High-Speed,High School,13,17.1,6,8,65.1,40,32,80.5,5,72.77,Medium,False
STU11406,CS101,Spring 2025,3,51.5,48.8,50.7,2.03,3,20,Female,Medium,24.2,Moderate,Bachelors,16,24.8,5,9,87.3,45,35,78.0,1,80.46,Low,False
STU11407,AI301,Spring 2025,3,72.1,71.2,71.8,2.87,4,24,Female,Medium,0.4,Moderate,Bachelors,13,9.9,5,8,87.4,50,34,68.6,5,71.28,Medium,False
STU11408,DB401,Spring 2026,5,50.0,59.6,52.9,2.12,4,20,Female,Medium,18.4,High-Speed,Bachelors,10,14.5,4,12,48.6,40,26,64.7,1,57.07,High,False
STU11409,DB401,Fall 2023,0,40.1,42.9,40.9,1.64,3,21,Female,High,2.5,High-Speed,Bachelors,12,11.3,11,13,75.5,45,29,65.1,1,65.65,Low,True
STU11410,DB401,Fall 2023,0,69.6,74.0,70.9,2.84,3,24,Male,Medium,17.9,High-Speed,Doctorate,13,14.9,5,4,73.8,50,40,80.3,2,74.41,Low,False
STU11411,DS201,Spring 2025,3,55.4,53.1,54.7,2.19,4,18,Male,Medium,1.4,High-Speed,Masters,9,5.3,7,5,83.5,50,30,59.4,4,59.9,Medium,False
STU11412,AI301,Fall 2024,2,62.8,55.9,60.7,2.43,4,19,Male,High,8.2,Limited,High School,13,22.5,6,6,87.9,45,35,76.9,1,75.53,Low,False
STU11413,SE501,Fall 2023,0,53.8,47.2,51.8,2.07,3,18,Male,Low,20.8,Moderate,High School,10,15.1,6,2,83.3,50,24,48.5,3,55.91,Medium,False
STU11414,DS201,Spring 2024,1,50.9,47.8,50.0,2.0,4,22,Female,Low,6.1,Moderate,High School,12,19.6,2,11,74.8,40,24,60.5,1,63.21,Medium,False
STU11415,DS201,Spring 2024,1,59.1,57.7,58.7,2.35,4,25,Female,Medium,13.0,High-Speed,High School,14,13.8,2,4,80.8,50,34,67.5,2,70.91,Medium,False
STU11416,DB401,Spring 2025,3,36.6,36.6,36.6,1.46,3,24,Male,Medium,15.5,High-Speed,Bachelors,14,16.0,7,7,42.0,40,28,69.9,2,64.35,Low,True
STU11417,DS201,Spring 2026,5,39.5,40.6,39.8,1.59,4,19,Male,High,12.7,Moderate,Bachelors,10,20.6,4,4,55.6,40,20,50.5,2,51.37,High,True
STU11418,DS201,Spring 2026,5,46.2,46.7,46.3,1.85,4,18,Male,Medium,24.6,High-Speed,High School,14,15.7,3,6,64.0,45,30,65.8,2,66.7,Medium,False
STU11419,DB401,Spring 2024,1,62.0,65.4,63.0,2.52,4,24,Female,Medium,5.6,Limited,Bachelors,11,15.8,6,5,75.4,45,32,70.2,5,66.68,Low,False
STU11420,DB401,Fall 2024,2,42.1,43.5,42.5,1.7,3,24,Male,Medium,1.8,High-Speed,Bachelors,12,11.0,7,3,56.8,50,25,50.8,3,54.76,Medium,True
STU11421,CS101,Fall 2023,0,59.2,64.2,60.7,2.43,3,25,Female,Low,0.5,High-Speed,High School,17,12.3,2,5,76.3,40,29,73.3,5,77.41,Low,False
STU11422,SE501,Fall 2024,2,54.4,56.6,55.1,2.2,4,21,Male,Medium,2.7,Moderate,High School,15,9.9,1,5,85.1,40,28,70.3,5,74.67,Low,False
STU11423,DS201,Spring 2026,5,43.7,44.4,43.9,1.76,4,21,Male,High,1.5,High-Speed,Masters,10,11.3,3,12,46.9,40,19,48.6,2,48.68,High,True
STU11424,DS201,Fall 2023,0,75.5,72.2,74.5,2.98,4,19,Other,Low,7.8,High-Speed,Bachelors,14,21.3,1,4,96.4,40,33,83.5,4,82.03,Low,False
STU11425,SE501,Fall 2023,0,53.8,56.5,54.6,2.18,3,22,Female,Medium,1.9,High-Speed,High School,12,24.0,4,12,59.8,40,20,51.2,3,55.56,High,False
STU11426,CS101,Fall 2025,4,57.8,51.4,55.9,2.24,4,21,Male,Medium,0.4,Moderate,High School,12,8.8,0,9,79.7,50,29,57.9,3,62.89,High,False
STU11427,AI301,Fall 2024,2,42.7,48.9,44.6,1.78,4,25,Female,Low,0.3,High-Speed,High School,4,17.0,3,7,60.6,40,19,47.7,6,41.97,High,False
STU11428,CS101,Spring 2024,1,66.3,71.4,67.8,2.71,4,21,Female,Low,16.9,High-Speed,High School,13,13.4,2,2,74.0,45,36,79.4,5,74.0,Low,False
STU11429,CS101,Spring 2025,3,39.3,38.0,38.9,1.56,4,22,Female,High,8.5,Moderate,Masters,9,22.0,2,10,48.5,45,29,64.1,3,55.25,High,False
STU11430,AI301,Spring 2026,5,61.9,59.9,61.3,2.45,3,18,Male,Medium,4.2,High-Speed,High School,17,15.7,3,4,85.5,40,31,77.8,8,81.5,Low,True
STU11431,DB401,Spring 2026,5,48.8,53.6,50.2,2.01,3,21,Female,Low,21.3,Limited,High School,16,15.0,7,5,55.6,50,39,77.2,2,73.72,Low,False
STU11432,SE501,Fall 2025,4,68.1,67.8,68.0,2.72,4,25,Male,Low,0.7,High-Speed,High School,12,11.3,3,11,76.7,45,31,68.7,0,67.69,Low,False
STU11433,CS101,Fall 2023,0,62.8,67.3,64.2,2.57,3,20,Female,Medium,37.3,Moderate,Bachelors,14,7.3,4,11,83.8,50,38,75.1,5,75.31,Low,False
STU11434,DB401,Fall 2024,2,49.4,54.7,51.0,2.04,4,25,Male,Medium,9.1,High-Speed,High School,7,18.8,8,13,65.3,45,25,55.9,5,51.51,High,False
STU11435,AI301,Fall 2024,2,50.8,47.0,49.7,1.99,4,23,Male,Medium,1.9,Moderate,High School,12,16.8,1,8,63.4,40,30,76.1,3,68.73,Medium,False
STU11436,SE501,Spring 2024,1,48.9,41.4,46.6,1.86,3,23,Male,Low,10.8,Moderate,Bachelors,8,16.9,5,6,50.9,45,30,65.6,0,54.98,High,False
STU11437,DS201,Fall 2025,4,63.8,63.3,63.6,2.54,4,21,Female,High,13.7,Limited,Bachelors,15,12.0,2,5,74.1,40,34,85.9,5,80.27,Low,False
STU11438,AI301,Fall 2024,2,68.0,72.5,69.4,2.78,4,18,Male,Medium,5.3,High-Speed,High School,13,14.3,8,3,73.8,40,28,68.9,5,68.71,Medium,False
STU11439,DB401,Spring 2026,5,43.6,43.4,43.5,1.74,3,24,Female,Medium,18.8,High-Speed,High School,11,19.0,9,6,60.9,40,20,50.4,0,53.88,Medium,True
STU11440,CS101,Spring 2025,3,64.3,69.4,65.8,2.63,4,18,Female,Medium,1.6,Moderate,Bachelors,13,19.9,5,14,71.9,45,34,75.5,4,71.63,Low,False
STU11441,DS201,Spring 2025,3,42.3,36.7,40.6,1.62,4,25,Male,Medium,3.1,High-Speed,Doctorate,13,9.1,3,9,55.1,50,35,70.0,2,65.52,Medium,True
STU11442,CS101,Spring 2024,1,53.0,43.8,50.2,2.01,4,19,Female,High,0.9,High-Speed,High School,14,11.8,1,3,56.5,45,33,74.2,2,69.4,Medium,False
STU11443,CS101,Spring 2024,1,65.4,65.7,65.5,2.62,3,20,Male,High,2.2,Limited,High School,13,8.1,9,14,80.8,50,38,75.4,2,73.36,Low,False
STU11444,DS201,Spring 2024,1,42.9,37.7,41.3,1.65,4,18,Female,Medium,2.6,High-Speed,High School,9,16.0,4,2,70.1,40,22,55.9,1,55.47,High,False
STU11445,DB401,Spring 2025,3,49.0,46.7,48.3,1.93,3,22,Male,High,23.7,Limited,Bachelors,8,19.4,2,12,57.3,50,30,60.6,5,53.76,Medium,False
STU11446,DB401,Spring 2025,3,53.9,53.0,53.6,2.14,4,25,Female,Medium,0.8,High-Speed,Bachelors,12,13.6,2,7,85.4,40,29,71.4,3,70.78,Low,False
STU11447,AI301,Spring 2025,3,41.5,46.8,43.1,1.72,3,20,Female,High,5.3,Moderate,Bachelors,14,11.7,6,14,69.8,45,35,78.1,1,74.01,Low,True
STU11448,DB401,Spring 2024,1,50.1,53.9,51.2,2.05,3,23,Female,Low,7.2,High-Speed,Bachelors,5,13.3,4,14,76.0,50,23,45.5,2,45.45,High,False
STU11449,DB401,Fall 2023,0,65.1,62.9,64.4,2.58,4,25,Female,Medium,21.8,High-Speed,Masters,11,26.5,0,2,77.8,50,32,65.0,1,64.56,Low,False
STU11450,DB401,Fall 2023,0,38.2,44.0,40.0,1.6,3,20,Female,Low,57.7,Limited,Masters,9,21.0,2,10,72.1,50,33,65.7,1,60.77,High,False
STU11451,CS101,Fall 2023,0,60.8,71.5,64.0,2.56,4,22,Female,High,13.3,High-Speed,Bachelors,8,18.7,4,9,70.1,45,30,67.1,5,59.57,Medium,False
STU11452,CS101,Spring 2024,1,80.0,80.1,80.0,3.2,3,21,Female,Low,33.6,Moderate,Bachelors,17,16.6,3,5,85.6,50,46,92.2,1,88.72,Low,False
STU11453,DS201,Fall 2024,2,37.8,44.2,39.7,1.59,3,22,Female,Medium,14.7,Moderate,High School,14,14.9,2,8,55.4,40,32,79.6,2,71.88,Low,True
STU11454,SE501,Spring 2024,1,44.7,55.2,47.9,1.92,3,22,Male,Medium,31.4,High-Speed,Bachelors,10,10.5,3,11,47.4,45,30,66.7,2,57.83,High,False
STU11455,DS201,Fall 2025,4,49.7,53.4,50.8,2.03,4,21,Female,Medium,11.7,Limited,Bachelors,19,9.7,3,5,63.4,40,34,85.9,1,84.13,Low,False
STU11456,CS101,Fall 2024,2,64.5,63.0,64.0,2.56,4,21,Female,Medium,0.8,High-Speed,Bachelors,14,12.2,3,7,65.1,40,23,56.4,2,62.22,Medium,False
STU11457,SE501,Spring 2024,1,37.4,40.1,38.2,1.53,4,21,Female,High,4.9,Moderate,High School,8,10.2,2,11,51.7,45,18,40.2,3,42.44,High,False
STU11458,DS201,Spring 2024,1,46.7,42.2,45.4,1.82,3,21,Male,Medium,9.9,High-Speed,Bachelors,10,12.0,1,8,77.2,40,29,73.5,6,67.19,Low,False
STU11459,DB401,Spring 2025,3,60.9,57.6,59.9,2.4,3,21,Female,High,4.1,Moderate,Bachelors,10,14.5,6,10,69.5,50,32,64.1,4,60.95,Medium,False
STU11460,DS201,Fall 2025,4,55.0,53.0,54.4,2.18,3,22,Male,Low,3.0,Moderate,Bachelors,10,14.9,4,12,79.8,40,26,65.4,2,63.66,Low,False
STU11461,AI301,Fall 2024,2,52.4,52.6,52.5,2.1,3,19,Female,Medium,8.2,High-Speed,High School,8,11.9,3,3,70.9,50,30,59.6,3,55.98,Medium,False
STU11462,AI301,Spring 2026,5,39.1,40.5,39.5,1.58,3,19,Male,Medium,25.8,Moderate,Bachelors,14,17.5,5,11,55.5,45,29,63.6,2,63.9,Medium,True
STU11463,AI301,Spring 2024,1,56.7,51.9,55.3,2.21,3,25,Female,Low,0.3,High-Speed,High School,7,14.1,2,9,63.2,40,25,63.7,4,54.99,Medium,False
STU11464,CS101,Fall 2025,4,59.6,68.0,62.1,2.48,3,18,Other,Medium,13.9,High-Speed,Masters,9,16.1,7,10,73.1,40,26,65.4,3,60.82,Medium,False
STU11465,SE501,Spring 2025,3,70.8,70.3,70.6,2.82,4,19,Male,Medium,12.2,High-Speed,Bachelors,14,11.3,0,14,88.6,50,36,72.7,0,75.07,Low,False
STU11466,DS201,Fall 2023,0,47.7,45.6,47.1,1.88,3,23,Female,Medium,31.6,High-Speed,High School,12,18.5,7,5,72.4,40,23,56.5,2,60.73,Medium,False
STU11467,SE501,Spring 2024,1,44.6,52.6,47.0,1.88,3,19,Male,Medium,25.4,High-Speed,High School,16,12.3,5,9,73.0,50,28,56.7,3,66.95,Medium,False
STU11468,DB401,Fall 2025,4,65.4,69.6,66.7,2.67,3,22,Female,Medium,13.6,High-Speed,Bachelors,10,23.0,9,12,85.5,40,24,61.0,4,62.6,Medium,False
STU11469,CS101,Fall 2023,0,66.3,68.3,66.9,2.68,3,21,Female,Low,7.0,High-Speed,High School,14,13.9,4,11,77.1,45,31,68.1,4,70.47,Low,False
STU11470,AI301,Spring 2024,1,36.3,38.4,36.9,1.48,3,25,Female,Low,2.2,High-Speed,Doctorate,12,14.5,2,6,70.8,50,28,56.7,3,60.51,Medium,True
STU11471,DS201,Fall 2023,0,49.4,49.9,49.6,1.98,4,21,Female,Medium,7.5,High-Speed,Bachelors,9,18.0,5,10,63.2,40,21,53.5,3,52.89,High,False
STU11472,DB401,Fall 2025,4,68.1,68.1,68.1,2.72,4,24,Female,Low,13.8,Moderate,High School,12,19.1,5,3,95.5,40,28,69.7,3,71.95,Low,False
STU11473,DS201,Spring 2026,5,44.0,45.1,44.3,1.77,3,24,Male,Low,21.5,Moderate,Bachelors,12,19.6,4,14,58.5,50,26,51.3,2,55.35,Medium,True
STU11474,AI301,Fall 2025,4,55.9,60.0,57.1,2.28,4,24,Male,Medium,14.8,High-Speed,High School,10,23.9,3,13,64.5,40,25,62.5,5,59.15,Medium,False
STU11475,CS101,Fall 2025,4,25.0,30.0,24.4,0.98,3,22,Female,Medium,2.1,Moderate,Masters,10,18.3,9,2,47.5,40,20,50.8,5,49.9,High,True
STU11476,AI301,Spring 2025,3,77.0,79.6,77.8,3.11,4,23,Female,Medium,8.7,Moderate,High School,9,14.7,7,14,94.5,50,32,64.0,2,64.4,Low,False
STU11477,DB401,Fall 2025,4,75.4,72.3,74.5,2.98,4,19,Female,Medium,3.8,Moderate,Doctorate,14,12.4,3,14,70.3,50,36,71.0,4,70.56,Low,False
STU11478,DB401,Spring 2024,1,59.5,66.8,61.7,2.47,3,22,Female,Medium,0.1,High-Speed,Bachelors,9,14.3,7,11,85.0,45,26,58.6,4,59.8,Medium,False
STU11479,CS101,Spring 2026,5,61.8,60.4,61.4,2.46,4,18,Male,Medium,2.1,High-Speed,Masters,11,22.4,5,7,73.7,45,32,70.7,2,66.59,Medium,False
STU11480,SE501,Spring 2026,5,47.8,45.7,47.2,1.89,4,25,Female,Medium,1.1,Moderate,High School,12,8.1,5,5,79.5,50,27,54.9,4,61.35,Medium,False
STU11481,CS101,Spring 2025,3,57.7,48.5,54.9,2.2,3,21,Male,Medium,17.6,Moderate,High School,6,10.9,3,7,67.1,40,25,62.3,3,53.57,High,False
STU11482,CS101,Fall 2025,4,42.3,39.9,41.6,1.66,3,24,Female,Medium,2.8,High-Speed,Bachelors,11,13.9,5,8,37.0,50,35,69.2,3,58.5,Medium,True
STU11483,DB401,Spring 2026,5,58.1,63.0,59.6,2.38,3,20,Male,Medium,3.2,High-Speed,Bachelors,13,10.8,4,10,84.0,40,26,65.6,2,69.1,Medium,False
STU11484,AI301,Fall 2025,4,52.8,60.4,55.1,2.2,4,18,Male,Low,30.6,Moderate,High School,11,13.0,4,2,70.8,45,29,65.3,6,63.31,Medium,False
STU11485,DS201,Fall 2025,4,45.4,36.1,42.6,1.7,3,24,Male,Medium,4.5,Moderate,High School,10,24.0,3,13,74.8,50,28,57.0,5,58.46,Medium,True
STU11486,CS101,Spring 2024,1,72.2,66.6,70.5,2.82,4,23,Male,Medium,0.1,Moderate,High School,13,13.5,4,4,74.9,50,40,79.6,4,74.28,Medium,False
STU11487,DS201,Fall 2023,0,64.9,67.5,65.7,2.63,4,18,Female,High,3.2,High-Speed,Bachelors,12,17.1,5,3,64.9,45,29,64.8,2,63.38,Medium,False
STU11488,DB401,Spring 2025,3,61.1,59.1,60.5,2.42,3,22,Male,High,1.2,High-Speed,High School,19,6.7,4,6,81.5,50,44,87.4,6,88.5,Low,False
STU11489,DS201,Fall 2025,4,50.4,62.4,54.0,2.16,4,19,Male,Medium,1.0,High-Speed,High School,13,9.5,5,11,56.1,50,31,61.3,3,61.37,Medium,False
STU11490,SE501,Fall 2024,2,54.8,57.8,55.7,2.23,3,21,Male,Low,0.8,High-Speed,High School,6,19.7,1,9,73.1,50,24,47.8,2,47.52,Medium,False
STU11491,DS201,Spring 2025,3,41.7,47.5,43.5,1.74,3,25,Male,Low,8.5,High-Speed,Bachelors,8,23.3,4,13,64.2,50,31,61.1,2,55.39,High,False
STU11492,DB401,Spring 2025,3,44.0,49.7,45.7,1.83,3,23,Male,Medium,2.0,Moderate,High School,11,16.1,5,6,71.3,45,22,49.4,3,55.46,High,False
STU11493,DS201,Fall 2023,0,55.5,55.5,55.5,2.22,3,23,Male,Medium,4.3,High-Speed,Doctorate,16,13.5,0,9,71.6,40,32,79.2,1,77.92,Medium,False
STU11494,SE501,Spring 2025,3,63.8,60.1,62.7,2.51,3,20,Female,Low,18.8,Moderate,High School,11,17.5,6,4,78.6,45,26,57.2,3,60.82,Medium,False
STU11495,CS101,Spring 2024,1,54.6,66.5,58.2,2.33,3,18,Female,Medium,5.2,High-Speed,Masters,13,2.0,6,13,53.0,45,29,65.2,3,62.7,Medium,False
STU11496,SE501,Spring 2026,5,48.5,45.7,47.7,1.91,3,20,Female,Low,23.5,High-Speed,Bachelors,12,16.1,2,11,44.9,50,31,62.5,0,58.23,Medium,False
STU11497,CS101,Spring 2025,3,51.0,48.1,50.1,2.0,3,19,Male,High,6.5,High-Speed,High School,15,9.8,1,14,69.0,45,30,66.4,3,69.5,Medium,False
STU11498,SE501,Spring 2026,5,67.3,68.7,67.7,2.71,3,24,Male,Low,4.8,High-Speed,High School,9,19.0,9,2,99.1,50,31,62.2,1,64.42,Low,False
STU11499,DB401,Spring 2024,1,75.2,73.6,74.7,2.99,3,19,Female,High,13.2,Moderate,Bachelors,18,4.0,4,14,91.3,50,37,73.7,3,82.11,Medium,False
STU11500,SE501,Spring 2024,1,72.4,67.7,71.0,2.84,3,24,Female,High,0.7,High-Speed,Bachelors,17,11.9,6,14,67.5,40,34,84.5,2,81.25,Low,False
STU11501,DB401,Spring 2026,5,49.2,50.2,49.5,1.98,4,20,Male,Medium,0.9,High-Speed,Bachelors,6,14.8,4,5,85.3,45,24,53.2,1,52.66,High,False
STU11502,DB401,Spring 2024,1,44.8,46.0,45.1,1.8,4,21,Male,Medium,10.0,High-Speed,High School,8,11.2,2,4,88.3,45,29,65.2,3,62.26,Low,False
STU11503,SE501,Fall 2025,4,36.1,37.1,36.4,1.46,3,19,Male,Medium,6.3,High-Speed,Masters,7,13.1,4,14,58.6,50,27,54.5,2,49.47,High,False
STU11504,DS201,Spring 2025,3,51.7,44.7,49.6,1.98,4,20,Male,Medium,14.8,Moderate,Doctorate,10,19.5,2,14,74.4,50,33,65.3,3,62.53,Medium,False
STU11505,DB401,Spring 2026,5,43.1,36.3,41.1,1.64,4,18,Male,Medium,23.6,High-Speed,Bachelors,14,14.9,4,9,44.1,40,23,58.4,2,59.02,High,True
STU11506,AI301,Spring 2026,5,51.5,51.2,51.4,2.06,3,20,Female,Medium,4.7,Moderate,Bachelors,10,10.3,4,12,65.5,50,26,52.7,2,54.45,High,False
STU11507,DS201,Fall 2023,0,57.7,63.7,59.5,2.38,4,20,Female,Medium,8.6,Moderate,Bachelors,15,19.7,4,9,62.1,40,33,83.4,2,76.62,Low,False
STU11508,DS201,Spring 2026,5,66.8,71.8,68.3,2.73,4,22,Female,Medium,6.6,High-Speed,High School,18,16.3,7,9,77.7,50,41,81.9,2,83.49,Low,False
STU11509,SE501,Spring 2026,5,52.0,52.2,52.1,2.08,4,19,Female,Medium,38.0,High-Speed,High School,10,16.5,5,4,67.0,50,25,50.0,0,53.4,Medium,False
STU11510,DS201,Spring 2024,1,38.3,32.5,36.6,1.46,4,25,Female,Low,16.9,Moderate,Bachelors,7,10.5,5,9,66.5,50,21,41.3,1,44.45,High,False
STU11511,AI301,Spring 2024,1,59.5,64.3,60.9,2.44,3,21,Female,Medium,23.1,Moderate,Masters,12,2.3,5,7,87.2,50,35,69.8,2,70.34,Medium,False
STU11512,SE501,Fall 2024,2,48.5,58.3,51.5,2.06,3,21,Female,Low,2.8,High-Speed,High School,8,10.5,3,9,47.3,45,28,63.0,3,52.96,High,False
STU11513,AI301,Spring 2026,5,44.7,48.9,46.0,1.84,3,22,Male,Low,14.1,High-Speed,Bachelors,6,10.0,3,14,55.5,40,19,48.1,4,44.15,Medium,False
STU11514,CS101,Spring 2026,5,53.0,61.8,55.7,2.23,3,24,Male,Low,2.9,High-Speed,Masters,17,11.9,5,10,78.9,45,36,80.0,1,81.28,Low,False
STU11515,CS101,Fall 2023,0,58.1,62.2,59.3,2.37,3,23,Male,Low,2.2,High-Speed,High School,9,10.8,3,2,64.5,45,29,65.4,5,59.1,Medium,False
STU11516,DB401,Spring 2024,1,59.5,67.7,62.0,2.48,4,24,Female,Low,27.4,High-Speed,High School,15,15.6,5,2,76.6,40,28,69.8,4,72.72,Low,False
STU11517,DS201,Fall 2023,0,53.3,55.3,53.9,2.16,4,21,Female,High,0.2,High-Speed,Bachelors,11,19.4,5,13,85.8,50,34,68.3,4,67.81,Medium,False
STU11518,AI301,Fall 2025,4,62.9,55.8,60.8,2.43,3,20,Male,Low,32.0,High-Speed,High School,14,20.4,3,5,81.6,50,40,79.9,3,77.27,Low,False
STU11519,SE501,Fall 2024,2,62.2,63.1,62.5,2.5,3,22,Female,Medium,1.5,High-Speed,High School,11,19.2,3,2,87.2,50,36,72.8,4,70.34,Low,False
STU11520,CS101,Fall 2024,2,46.5,49.3,47.3,1.89,4,18,Male,Low,16.3,High-Speed,High School,12,10.5,4,10,73.4,40,24,60.8,2,63.08,Medium,False
STU11521,SE501,Spring 2024,1,58.7,53.0,57.0,2.28,3,19,Female,High,3.1,Moderate,High School,20,15.3,6,10,60.8,45,37,83.3,5,83.81,Low,False
STU11522,AI301,Spring 2026,5,54.3,43.1,51.0,2.04,4,19,Male,Medium,4.1,High-Speed,Masters,16,22.8,5,12,57.9,45,33,72.3,1,71.73,Low,False
STU11523,DS201,Spring 2024,1,58.6,59.3,58.8,2.35,3,25,Male,Medium,2.3,Limited,Bachelors,7,7.1,6,8,64.3,45,26,57.6,2,52.16,Medium,False
STU11524,CS101,Spring 2025,3,51.1,52.4,51.5,2.06,4,19,Male,Medium,8.4,High-Speed,Bachelors,16,21.7,5,3,81.1,45,36,79.4,2,79.92,Low,False
STU11525,DB401,Fall 2025,4,54.4,54.6,54.5,2.18,4,20,Male,Medium,4.1,Moderate,Bachelors,11,10.0,3,5,75.8,40,23,57.8,5,60.56,Medium,False
STU11526,AI301,Fall 2023,0,62.3,69.5,64.5,2.58,4,18,Male,Medium,10.2,High-Speed,Doctorate,17,16.5,4,13,86.0,45,36,79.0,4,82.2,Low,False
STU11527,SE501,Fall 2024,2,61.1,65.9,62.5,2.5,4,22,Male,Low,0.1,Moderate,High School,11,17.1,3,5,87.9,40,29,71.6,2,69.88,Medium,False
STU11528,DS201,Spring 2025,3,60.9,67.1,62.8,2.51,4,22,Female,High,0.6,High-Speed,High School,4,15.9,3,11,59.3,45,23,52.1,5,43.91,High,False
STU11529,CS101,Fall 2023,0,64.9,70.2,66.5,2.66,3,19,Female,Medium,1.0,High-Speed,Doctorate,12,26.1,4,6,81.8,40,24,59.8,4,64.26,Low,False
STU11530,AI301,Spring 2024,1,67.1,65.4,66.6,2.66,4,18,Male,Medium,5.2,Limited,Doctorate,12,13.5,2,13,68.3,45,34,76.2,2,69.76,High,False
STU11531,CS101,Fall 2023,0,55.6,54.2,55.2,2.21,3,18,Female,Medium,16.0,High-Speed,High School,15,6.8,6,6,58.3,45,34,75.2,2,71.76,Medium,False
STU11532,AI301,Fall 2025,4,62.4,58.9,61.4,2.46,4,18,Female,Medium,20.8,Limited,High School,19,16.8,4,9,90.9,45,28,62.7,2,78.03,Low,False
STU11533,CS101,Spring 2025,3,41.5,45.3,42.6,1.7,3,21,Male,High,2.7,High-Speed,Bachelors,8,14.1,3,4,69.5,40,23,57.3,4,54.55,High,False
STU11534,CS101,Fall 2025,4,69.5,60.8,66.9,2.68,3,21,Male,Medium,8.1,High-Speed,High School,4,17.8,4,8,82.8,40,23,56.6,4,50.86,Medium,False
STU11535,DS201,Fall 2023,0,61.1,59.7,60.7,2.43,3,19,Male,Medium,13.9,High-Speed,Bachelors,12,19.4,2,2,97.4,45,33,74.4,3,74.68,Low,False
STU11536,SE501,Spring 2025,3,51.6,50.5,51.3,2.05,4,18,Male,Low,3.2,Moderate,High School,12,14.8,2,2,53.6,50,33,66.9,1,62.17,Low,False
STU11537,DS201,Spring 2026,5,45.9,44.1,45.4,1.82,3,23,Female,High,5.0,High-Speed,High School,7,17.2,3,4,71.9,40,20,50.7,4,50.23,High,False
STU11538,AI301,Fall 2025,4,52.9,53.2,53.0,2.12,4,18,Male,Medium,7.1,Limited,Bachelors,14,15.7,5,2,61.9,50,39,77.2,2,71.98,Low,False
STU11539,DB401,Spring 2026,5,43.7,39.5,42.4,1.7,4,22,Female,Low,1.4,High-Speed,Doctorate,11,24.0,5,12,68.7,40,28,69.1,1,64.79,Medium,True
STU11540,SE501,Spring 2025,3,53.4,59.1,55.1,2.2,3,22,Female,Low,0.3,Moderate,Bachelors,12,13.1,3,2,74.2,50,27,53.5,0,59.59,Medium,False
STU11541,DB401,Fall 2024,2,36.2,41.1,37.7,1.51,4,19,Male,Medium,1.6,High-Speed,High School,12,11.6,5,4,62.4,45,29,64.6,4,62.78,Medium,True
STU11542,CS101,Fall 2023,0,41.4,45.7,42.7,1.71,4,23,Female,High,9.4,High-Speed,Doctorate,15,19.4,3,12,79.9,40,29,72.8,0,74.88,Low,True
STU11543,CS101,Fall 2023,0,53.8,58.1,55.1,2.2,3,18,Male,Low,0.7,High-Speed,Bachelors,10,10.4,5,10,85.5,40,24,60.5,4,62.35,Low,False
STU11544,DB401,Spring 2024,1,58.0,70.6,61.8,2.47,4,24,Female,Medium,2.0,High-Speed,High School,8,17.0,5,6,78.3,50,29,57.9,7,56.61,High,False
STU11545,DB401,Spring 2024,1,51.5,52.5,51.8,2.07,4,23,Male,Low,3.9,High-Speed,High School,14,14.2,5,13,78.6,45,33,73.4,3,73.42,Low,False
STU11546,SE501,Fall 2025,4,48.4,48.2,48.3,1.93,3,25,Female,Medium,0.8,High-Speed,High School,17,14.5,2,5,69.2,40,37,91.3,0,84.99,Low,False
STU11547,SE501,Spring 2026,5,72.2,82.4,75.3,3.01,4,19,Female,Medium,2.0,High-Speed,Bachelors,16,27.2,8,8,63.7,45,36,80.2,3,76.84,Low,False
STU11548,AI301,Spring 2024,1,72.3,70.6,71.8,2.87,4,22,Male,High,23.0,High-Speed,Bachelors,12,21.2,0,3,70.1,40,28,69.8,4,66.92,Low,False
STU11549,AI301,Spring 2025,3,57.3,54.4,56.4,2.26,3,24,Female,Medium,0.2,High-Speed,High School,13,20.1,3,7,72.5,50,29,57.4,1,62.7,Medium,False
STU11550,DS201,Spring 2024,1,53.3,57.2,54.5,2.18,4,22,Female,High,10.1,High-Speed,High School,12,17.7,6,11,69.0,45,32,72.0,5,67.8,Medium,False
STU11551,DS201,Spring 2025,3,57.5,58.2,57.7,2.31,3,21,Female,Medium,4.6,High-Speed,High School,8,11.5,3,2,71.8,50,31,61.7,3,57.21,Medium,False
STU11552,CS101,Fall 2023,0,56.4,66.4,59.4,2.38,4,19,Female,Low,10.6,Limited,Bachelors,14,16.3,4,5,61.5,45,30,66.5,5,66.55,Medium,False
STU11553,CS101,Fall 2023,0,68.3,70.2,68.9,2.76,3,19,Female,Medium,8.4,Limited,High School,14,17.9,4,7,82.8,40,31,76.7,8,75.91,Low,True
STU11554,CS101,Spring 2024,1,64.8,63.2,64.3,2.57,4,18,Male,Medium,2.4,High-Speed,High School,13,16.0,1,11,70.5,40,31,76.7,3,71.95,Low,False
STU11555,DS201,Fall 2024,2,68.6,73.1,69.9,2.8,3,18,Male,High,17.8,Limited,Masters,12,15.5,4,5,91.6,50,34,68.4,3,70.52,Medium,False
STU11556,SE501,Spring 2025,3,49.3,43.4,47.5,1.9,4,21,Female,High,6.4,Moderate,Bachelors,9,13.0,7,8,84.9,45,20,45.4,0,53.18,High,False
STU11557,DB401,Fall 2023,0,61.7,59.3,61.0,2.44,4,24,Male,Low,16.4,High-Speed,High School,12,16.4,5,4,83.4,50,35,69.6,3,69.48,Low,False
STU11558,AI301,Fall 2024,2,61.4,65.9,62.8,2.51,4,25,Female,Low,4.9,High-Speed,Bachelors,12,12.4,3,14,66.5,45,32,71.6,4,67.1,Medium,False
STU11559,AI301,Fall 2025,4,58.8,53.8,57.3,2.29,3,20,Female,Low,39.7,Limited,High School,12,18.5,2,4,68.0,40,28,70.7,1,66.95,Low,False
STU11560,DS201,Spring 2024,1,58.5,56.8,58.0,2.32,3,23,Male,High,14.0,Moderate,Bachelors,10,4.9,5,11,70.4,40,23,57.9,3,58.03,High,False
STU11561,DS201,Fall 2024,2,38.1,43.0,39.6,1.58,3,20,Male,High,32.1,Moderate,Bachelors,9,21.8,3,9,76.6,40,14,36.0,4,46.82,High,False
STU11562,DB401,Spring 2026,5,65.2,71.3,67.0,2.68,3,20,Female,Medium,6.9,Moderate,Bachelors,16,8.4,0,3,77.5,45,36,79.3,2,79.15,Low,False
STU11563,DS201,Spring 2024,1,47.4,51.7,48.7,1.95,4,19,Male,Medium,6.1,High-Speed,Bachelors,13,9.7,4,2,68.1,40,27,66.5,2,66.37,Low,False
STU11564,AI301,Fall 2024,2,63.4,51.0,59.7,2.39,4,23,Female,Medium,13.4,High-Speed,High School,11,17.0,3,6,97.0,40,24,60.1,3,65.95,Low,False
STU11565,DS201,Spring 2024,1,47.8,49.8,48.4,1.94,4,19,Male,Medium,20.2,High-Speed,Bachelors,12,17.7,1,8,66.0,45,30,67.0,3,64.7,Medium,False
STU11566,AI301,Fall 2024,2,42.0,48.3,43.9,1.76,4,25,Female,Low,31.6,High-Speed,High School,16,25.4,8,14,41.3,40,28,69.6,1,67.06,Medium,True
STU11567,CS101,Spring 2025,3,63.4,73.6,66.5,2.66,4,23,Male,Medium,3.7,High-Speed,High School,12,16.5,5,5,61.4,45,35,78.8,2,69.68,Low,False
STU11568,CS101,Fall 2025,4,63.7,58.0,62.0,2.48,3,22,Female,Low,15.2,High-Speed,Masters,14,14.8,6,9,74.0,40,30,74.0,8,72.8,Low,True
STU11569,DB401,Spring 2026,5,48.1,41.8,46.2,1.85,3,19,Male,Low,2.2,High-Speed,Bachelors,15,16.0,2,2,67.9,45,32,72.2,6,72.18,Low,False
STU11570,DS201,Fall 2025,4,53.1,54.7,53.6,2.14,4,19,Female,High,7.5,High-Speed,Doctorate,17,23.0,6,6,78.1,50,32,64.2,3,73.22,Low,False
STU11571,CS101,Spring 2025,3,54.4,47.6,52.3,2.09,3,19,Male,Medium,1.9,High-Speed,High School,10,27.1,5,3,72.5,45,21,46.8,3,52.9,Medium,False
STU11572,AI301,Spring 2025,3,67.4,66.5,67.1,2.68,4,24,Female,Medium,4.1,High-Speed,Bachelors,10,14.1,4,12,68.6,45,28,62.7,3,60.07,Low,False
STU11573,DB401,Fall 2025,4,53.2,55.7,54.0,2.16,3,21,Female,Medium,25.4,High-Speed,High School,17,17.7,3,4,60.4,40,22,55.8,1,65.48,Medium,False
STU11574,SE501,Fall 2025,4,56.0,61.0,57.5,2.3,3,19,Male,Medium,1.5,High-Speed,Bachelors,13,14.6,6,7,81.7,40,29,71.5,6,71.59,Medium,False
STU11575,AI301,Spring 2026,5,45.2,47.8,46.0,1.84,3,25,Male,Medium,9.5,Moderate,High School,9,14.5,6,14,57.7,40,23,58.6,5,54.34,High,False
STU11576,SE501,Spring 2025,3,56.5,61.4,58.0,2.32,4,18,Male,Medium,8.5,Limited,High School,11,24.4,5,12,62.2,40,29,72.1,3,64.99,Low,False
STU11577,CS101,Spring 2026,5,64.0,68.7,65.4,2.62,4,18,Female,Medium,1.2,High-Speed,High School,10,10.4,4,3,89.7,50,32,63.7,2,64.79,Medium,False
STU11578,AI301,Spring 2025,3,54.8,56.1,55.2,2.21,4,23,Female,Medium,3.7,High-Speed,Bachelors,10,3.3,7,9,68.0,40,26,65.0,2,61.1,Medium,False
STU11579,AI301,Fall 2024,2,43.9,45.6,44.4,1.78,3,22,Female,Low,7.9,Moderate,High School,16,16.6,3,5,44.7,50,41,82.7,2,74.29,Low,True
STU11580,SE501,Fall 2025,4,63.8,72.0,66.3,2.65,4,21,Male,Medium,2.0,High-Speed,Masters,17,21.0,2,11,81.2,40,35,87.1,2,85.29,Low,False
STU11581,SE501,Fall 2023,0,65.2,68.9,66.3,2.65,3,24,Male,Medium,15.3,Moderate,High School,11,16.1,7,8,91.8,45,30,66.1,3,67.91,Low,False
STU11582,DS201,Spring 2026,5,43.0,47.0,44.2,1.77,4,23,Female,Medium,34.0,High-Speed,High School,14,17.5,3,6,55.2,45,27,60.5,2,62.29,High,True
STU11583,DS201,Fall 2025,4,64.4,65.6,64.8,2.59,3,18,Female,Medium,2.3,Moderate,High School,10,18.8,5,8,71.1,45,32,70.3,5,64.37,Medium,False
STU11584,SE501,Spring 2026,5,40.8,34.3,38.9,1.56,4,21,Other,Medium,2.0,Limited,Doctorate,9,15.6,2,8,98.0,40,16,39.5,3,52.85,High,False
STU11585,SE501,Fall 2025,4,80.3,79.3,80.0,3.2,3,21,Male,Low,5.8,Moderate,High School,18,17.8,3,11,88.8,50,43,86.6,3,88.06,Low,False
STU11586,SE501,Spring 2026,5,76.8,78.5,77.3,3.09,3,22,Female,Medium,13.1,High-Speed,High School,9,17.7,6,3,92.8,45,26,57.3,6,60.71,Low,False
STU11587,SE501,Spring 2026,5,60.2,66.5,62.1,2.48,3,25,Male,High,3.1,Moderate,Bachelors,20,5.2,5,12,65.3,45,35,77.7,0,81.91,Low,False
STU11588,DB401,Fall 2023,0,51.5,59.9,54.0,2.16,3,21,Male,Low,0.2,Moderate,High School,16,15.6,0,7,67.4,50,38,76.4,0,75.68,Medium,False
STU11589,AI301,Fall 2023,0,83.7,82.5,83.4,3.34,3,19,Female,Medium,7.4,Moderate,Bachelors,20,7.1,7,13,87.7,50,45,89.7,7,92.39,Low,False
STU11590,DB401,Spring 2026,5,62.4,68.1,64.1,2.56,3,21,Female,Medium,29.8,High-Speed,High School,20,14.8,9,9,74.9,50,44,87.4,3,88.68,Low,False
STU11591,AI301,Fall 2023,0,55.3,50.7,53.9,2.16,3,22,Other,Low,4.7,Moderate,Bachelors,12,12.5,1,9,87.4,45,30,66.4,4,68.68,Medium,False
STU11592,CS101,Spring 2024,1,62.0,63.6,62.5,2.5,4,23,Male,Medium,5.2,High-Speed,High School,14,20.2,4,10,68.6,50,40,80.0,2,74.72,Low,False
STU11593,CS101,Fall 2025,4,72.3,77.4,73.8,2.95,4,22,Male,Medium,33.0,High-Speed,Bachelors,11,16.2,7,6,82.9,40,30,74.5,2,70.33,Low,False
STU11594,SE501,Fall 2024,2,77.1,87.2,80.1,3.2,4,24,Female,Medium,11.3,High-Speed,Bachelors,19,17.4,2,14,65.7,40,35,88.2,3,85.74,Low,False
STU11595,DS201,Fall 2023,0,47.5,42.5,46.0,1.84,4,22,Female,High,12.1,High-Speed,Bachelors,13,14.0,3,11,59.8,40,28,70.8,3,66.86,Medium,False
STU11596,SE501,Spring 2024,1,60.2,55.0,58.7,2.35,4,18,Male,Low,7.9,Moderate,Bachelors,17,20.3,5,4,74.2,40,30,73.8,2,77.24,Low,False
STU11597,DB401,Fall 2023,0,49.1,57.9,51.7,2.07,3,19,Male,Low,34.9,Moderate,Masters,6,7.0,4,12,63.2,40,23,57.3,8,50.29,Medium,True
STU11598,DB401,Fall 2025,4,46.8,55.2,49.3,1.97,3,25,Male,High,11.1,High-Speed,High School,13,10.5,3,6,54.0,40,29,72.3,5,66.45,Medium,False
STU11599,AI301,Fall 2025,4,46.7,47.8,47.0,1.88,4,18,Female,Medium,21.4,Moderate,High School,10,21.4,3,7,52.5,40,24,59.1,5,55.05,High,False
STU11600,AI301,Spring 2024,1,59.7,62.2,60.4,2.42,4,23,Male,Medium,11.4,Limited,Bachelors,10,12.8,2,10,79.1,45,27,58.9,1,60.27,Medium,False
STU11601,DB401,Spring 2024,1,61.0,59.1,60.4,2.42,3,20,Male,Medium,12.6,High-Speed,Bachelors,11,4.3,8,10,71.3,40,30,74.8,4,68.16,Low,False
STU11602,AI301,Fall 2025,4,42.5,41.7,42.2,1.69,3,23,Male,Medium,3.3,High-Speed,High School,11,22.3,5,5,61.2,50,32,63.7,6,60.59,Low,True
STU11603,DB401,Fall 2023,0,54.0,45.5,51.4,2.06,4,19,Male,Medium,3.4,High-Speed,Bachelors,14,20.4,5,11,73.9,45,27,59.6,3,65.58,Low,False
STU11604,DS201,Spring 2025,3,42.9,43.0,42.9,1.72,4,21,Male,Low,14.5,High-Speed,High School,9,18.6,7,6,79.6,45,23,50.1,2,54.47,Medium,False
STU11605,DS201,Fall 2024,2,47.5,48.2,47.7,1.91,3,22,Female,Low,3.3,High-Speed,Bachelors,12,15.5,7,9,77.2,40,29,73.3,1,70.09,Medium,False
STU11606,SE501,Fall 2024,2,52.4,62.7,55.5,2.22,4,20,Male,Low,7.9,High-Speed,Masters,11,23.3,7,10,78.0,40,21,53.4,4,58.8,Medium,False
STU11607,CS101,Spring 2025,3,60.2,67.7,62.4,2.5,4,19,Female,High,2.7,High-Speed,Bachelors,12,21.3,4,2,77.8,45,29,63.6,3,65.36,Medium,False
STU11608,DS201,Fall 2024,2,56.0,58.7,56.8,2.27,3,18,Male,Low,16.1,Limited,High School,18,22.7,4,4,65.2,40,30,74.1,4,77.09,Medium,False
STU11609,DB401,Spring 2026,5,48.9,44.2,47.5,1.9,4,22,Female,Medium,1.1,Moderate,Bachelors,8,18.5,3,13,79.6,50,24,48.7,4,52.27,Medium,False
STU11610,SE501,Fall 2023,0,51.0,48.6,50.3,2.01,4,23,Female,High,16.8,High-Speed,Bachelors,11,15.6,3,14,58.2,45,28,63.2,4,59.74,Medium,False
STU11611,AI301,Fall 2025,4,73.9,72.8,73.6,2.94,4,18,Female,Medium,8.8,High-Speed,High School,16,13.0,1,5,75.8,40,30,74.6,3,76.46,Low,False
STU11612,DS201,Fall 2025,4,51.7,56.9,53.3,2.13,4,19,Female,Medium,2.0,High-Speed,Bachelors,14,8.7,4,10,61.8,40,25,62.9,8,64.81,Medium,True
STU11613,AI301,Fall 2023,0,66.6,58.4,64.1,2.56,4,19,Male,Medium,7.4,High-Speed,Doctorate,17,17.5,2,13,50.8,40,29,71.9,1,71.61,Medium,False
STU11614,CS101,Fall 2024,2,48.7,47.7,48.4,1.94,4,23,Male,Medium,3.2,High-Speed,High School,11,17.9,6,2,51.0,45,33,74.2,2,63.8,Medium,False
STU11615,SE501,Spring 2024,1,47.6,47.3,47.5,1.9,4,20,Female,Medium,3.7,High-Speed,High School,14,13.3,6,12,48.9,50,36,72.3,5,66.93,Medium,False
STU11616,AI301,Fall 2025,4,60.0,52.6,57.8,2.31,3,23,Other,Medium,4.1,High-Speed,High School,17,18.1,5,11,78.5,50,33,66.4,3,74.4,Low,False
STU11617,DB401,Fall 2024,2,45.3,50.1,46.7,1.87,4,21,Female,High,0.6,High-Speed,Bachelors,12,13.3,5,9,87.4,45,33,74.4,3,72.68,Low,False
STU11618,AI301,Fall 2025,4,64.7,53.2,61.2,2.45,4,18,Female,High,40.5,High-Speed,Masters,13,19.3,3,14,87.0,45,32,71.8,3,72.8,Low,False
STU11619,DS201,Spring 2025,3,43.5,42.4,43.2,1.73,4,20,Female,High,0.3,Moderate,Bachelors,7,10.6,8,3,79.9,40,20,48.9,2,50.93,High,False
STU11620,SE501,Fall 2025,4,54.6,54.4,54.5,2.18,4,22,Male,High,10.3,High-Speed,High School,7,9.7,5,13,69.9,50,26,52.1,3,50.53,High,False
STU11621,AI301,Spring 2024,1,48.5,55.7,50.7,2.03,4,24,Male,Medium,4.4,High-Speed,Bachelors,17,13.8,5,2,54.7,40,31,78.1,0,75.49,Low,False
STU11622,SE501,Fall 2023,0,48.2,51.7,49.2,1.97,3,21,Female,Medium,9.9,High-Speed,Bachelors,8,19.1,4,11,77.3,45,25,56.1,3,55.51,High,False
STU11623,CS101,Fall 2025,4,51.8,42.7,49.1,1.96,4,20,Female,High,4.2,Limited,Bachelors,12,9.2,0,12,81.2,50,23,45.4,6,56.94,Medium,False
STU11624,DS201,Spring 2026,5,48.4,43.9,47.1,1.88,4,24,Male,Medium,10.6,Moderate,High School,11,20.2,3,8,70.5,45,29,64.2,3,62.7,Medium,False
STU11625,AI301,Spring 2025,3,46.2,38.6,43.9,1.76,3,24,Female,High,12.4,High-Speed,Bachelors,8,6.8,2,5,84.3,50,23,45.8,4,51.76,High,False
STU11626,DS201,Fall 2025,4,47.9,47.3,47.7,1.91,3,18,Male,Medium,11.1,Limited,Bachelors,8,13.8,5,13,62.7,45,26,58.0,5,53.54,Medium,False
STU11627,SE501,Spring 2025,3,69.4,65.6,68.3,2.73,4,19,Female,Medium,1.1,High-Speed,High School,15,7.9,2,3,82.6,40,25,62.6,4,70.32,Low,False
STU11628,DB401,Fall 2023,0,42.6,41.5,42.3,1.69,3,22,Male,Medium,10.2,Limited,Bachelors,9,2.0,7,5,67.2,50,22,43.2,2,48.54,High,False
STU11629,CS101,Fall 2023,0,68.2,62.7,66.6,2.66,4,23,Male,High,3.1,High-Speed,Doctorate,9,16.8,2,14,80.8,50,23,45.3,6,52.31,High,False
STU11630,CS101,Fall 2025,4,72.3,68.7,71.2,2.85,4,18,Female,Low,0.3,High-Speed,High School,10,14.1,2,11,87.2,50,35,69.4,2,67.14,Medium,False
STU11631,DS201,Spring 2024,1,44.1,47.9,45.2,1.81,3,21,Male,Medium,5.1,Moderate,Doctorate,7,8.0,5,3,60.9,45,25,56.4,4,50.88,Medium,False
STU11632,AI301,Fall 2023,0,55.3,59.1,56.5,2.26,3,25,Female,Medium,5.4,High-Speed,High School,10,12.4,5,12,66.6,40,26,64.5,0,60.57,Medium,False
STU11633,DB401,Fall 2023,0,49.9,45.0,48.4,1.94,4,24,Female,Low,6.0,Moderate,Bachelors,6,17.2,5,5,64.4,40,21,53.4,4,48.58,High,False
STU11634,DS201,Fall 2023,0,52.9,41.0,49.3,1.97,4,21,Female,Medium,11.6,High-Speed,High School,8,13.2,5,12,85.6,50,24,49.0,7,53.62,High,False
STU11635,DB401,Fall 2024,2,59.9,65.5,61.6,2.46,4,24,Male,Medium,3.5,Moderate,High School,9,14.0,0,13,85.2,40,23,58.6,3,59.84,Medium,False
STU11636,AI301,Fall 2024,2,49.6,49.4,49.5,1.98,4,19,Male,Medium,3.6,High-Speed,Bachelors,11,13.0,7,3,68.3,45,34,75.5,2,67.91,Low,False
STU11637,CS101,Spring 2025,3,59.4,56.2,58.4,2.34,4,25,Male,Medium,0.6,High-Speed,Bachelors,10,12.1,8,13,79.4,50,22,43.8,1,52.78,High,False
STU11638,DB401,Fall 2025,4,49.7,43.9,47.9,1.92,3,19,Other,Medium,11.0,Limited,Bachelors,9,12.0,4,8,66.2,45,25,56.5,4,54.99,High,False
STU11639,SE501,Fall 2024,2,53.1,51.6,52.7,2.11,3,22,Female,Medium,8.0,Moderate,Bachelors,11,11.9,4,4,62.6,45,23,50.7,4,54.37,High,False
STU11640,AI301,Spring 2024,1,51.0,50.2,50.7,2.03,4,23,Female,Medium,4.1,Limited,Bachelors,6,11.2,4,8,78.3,40,24,59.2,3,54.26,Medium,False
STU11641,AI301,Fall 2023,0,68.3,71.8,69.3,2.77,3,22,Female,Low,11.6,Moderate,Masters,10,9.9,4,3,79.3,50,26,52.3,2,57.01,Medium,False
STU11642,DS201,Spring 2026,5,50.8,62.1,54.2,2.17,3,19,Female,High,7.3,Moderate,Bachelors,10,13.1,1,5,60.5,45,32,71.2,3,62.7,Medium,False
STU11643,DS201,Fall 2025,4,50.1,47.0,49.2,1.97,4,19,Female,Medium,6.0,High-Speed,High School,11,11.8,4,12,71.3,50,35,69.8,2,65.66,Low,False
STU11644,SE501,Spring 2025,3,40.7,47.2,42.7,1.71,3,21,Male,Medium,6.8,High-Speed,High School,13,9.6,8,8,69.3,50,37,74.1,4,70.41,Medium,True
STU11645,AI301,Fall 2023,0,47.9,45.3,47.1,1.88,4,19,Female,Medium,9.6,High-Speed,High School,11,18.8,3,13,49.4,45,30,67.1,2,59.93,Medium,False
STU11646,DS201,Fall 2023,0,55.7,53.4,55.0,2.2,4,25,Male,Medium,10.2,High-Speed,Bachelors,7,21.2,2,7,65.7,40,23,58.4,5,52.84,Medium,False
STU11647,DB401,Spring 2024,1,60.9,51.5,58.1,2.32,4,25,Female,Medium,3.2,Moderate,High School,11,15.0,5,4,73.8,40,24,61.0,3,61.76,Medium,False
STU11648,CS101,Spring 2026,5,48.1,39.8,45.6,1.82,3,20,Female,Medium,1.4,High-Speed,High School,11,15.3,3,14,63.3,50,28,56.2,5,57.26,Medium,False
STU11649,AI301,Fall 2025,4,44.1,34.5,41.2,1.65,3,24,Female,Medium,1.6,Limited,High School,10,11.5,4,9,61.9,40,28,68.8,3,61.78,Medium,True
STU11650,SE501,Spring 2024,1,72.0,78.2,73.8,2.95,3,18,Male,Medium,9.7,High-Speed,Bachelors,11,20.3,7,12,71.9,50,38,75.7,3,68.73,Medium,False
STU11651,DB401,Spring 2025,3,50.9,53.6,51.7,2.07,4,19,Male,Medium,19.6,Moderate,High School,14,23.7,3,10,72.0,50,30,60.3,1,65.55,Medium,False
STU11652,AI301,Spring 2026,5,39.0,46.9,41.4,1.66,3,22,Male,Low,5.0,High-Speed,High School,10,14.2,2,5,74.2,45,28,63.2,3,61.44,Low,True
STU11653,CS101,Spring 2025,3,53.1,46.4,51.1,2.04,4,23,Male,Medium,1.8,High-Speed,Bachelors,15,12.4,2,10,72.0,50,32,63.8,3,68.8,Low,False
STU11654,DS201,Spring 2026,5,47.9,46.7,47.5,1.9,4,24,Male,Low,13.4,Limited,Bachelors,13,16.7,4,14,80.9,45,35,78.6,6,74.98,Medium,False
STU11655,SE501,Fall 2023,0,37.3,35.5,36.7,1.47,3,24,Female,Low,17.0,High-Speed,High School,14,15.6,6,4,80.9,40,25,62.1,3,68.23,Medium,True
STU11656,CS101,Spring 2025,3,61.4,61.0,61.3,2.45,3,23,Female,High,20.2,High-Speed,Bachelors,15,12.5,2,3,82.1,45,37,81.3,6,79.57,Low,False
STU11657,DS201,Fall 2025,4,47.3,40.7,45.3,1.81,3,23,Male,Medium,8.9,High-Speed,High School,13,17.4,3,9,85.5,40,22,54.6,3,63.9,Medium,False
STU11658,CS101,Fall 2023,0,65.7,70.2,67.0,2.68,4,24,Male,Medium,18.7,High-Speed,Masters,19,19.7,6,11,83.8,45,42,92.7,6,91.61,Low,False
STU11659,AI301,Fall 2025,4,41.3,35.7,39.6,1.58,3,20,Male,Medium,0.1,High-Speed,High School,6,11.1,4,7,63.6,40,17,42.1,3,42.77,High,False
STU11660,DS201,Fall 2024,2,42.4,40.0,41.7,1.67,4,22,Female,High,1.1,Moderate,Doctorate,14,27.7,8,9,57.3,50,37,73.3,1,69.11,Low,True
STU11661,DS201,Spring 2024,1,62.4,69.3,64.5,2.58,3,20,Female,Medium,0.9,High-Speed,Doctorate,15,7.3,5,4,79.9,45,29,65.1,6,71.03,Low,False
STU11662,DB401,Spring 2026,5,59.7,60.8,60.0,2.4,4,19,Female,Medium,11.8,High-Speed,Bachelors,14,10.7,5,14,88.2,40,33,81.8,3,79.54,Low,False
STU11663,CS101,Fall 2025,4,42.5,47.3,43.9,1.76,3,18,Female,Medium,0.7,High-Speed,High School,13,16.2,5,9,63.9,45,24,52.7,3,58.63,High,True
STU11664,SE501,Fall 2023,0,59.1,58.6,58.9,2.36,4,23,Other,High,6.5,Moderate,Bachelors,14,26.2,1,12,81.7,50,29,58.9,1,66.79,Low,False
STU11665,DS201,Fall 2025,4,78.9,84.2,80.5,3.22,3,25,Female,High,6.1,Moderate,High School,10,12.2,7,11,92.9,40,29,71.7,5,69.43,Low,False
STU11666,DS201,Spring 2026,5,55.3,57.6,56.0,2.24,4,22,Male,High,3.5,High-Speed,Masters,17,9.7,1,11,70.4,50,40,79.0,3,79.08,Low,False
STU11667,CS101,Spring 2025,3,35.6,30.0,33.9,1.36,3,23,Female,Low,19.4,High-Speed,Bachelors,7,17.7,2,3,56.1,45,20,44.0,2,43.72,High,False
STU11668,DB401,Spring 2025,3,64.9,57.1,62.6,2.5,3,20,Male,Low,1.8,High-Speed,Doctorate,12,13.8,6,12,88.8,50,29,57.9,1,64.71,Medium,False
STU11669,AI301,Fall 2023,0,54.1,49.1,52.6,2.1,3,21,Female,Low,4.1,Moderate,Bachelors,11,18.3,7,14,79.6,40,23,56.5,2,60.67,Medium,False
STU11670,SE501,Fall 2025,4,60.2,59.9,60.1,2.4,4,19,Male,Low,14.1,Moderate,Bachelors,12,14.6,4,14,74.5,50,38,75.9,1,70.85,Medium,False
STU11671,DS201,Fall 2024,2,64.4,59.6,63.0,2.52,4,18,Female,High,0.3,Limited,Bachelors,12,10.7,8,8,81.0,50,37,74.9,2,71.65,Medium,False
STU11672,DS201,Spring 2025,3,52.0,57.9,53.8,2.15,4,19,Female,Low,10.6,High-Speed,High School,10,26.7,2,14,69.0,40,30,74.7,2,66.15,Medium,False
STU11673,DB401,Spring 2024,1,67.1,69.9,68.0,2.72,3,21,Female,Low,16.1,High-Speed,Bachelors,10,1.0,4,3,90.7,40,29,73.6,6,69.94,Low,False
STU11674,SE501,Spring 2026,5,62.8,62.2,62.6,2.5,3,18,Female,Low,25.6,High-Speed,Bachelors,7,24.1,8,13,71.2,50,22,43.6,5,46.54,High,False
STU11675,CS101,Fall 2025,4,49.5,50.3,49.8,1.99,4,21,Male,Low,19.9,High-Speed,Masters,15,19.7,3,12,49.5,45,35,77.1,1,70.95,Low,False
STU11676,DS201,Spring 2026,5,72.0,79.5,74.3,2.97,4,19,Male,Low,3.7,High-Speed,Bachelors,12,11.3,2,3,67.3,50,36,71.4,3,67.16,Medium,False
STU11677,CS101,Fall 2025,4,29.2,30.0,29.4,1.18,3,20,Male,Medium,8.4,High-Speed,Masters,10,24.4,4,6,49.1,50,27,54.5,3,52.07,High,True
STU11678,DB401,Fall 2025,4,51.5,56.1,52.9,2.12,4,24,Male,Medium,0.8,Moderate,Masters,10,8.1,3,12,72.8,40,24,61.1,5,60.11,Medium,False
STU11679,DS201,Fall 2025,4,65.0,66.7,65.5,2.62,4,19,Female,Low,2.8,High-Speed,Bachelors,15,20.0,5,14,98.1,40,26,64.5,5,74.37,Low,False
STU11680,AI301,Spring 2024,1,42.1,56.2,46.3,1.85,4,19,Male,Medium,0.9,Moderate,High School,15,4.6,2,10,58.0,40,30,75.1,5,71.65,Medium,False
STU11681,DS201,Fall 2025,4,55.5,61.2,57.2,2.29,4,19,Female,Medium,3.6,High-Speed,Bachelors,12,9.3,4,3,65.9,40,32,78.8,4,70.58,Low,False
STU11682,AI301,Fall 2023,0,41.8,43.9,42.4,1.7,4,22,Female,Low,19.8,Limited,Bachelors,8,9.3,4,14,54.4,50,32,64.7,5,55.23,High,False
STU11683,CS101,Fall 2023,0,49.9,49.3,49.7,1.99,4,21,Female,Medium,4.1,Limited,High School,14,11.2,3,10,70.7,40,28,68.8,1,69.54,Low,False
STU11684,CS101,Fall 2025,4,58.6,62.1,59.7,2.39,4,25,Male,Medium,7.8,Limited,High School,12,15.1,5,14,74.6,40,28,71.0,2,68.42,Low,False
STU11685,AI301,Spring 2025,3,62.0,57.6,60.7,2.43,4,21,Female,Medium,5.4,Moderate,Doctorate,12,10.9,1,9,48.5,45,33,74.1,2,64.75,Low,False
STU11686,CS101,Spring 2025,3,64.6,56.0,62.0,2.48,3,23,Female,Medium,5.8,Moderate,High School,15,4.8,5,11,80.4,45,31,68.9,4,73.03,Low,False
STU11687,SE501,Fall 2025,4,60.3,61.1,60.5,2.42,4,21,Male,Low,33.2,High-Speed,Bachelors,11,17.3,1,5,69.2,45,29,64.8,4,62.74,Medium,False
STU11688,DS201,Fall 2025,4,63.7,65.6,64.3,2.57,3,23,Female,High,3.3,High-Speed,Masters,17,15.2,7,6,69.7,45,38,83.8,4,81.34,Low,False
STU11689,DB401,Fall 2025,4,40.8,34.2,38.8,1.55,3,22,Female,High,9.4,Moderate,Bachelors,12,17.0,4,14,59.3,50,30,60.9,4,60.31,Medium,True
STU11690,SE501,Fall 2025,4,52.7,43.6,50.0,2.0,4,20,Male,High,5.2,Moderate,Bachelors,10,15.9,1,7,73.0,45,28,62.2,5,60.7,High,False
STU11691,SE501,Fall 2024,2,55.8,58.6,56.6,2.26,3,23,Female,Low,0.6,Limited,Bachelors,6,19.8,3,10,91.3,45,21,47.6,5,51.06,Medium,False
STU11692,DB401,Fall 2023,0,54.6,58.3,55.7,2.23,3,19,Male,High,6.4,High-Speed,Bachelors,9,14.6,1,11,81.7,45,27,59.6,1,59.64,Low,False
STU11693,CS101,Spring 2025,3,62.1,58.4,61.0,2.44,3,20,Male,High,15.9,High-Speed,High School,18,20.1,3,14,82.3,50,39,78.8,1,82.86,Low,False
STU11694,CS101,Fall 2023,0,49.8,42.6,47.6,1.9,4,24,Male,High,1.0,Moderate,Doctorate,11,11.1,2,7,56.4,50,29,57.3,1,56.43,Medium,False
STU11695,DB401,Fall 2025,4,69.3,75.6,71.2,2.85,4,22,Male,Low,0.7,Limited,Bachelors,9,11.4,3,7,100.0,50,27,54.0,1,60.5,Medium,False
STU11696,SE501,Spring 2026,5,67.8,72.6,69.2,2.77,3,21,Male,Medium,1.6,High-Speed,Bachelors,12,21.9,6,12,66.1,45,34,75.8,2,69.12,Low,False
STU11697,DS201,Spring 2025,3,58.9,59.8,59.2,2.37,4,23,Male,High,13.7,High-Speed,Bachelors,11,21.8,7,7,79.4,50,35,69.3,1,67.03,Medium,False
STU11698,SE501,Fall 2023,0,66.0,79.0,69.9,2.8,4,25,Female,Medium,12.2,High-Speed,High School,10,17.9,3,11,73.7,50,32,64.5,4,61.99,Low,False
STU11699,DS201,Fall 2023,0,59.0,61.2,59.7,2.39,3,19,Female,Medium,7.9,High-Speed,Doctorate,12,10.6,6,2,73.9,45,34,75.9,5,70.73,Low,False
STU11700,DS201,Spring 2024,1,53.5,53.4,53.5,2.14,3,18,Female,High,6.0,High-Speed,Bachelors,12,10.2,12,2,82.7,50,24,48.6,4,58.84,Medium,False
STU11701,CS101,Spring 2026,5,64.3,60.6,63.2,2.53,4,24,Male,Medium,20.8,High-Speed,High School,16,21.6,2,10,84.9,50,34,67.6,1,74.78,Low,False
STU11702,DS201,Spring 2025,3,60.9,59.3,60.4,2.42,4,18,Male,Medium,13.8,Moderate,Doctorate,15,21.4,1,11,53.0,50,40,79.9,0,73.05,Low,False
STU11703,AI301,Fall 2024,2,68.8,61.8,66.7,2.67,4,20,Female,Medium,15.9,High-Speed,Bachelors,14,14.7,4,3,54.9,45,35,77.5,3,70.73,Medium,False
STU11704,AI301,Spring 2026,5,48.5,44.9,47.4,1.9,3,21,Male,High,15.9,High-Speed,Bachelors,17,26.7,2,6,70.5,50,38,76.1,3,77.65,Low,False
STU11705,SE501,Spring 2024,1,49.6,58.3,52.2,2.09,3,25,Male,Low,9.8,Moderate,Bachelors,5,17.3,8,10,78.0,40,20,51.2,2,48.7,Medium,False
STU11706,SE501,Fall 2023,0,56.6,57.7,56.9,2.28,4,18,Female,Medium,5.8,Limited,High School,11,9.5,4,7,72.6,50,29,58.1,1,60.07,High,False
STU11707,AI301,Spring 2025,3,39.7,42.8,40.6,1.62,4,20,Male,Medium,19.0,Limited,Bachelors,8,13.6,3,10,60.8,45,27,60.4,3,54.36,Medium,False
STU11708,SE501,Spring 2025,3,58.1,49.2,55.4,2.22,3,22,Female,Medium,24.7,High-Speed,High School,19,15.0,4,3,81.8,40,38,94.1,3,91.91,Low,False
STU11709,CS101,Fall 2023,0,65.2,74.5,68.0,2.72,4,20,Female,Medium,0.2,Limited,Bachelors,13,15.4,0,11,90.5,40,30,76.2,3,75.7,Low,False
STU11710,AI301,Fall 2024,2,48.2,52.0,49.3,1.97,4,24,Male,High,0.5,High-Speed,Bachelors,14,21.3,3,12,70.4,45,31,69.5,4,69.83,Medium,False
STU11711,DB401,Fall 2024,2,60.0,58.6,59.6,2.38,3,25,Male,High,30.3,Moderate,Masters,10,10.2,4,2,78.1,50,30,60.2,4,60.72,Medium,False
STU11712,CS101,Fall 2023,0,48.1,56.6,50.7,2.03,4,25,Female,Low,3.1,Moderate,Bachelors,19,8.3,5,3,53.1,45,36,81.0,1,79.62,Medium,False
STU11713,SE501,Fall 2025,4,57.6,48.9,55.0,2.2,4,20,Male,Medium,19.6,High-Speed,High School,11,18.0,3,3,67.7,45,30,65.9,4,62.99,Low,False
STU11714,AI301,Spring 2026,5,62.3,74.9,66.1,2.64,4,24,Male,Low,4.7,High-Speed,Masters,11,12.5,6,6,80.0,45,21,46.4,1,55.7,Medium,False
STU11715,SE501,Fall 2023,0,70.9,69.9,70.6,2.82,4,20,Other,Medium,1.2,High-Speed,Bachelors,11,27.1,4,2,73.4,40,26,64.7,2,63.53,Medium,False
STU11716,SE501,Fall 2025,4,52.3,45.1,50.1,2.0,3,25,Male,Medium,0.8,Moderate,Bachelors,8,19.7,2,12,62.4,50,31,62.0,4,55.48,High,False
STU11717,SE501,Spring 2026,5,42.6,39.0,41.5,1.66,4,25,Female,High,1.6,High-Speed,High School,8,12.4,6,3,68.1,45,24,53.3,4,52.27,High,False
STU11718,SE501,Fall 2024,2,64.0,57.4,62.0,2.48,3,19,Other,High,2.7,Moderate,Masters,6,21.1,3,6,82.3,50,25,50.3,4,50.61,High,False
STU11719,DB401,Spring 2026,5,60.1,65.1,61.6,2.46,3,20,Male,Low,6.4,High-Speed,Masters,14,18.7,4,6,68.4,40,31,76.7,3,73.03,Low,False
STU11720,DS201,Spring 2024,1,52.9,50.8,52.3,2.09,3,23,Male,Low,11.5,High-Speed,Bachelors,9,18.2,3,8,65.4,50,31,61.5,4,57.33,Medium,False
STU11721,CS101,Fall 2024,2,61.9,50.5,58.5,2.34,3,20,Male,Medium,40.8,Limited,Masters,13,14.4,0,5,76.8,45,30,67.4,3,68.56,Low,False
STU11722,DB401,Spring 2024,1,47.5,39.1,45.0,1.8,4,25,Male,Medium,5.5,Moderate,High School,10,17.1,3,7,71.2,40,28,68.9,1,63.69,Low,False
STU11723,SE501,Spring 2025,3,42.7,33.7,40.0,1.6,4,19,Male,Low,6.9,Limited,Masters,10,4.5,4,7,84.2,40,19,46.7,3,55.19,High,True
STU11724,AI301,Spring 2025,3,61.6,66.7,63.1,2.52,3,19,Female,High,7.0,High-Speed,Bachelors,13,21.6,7,10,65.6,40,29,72.4,1,68.82,Medium,False
STU11725,SE501,Spring 2025,3,55.8,57.6,56.3,2.25,3,22,Male,High,7.4,High-Speed,High School,13,1.0,2,14,76.9,40,28,70.8,3,70.28,Medium,False
STU11726,AI301,Fall 2025,4,49.7,44.0,48.0,1.92,4,24,Female,Medium,6.9,High-Speed,Bachelors,12,12.8,1,4,57.0,45,25,55.6,5,57.2,Medium,False
STU11727,CS101,Spring 2026,5,54.5,52.3,53.8,2.15,3,21,Other,High,0.1,High-Speed,Bachelors,11,7.0,3,10,73.7,45,28,63.0,3,62.74,Medium,False
STU11728,DS201,Spring 2026,5,67.4,67.1,67.3,2.69,4,18,Female,Medium,0.0,High-Speed,High School,10,12.5,6,12,89.0,50,29,57.4,4,61.5,Medium,False
STU11729,SE501,Fall 2024,2,59.7,57.4,59.0,2.36,3,18,Female,Medium,1.0,Moderate,High School,12,14.6,5,14,45.8,40,28,70.4,3,62.36,High,False
STU11730,DS201,Fall 2025,4,59.5,56.3,58.6,2.34,4,20,Male,Medium,1.0,High-Speed,High School,14,9.0,9,10,77.3,50,34,67.6,1,70.26,Medium,False
STU11731,CS101,Fall 2023,0,58.5,55.2,57.5,2.3,4,22,Female,Low,11.6,High-Speed,High School,15,1.1,1,14,67.7,40,24,61.0,1,66.54,Medium,False
STU11732,DB401,Spring 2024,1,60.3,69.7,63.1,2.52,4,20,Female,High,2.2,High-Speed,High School,15,16.0,2,14,71.4,50,40,79.4,1,76.48,Low,False
STU11733,SE501,Fall 2025,4,73.3,70.7,72.5,2.9,3,18,Male,Medium,21.4,High-Speed,High School,17,25.4,4,14,67.8,50,44,89.0,4,83.56,Low,False
STU11734,DB401,Fall 2023,0,52.5,61.2,55.1,2.2,3,24,Male,Medium,25.1,Moderate,High School,16,13.2,5,3,72.4,45,40,88.7,1,82.83,Low,False
STU11735,CS101,Spring 2025,3,55.8,53.8,55.2,2.21,3,25,Female,Medium,35.4,High-Speed,Doctorate,7,19.8,5,3,78.0,40,20,49.3,4,50.75,Medium,False
STU11736,DB401,Fall 2023,0,45.5,49.0,46.6,1.86,4,24,Male,Low,26.6,High-Speed,Bachelors,14,22.5,4,8,55.8,50,33,65.5,0,64.91,Medium,False
STU11737,DB401,Spring 2026,5,62.1,67.9,63.8,2.55,3,24,Male,Low,3.0,High-Speed,High School,12,5.5,4,9,78.6,50,32,64.0,3,65.72,Medium,False
STU11738,AI301,Fall 2024,2,67.1,67.4,67.2,2.69,3,19,Male,Medium,6.8,Limited,Doctorate,13,12.7,4,4,91.2,40,31,78.7,6,77.09,Low,False
STU11739,AI301,Fall 2023,0,65.0,62.9,64.4,2.58,4,25,Male,Medium,1.8,Limited,Bachelors,15,8.6,1,8,69.1,50,42,85.0,4,78.82,Low,False
STU11740,AI301,Fall 2025,4,49.8,53.3,50.8,2.03,3,21,Female,Medium,15.6,Moderate,Bachelors,12,11.0,0,8,65.1,40,27,66.3,1,64.17,Low,False
STU11741,SE501,Spring 2025,3,34.3,32.2,33.7,1.35,4,25,Female,Medium,20.8,High-Speed,Bachelors,14,23.5,2,8,69.6,50,36,72.7,1,71.27,Low,True
STU11742,CS101,Spring 2026,5,65.1,64.2,64.8,2.59,3,22,Female,Medium,18.1,High-Speed,Bachelors,13,16.1,5,3,75.1,45,28,63.0,3,66.02,Medium,False
STU11743,AI301,Spring 2026,5,35.0,39.3,36.3,1.45,3,19,Male,Medium,5.4,Moderate,High School,11,18.9,4,9,62.9,45,28,62.7,2,60.43,Medium,True
STU11744,CS101,Fall 2025,4,46.1,42.8,45.1,1.8,4,21,Male,Medium,13.5,Limited,High School,7,14.8,1,12,79.0,50,28,57.0,7,54.8,Medium,False
STU11745,CS101,Spring 2024,1,56.4,63.4,58.5,2.34,3,22,Male,High,1.0,Limited,Bachelors,1,8.9,3,11,95.5,45,16,36.1,2,38.65,High,False
STU11746,CS101,Fall 2023,0,60.6,62.5,61.2,2.45,3,22,Male,Medium,0.4,Moderate,Bachelors,9,18.4,6,9,92.1,50,25,49.7,2,56.77,Medium,False
STU11747,CS101,Spring 2024,1,73.6,73.5,73.6,2.94,4,18,Male,Medium,13.3,High-Speed,Bachelors,17,21.3,5,6,83.6,45,36,80.4,2,82.42,Low,False
STU11748,AI301,Fall 2024,2,62.5,64.3,63.0,2.52,3,19,Female,Low,5.3,Limited,High School,13,16.6,2,8,83.3,45,29,63.8,5,68.06,Low,False
STU11749,DB401,Fall 2023,0,65.2,59.3,63.4,2.54,4,22,Male,Medium,51.4,Moderate,Bachelors,5,17.4,3,8,86.1,40,21,52.8,4,51.12,Medium,False
STU11750,CS101,Fall 2025,4,63.1,68.1,64.6,2.58,4,23,Female,Low,1.0,Moderate,Bachelors,14,8.8,4,11,72.3,40,28,69.3,2,70.11,Medium,False
STU11751,SE501,Fall 2025,4,40.4,42.4,41.0,1.64,3,24,Male,Medium,18.4,High-Speed,Doctorate,16,18.5,2,5,54.9,45,35,78.7,5,74.33,Low,True
STU11752,SE501,Spring 2024,1,57.2,68.3,60.5,2.42,4,22,Male,Low,6.2,High-Speed,High School,7,21.7,2,6,83.9,50,28,55.8,5,55.18,Low,False
STU11753,SE501,Fall 2023,0,34.6,37.7,35.5,1.42,4,21,Male,Medium,16.7,High-Speed,Masters,4,17.0,5,13,54.2,50,22,43.9,1,38.79,High,False
STU11754,DS201,Spring 2026,5,65.7,63.7,65.1,2.6,4,18,Female,Medium,16.1,High-Speed,Masters,13,6.0,3,14,65.3,40,25,63.4,5,64.26,Low,False
STU11755,DB401,Spring 2026,5,54.6,48.4,52.8,2.11,4,20,Female,Medium,23.5,High-Speed,Bachelors,15,23.2,5,7,78.4,40,28,70.7,4,73.53,Medium,False
STU11756,CS101,Fall 2023,0,47.8,44.4,46.8,1.87,3,24,Female,Low,3.4,Moderate,Bachelors,9,10.3,3,7,61.8,45,19,41.6,1,46.66,High,False
STU11757,CS101,Fall 2023,0,54.3,59.3,55.8,2.23,3,18,Male,Low,28.4,High-Speed,High School,11,16.9,1,11,95.3,50,35,69.8,2,70.46,Low,False
STU11758,AI301,Fall 2024,2,59.1,60.3,59.5,2.38,4,20,Male,Medium,1.6,High-Speed,Doctorate,14,19.8,4,10,67.0,50,42,83.9,1,76.35,Medium,False
STU11759,DB401,Spring 2026,5,55.3,47.6,53.0,2.12,4,19,Female,Low,0.8,High-Speed,High School,17,20.4,3,4,57.0,45,36,78.9,4,76.35,Low,False
STU11760,DB401,Fall 2025,4,48.5,40.2,46.0,1.84,3,19,Male,Medium,5.4,High-Speed,Bachelors,16,6.0,2,6,75.6,40,31,76.8,4,77.52,Low,False
STU11761,SE501,Spring 2024,1,49.8,57.0,51.9,2.08,4,22,Female,Medium,16.7,Limited,High School,14,15.6,2,2,63.1,50,34,67.6,1,67.42,Low,False
STU11762,CS101,Spring 2025,3,60.2,59.5,60.0,2.4,3,23,Male,Medium,6.1,High-Speed,Bachelors,14,15.3,1,2,67.0,45,33,74.1,4,71.45,Medium,False
STU11763,DB401,Fall 2023,0,65.5,65.1,65.4,2.62,3,19,Male,Medium,16.8,High-Speed,Bachelors,11,22.2,4,11,78.4,45,29,65.1,2,64.73,Medium,False
STU11764,DB401,Fall 2023,0,67.6,66.5,67.3,2.69,3,25,Male,High,12.4,Limited,Masters,16,17.3,3,6,81.4,50,35,69.6,1,75.08,Low,False
STU11765,SE501,Spring 2026,5,51.1,52.3,51.5,2.06,3,22,Male,Low,2.2,Moderate,Bachelors,8,22.2,4,2,78.7,45,21,46.5,4,50.99,High,False
STU11766,CS101,Fall 2025,4,65.6,69.0,66.6,2.66,4,24,Female,Low,28.2,High-Speed,Doctorate,14,17.7,4,12,70.9,45,38,84.2,2,77.28,Low,False
STU11767,SE501,Spring 2024,1,36.8,34.2,36.0,1.44,3,18,Male,Low,0.6,Moderate,Bachelors,5,14.6,4,13,55.5,40,23,58.7,4,47.95,High,False
STU11768,SE501,Spring 2025,3,49.2,55.0,50.9,2.04,4,19,Male,Low,21.7,Moderate,High School,16,16.0,4,8,78.3,40,31,78.6,1,78.96,Low,False
STU11769,SE501,Spring 2024,1,58.8,51.8,56.7,2.27,4,25,Male,Low,3.4,Moderate,High School,10,22.6,7,11,73.2,40,30,73.9,2,66.59,Medium,False
STU11770,SE501,Fall 2025,4,38.3,45.1,40.3,1.61,3,18,Male,Medium,6.6,High-Speed,Bachelors,7,8.5,7,9,73.4,40,20,49.0,2,49.68,High,False
STU11771,CS101,Fall 2023,0,35.3,37.2,35.9,1.44,4,18,Female,Medium,5.2,Limited,High School,10,19.5,3,11,64.3,50,34,68.5,2,62.11,Medium,True
STU11772,AI301,Fall 2025,4,49.1,43.0,47.3,1.89,3,23,Female,Medium,1.8,High-Speed,Bachelors,11,11.9,2,3,74.8,40,22,53.8,4,58.36,High,False
STU11773,SE501,Spring 2025,3,45.5,53.3,47.8,1.91,4,19,Female,Medium,4.2,High-Speed,High School,6,10.8,6,4,65.0,50,28,55.0,2,49.5,High,False
STU11774,CS101,Fall 2024,2,54.4,56.4,55.0,2.2,4,18,Female,Medium,2.0,High-Speed,Bachelors,14,20.1,9,11,75.0,50,39,77.1,2,74.55,Low,False
STU11775,CS101,Spring 2024,1,47.2,52.2,48.7,1.95,4,23,Male,Medium,2.2,High-Speed,Bachelors,11,10.6,6,9,50.7,50,30,59.8,6,56.54,Medium,False
STU11776,DB401,Spring 2024,1,65.3,54.8,62.2,2.49,3,23,Female,Low,2.0,Limited,Bachelors,13,16.9,1,12,90.9,50,31,61.9,3,68.63,Low,False
STU11777,DB401,Fall 2023,0,63.7,59.9,62.6,2.5,3,19,Male,Medium,6.4,High-Speed,High School,16,12.6,1,2,74.5,50,38,76.4,1,77.1,Medium,False
STU11778,AI301,Spring 2024,1,55.9,54.6,55.5,2.22,3,23,Male,Low,15.2,High-Speed,High School,18,3.2,3,14,67.2,40,31,77.3,2,79.09,Low,False
STU11779,DS201,Fall 2025,4,44.9,45.1,44.9,1.8,3,19,Female,Low,8.0,High-Speed,High School,13,17.4,6,10,67.8,50,26,53.0,2,59.56,Medium,True
STU11780,CS101,Fall 2025,4,40.3,44.5,41.6,1.66,3,25,Male,Medium,21.3,High-Speed,High School,8,15.6,3,6,87.5,50,19,37.8,1,48.4,High,False
STU11781,AI301,Fall 2024,2,49.9,54.4,51.3,2.05,3,19,Female,High,9.6,Limited,Bachelors,12,5.4,4,11,60.0,45,30,66.6,1,63.3,High,False
STU11782,DB401,Fall 2024,2,59.7,48.1,56.2,2.25,4,20,Male,Medium,11.1,High-Speed,Bachelors,13,11.5,1,2,65.1,40,28,69.5,7,67.27,Low,False
STU11783,AI301,Fall 2023,0,49.4,46.3,48.5,1.94,3,18,Female,Low,10.5,Moderate,High School,12,6.0,4,12,58.0,45,31,68.4,3,63.8,Medium,False
STU11784,CS101,Fall 2025,4,53.2,51.0,52.5,2.1,4,25,Female,High,5.7,Moderate,Bachelors,5,18.7,4,11,73.6,40,23,57.2,4,50.82,Medium,False
STU11785,AI301,Spring 2026,5,51.9,53.8,52.5,2.1,3,21,Female,Medium,11.1,Moderate,Bachelors,10,21.9,6,9,78.8,40,18,46.2,5,53.86,High,False
STU11786,DB401,Spring 2025,3,59.4,64.1,60.8,2.43,4,19,Female,Medium,0.7,Moderate,High School,14,19.2,5,10,74.7,50,38,76.4,2,74.14,Low,False
STU11787,DB401,Fall 2025,4,52.5,56.8,53.8,2.15,3,18,Female,High,18.7,High-Speed,Bachelors,9,19.9,4,10,77.8,45,30,67.1,2,62.61,Low,False
STU11788,SE501,Spring 2026,5,56.0,60.4,57.3,2.29,3,24,Male,Medium,14.3,Moderate,High School,11,12.4,6,12,84.8,45,25,55.6,5,61.26,Medium,False
STU11789,AI301,Spring 2026,5,59.9,58.3,59.4,2.38,4,23,Female,Low,2.7,Moderate,Bachelors,16,17.7,11,12,70.4,50,37,73.9,2,75.03,High,False
STU11790,DS201,Spring 2026,5,58.2,61.2,59.1,2.36,4,22,Male,Medium,13.9,Moderate,Bachelors,11,15.0,3,10,61.4,45,33,73.0,8,65.28,Medium,True
STU11791,DS201,Spring 2025,3,58.3,49.4,55.6,2.22,4,19,Female,Medium,0.1,Limited,High School,12,15.9,4,7,61.0,40,17,42.3,1,51.35,High,False
STU11792,DB401,Fall 2024,2,51.4,54.1,52.2,2.09,3,23,Female,Medium,2.3,Moderate,Bachelors,9,19.8,8,12,62.5,40,26,63.9,2,57.95,Medium,False
STU11793,AI301,Spring 2026,5,63.4,71.1,65.7,2.63,3,23,Female,Medium,0.6,Moderate,Bachelors,13,20.9,7,8,86.0,40,25,63.5,0,68.45,Low,False
STU11794,CS101,Fall 2024,2,48.7,40.8,46.3,1.85,3,23,Male,High,14.4,Limited,High School,6,13.1,7,13,80.9,40,22,54.8,2,52.58,Medium,False
STU11795,DS201,Fall 2025,4,44.0,43.8,43.9,1.76,3,23,Male,High,13.4,High-Speed,Bachelors,9,8.0,8,8,42.2,50,33,65.8,2,54.84,High,False
STU11796,DS201,Spring 2024,1,44.9,51.0,46.7,1.87,4,23,Female,High,16.0,High-Speed,Bachelors,9,14.1,5,5,75.0,50,29,57.7,4,57.35,High,False
STU11797,SE501,Spring 2024,1,44.5,48.2,45.6,1.82,4,19,Male,High,0.0,High-Speed,Bachelors,13,13.9,5,4,77.9,50,31,61.3,5,65.73,Low,False
STU11798,DS201,Fall 2024,2,50.7,57.1,52.6,2.1,3,24,Male,High,6.6,High-Speed,Bachelors,21,16.4,4,10,63.4,45,38,84.7,4,85.03,Low,False
STU11799,SE501,Fall 2023,0,49.7,51.1,50.1,2.0,4,21,Male,Low,11.6,Moderate,Masters,10,19.2,4,4,67.1,45,26,56.9,0,56.87,Low,False
STU11800,AI301,Fall 2025,4,40.6,47.9,42.8,1.71,4,20,Female,Low,1.6,Moderate,Doctorate,16,5.4,3,4,60.2,45,34,75.2,4,73.64,Medium,True
STU11801,DB401,Fall 2024,2,40.2,43.1,41.1,1.64,3,23,Female,Medium,10.0,Moderate,Bachelors,9,11.6,3,14,57.1,45,17,38.2,4,44.02,High,False
STU11802,DB401,Spring 2025,3,49.5,48.8,49.3,1.97,3,23,Male,High,0.8,Limited,Masters,8,10.2,5,5,65.8,50,28,56.7,3,53.51,High,False
STU11803,AI301,Spring 2026,5,52.8,54.2,53.2,2.13,4,20,Male,Medium,1.9,High-Speed,High School,11,21.3,3,11,91.3,45,30,66.9,1,68.21,Medium,False
STU11804,DB401,Spring 2026,5,51.6,56.0,52.9,2.12,4,24,Male,Medium,6.1,Moderate,Bachelors,12,14.0,6,11,63.8,45,32,72.0,2,66.76,Medium,False
STU11805,DB401,Spring 2026,5,47.1,46.5,46.9,1.88,3,25,Female,Low,10.1,High-Speed,High School,11,12.4,3,11,69.1,45,25,55.0,3,57.82,Low,False
STU11806,AI301,Fall 2024,2,55.2,54.0,54.8,2.19,4,24,Female,Low,1.5,High-Speed,High School,11,17.7,2,4,61.2,40,25,61.8,2,59.64,High,False
STU11807,CS101,Fall 2023,0,48.3,48.3,48.3,1.93,3,25,Male,Medium,1.9,High-Speed,Bachelors,20,12.0,1,3,48.6,50,44,88.3,1,83.87,Low,False
STU11808,DS201,Fall 2025,4,64.7,56.1,62.1,2.48,4,19,Male,Low,2.2,Moderate,Bachelors,9,14.9,5,6,69.9,50,33,66.0,6,60.48,Medium,False
STU11809,SE501,Spring 2026,5,51.7,45.0,49.7,1.99,4,18,Male,Medium,2.6,High-Speed,Bachelors,10,24.1,5,12,83.2,50,26,52.4,1,57.84,Medium,False
STU11810,DB401,Fall 2023,0,50.3,43.9,48.4,1.94,3,22,Female,Low,2.4,Moderate,Bachelors,5,23.9,3,2,76.9,40,22,56.1,3,50.93,High,False
STU11811,AI301,Spring 2024,1,33.3,35.9,34.1,1.36,3,22,Female,Medium,4.8,High-Speed,Bachelors,6,13.0,7,2,65.7,50,29,58.0,2,51.14,Medium,False
STU11812,CS101,Spring 2024,1,35.9,44.6,38.5,1.54,3,18,Male,Medium,10.1,High-Speed,Bachelors,14,14.1,3,12,78.3,50,38,76.1,1,74.71,Low,True
STU11813,CS101,Fall 2023,0,48.5,44.9,47.4,1.9,4,19,Male,Medium,5.5,High-Speed,High School,17,11.9,5,7,67.2,50,31,62.8,5,70.34,Medium,False
STU11814,DS201,Fall 2023,0,25.0,30.0,26.2,1.05,3,22,Male,Medium,14.2,High-Speed,High School,10,5.4,4,13,56.0,45,17,38.0,3,45.2,High,True
STU11815,AI301,Fall 2023,0,30.5,31.8,30.9,1.24,4,24,Female,Low,12.1,Limited,High School,13,20.2,5,5,46.1,45,24,52.7,2,55.07,High,True
STU11816,DB401,Spring 2024,1,53.5,42.6,50.2,2.01,3,20,Male,High,1.3,High-Speed,Bachelors,13,27.1,3,9,69.3,50,35,70.4,2,68.56,Medium,False
STU11817,SE501,Spring 2025,3,71.2,72.7,71.6,2.86,3,18,Female,Medium,0.5,Limited,High School,14,12.8,2,2,99.7,40,22,56.0,0,68.94,Medium,False
STU11818,AI301,Fall 2024,2,45.4,51.5,47.2,1.89,4,24,Female,Medium,20.0,Limited,High School,12,10.9,1,11,57.7,45,27,61.1,3,60.09,Medium,False
STU11819,SE501,Fall 2024,2,52.1,47.6,50.8,2.03,3,21,Male,Medium,0.8,Limited,Bachelors,10,13.6,4,6,63.0,40,29,73.7,5,64.45,Low,False
STU11820,AI301,Spring 2025,3,46.0,45.3,45.8,1.83,3,19,Male,Low,1.5,High-Speed,Bachelors,10,15.4,1,12,82.9,40,18,43.8,4,53.48,Medium,False
STU11821,DS201,Fall 2024,2,51.9,55.8,53.1,2.12,3,18,Male,High,0.2,Limited,Bachelors,11,9.3,4,14,59.5,40,26,65.3,1,61.05,Medium,False
STU11822,DS201,Fall 2025,4,69.7,65.1,68.3,2.73,3,22,Female,Medium,9.4,High-Speed,High School,11,12.7,3,14,73.8,50,26,52.7,3,57.61,Medium,False
STU11823,DB401,Spring 2025,3,58.9,58.7,58.8,2.35,4,19,Female,Medium,8.3,High-Speed,Bachelors,16,20.1,6,7,60.6,45,34,76.5,3,74.37,Low,False
STU11824,SE501,Spring 2024,1,35.4,39.9,36.7,1.47,3,20,Female,Low,41.2,High-Speed,Bachelors,10,15.6,3,6,53.7,50,29,58.6,3,55.04,High,True
STU11825,DB401,Spring 2024,1,58.0,48.2,55.1,2.2,3,19,Female,High,20.7,Limited,Masters,18,21.4,7,12,57.0,50,41,82.9,3,79.85,Low,False
STU11826,AI301,Spring 2024,1,55.5,56.9,55.9,2.24,4,19,Male,Medium,5.0,High-Speed,Bachelors,17,16.8,3,11,72.3,45,37,82.7,2,81.31,Low,False
STU11827,CS101,Fall 2023,0,66.8,64.1,66.0,2.64,4,20,Female,Low,4.4,High-Speed,High School,9,9.6,6,7,94.0,40,22,55.3,4,59.95,Medium,False
STU11828,AI301,Spring 2024,1,61.1,66.1,62.6,2.5,4,23,Female,Medium,3.3,High-Speed,Bachelors,17,12.1,4,4,70.0,50,42,84.8,0,81.9,Low,False
STU11829,DB401,Fall 2024,2,50.9,60.1,53.7,2.15,4,20,Male,High,1.6,High-Speed,High School,5,16.2,5,10,82.8,40,15,36.5,3,42.31,High,False
STU11830,DS201,Fall 2024,2,52.7,45.6,50.6,2.02,3,24,Female,Medium,1.4,High-Speed,High School,9,9.4,4,8,61.9,40,20,51.0,1,51.38,High,False
STU11831,DB401,Fall 2025,4,72.8,65.4,70.6,2.82,4,19,Female,Medium,1.3,Moderate,High School,12,8.7,2,11,71.8,40,28,70.4,4,67.56,Medium,False
STU11832,DS201,Fall 2023,0,48.2,44.7,47.2,1.89,4,25,Female,Medium,1.2,High-Speed,Bachelors,18,9.0,2,2,56.0,45,35,77.9,7,77.15,Medium,False
STU11833,AI301,Spring 2024,1,41.5,44.4,42.4,1.7,3,20,Female,Medium,2.6,Limited,Bachelors,13,17.6,6,6,69.1,40,30,76.1,5,71.37,Low,True
STU11834,CS101,Spring 2026,5,30.1,30.0,30.1,1.2,4,23,Female,Medium,3.5,Moderate,Bachelors,12,13.2,6,11,65.8,45,19,43.3,5,52.81,High,True
STU11835,DB401,Fall 2025,4,60.1,67.9,62.5,2.5,3,24,Female,Low,31.0,Limited,Bachelors,14,20.9,3,14,86.2,45,32,72.1,0,74.29,Low,False
STU11836,DB401,Spring 2026,5,57.9,51.0,55.8,2.23,4,25,Male,Medium,8.2,High-Speed,High School,11,10.5,3,2,68.8,50,33,65.9,6,63.21,Medium,False
STU11837,DB401,Spring 2026,5,48.0,43.6,46.7,1.87,3,25,Male,High,41.7,Moderate,Bachelors,14,2.7,4,4,71.2,40,21,52.4,1,61.44,Medium,False
STU11838,AI301,Spring 2024,1,59.1,68.4,61.9,2.48,4,18,Female,Medium,4.4,High-Speed,Bachelors,9,14.3,4,7,86.3,50,31,61.9,1,61.71,Low,False
STU11839,DB401,Spring 2024,1,38.7,38.0,38.5,1.54,4,20,Male,Medium,5.8,High-Speed,Bachelors,7,23.2,3,3,80.0,50,21,42.6,5,47.8,High,False
STU11840,DS201,Spring 2025,3,55.4,65.7,58.5,2.34,3,20,Male,Medium,3.7,Moderate,Bachelors,13,15.2,5,6,80.5,45,24,54.2,1,62.7,High,False
STU11841,AI301,Fall 2023,0,55.0,58.9,56.2,2.25,4,19,Male,Medium,1.9,Moderate,High School,14,8.1,2,8,54.8,50,38,77.0,2,70.46,Low,False
STU11842,DS201,Spring 2024,1,45.5,46.4,45.8,1.83,3,24,Male,High,1.5,Moderate,Bachelors,8,6.9,4,13,87.4,40,26,66.0,2,62.48,Medium,False
STU11843,CS101,Spring 2024,1,77.3,80.4,78.2,3.13,4,18,Female,Medium,27.6,Moderate,Bachelors,9,21.0,4,14,89.4,40,26,64.3,1,63.53,Medium,False
STU11844,CS101,Spring 2025,3,62.4,53.4,59.7,2.39,4,21,Female,Low,41.1,High-Speed,Bachelors,13,11.0,5,10,83.9,45,25,55.9,4,64.23,Medium,False
STU11845,AI301,Spring 2025,3,62.8,69.1,64.7,2.59,3,21,Male,High,0.4,Moderate,Bachelors,15,22.7,7,2,80.3,40,29,71.7,4,74.41,Medium,False
STU11846,DS201,Fall 2023,0,72.0,73.7,72.5,2.9,3,22,Male,Medium,1.5,High-Speed,Masters,10,18.3,5,8,77.2,45,27,59.4,3,60.14,Medium,False
STU11847,CS101,Spring 2025,3,54.8,44.8,51.8,2.07,3,20,Male,High,5.2,High-Speed,High School,12,11.2,4,9,90.2,45,26,56.9,4,64.49,Medium,False
STU11848,CS101,Fall 2025,4,54.2,54.4,54.3,2.17,4,20,Female,Medium,2.0,Moderate,Bachelors,8,20.8,2,4,72.2,45,26,57.6,2,55.24,High,False
STU11849,DB401,Fall 2025,4,48.5,47.3,48.2,1.93,3,18,Female,High,4.3,Limited,Bachelors,16,10.4,5,3,83.9,40,27,67.8,3,74.68,Low,False
STU11850,CS101,Spring 2026,5,74.4,80.1,76.1,3.04,4,23,Male,Low,1.3,High-Speed,High School,13,7.8,5,9,81.1,50,35,70.3,4,70.87,Low,False
STU11851,DB401,Spring 2026,5,66.0,62.6,65.0,2.6,3,21,Female,Medium,5.8,High-Speed,High School,13,10.7,4,8,77.0,45,34,74.7,4,72.25,Low,False
STU11852,SE501,Spring 2025,3,65.4,67.5,66.0,2.64,3,22,Female,High,3.0,High-Speed,Bachelors,22,18.8,6,13,84.7,45,42,92.9,1,93.39,Low,False
STU11853,DB401,Fall 2024,2,44.1,40.7,43.1,1.72,3,18,Female,Low,4.1,High-Speed,High School,9,20.7,4,2,73.4,50,25,49.4,4,52.88,Medium,False
STU11854,SE501,Fall 2024,2,69.8,59.1,66.6,2.66,3,20,Female,Low,0.9,Moderate,High School,14,13.0,3,3,83.2,45,32,71.9,2,73.59,Low,False
STU11855,DB401,Spring 2025,3,66.8,59.5,64.6,2.58,4,21,Male,Medium,5.3,Moderate,Doctorate,7,5.7,2,5,81.9,50,27,54.0,2,53.88,Medium,False
STU11856,CS101,Fall 2025,4,41.9,41.3,41.7,1.67,4,24,Female,High,38.9,Moderate,Bachelors,8,7.2,6,4,69.4,45,21,46.7,1,49.23,High,False
STU11857,AI301,Fall 2023,0,59.9,58.0,59.3,2.37,4,22,Male,Low,3.8,Moderate,High School,15,9.7,7,3,78.5,50,28,55.5,1,65.95,Low,False
STU11858,CS101,Spring 2026,5,42.2,44.0,42.7,1.71,4,19,Female,High,19.9,High-Speed,Bachelors,15,8.5,2,6,53.4,45,32,70.4,5,68.38,Low,True
STU11859,DB401,Fall 2024,2,64.6,62.3,63.9,2.56,3,21,Female,Medium,17.6,High-Speed,Bachelors,9,16.3,3,7,79.8,45,31,69.8,3,64.36,Medium,False
STU11860,DB401,Fall 2023,0,47.7,42.2,46.0,1.84,3,22,Female,Medium,28.9,High-Speed,Masters,13,24.7,5,7,41.4,45,35,77.0,3,66.28,Medium,False
STU11861,DS201,Spring 2025,3,47.8,46.4,47.4,1.9,3,18,Female,High,14.8,Moderate,Bachelors,8,19.0,5,8,87.9,45,29,64.7,1,61.93,Medium,False
STU11862,SE501,Fall 2025,4,40.6,31.9,38.0,1.52,3,19,Male,Medium,10.2,Moderate,Masters,10,9.4,2,13,54.7,40,23,57.2,9,54.54,High,True
STU11863,SE501,Spring 2026,5,66.2,65.7,66.0,2.64,3,22,Female,Low,18.4,Moderate,High School,18,11.5,3,14,69.5,40,32,79.3,3,80.55,Low,False
STU11864,DS201,Fall 2025,4,66.3,54.9,62.9,2.52,4,22,Other,Low,0.7,High-Speed,Bachelors,14,12.5,5,7,86.7,45,31,69.5,4,73.09,Low,False
STU11865,AI301,Fall 2024,2,44.1,45.8,44.6,1.78,3,25,Female,Medium,5.9,High-Speed,High School,11,16.9,5,14,78.2,50,28,56.3,2,60.29,Low,True
STU11866,SE501,Spring 2026,5,39.9,41.9,40.5,1.62,4,25,Male,Medium,43.1,Limited,High School,10,22.9,7,7,64.8,45,25,56.1,5,56.01,High,True
STU11867,CS101,Spring 2025,3,39.8,46.0,41.7,1.67,4,25,Male,High,13.9,High-Speed,Bachelors,7,12.7,5,9,67.6,50,33,65.9,4,56.97,High,False
STU11868,AI301,Spring 2026,5,45.6,43.0,44.8,1.79,3,20,Male,Medium,31.1,Moderate,High School,12,22.7,6,13,82.2,50,24,48.2,2,58.54,High,True
STU11869,SE501,Spring 2024,1,59.3,62.5,60.3,2.41,4,23,Female,Medium,14.4,High-Speed,Bachelors,14,25.5,1,6,62.2,40,33,82.4,2,74.64,Low,False
STU11870,DS201,Fall 2024,2,64.9,56.5,62.4,2.5,3,21,Female,Medium,19.7,High-Speed,Masters,16,13.3,2,13,74.0,50,37,73.3,5,75.45,Low,False
STU11871,AI301,Spring 2026,5,35.9,37.3,36.3,1.45,4,20,Male,Low,11.6,Moderate,High School,11,13.1,6,6,64.7,45,27,59.4,3,59.14,Medium,True
STU11872,SE501,Fall 2023,0,64.0,60.4,62.9,2.52,4,24,Female,Low,13.6,High-Speed,High School,13,13.2,2,12,77.9,40,32,79.4,2,74.78,Low,False
STU11873,CS101,Spring 2026,5,50.5,47.7,49.7,1.99,3,19,Female,High,7.0,Moderate,Bachelors,16,15.3,5,12,78.3,40,28,70.3,3,74.81,Low,False
STU11874,DS201,Spring 2025,3,57.1,65.2,59.5,2.38,4,23,Female,Low,24.5,Moderate,Masters,12,13.2,4,8,67.5,40,30,75.3,5,69.15,Medium,False
STU11875,SE501,Spring 2026,5,67.8,63.8,66.6,2.66,3,22,Female,Low,16.6,High-Speed,Bachelors,12,19.4,9,11,61.3,45,32,71.8,4,66.16,Low,False
STU11876,CS101,Fall 2023,0,42.8,45.1,43.5,1.74,4,20,Female,Medium,17.6,Moderate,Bachelors,10,7.3,5,14,65.3,50,33,65.9,3,61.01,Medium,True
STU11877,AI301,Spring 2024,1,47.9,47.9,47.9,1.92,4,25,Female,Medium,10.6,High-Speed,High School,14,12.3,4,12,56.7,50,31,62.7,1,63.69,Low,False
STU11878,DB401,Spring 2024,1,25.0,30.0,22.4,0.9,3,23,Male,High,3.5,High-Speed,High School,6,16.6,3,12,55.3,45,18,40.8,3,40.46,High,False
STU11879,AI301,Fall 2024,2,69.6,64.1,68.0,2.72,3,24,Female,Low,0.3,Moderate,Bachelors,15,19.4,3,8,82.9,45,36,80.3,3,79.23,Low,False
STU11880,DB401,Fall 2023,0,51.8,44.4,49.6,1.98,3,21,Female,Low,26.1,High-Speed,High School,12,26.0,5,4,76.7,40,25,62.1,0,64.39,Medium,False
STU11881,AI301,Fall 2023,0,64.8,58.6,62.9,2.52,4,24,Female,Medium,8.4,High-Speed,Masters,15,8.6,8,2,63.8,45,34,74.6,2,72.56,Low,False
STU11882,CS101,Fall 2023,0,50.2,42.6,47.9,1.92,3,19,Female,Medium,3.4,Limited,Bachelors,7,11.7,5,6,88.2,50,21,41.3,6,48.79,High,False
STU11883,DS201,Spring 2024,1,62.9,60.9,62.3,2.49,4,18,Female,Medium,1.5,High-Speed,Bachelors,15,3.7,5,11,79.3,45,30,67.4,3,72.06,Low,False
STU11884,DB401,Spring 2026,5,67.5,66.7,67.3,2.69,3,20,Male,Medium,16.8,Moderate,Bachelors,11,9.5,4,12,77.7,50,26,52.8,3,58.44,Medium,False
STU11885,AI301,Spring 2026,5,75.4,78.5,76.3,3.05,3,25,Male,High,17.2,Moderate,Bachelors,19,6.2,6,5,84.9,45,41,91.0,2,90.98,Low,False
STU11886,AI301,Fall 2023,0,61.0,63.9,61.9,2.48,3,19,Male,High,16.0,High-Speed,Bachelors,6,12.4,5,2,83.6,50,28,55.1,4,53.27,High,False
STU11887,AI301,Spring 2025,3,64.3,56.6,62.0,2.48,3,18,Male,Low,9.8,High-Speed,Masters,9,13.9,1,6,80.1,45,25,56.6,0,57.82,High,False
STU11888,DS201,Fall 2024,2,62.0,64.5,62.7,2.51,4,25,Female,Medium,4.3,High-Speed,Doctorate,12,17.3,4,7,71.1,45,34,76.3,6,70.37,Low,False
STU11889,AI301,Fall 2023,0,48.9,45.2,47.8,1.91,3,25,Other,Medium,3.4,High-Speed,Masters,13,13.5,2,8,71.9,40,26,65.5,4,66.63,Low,False
STU11890,SE501,Spring 2024,1,31.7,34.7,32.6,1.3,4,25,Male,High,0.1,Moderate,Masters,18,17.3,5,11,51.1,40,32,78.9,2,76.67,Medium,True
STU11891,SE501,Fall 2023,0,53.1,40.7,49.4,1.98,4,20,Male,High,17.0,Moderate,Bachelors,9,15.6,2,12,75.8,45,31,69.5,5,63.41,Low,False
STU11892,DB401,Fall 2025,4,66.9,65.7,66.5,2.66,4,19,Female,Low,0.9,High-Speed,Bachelors,12,9.8,5,13,79.0,50,38,75.2,4,71.4,Medium,False
STU11893,AI301,Fall 2024,2,54.2,55.3,54.5,2.18,3,25,Male,Medium,9.5,Moderate,High School,14,6.6,7,10,71.3,50,36,72.8,3,71.66,Medium,False
STU11894,DB401,Fall 2024,2,43.5,41.2,42.8,1.71,3,24,Female,Medium,6.7,Limited,High School,14,17.9,2,13,47.2,45,29,65.2,4,63.04,Medium,True
STU11895,DB401,Spring 2025,3,45.1,45.6,45.3,1.81,4,19,Female,Low,7.1,High-Speed,High School,14,23.2,4,5,46.5,40,28,70.8,6,65.7,Medium,False
STU11896,DS201,Fall 2025,4,41.3,46.6,42.9,1.72,3,23,Female,Low,24.8,Moderate,High School,14,27.7,2,2,45.4,50,34,68.8,0,64.48,Medium,True
STU11897,DB401,Fall 2023,0,54.0,52.5,53.5,2.14,4,24,Male,Medium,0.3,Moderate,Bachelors,15,19.7,6,5,54.1,40,27,67.6,5,67.12,Medium,False
STU11898,AI301,Spring 2025,3,67.1,71.5,68.4,2.74,4,20,Male,Medium,14.1,High-Speed,High School,16,22.3,2,12,74.0,40,33,82.5,3,80.05,Low,False
STU11899,AI301,Fall 2024,2,59.4,62.9,60.4,2.42,3,25,Female,Low,0.5,High-Speed,Masters,12,17.3,5,8,72.1,40,31,78.7,2,71.77,Low,False
STU11900,CS101,Spring 2024,1,61.1,57.4,60.0,2.4,4,19,Female,Medium,0.4,Moderate,Masters,9,16.5,5,2,72.0,45,30,66.6,2,61.2,Medium,False
STU11901,DB401,Fall 2025,4,53.2,40.3,49.3,1.97,3,22,Male,Low,5.3,High-Speed,High School,13,15.6,3,14,67.9,50,32,64.1,3,65.13,Medium,False
STU11902,DS201,Spring 2024,1,56.0,56.1,56.0,2.24,4,20,Female,Medium,0.6,High-Speed,High School,13,14.5,3,10,62.2,45,34,75.1,0,69.49,Low,False
STU11903,AI301,Fall 2024,2,51.5,57.7,53.4,2.14,3,19,Male,Medium,14.8,Moderate,Masters,11,18.0,2,7,65.5,40,28,70.3,5,64.75,Medium,False
STU11904,DB401,Fall 2024,2,59.7,65.4,61.4,2.46,4,23,Female,Low,7.2,Moderate,Masters,22,12.4,4,11,69.8,50,44,87.8,4,87.86,Low,False
STU11905,AI301,Fall 2024,2,57.6,59.1,58.1,2.32,4,25,Male,Medium,0.3,High-Speed,Masters,13,14.3,5,9,80.2,50,37,73.3,3,72.19,Low,False
STU11906,AI301,Fall 2024,2,59.3,56.5,58.5,2.34,3,18,Female,Low,0.4,High-Speed,Doctorate,12,9.1,1,7,81.1,45,31,69.9,3,69.17,Medium,False
STU11907,DS201,Spring 2026,5,54.6,58.2,55.7,2.23,4,25,Male,Medium,9.0,High-Speed,Doctorate,14,17.4,5,8,73.0,50,27,53.2,2,62.2,Medium,False
STU11908,CS101,Spring 2026,5,48.5,41.8,46.5,1.86,4,18,Male,Low,15.6,High-Speed,Bachelors,13,10.2,1,4,49.9,50,41,81.4,1,70.18,Medium,False
STU11909,SE501,Spring 2025,3,56.5,58.4,57.1,2.28,4,22,Male,Medium,5.5,High-Speed,High School,15,15.2,8,9,69.9,45,32,70.3,1,71.63,Medium,False
STU11910,DS201,Spring 2024,1,70.6,75.6,72.1,2.88,4,20,Male,Low,7.7,High-Speed,Bachelors,16,17.5,4,6,74.5,40,32,79.4,0,78.6,Low,False
STU11911,DS201,Spring 2026,5,54.3,53.9,54.2,2.17,4,23,Female,Medium,15.3,High-Speed,High School,13,17.9,3,8,61.9,40,21,52.0,2,57.88,Medium,False
STU11912,AI301,Fall 2025,4,53.7,48.4,52.1,2.08,4,19,Other,Medium,9.0,High-Speed,Masters,13,18.9,4,8,95.5,50,30,59.3,4,68.25,Medium,False
STU11913,CS101,Fall 2025,4,71.3,70.9,71.2,2.85,3,19,Male,Low,2.4,High-Speed,Bachelors,9,13.9,3,7,64.3,40,26,66.2,2,59.46,Medium,False
STU11914,CS101,Fall 2024,2,65.7,67.4,66.2,2.65,3,18,Male,Medium,9.0,High-Speed,Bachelors,20,17.4,4,4,67.5,40,34,84.0,4,85.5,Low,False
STU11915,SE501,Spring 2026,5,46.1,41.1,44.6,1.78,4,23,Female,Low,9.4,High-Speed,High School,10,12.6,7,12,68.4,45,25,56.6,4,56.98,High,True
STU11916,CS101,Spring 2024,1,35.3,33.2,34.7,1.39,4,24,Female,Medium,12.6,High-Speed,Bachelors,11,5.1,3,2,56.5,40,28,69.1,2,62.35,High,True
STU11917,DB401,Fall 2024,2,54.4,58.6,55.7,2.23,3,22,Female,Low,9.2,Limited,Bachelors,18,17.7,6,7,50.9,45,30,67.7,2,71.03,Medium,False
STU11918,SE501,Fall 2024,2,55.8,60.6,57.2,2.29,4,18,Male,Medium,33.1,High-Speed,Masters,9,16.5,3,14,65.2,45,30,65.9,1,59.49,Low,False
STU11919,SE501,Fall 2025,4,29.9,30.5,30.1,1.2,4,18,Male,Medium,2.1,Moderate,High School,10,20.1,3,10,35.9,40,23,57.4,8,50.88,High,True
STU11920,SE501,Fall 2025,4,56.4,52.3,55.2,2.21,4,22,Female,High,28.7,Limited,Masters,13,14.9,2,3,74.0,45,29,64.8,3,66.7,Low,False
STU11921,DS201,Spring 2024,1,40.5,30.0,37.3,1.49,4,20,Male,Medium,7.3,High-Speed,Masters,9,7.0,2,3,66.5,50,31,62.7,3,58.15,High,False
STU11922,SE501,Spring 2025,3,49.5,50.9,49.9,2.0,3,19,Female,Medium,10.6,Moderate,Bachelors,15,14.5,4,11,64.3,45,39,86.7,3,78.71,Medium,False
STU11923,CS101,Spring 2025,3,59.4,51.8,57.1,2.28,4,20,Male,Medium,1.0,High-Speed,Bachelors,15,19.4,6,2,77.0,45,35,77.4,1,76.6,Low,False
STU11924,DB401,Fall 2025,4,44.1,44.8,44.3,1.77,4,23,Female,High,4.6,High-Speed,Bachelors,7,17.4,3,2,63.0,45,23,51.7,1,48.95,High,False
STU11925,CS101,Spring 2024,1,66.2,63.0,65.2,2.61,3,24,Male,Medium,13.9,High-Speed,High School,12,14.3,4,3,60.8,40,30,74.8,1,67.56,Medium,False
STU11926,DS201,Spring 2024,1,50.2,53.5,51.2,2.05,4,25,Female,Low,11.7,High-Speed,High School,14,6.7,4,2,50.7,45,34,74.8,6,68.54,Low,False
STU11927,SE501,Spring 2024,1,36.5,30.9,34.8,1.39,3,21,Male,High,0.4,High-Speed,Masters,9,9.9,2,13,53.9,50,23,46.5,2,47.53,High,False
STU11928,CS101,Spring 2025,3,51.0,43.7,48.8,1.95,4,21,Female,Medium,7.5,High-Speed,Bachelors,7,17.4,6,13,83.5,40,23,58.6,5,56.5,Low,False
STU11929,SE501,Spring 2026,5,56.4,58.2,56.9,2.28,3,21,Male,High,0.9,Moderate,High School,14,6.7,5,13,63.4,40,29,72.2,3,69.78,Medium,False
STU11930,DS201,Fall 2023,0,39.6,39.4,39.5,1.58,3,22,Female,High,52.1,Limited,Bachelors,16,13.4,2,12,70.0,40,32,78.9,1,77.45,Medium,True
STU11931,DB401,Spring 2024,1,44.9,48.4,46.0,1.84,3,18,Female,Low,21.6,High-Speed,Bachelors,10,15.2,4,14,65.5,50,22,44.6,5,50.4,High,False
STU11932,DS201,Fall 2023,0,74.1,80.6,76.1,3.04,4,24,Female,Medium,0.2,High-Speed,High School,14,20.7,6,7,79.4,45,32,71.3,1,72.53,Low,False
STU11933,CS101,Fall 2025,4,50.0,47.6,49.3,1.97,3,20,Female,Low,18.6,High-Speed,Bachelors,12,18.1,5,6,61.3,45,20,43.7,4,52.11,High,False
STU11934,DS201,Fall 2025,4,59.9,63.7,61.1,2.44,3,25,Female,Low,23.9,High-Speed,High School,6,19.8,6,9,60.0,50,24,47.8,3,44.9,High,False
STU11935,CS101,Spring 2025,3,45.1,36.9,42.6,1.7,3,19,Female,Low,4.1,Moderate,High School,12,16.5,9,14,52.2,50,37,74.4,4,65.64,Low,True
STU11936,AI301,Spring 2024,1,59.2,52.9,57.3,2.29,4,21,Male,Medium,12.1,High-Speed,Bachelors,9,10.8,5,11,74.4,40,26,64.4,6,60.58,Medium,False
STU11937,CS101,Fall 2023,0,57.9,57.9,57.9,2.32,3,20,Female,Low,5.5,High-Speed,Bachelors,14,11.9,3,8,80.9,50,34,67.1,3,70.73,Low,False
STU11938,SE501,Fall 2024,2,69.8,67.9,69.2,2.77,3,21,Female,Low,10.1,Moderate,High School,14,10.3,3,13,78.4,45,32,71.6,2,72.48,Low,False
STU11939,AI301,Spring 2024,1,63.3,52.3,60.0,2.4,3,24,Male,Medium,4.0,Moderate,Bachelors,16,18.0,6,5,83.3,40,31,77.0,4,79.16,Low,False
STU11940,DB401,Fall 2025,4,62.1,70.9,64.7,2.59,4,21,Male,Low,3.7,High-Speed,High School,12,11.5,6,10,73.0,50,30,60.9,4,63.05,Medium,False
STU11941,SE501,Fall 2025,4,53.5,42.7,50.3,2.01,4,19,Male,Low,5.2,High-Speed,High School,11,13.0,4,12,78.3,40,30,74.9,3,69.61,Low,False
STU11942,CS101,Spring 2025,3,57.9,55.6,57.2,2.29,3,25,Female,Low,1.5,High-Speed,High School,14,15.1,5,12,82.0,50,33,65.8,2,70.3,Low,False
STU11943,AI301,Fall 2025,4,49.1,53.7,50.5,2.02,3,23,Female,Medium,16.9,High-Speed,High School,14,23.2,7,5,59.2,45,31,69.6,3,67.64,Medium,False
STU11944,SE501,Fall 2025,4,69.9,68.8,69.6,2.78,4,23,Female,Medium,4.1,High-Speed,High School,13,18.3,3,10,85.8,50,32,64.5,3,68.91,Low,False
STU11945,DB401,Spring 2026,5,45.8,48.8,46.7,1.87,4,24,Female,Low,4.9,High-Speed,Masters,11,11.1,5,5,77.1,45,26,57.3,3,60.57,Medium,False
STU11946,DS201,Spring 2024,1,47.9,44.0,46.7,1.87,3,23,Male,High,21.3,Limited,Bachelors,13,15.8,5,3,83.5,50,23,45.6,5,59.0,Medium,False
STU11947,CS101,Fall 2023,0,57.7,58.3,57.9,2.32,3,22,Male,Medium,6.5,High-Speed,High School,13,23.3,2,3,80.8,50,34,67.4,3,69.36,Low,False
STU11948,AI301,Spring 2024,1,37.2,44.1,39.3,1.57,3,18,Male,Medium,7.5,High-Speed,High School,14,18.1,3,14,52.9,40,31,77.6,4,70.38,Low,True
STU11949,DS201,Spring 2025,3,54.3,51.8,53.5,2.14,3,22,Male,Medium,29.8,High-Speed,High School,12,7.0,2,7,80.9,45,27,60.8,6,64.58,Low,False
STU11950,DS201,Spring 2025,3,57.2,59.5,57.9,2.32,4,20,Male,Medium,20.7,High-Speed,Bachelors,14,10.4,6,7,74.9,50,33,66.4,3,69.18,Low,False
STU11951,AI301,Fall 2025,4,61.8,60.5,61.4,2.46,4,22,Male,Medium,1.8,Moderate,High School,9,10.0,4,8,66.5,50,28,56.9,2,55.25,Medium,False
STU11952,AI301,Fall 2025,4,58.2,58.9,58.4,2.34,4,20,Female,Low,6.1,High-Speed,High School,12,22.2,13,14,78.1,50,37,73.9,2,70.57,Low,False
STU11953,DB401,Fall 2024,2,62.5,64.8,63.2,2.53,4,20,Female,Low,33.7,High-Speed,Bachelors,14,21.3,1,13,79.4,40,32,79.7,2,76.73,Low,False
STU11954,AI301,Fall 2025,4,56.8,50.6,54.9,2.2,4,18,Other,High,4.4,High-Speed,Bachelors,10,11.9,3,8,88.9,45,29,64.5,3,65.03,Low,False
STU11955,AI301,Spring 2026,5,64.9,59.4,63.2,2.53,3,19,Female,Low,4.4,High-Speed,High School,13,11.8,5,14,92.9,40,32,79.0,5,77.58,Low,False
STU11956,DS201,Spring 2024,1,51.6,48.4,50.6,2.02,3,25,Female,Medium,2.1,High-Speed,Bachelors,7,15.2,5,13,78.2,40,23,56.9,6,54.59,Medium,False
STU11957,CS101,Spring 2025,3,63.7,67.0,64.7,2.59,3,24,Male,High,1.2,High-Speed,High School,22,15.4,4,4,77.6,40,33,83.6,1,87.32,Low,False
STU11958,DS201,Spring 2024,1,60.1,64.8,61.5,2.46,4,18,Female,Medium,12.8,High-Speed,High School,10,10.2,4,11,80.5,50,32,63.3,3,62.75,Medium,False
STU11959,DS201,Spring 2026,5,58.4,67.0,61.0,2.44,4,24,Female,Medium,14.0,High-Speed,Bachelors,15,13.8,7,8,65.5,40,27,68.4,0,69.8,Medium,False
STU11960,DS201,Spring 2025,3,57.6,55.6,57.0,2.28,4,23,Male,Medium,33.0,High-Speed,Bachelors,9,7.7,3,10,83.6,45,31,68.2,5,64.32,Medium,False
STU11961,DS201,Fall 2024,2,52.0,49.3,51.2,2.05,3,23,Male,Low,14.1,Moderate,Bachelors,11,21.4,4,10,65.0,45,27,61.0,7,60.0,Medium,False
STU11962,CS101,Spring 2026,5,52.7,53.3,52.9,2.12,4,22,Female,Medium,2.6,Moderate,High School,15,6.2,2,12,69.6,45,32,71.3,4,72.07,Medium,False
STU11963,CS101,Fall 2023,0,40.0,34.5,38.4,1.54,3,20,Male,Medium,0.4,Moderate,Bachelors,8,6.1,5,8,65.3,45,22,49.4,1,49.76,High,False
STU11964,SE501,Fall 2025,4,61.1,65.9,62.5,2.5,3,21,Female,High,40.2,Moderate,High School,10,17.2,7,5,62.9,40,26,65.8,5,60.48,Medium,False
STU11965,SE501,Spring 2026,5,69.8,65.0,68.4,2.74,3,21,Female,High,4.0,High-Speed,Bachelors,18,8.8,2,9,83.6,50,46,91.0,2,89.22,Low,False
STU11966,SE501,Fall 2023,0,49.8,44.1,48.1,1.92,4,24,Male,High,3.6,Moderate,Bachelors,12,12.5,2,3,73.2,50,31,62.5,3,63.89,Medium,False
STU11967,DS201,Fall 2024,2,69.6,62.7,67.5,2.7,3,20,Male,High,22.5,High-Speed,High School,21,15.3,1,9,77.6,50,46,91.2,4,91.12,Low,False
STU11968,AI301,Spring 2024,1,66.3,62.9,65.3,2.61,4,24,Male,Medium,8.4,High-Speed,Bachelors,7,18.4,8,13,77.8,45,30,66.2,2,59.16,Medium,False
STU11969,DS201,Spring 2026,5,43.9,42.2,43.4,1.74,4,18,Male,Medium,2.3,High-Speed,Bachelors,16,13.9,2,13,59.2,45,28,61.9,4,66.79,Low,True
STU11970,CS101,Spring 2024,1,50.2,46.4,49.1,1.96,3,19,Male,Medium,20.9,High-Speed,High School,7,23.9,3,12,56.4,40,25,61.8,0,52.68,Medium,False
STU11971,AI301,Spring 2025,3,72.4,67.2,70.9,2.84,4,25,Female,Medium,47.6,Limited,Masters,16,15.0,2,4,92.9,45,35,77.1,4,81.13,Low,False
STU11972,DS201,Fall 2025,4,54.5,61.9,56.7,2.27,4,18,Male,High,0.9,High-Speed,Masters,14,21.0,6,6,63.0,40,28,69.8,2,68.5,Medium,False
STU11973,AI301,Fall 2024,2,56.7,55.2,56.3,2.25,4,20,Female,Low,18.8,High-Speed,High School,10,16.4,6,4,75.9,40,26,66.1,4,63.23,Medium,False
STU11974,DS201,Fall 2025,4,67.6,69.2,68.1,2.72,4,20,Male,High,4.7,High-Speed,Masters,8,25.7,5,14,69.9,45,28,62.7,1,57.33,High,False
STU11975,CS101,Fall 2023,0,59.2,61.5,59.9,2.4,4,19,Female,High,7.1,High-Speed,Bachelors,14,20.3,4,7,71.2,50,42,83.7,5,77.09,Low,False
STU11976,AI301,Fall 2023,0,58.0,55.2,57.2,2.29,3,24,Male,High,23.4,High-Speed,Bachelors,10,15.2,5,7,79.8,45,30,66.5,4,64.21,Low,False
STU11977,DB401,Spring 2025,3,45.8,39.3,43.9,1.76,4,22,Male,High,34.4,High-Speed,Masters,10,18.1,2,9,60.8,45,28,62.1,2,58.21,Medium,True
STU11978,AI301,Spring 2025,3,59.0,56.2,58.2,2.33,4,22,Female,Low,2.9,High-Speed,Bachelors,18,13.7,9,2,67.5,45,33,72.4,4,76.7,Low,False
STU11979,DS201,Fall 2025,4,50.6,52.4,51.1,2.04,3,19,Female,Low,2.3,Moderate,High School,15,13.6,3,6,87.0,50,36,71.2,1,75.5,Medium,False
STU11980,DB401,Fall 2025,4,57.7,52.6,56.2,2.25,3,22,Male,Low,0.8,High-Speed,Masters,9,8.5,3,6,71.6,40,20,50.8,3,53.22,High,False
STU11981,CS101,Fall 2024,2,51.8,54.4,52.6,2.1,4,21,Female,Low,7.8,High-Speed,High School,13,11.0,3,10,88.2,40,27,67.7,5,70.99,Medium,False
STU11982,DS201,Fall 2024,2,68.1,54.5,64.0,2.56,4,22,Male,Medium,0.1,Moderate,High School,13,25.3,2,11,79.7,40,33,81.9,3,76.39,Low,False
STU11983,CS101,Spring 2026,5,58.0,57.8,57.9,2.32,4,22,Male,High,5.0,Limited,High School,12,9.0,1,5,80.9,50,38,75.8,4,72.08,Low,False
STU11984,CS101,Fall 2024,2,72.3,75.4,73.2,2.93,3,22,Male,High,0.7,High-Speed,Masters,12,11.7,8,7,76.1,50,36,72.5,4,69.47,Low,False
STU11985,AI301,Spring 2024,1,70.7,76.1,72.3,2.89,3,21,Male,Medium,4.9,High-Speed,Masters,13,14.5,2,13,100.0,50,36,71.0,4,75.0,Low,False
STU11986,DB401,Fall 2025,4,33.1,30.0,32.2,1.29,4,24,Female,Low,0.4,Limited,High School,12,14.7,5,12,63.6,40,27,66.7,4,64.07,Medium,True
STU11987,SE501,Fall 2025,4,44.3,45.9,44.8,1.79,3,22,Female,Low,17.1,High-Speed,Masters,10,16.9,1,12,52.3,40,25,63.0,2,56.96,Medium,True
STU11988,CS101,Fall 2023,0,57.8,66.1,60.3,2.41,3,23,Male,Low,2.2,High-Speed,High School,14,12.7,4,11,61.8,50,37,74.1,2,70.41,Low,False
STU11989,DB401,Spring 2024,1,53.1,64.5,56.5,2.26,3,21,Female,Medium,3.8,High-Speed,Doctorate,11,17.2,3,8,69.2,40,28,69.5,3,65.09,Low,False
STU11990,DB401,Fall 2023,0,54.9,54.9,54.9,2.2,3,19,Female,Medium,19.4,Limited,Bachelors,12,20.7,3,4,100.0,50,29,57.7,2,66.85,Low,False
STU11991,SE501,Fall 2023,0,40.6,35.9,39.2,1.57,3,18,Male,Low,13.0,Limited,High School,14,21.3,5,13,81.2,40,29,73.1,1,73.79,Low,True
STU11992,SE501,Fall 2023,0,72.4,80.0,74.7,2.99,4,19,Female,Medium,2.3,Moderate,High School,8,13.7,5,7,85.4,45,26,56.9,1,57.53,Medium,False
STU11993,DS201,Spring 2025,3,70.7,74.1,71.7,2.87,4,18,Male,Low,0.7,High-Speed,High School,14,18.1,6,14,46.0,50,39,77.6,1,69.0,Medium,False
STU11994,CS101,Fall 2023,0,40.6,50.4,43.5,1.74,4,25,Female,Medium,11.9,High-Speed,High School,9,9.3,3,14,66.7,45,25,55.5,2,54.59,High,False
STU11995,SE501,Spring 2024,1,62.1,71.3,64.9,2.6,4,19,Female,Medium,4.7,High-Speed,Bachelors,13,11.4,1,4,79.8,50,35,70.6,7,70.76,Low,False
STU11996,SE501,Spring 2026,5,55.9,47.7,53.5,2.14,4,23,Female,Medium,13.8,Moderate,High School,13,9.1,2,13,74.3,40,30,74.9,1,71.81,Low,False
STU11997,AI301,Fall 2025,4,50.7,53.1,51.4,2.06,3,18,Male,Medium,5.6,Limited,Doctorate,9,14.8,2,7,53.2,45,24,53.5,3,50.89,High,False
STU11998,CS101,Fall 2025,4,51.7,53.2,52.2,2.09,3,18,Male,High,4.0,High-Speed,Bachelors,7,10.7,2,2,76.7,40,23,58.4,5,55.04,High,False
STU11999,DS201,Spring 2025,3,50.1,54.8,51.5,2.06,3,20,Male,Low,5.7,Moderate,Bachelors,13,7.4,5,10,63.2,50,34,68.2,2,66.24,Medium,False
STU12000,DB401,Fall 2024,2,47.0,47.2,47.1,1.88,4,18,Male,Medium,13.1,High-Speed,High School,11,13.1,7,7,76.1,40,27,68.0,6,65.72,Medium,False
STU12001,CS101,Fall 2023,0,42.6,52.7,45.6,1.82,3,18,Male,Medium,22.1,High-Speed,Masters,8,6.4,2,7,56.2,40,26,65.6,2,56.04,Medium,False
STU12002,SE501,Fall 2024,2,69.3,68.3,69.0,2.76,4,20,Female,Medium,0.5,Moderate,Bachelors,18,21.6,5,14,71.5,45,38,84.1,6,83.35,Low,False
STU12003,CS101,Fall 2025,4,65.9,64.9,65.6,2.62,3,22,Male,High,7.1,High-Speed,Masters,14,12.2,6,5,87.6,40,26,65.3,2,71.17,Low,False
STU12004,AI301,Spring 2026,5,43.0,48.4,44.6,1.78,4,22,Male,Medium,0.3,High-Speed,Doctorate,9,19.9,5,6,67.4,40,17,42.8,1,48.38,High,False
STU12005,SE501,Spring 2025,3,67.3,66.7,67.1,2.68,4,20,Female,Medium,6.0,High-Speed,High School,5,12.5,7,5,88.8,50,26,52.1,2,51.31,High,False
STU12006,DB401,Fall 2025,4,40.5,40.5,40.5,1.62,3,21,Male,Low,20.6,Moderate,High School,11,9.0,4,7,57.8,40,27,68.7,4,62.41,Medium,True
STU12007,DS201,Spring 2026,5,47.9,42.7,46.4,1.86,3,25,Female,Medium,4.3,Moderate,Masters,11,20.9,4,8,67.0,45,34,75.7,3,67.75,Medium,False
STU12008,AI301,Spring 2025,3,59.8,55.8,58.6,2.34,3,18,Male,Low,25.6,Limited,Masters,14,15.4,4,2,77.5,50,38,75.3,6,74.15,Low,False
STU12009,AI301,Spring 2026,5,59.3,52.9,57.4,2.3,4,18,Male,Low,9.5,Moderate,Bachelors,10,24.4,5,4,64.2,50,32,64.2,5,59.94,High,False
STU12010,AI301,Spring 2026,5,71.1,68.6,70.3,2.81,4,20,Male,Medium,25.8,High-Speed,High School,14,12.7,6,3,68.0,40,31,77.0,1,73.1,Low,False
STU12011,DS201,Spring 2026,5,36.4,31.9,35.0,1.4,4,20,Male,Medium,13.4,High-Speed,Bachelors,15,12.8,0,12,57.8,45,36,81.0,5,74.56,Medium,True
STU12012,SE501,Spring 2024,1,37.7,32.1,36.0,1.44,4,21,Female,Low,1.0,Limited,High School,8,20.0,10,13,51.8,45,25,55.5,5,50.11,High,False
STU12013,AI301,Fall 2025,4,64.8,63.1,64.3,2.57,3,23,Male,Medium,2.5,High-Speed,High School,9,20.1,4,6,75.9,40,24,60.8,4,59.08,Medium,False
STU12014,AI301,Spring 2024,1,52.2,57.0,53.6,2.14,4,22,Female,Medium,4.8,Moderate,Bachelors,18,15.8,2,9,68.0,45,40,89.5,4,85.35,Low,False
STU12015,DS201,Fall 2025,4,43.3,37.6,41.6,1.66,4,19,Male,Low,1.8,Moderate,High School,9,31.7,3,6,86.0,40,26,65.8,3,63.6,High,False
STU12016,CS101,Spring 2026,5,45.5,47.4,46.1,1.84,4,23,Male,Medium,6.5,Moderate,Bachelors,13,13.6,3,10,58.3,40,25,61.3,4,61.81,Medium,False
STU12017,DS201,Fall 2023,0,59.8,64.3,61.1,2.44,4,24,Female,Medium,6.1,High-Speed,Doctorate,6,8.7,6,2,66.8,50,30,59.3,2,52.01,Medium,False
STU12018,DB401,Spring 2026,5,50.9,43.8,48.8,1.95,4,22,Male,Medium,29.7,High-Speed,Masters,7,10.0,4,12,63.4,40,24,59.8,2,53.08,High,False
STU12019,DB401,Fall 2024,2,62.8,57.1,61.1,2.44,3,18,Female,Medium,5.4,Moderate,Masters,12,13.6,2,7,60.5,45,32,71.6,4,65.9,Medium,False
STU12020,SE501,Spring 2026,5,71.4,80.5,74.1,2.96,3,24,Female,Medium,14.6,Moderate,Masters,11,22.6,4,4,87.9,50,28,57.0,3,62.58,Medium,False
STU12021,DB401,Fall 2024,2,60.4,61.7,60.8,2.43,3,23,Female,Medium,27.0,Moderate,High School,13,14.1,4,3,60.1,40,27,66.6,6,64.82,Low,False
STU12022,AI301,Spring 2024,1,64.1,67.0,65.0,2.6,3,20,Female,High,19.9,High-Speed,Masters,9,22.8,3,5,72.0,45,27,59.4,3,57.6,High,False
STU12023,DS201,Fall 2025,4,44.1,41.6,43.4,1.74,3,21,Male,Medium,2.2,High-Speed,Masters,13,17.2,6,4,74.1,50,34,67.8,3,68.22,Low,True
STU12024,DB401,Fall 2024,2,49.4,47.0,48.7,1.95,4,22,Male,Low,6.5,Moderate,Masters,11,20.4,2,12,59.9,50,37,74.4,5,65.68,High,False
STU12025,AI301,Fall 2025,4,49.6,39.3,46.5,1.86,4,21,Male,Medium,4.1,Moderate,Bachelors,16,16.9,2,10,81.7,50,31,61.2,3,70.94,Medium,False
STU12026,SE501,Fall 2025,4,42.0,39.6,41.3,1.65,4,24,Female,High,4.9,Moderate,High School,12,16.9,3,13,58.3,50,27,54.4,2,56.86,Medium,True
STU12027,DS201,Fall 2025,4,66.8,71.5,68.2,2.73,4,22,Other,Low,4.3,High-Speed,High School,18,18.8,4,10,85.6,40,25,61.7,3,74.97,Low,False
STU12028,DS201,Fall 2024,2,56.5,54.4,55.9,2.24,3,25,Male,High,16.6,Limited,High School,9,12.2,2,9,63.9,40,24,60.8,5,56.68,Medium,False
STU12029,CS101,Spring 2026,5,58.0,68.0,61.0,2.44,3,25,Female,High,5.7,High-Speed,Doctorate,11,12.2,3,8,77.0,45,33,72.6,4,68.2,Medium,False
STU12030,SE501,Fall 2024,2,77.0,75.0,76.4,3.06,3,23,Male,Low,7.0,Moderate,Bachelors,10,16.7,1,11,97.8,45,31,69.8,2,69.46,Low,False
STU12031,DB401,Spring 2026,5,54.8,46.3,52.3,2.09,3,18,Female,High,38.4,High-Speed,Masters,16,24.7,1,4,84.0,40,32,79.8,5,80.7,Low,False
STU12032,SE501,Fall 2024,2,77.7,81.5,78.8,3.15,4,25,Male,Medium,0.6,High-Speed,Bachelors,18,7.3,3,12,56.6,40,37,91.8,2,84.22,Low,False
STU12033,DB401,Spring 2026,5,46.8,52.7,48.6,1.94,3,25,Female,High,6.4,Moderate,Bachelors,9,4.9,2,4,41.1,50,30,60.7,9,52.07,High,True
STU12034,AI301,Fall 2024,2,74.9,70.9,73.7,2.95,3,19,Female,Medium,14.1,High-Speed,High School,11,13.7,7,14,88.7,50,34,67.0,3,67.74,Low,False
STU12035,DS201,Spring 2024,1,58.9,64.4,60.6,2.42,3,21,Male,Medium,1.6,High-Speed,High School,14,20.2,4,8,74.5,50,41,81.1,4,76.45,Low,False
STU12036,SE501,Spring 2026,5,59.6,57.2,58.9,2.36,3,21,Male,Medium,9.0,High-Speed,Bachelors,18,15.3,3,5,90.5,50,37,74.5,4,82.35,Low,False
STU12037,AI301,Fall 2024,2,65.5,72.6,67.6,2.7,4,25,Male,Medium,2.6,Moderate,Bachelors,12,9.2,5,9,82.0,45,24,52.6,1,60.7,Medium,False
STU12038,AI301,Fall 2025,4,59.2,64.4,60.8,2.43,4,19,Male,Low,19.2,High-Speed,High School,11,15.4,4,2,71.7,45,33,73.3,1,67.49,Medium,False
STU12039,AI301,Spring 2026,5,64.3,64.8,64.4,2.58,3,21,Male,Medium,3.8,High-Speed,Bachelors,14,6.3,1,2,86.8,45,38,84.8,0,80.76,Low,False
STU12040,SE501,Fall 2025,4,50.7,55.6,52.2,2.09,3,21,Female,Low,3.8,Limited,High School,12,18.1,6,8,67.7,40,23,57.2,6,60.14,Medium,False
STU12041,SE501,Spring 2024,1,55.8,60.8,57.3,2.29,3,22,Female,Medium,8.7,High-Speed,Masters,13,13.5,3,10,92.8,50,27,53.2,6,64.66,Medium,False
STU12042,SE501,Spring 2025,3,61.0,74.6,65.1,2.6,4,22,Female,Medium,1.9,High-Speed,High School,15,14.6,4,3,66.4,40,32,79.9,4,75.73,Low,False
STU12043,SE501,Fall 2024,2,60.6,60.5,60.6,2.42,4,19,Male,Medium,3.2,High-Speed,Bachelors,11,17.1,5,6,67.1,50,29,58.8,1,59.32,Medium,False
STU12044,SE501,Fall 2024,2,47.2,38.8,44.7,1.79,4,24,Female,Medium,5.1,Limited,High School,10,16.0,2,3,79.0,40,15,38.1,4,49.85,High,True
STU12045,DS201,Fall 2025,4,33.3,30.0,32.3,1.29,4,18,Female,Low,4.1,High-Speed,Bachelors,6,12.3,5,13,68.3,50,28,56.9,2,51.11,High,False
STU12046,CS101,Spring 2026,5,54.1,57.7,55.2,2.21,3,23,Male,Low,7.1,Moderate,Bachelors,10,20.2,5,10,81.2,40,28,70.4,5,66.44,Low,False
STU12047,SE501,Fall 2025,4,50.6,47.9,49.8,1.99,4,25,Female,Low,8.7,High-Speed,Bachelors,8,19.0,4,10,69.2,45,28,63.2,2,57.44,Medium,False
STU12048,DS201,Spring 2025,3,60.5,57.3,59.6,2.38,4,25,Female,Medium,7.9,Moderate,Masters,13,6.1,4,2,77.5,40,31,76.6,2,73.3,Medium,False
STU12049,DB401,Fall 2025,4,50.6,50.5,50.6,2.02,4,23,Male,High,10.1,Moderate,High School,16,13.8,4,12,87.3,40,32,79.3,0,81.11,Medium,False
STU12050,DB401,Spring 2024,1,42.1,51.9,45.0,1.8,4,25,Male,Low,3.5,High-Speed,High School,7,9.6,6,8,73.5,40,16,41.0,4,45.7,Medium,False
STU12051,DS201,Fall 2024,2,49.6,44.6,48.1,1.92,4,25,Male,High,1.3,High-Speed,Bachelors,4,8.7,2,12,69.4,40,22,56.2,0,47.98,High,False
STU12052,DS201,Spring 2024,1,42.6,33.4,39.8,1.59,4,24,Male,Medium,13.6,Moderate,Bachelors,12,17.7,8,2,69.3,40,21,51.7,1,57.71,High,True
STU12053,DB401,Fall 2024,2,65.7,74.9,68.5,2.74,3,21,Female,Medium,18.1,High-Speed,High School,15,12.9,4,8,81.5,45,38,83.5,4,80.55,Low,False
STU12054,DB401,Spring 2026,5,71.6,74.7,72.5,2.9,3,18,Female,Medium,2.8,Limited,Bachelors,13,14.3,6,9,85.7,45,30,67.6,5,70.44,Medium,False
STU12055,SE501,Spring 2026,5,32.7,30.0,31.9,1.28,3,25,Female,High,5.0,High-Speed,High School,9,11.7,1,2,50.4,45,19,42.4,3,44.78,High,False
STU12056,CS101,Spring 2025,3,45.6,43.5,45.0,1.8,4,19,Male,Low,6.6,Moderate,High School,14,16.9,4,4,79.8,50,35,69.2,4,71.56,Medium,False
STU12057,CS101,Fall 2023,0,63.4,66.2,64.2,2.57,4,24,Male,Medium,7.2,High-Speed,Bachelors,12,18.4,1,11,59.5,40,22,56.1,1,57.95,High,False
STU12058,AI301,Spring 2025,3,47.1,46.2,46.8,1.87,4,25,Female,Medium,10.2,Moderate,Masters,8,25.9,2,6,66.4,50,32,63.6,2,57.08,Medium,False
STU12059,DB401,Fall 2025,4,54.7,51.9,53.8,2.15,3,19,Female,Medium,0.4,High-Speed,Bachelors,10,14.1,8,11,72.4,50,35,69.4,4,64.18,Medium,False
STU12060,CS101,Fall 2024,2,50.9,51.6,51.1,2.04,3,22,Male,High,12.1,High-Speed,Bachelors,7,7.8,4,8,71.8,50,27,54.9,3,52.31,High,False
STU12061,CS101,Spring 2024,1,47.5,58.4,50.8,2.03,3,21,Female,Low,0.6,High-Speed,Masters,14,12.5,7,6,70.4,45,34,75.8,1,72.98,Medium,False
STU12062,SE501,Fall 2023,0,60.0,58.9,59.7,2.39,4,20,Female,Medium,6.0,High-Speed,High School,17,19.2,7,4,75.7,40,28,69.5,3,75.39,Low,False
STU12063,SE501,Fall 2023,0,45.8,42.9,44.9,1.8,4,25,Male,Medium,16.7,High-Speed,Bachelors,12,11.1,7,9,65.2,45,27,59.2,4,60.64,Medium,True
STU12064,DS201,Spring 2025,3,59.1,58.6,59.0,2.36,4,19,Male,Medium,5.7,High-Speed,Masters,10,7.6,4,7,78.5,50,32,64.6,1,63.0,Medium,False
STU12065,SE501,Spring 2025,3,57.8,54.6,56.8,2.27,3,24,Female,Medium,1.5,Moderate,High School,9,11.2,4,2,69.7,40,25,63.6,2,59.24,Medium,False
STU12066,DB401,Spring 2024,1,60.4,51.5,57.7,2.31,4,21,Male,Medium,39.9,High-Speed,High School,9,12.3,5,8,76.2,50,26,51.1,2,54.29,Medium,False
STU12067,SE501,Fall 2023,0,72.6,72.2,72.5,2.9,4,18,Male,High,20.9,Moderate,Doctorate,17,9.6,4,10,66.5,50,40,79.9,2,78.75,Low,False
STU12068,DS201,Fall 2023,0,46.7,46.1,46.5,1.86,3,24,Male,Medium,14.0,High-Speed,Doctorate,12,16.1,2,2,61.6,45,27,59.4,5,60.02,High,False
STU12069,SE501,Spring 2026,5,43.6,40.0,42.5,1.7,4,22,Male,High,5.0,High-Speed,High School,11,14.6,8,8,59.6,45,27,60.7,3,58.77,Medium,True
STU12070,DB401,Fall 2025,4,41.5,37.3,40.3,1.61,3,23,Female,Medium,1.9,High-Speed,High School,10,18.9,4,3,67.6,45,27,60.8,1,58.92,High,True
STU12071,SE501,Spring 2026,5,56.7,54.4,56.0,2.24,4,25,Female,Low,27.0,Limited,High School,12,12.8,3,2,59.8,45,32,70.7,3,65.31,Low,False
STU12072,SE501,Spring 2026,5,58.8,66.5,61.1,2.44,3,18,Male,Low,7.2,Moderate,High School,8,17.8,7,14,83.3,40,25,63.4,3,60.36,Low,False
STU12073,AI301,Fall 2023,0,58.4,70.3,62.0,2.48,3,19,Female,Low,18.2,High-Speed,Bachelors,17,12.5,7,2,77.6,50,36,71.8,3,76.92,Low,False
STU12074,SE501,Fall 2023,0,36.7,41.0,38.0,1.52,3,25,Female,Medium,4.0,Moderate,Bachelors,7,9.4,5,4,58.1,40,23,58.3,3,51.27,Medium,False
STU12075,AI301,Spring 2025,3,39.7,38.5,39.4,1.58,4,19,Female,Medium,3.9,High-Speed,Masters,8,12.3,1,2,51.2,40,25,61.6,2,53.04,Medium,False
STU12076,DB401,Fall 2023,0,68.4,63.2,66.9,2.68,4,18,Male,Medium,40.2,High-Speed,High School,14,6.9,7,11,81.9,50,38,77.0,2,75.88,Low,False
STU12077,DS201,Spring 2025,3,63.4,62.1,63.0,2.52,4,19,Male,Medium,7.0,High-Speed,Masters,14,23.9,3,3,79.3,50,30,60.7,1,67.21,Medium,False
STU12078,DS201,Fall 2023,0,47.8,57.0,50.5,2.02,3,24,Other,Low,1.4,High-Speed,High School,13,15.7,4,8,56.3,40,23,58.2,4,59.86,Low,False
STU12079,CS101,Fall 2024,2,48.3,51.6,49.3,1.97,3,21,Female,Low,2.4,High-Speed,High School,10,11.0,2,9,65.0,50,27,54.3,4,55.15,Medium,False
STU12080,AI301,Spring 2024,1,79.8,83.7,81.0,3.24,3,19,Male,Low,6.2,Moderate,Bachelors,18,13.1,3,4,80.0,40,38,94.0,1,90.0,Low,False
STU12081,CS101,Fall 2025,4,40.9,38.4,40.2,1.61,3,22,Male,Medium,0.4,High-Speed,High School,7,2.7,4,8,42.4,50,21,42.7,5,40.33,High,False
STU12082,AI301,Spring 2024,1,53.8,55.6,54.3,2.17,3,21,Male,Low,5.9,Moderate,High School,10,22.2,5,13,59.6,50,29,57.8,0,55.82,High,False
STU12083,DB401,Spring 2025,3,44.6,48.5,45.8,1.83,3,24,Female,Low,5.2,High-Speed,Masters,12,21.7,7,8,64.8,45,28,62.5,2,62.21,Low,False
STU12084,SE501,Spring 2025,3,79.5,78.2,79.1,3.16,3,25,Female,High,14.4,High-Speed,High School,14,15.5,3,11,81.3,50,37,73.2,4,73.86,Low,False
STU12085,AI301,Fall 2025,4,73.1,65.6,70.9,2.84,4,20,Female,High,4.2,Moderate,Bachelors,14,16.6,4,5,68.4,40,33,83.4,2,76.38,Low,False
STU12086,AI301,Spring 2026,5,64.6,63.6,64.3,2.57,4,25,Male,Low,38.5,Moderate,High School,14,8.7,2,12,81.4,50,36,71.6,3,73.08,Low,False
STU12087,AI301,Spring 2026,5,50.4,41.7,47.8,1.91,3,19,Female,Medium,1.9,Limited,High School,12,9.0,2,2,63.2,50,38,75.7,8,68.49,Medium,True
STU12088,CS101,Fall 2023,0,49.7,53.4,50.8,2.03,3,19,Female,Medium,8.5,High-Speed,Bachelors,12,6.5,4,5,76.9,45,30,65.6,1,66.18,Low,False
STU12089,DS201,Spring 2024,1,57.4,55.2,56.8,2.27,4,22,Male,Medium,0.9,Moderate,Masters,8,14.2,4,12,74.0,50,30,60.9,3,57.25,High,False
STU12090,DS201,Spring 2025,3,55.1,58.6,56.2,2.25,3,24,Female,Medium,12.6,Moderate,Bachelors,11,20.3,3,13,62.0,50,35,70.5,1,64.15,Medium,False
STU12091,DS201,Fall 2023,0,54.5,54.6,54.5,2.18,4,22,Female,Low,49.9,High-Speed,Bachelors,11,13.1,4,13,66.5,45,34,74.5,2,67.05,Medium,False
STU12092,DB401,Spring 2024,1,37.2,45.1,39.6,1.58,3,23,Male,Medium,16.2,High-Speed,Masters,8,16.7,7,2,76.2,45,17,37.8,2,46.14,High,False
STU12093,AI301,Spring 2024,1,68.0,71.2,68.9,2.76,4,24,Female,Medium,7.7,High-Speed,Bachelors,17,19.9,5,11,72.0,45,41,90.7,1,85.25,Low,False
STU12094,DS201,Spring 2025,3,58.0,65.2,60.2,2.41,3,18,Male,Low,6.3,High-Speed,High School,13,6.9,4,5,77.2,45,32,71.1,4,70.49,Medium,False
STU12095,AI301,Fall 2024,2,44.3,47.8,45.4,1.82,3,18,Female,Medium,17.1,High-Speed,Bachelors,14,24.2,4,6,81.9,50,29,58.6,3,66.68,Medium,False
STU12096,SE501,Spring 2026,5,57.7,53.3,56.4,2.26,4,18,Female,Medium,26.1,Limited,Bachelors,13,20.8,3,10,69.2,45,34,74.8,2,70.74,Medium,False
STU12097,DS201,Spring 2025,3,45.1,39.0,43.3,1.73,4,22,Female,Medium,43.0,High-Speed,Bachelors,12,17.6,4,8,39.1,40,22,54.9,5,53.27,High,True
STU12098,DS201,Fall 2025,4,65.7,70.8,67.2,2.69,3,18,Female,Low,4.8,Moderate,Bachelors,20,19.6,2,14,57.9,45,45,99.2,3,91.18,Low,False
STU12099,DS201,Spring 2025,3,42.7,44.2,43.2,1.73,4,24,Male,Medium,44.7,Moderate,High School,13,19.9,2,10,53.6,40,24,59.7,3,60.07,High,True
STU12100,AI301,Spring 2024,1,65.8,60.3,64.1,2.56,4,18,Female,Low,1.6,High-Speed,Bachelors,15,16.5,3,10,54.3,50,38,76.0,2,71.36,Medium,False
STU12101,SE501,Spring 2024,1,50.1,49.3,49.8,1.99,3,20,Female,Medium,2.8,High-Speed,Bachelors,14,22.1,2,9,70.1,50,35,69.5,2,69.77,Medium,False
STU12102,DB401,Spring 2025,3,53.7,52.4,53.3,2.13,3,18,Male,Low,0.9,High-Speed,Bachelors,11,12.7,7,3,77.1,45,22,49.7,1,56.77,Medium,False
STU12103,DB401,Spring 2024,1,54.2,60.6,56.1,2.24,4,19,Female,Low,3.0,Moderate,Masters,19,17.3,6,6,56.8,50,45,89.1,1,84.41,Low,False
STU12104,AI301,Spring 2025,3,55.8,55.0,55.6,2.22,4,23,Female,Medium,13.9,Limited,Masters,13,21.6,6,5,80.8,40,23,57.2,2,64.26,Medium,False
STU12105,CS101,Spring 2026,5,59.6,61.8,60.3,2.41,4,22,Male,Medium,18.2,High-Speed,Bachelors,15,1.5,5,2,81.6,45,34,75.9,1,76.77,Low,False
STU12106,DS201,Fall 2025,4,71.1,69.9,70.8,2.83,4,21,Female,High,14.3,Moderate,Bachelors,15,17.2,5,7,95.6,40,23,56.8,3,70.02,Low,False
STU12107,DS201,Spring 2024,1,64.3,61.0,63.3,2.53,3,23,Female,Medium,9.5,High-Speed,Bachelors,15,18.6,2,6,83.1,40,29,71.5,2,74.87,Low,False
STU12108,SE501,Fall 2023,0,62.5,68.4,64.3,2.57,4,20,Male,Low,6.9,Moderate,Bachelors,13,6.5,4,14,84.4,45,30,67.0,4,69.88,Low,False
STU12109,AI301,Fall 2024,2,46.4,43.8,45.6,1.82,4,22,Other,Medium,11.7,High-Speed,Doctorate,10,16.4,3,11,74.1,45,22,49.4,4,54.52,High,False
STU12110,DS201,Fall 2024,2,50.0,54.1,51.2,2.05,3,24,Male,Medium,4.7,High-Speed,Bachelors,12,11.0,9,14,60.7,40,27,67.3,2,63.79,Low,False
STU12111,DS201,Spring 2026,5,59.0,66.3,61.2,2.45,3,25,Male,Low,17.5,High-Speed,High School,13,17.0,2,13,68.6,45,29,64.7,3,65.57,Medium,False
STU12112,AI301,Fall 2023,0,60.7,63.4,61.5,2.46,3,22,Male,High,10.7,High-Speed,Bachelors,11,14.5,3,14,84.6,45,24,52.6,2,59.72,Medium,False
STU12113,CS101,Fall 2025,4,61.9,59.1,61.1,2.44,3,19,Female,Low,11.4,High-Speed,Bachelors,17,10.3,8,11,69.8,50,40,79.9,2,79.41,Medium,False
STU12114,SE501,Fall 2025,4,61.8,55.3,59.9,2.4,3,24,Female,High,7.3,Moderate,Bachelors,13,20.5,7,8,74.3,50,33,65.7,4,67.21,Low,False
STU12115,AI301,Fall 2025,4,70.6,84.0,74.6,2.98,3,23,Male,High,20.6,High-Speed,Bachelors,13,12.9,6,2,82.4,45,30,66.4,8,69.18,Low,True
STU12116,DS201,Fall 2023,0,59.9,64.9,61.4,2.46,3,23,Male,Medium,2.8,Moderate,High School,8,16.3,6,6,73.5,40,26,64.7,1,59.05,High,False
STU12117,DS201,Spring 2026,5,37.9,41.1,38.8,1.55,3,18,Female,High,4.6,High-Speed,High School,12,21.6,1,14,69.1,45,28,62.5,3,63.07,Medium,True
STU12118,CS101,Spring 2025,3,57.0,67.7,60.2,2.41,4,24,Male,Medium,14.3,Moderate,High School,11,10.4,4,4,64.3,50,37,73.5,7,66.11,Medium,False
STU12119,CS101,Spring 2024,1,76.7,83.8,78.8,3.15,4,25,Female,Low,6.4,Moderate,Bachelors,11,15.0,2,5,96.4,45,25,55.3,3,63.43,Medium,False
STU12120,SE501,Spring 2024,1,70.7,75.4,72.1,2.88,4,19,Female,Medium,20.9,Moderate,High School,14,12.5,4,5,76.3,50,41,81.1,3,76.81,Low,False
STU12121,CS101,Fall 2024,2,49.5,50.3,49.8,1.99,3,18,Female,Low,4.0,High-Speed,Masters,12,13.6,4,13,58.5,50,33,65.3,6,62.35,High,False
STU12122,AI301,Fall 2024,2,67.5,67.5,67.5,2.7,4,18,Female,Medium,4.4,High-Speed,High School,18,25.8,2,7,63.4,40,36,90.6,3,84.98,Low,False
STU12123,CS101,Fall 2023,0,52.4,60.2,54.7,2.19,3,25,Male,Medium,20.9,Moderate,Masters,10,17.3,5,14,71.7,45,29,65.1,3,61.89,Low,False
STU12124,SE501,Spring 2025,3,50.2,44.4,48.4,1.94,4,22,Other,Medium,5.9,High-Speed,High School,10,16.6,4,13,79.6,50,17,34.7,1,48.27,High,False
STU12125,DB401,Fall 2024,2,53.4,58.8,55.0,2.2,3,23,Female,Medium,6.9,High-Speed,High School,11,17.6,1,5,70.2,45,22,48.3,3,54.69,Medium,False
STU12126,DB401,Fall 2023,0,59.3,50.3,56.6,2.26,4,18,Female,Medium,3.8,High-Speed,Bachelors,13,17.2,2,8,53.8,40,26,64.6,1,62.56,High,False
STU12127,CS101,Fall 2023,0,38.5,32.4,36.7,1.47,3,20,Male,High,3.1,Moderate,High School,13,5.9,4,4,49.1,40,32,79.1,1,68.87,Medium,True
STU12128,AI301,Fall 2025,4,33.1,33.2,33.1,1.32,3,20,Female,Low,10.1,Moderate,Masters,11,26.5,2,9,50.5,40,22,55.2,1,54.2,High,True
STU12129,CS101,Fall 2023,0,61.6,69.7,64.0,2.56,4,23,Male,Medium,1.2,Moderate,High School,16,7.7,2,3,78.1,40,34,83.9,5,81.57,Low,False
STU12130,DS201,Spring 2024,1,63.2,63.7,63.3,2.53,4,20,Male,Low,20.1,High-Speed,Bachelors,13,23.7,6,3,74.0,45,31,69.5,3,69.05,Low,False
STU12131,CS101,Fall 2025,4,52.7,51.9,52.5,2.1,4,25,Male,Medium,14.3,High-Speed,Masters,9,18.1,1,2,63.5,50,24,48.3,4,50.35,High,False
STU12132,SE501,Fall 2023,0,68.1,64.8,67.1,2.68,3,22,Female,Low,2.0,Limited,High School,15,15.9,2,7,96.0,45,32,72.1,1,77.75,Low,False
STU12133,DS201,Fall 2024,2,41.0,47.1,42.8,1.71,3,19,Female,Medium,11.3,High-Speed,High School,14,13.5,5,12,71.4,45,31,69.4,4,69.98,Medium,True
STU12134,SE501,Fall 2023,0,54.5,56.6,55.1,2.2,4,21,Female,Low,8.8,High-Speed,High School,10,28.0,4,7,52.3,50,29,58.4,3,54.66,Medium,False
STU12135,SE501,Spring 2025,3,53.9,54.0,53.9,2.16,4,18,Female,Low,1.9,High-Speed,Bachelors,11,18.0,5,14,70.2,40,23,56.6,1,58.84,Medium,False
STU12136,DS201,Fall 2023,0,68.5,76.9,71.0,2.84,4,21,Male,High,3.0,High-Speed,High School,18,15.1,10,7,77.1,45,38,85.2,3,85.02,Low,False
STU12137,SE501,Fall 2024,2,35.5,30.0,33.9,1.36,4,19,Female,Low,5.0,High-Speed,Bachelors,14,12.3,1,2,65.9,40,28,69.7,2,69.03,Low,True
STU12138,CS101,Spring 2026,5,69.5,77.5,71.9,2.88,3,19,Male,Medium,11.4,High-Speed,Masters,16,11.7,1,5,69.7,50,37,74.8,5,75.34,Low,False
STU12139,DB401,Spring 2026,5,61.1,54.2,59.0,2.36,3,25,Female,Low,9.7,High-Speed,Masters,14,15.3,6,2,79.3,50,38,76.9,10,75.31,Low,True
STU12140,CS101,Spring 2025,3,69.2,66.0,68.2,2.73,4,22,Female,Medium,7.2,High-Speed,High School,15,10.3,5,3,74.4,50,37,74.3,3,74.53,Low,False
STU12141,CS101,Fall 2023,0,69.8,74.0,71.1,2.84,4,20,Female,Medium,13.9,Moderate,High School,17,18.4,5,9,79.6,40,32,79.0,2,80.92,Low,False
STU12142,DB401,Fall 2025,4,51.0,54.6,52.1,2.08,3,20,Female,Medium,13.5,High-Speed,High School,10,11.8,6,9,80.5,40,24,59.7,4,60.95,Low,False
STU12143,SE501,Spring 2024,1,49.0,52.0,49.9,2.0,3,25,Male,Low,9.1,High-Speed,Bachelors,9,20.0,6,2,53.3,50,30,61.0,4,54.66,Low,False
STU12144,CS101,Spring 2025,3,64.4,63.3,64.1,2.56,4,19,Male,Medium,14.7,Moderate,High School,10,19.9,5,2,78.8,40,24,60.1,2,60.81,Medium,False
STU12145,AI301,Fall 2024,2,39.1,44.8,40.8,1.63,4,22,Female,Medium,3.9,Limited,Masters,12,14.7,5,12,79.3,40,21,53.0,1,60.36,Medium,True
STU12146,DB401,Fall 2023,0,68.4,72.1,69.5,2.78,3,22,Male,Medium,20.2,High-Speed,Bachelors,14,17.9,4,13,74.9,50,38,76.3,5,74.13,Medium,False
STU12147,SE501,Fall 2023,0,58.3,65.2,60.4,2.42,3,23,Male,Medium,9.1,Moderate,High School,19,18.2,8,14,75.8,40,38,96.2,2,91.76,Low,False
STU12148,DB401,Spring 2025,3,45.7,45.4,45.6,1.82,4,24,Female,Medium,16.4,High-Speed,Bachelors,13,7.7,2,14,61.1,45,32,70.6,5,67.02,Low,False
STU12149,SE501,Spring 2026,5,49.9,53.2,50.9,2.04,3,18,Female,Low,7.5,High-Speed,High School,10,23.7,4,4,90.3,50,29,57.3,5,61.71,Medium,False
STU12150,DB401,Fall 2023,0,73.7,81.2,75.9,3.04,3,25,Male,Low,2.3,High-Speed,High School,10,13.7,4,8,78.9,50,30,59.7,2,60.63,Medium,False
STU12151,DS201,Spring 2024,1,62.3,72.0,65.2,2.61,4,24,Male,Low,7.4,High-Speed,High School,12,18.5,4,7,80.1,50,36,71.7,3,69.87,Low,False
STU12152,DB401,Spring 2026,5,46.5,44.0,45.7,1.83,4,25,Female,Low,4.4,Moderate,High School,8,18.6,2,4,88.6,40,27,66.6,3,63.02,Medium,False
STU12153,DB401,Fall 2025,4,45.1,39.7,43.5,1.74,3,20,Female,Low,11.4,High-Speed,Bachelors,11,2.6,2,9,82.2,50,22,44.9,2,55.39,High,True
STU12154,AI301,Spring 2024,1,42.4,37.8,41.0,1.64,4,19,Male,Medium,6.1,High-Speed,Bachelors,7,11.7,4,9,82.5,40,15,37.4,7,45.7,High,False
STU12155,DB401,Spring 2024,1,38.9,33.0,37.1,1.48,4,25,Male,Medium,17.2,Moderate,High School,6,19.2,3,14,42.7,40,21,52.4,4,43.74,High,False
STU12156,CS101,Fall 2024,2,31.6,47.5,36.4,1.46,4,25,Male,High,10.8,High-Speed,Doctorate,13,15.3,2,7,37.8,45,25,56.0,1,55.06,Medium,True
STU12157,SE501,Fall 2025,4,43.0,54.2,46.3,1.85,4,23,Male,Low,11.0,Moderate,Bachelors,15,18.4,6,2,70.2,40,27,66.6,2,69.84,Medium,False
STU12158,AI301,Fall 2025,4,62.0,63.1,62.3,2.49,3,21,Male,Medium,2.3,Moderate,High School,5,15.5,4,13,75.0,45,23,52.2,1,48.6,Medium,False
STU12159,DS201,Fall 2023,0,51.5,47.3,50.2,2.01,3,20,Female,High,39.4,High-Speed,High School,10,21.1,3,9,76.0,45,25,54.5,3,57.45,Medium,False
STU12160,AI301,Fall 2025,4,51.1,50.7,51.0,2.04,3,18,Female,Medium,17.5,Limited,Bachelors,10,15.6,4,6,75.4,45,25,55.8,4,57.98,Medium,False
STU12161,CS101,Spring 2026,5,65.1,66.4,65.5,2.62,4,22,Female,Low,14.8,High-Speed,Doctorate,8,22.1,5,10,75.4,45,25,54.6,3,54.38,High,False
STU12162,SE501,Fall 2024,2,70.9,62.8,68.5,2.74,4,19,Male,Low,3.8,High-Speed,Bachelors,13,10.1,5,10,73.6,45,30,65.7,4,67.07,Low,False
STU12163,AI301,Spring 2026,5,46.4,47.2,46.6,1.86,3,20,Female,Low,7.3,High-Speed,Masters,12,14.4,4,3,62.9,40,22,54.5,1,57.83,Medium,False
STU12164,SE501,Spring 2026,5,38.3,41.2,39.2,1.57,3,21,Male,Medium,1.4,Moderate,Bachelors,10,12.0,3,12,55.1,40,25,62.9,2,57.47,Medium,True
STU12165,DB401,Fall 2023,0,52.3,48.8,51.3,2.05,4,25,Female,Medium,7.3,Moderate,Bachelors,7,16.9,4,14,70.4,45,27,60.3,2,54.73,High,False
STU12166,DS201,Fall 2023,0,66.5,65.7,66.2,2.65,4,18,Female,Low,1.5,High-Speed,Bachelors,7,13.6,3,14,64.3,40,22,55.7,6,51.21,Low,False
STU12167,DS201,Fall 2023,0,43.1,47.3,44.4,1.78,3,25,Male,Low,7.7,High-Speed,Bachelors,7,13.9,4,7,66.9,40,23,58.2,2,52.98,Medium,False
STU12168,AI301,Fall 2025,4,48.1,49.1,48.4,1.94,3,18,Female,Medium,9.9,High-Speed,High School,16,11.5,4,5,51.9,45,40,88.7,1,78.73,Low,False
STU12169,AI301,Fall 2025,4,50.9,47.7,49.9,2.0,3,23,Male,Medium,4.7,Moderate,Masters,9,12.7,1,8,69.8,50,26,52.7,2,53.81,Medium,False
STU12170,CS101,Fall 2024,2,52.8,53.6,53.0,2.12,4,25,Female,Medium,6.6,Moderate,High School,11,14.9,4,7,74.9,40,24,58.8,3,60.88,Medium,False
STU12171,CS101,Fall 2025,4,54.9,62.8,57.3,2.29,3,20,Male,Medium,19.8,Moderate,Bachelors,14,4.9,3,8,54.6,40,31,76.8,1,70.32,Low,False
STU12172,DS201,Fall 2023,0,61.2,69.2,63.6,2.54,3,21,Male,Medium,1.1,Moderate,Bachelors,15,3.5,6,6,77.1,50,36,71.5,3,73.67,Low,False
STU12173,SE501,Spring 2024,1,51.2,46.4,49.8,1.99,3,18,Female,Low,14.9,High-Speed,Bachelors,14,15.3,7,10,55.7,40,30,75.0,4,69.64,Low,False
STU12174,AI301,Fall 2025,4,54.2,61.7,56.5,2.26,3,19,Male,Medium,1.8,High-Speed,High School,13,1.2,6,2,77.8,40,27,68.1,3,69.11,Low,False
STU12175,AI301,Fall 2024,2,40.2,39.4,40.0,1.6,4,18,Female,Medium,0.4,High-Speed,Bachelors,10,14.0,3,13,62.3,50,23,45.8,4,50.36,High,True
STU12176,DB401,Fall 2025,4,48.5,50.8,49.2,1.97,3,21,Male,High,2.0,Moderate,Bachelors,8,13.1,3,8,84.4,45,26,58.6,2,58.18,Medium,False
STU12177,SE501,Spring 2026,5,46.9,51.3,48.2,1.93,3,22,Female,Low,13.8,High-Speed,Bachelors,9,17.7,2,10,62.7,45,27,59.2,0,55.64,High,False
STU12178,AI301,Spring 2024,1,53.4,46.1,51.2,2.05,3,22,Female,Medium,4.9,High-Speed,Bachelors,18,11.6,3,9,59.3,40,31,76.7,1,77.21,Low,False
STU12179,AI301,Spring 2025,3,54.4,56.2,54.9,2.2,3,23,Female,Medium,19.6,Limited,Bachelors,10,22.8,6,2,71.4,40,28,71.1,4,64.83,Low,False
STU12180,SE501,Fall 2024,2,60.0,66.6,62.0,2.48,4,20,Male,Medium,7.1,Moderate,High School,11,19.2,7,9,76.0,45,29,65.0,4,64.2,Low,False
STU12181,AI301,Fall 2025,4,58.1,59.1,58.4,2.34,4,21,Male,Low,0.2,High-Speed,Doctorate,12,7.4,4,14,83.2,45,30,66.3,1,67.79,Medium,False
STU12182,SE501,Fall 2025,4,61.4,63.3,62.0,2.48,4,23,Male,Medium,12.0,Moderate,Masters,13,13.6,5,4,78.9,40,29,71.4,2,70.98,Low,False
STU12183,CS101,Spring 2024,1,55.5,60.3,56.9,2.28,3,24,Male,High,1.1,Limited,High School,15,22.6,5,14,60.1,50,40,79.2,1,74.12,Low,False
STU12184,SE501,Spring 2026,5,65.1,63.9,64.7,2.59,4,18,Female,Medium,14.8,High-Speed,High School,16,11.5,3,11,74.9,50,43,86.0,7,81.98,Low,False
STU12185,DB401,Fall 2025,4,45.6,46.1,45.7,1.83,3,24,Female,Medium,1.7,High-Speed,High School,12,14.7,8,13,57.3,45,35,77.7,1,68.31,Low,False
STU12186,DS201,Spring 2026,5,51.0,53.0,51.6,2.06,3,18,Female,Low,4.0,High-Speed,Bachelors,15,22.0,6,7,83.7,45,28,63.1,2,70.79,Low,False
STU12187,SE501,Spring 2026,5,70.4,72.9,71.1,2.84,3,22,Female,Low,13.6,High-Speed,Masters,14,12.3,3,10,87.8,40,26,65.9,3,71.51,Low,False
STU12188,DB401,Fall 2025,4,64.7,62.3,64.0,2.56,4,23,Female,Medium,29.3,Moderate,Bachelors,15,20.6,1,8,73.3,50,41,81.8,4,78.06,Low,False
STU12189,DB401,Fall 2024,2,43.5,49.1,45.2,1.81,3,22,Female,High,4.4,High-Speed,Masters,9,10.5,2,14,68.2,50,31,61.2,3,57.74,Medium,False
STU12190,AI301,Fall 2025,4,47.2,43.9,46.2,1.85,4,19,Male,High,16.8,High-Speed,High School,8,1.0,4,6,90.8,40,25,62.9,3,61.61,Medium,False
STU12191,DB401,Spring 2025,3,70.1,66.9,69.1,2.76,3,24,Female,Medium,2.0,High-Speed,Bachelors,13,21.1,3,9,88.0,50,35,69.4,4,71.8,Low,False
STU12192,DB401,Fall 2024,2,51.7,51.9,51.8,2.07,3,24,Female,Medium,15.6,High-Speed,High School,9,17.2,4,9,47.9,50,34,68.1,2,57.13,Low,False
STU12193,CS101,Spring 2024,1,49.6,54.1,51.0,2.04,4,22,Female,High,10.2,High-Speed,High School,10,17.5,7,7,77.4,50,28,55.7,6,58.33,Medium,False
STU12194,DS201,Spring 2025,3,51.9,46.6,50.3,2.01,3,19,Male,Medium,2.0,Moderate,Bachelors,8,9.5,4,7,68.9,50,30,59.1,1,55.33,Medium,False
STU12195,CS101,Spring 2024,1,48.6,47.4,48.2,1.93,3,18,Male,Medium,3.4,High-Speed,High School,14,9.9,5,10,53.4,50,32,64.2,3,63.78,Medium,False
STU12196,DS201,Fall 2023,0,46.1,41.5,44.7,1.79,4,23,Male,Low,1.3,Moderate,Bachelors,12,20.8,7,5,90.5,45,19,42.7,0,57.45,High,True
STU12197,CS101,Spring 2024,1,43.8,42.0,43.2,1.73,3,19,Female,Medium,4.6,Moderate,Bachelors,6,16.2,3,14,60.6,40,20,48.8,3,45.52,High,False
STU12198,DS201,Fall 2024,2,59.0,55.4,57.9,2.32,4,23,Female,Medium,2.2,High-Speed,Masters,14,14.4,4,4,82.3,45,30,67.2,4,71.06,Low,False
STU12199,CS101,Fall 2023,0,42.0,42.4,42.1,1.68,4,24,Male,High,9.8,Moderate,High School,10,16.1,6,9,63.9,45,27,60.3,4,57.93,Medium,True
STU12200,SE501,Spring 2026,5,43.8,35.3,41.2,1.65,4,23,Female,Medium,49.4,Moderate,Bachelors,10,22.5,3,10,56.5,50,24,48.9,3,50.75,Medium,True
STU12201,DS201,Spring 2025,3,58.0,61.2,59.0,2.36,3,24,Male,Low,0.1,High-Speed,Doctorate,9,18.6,4,5,72.6,40,27,66.4,0,61.22,Medium,False
STU12202,SE501,Spring 2024,1,36.5,41.0,37.9,1.52,3,19,Male,Medium,7.4,High-Speed,Masters,9,12.6,1,3,51.7,45,28,61.3,3,54.49,Medium,False
STU12203,AI301,Fall 2025,4,71.9,65.7,70.0,2.8,3,24,Male,High,8.1,Moderate,Bachelors,12,8.0,4,7,96.1,50,33,66.2,4,70.32,Low,False
STU12204,DB401,Spring 2026,5,51.6,51.9,51.7,2.07,4,25,Female,Medium,23.3,Limited,Bachelors,10,17.9,3,10,79.2,50,31,61.3,3,61.49,Medium,False
STU12205,AI301,Fall 2024,2,45.8,51.4,47.5,1.9,3,20,Female,Low,6.7,High-Speed,Bachelors,11,10.4,3,3,64.3,50,32,63.6,3,61.16,Medium,False
STU12206,SE501,Fall 2023,0,56.9,50.0,54.8,2.19,4,24,Male,Low,7.5,High-Speed,Bachelors,11,9.1,4,10,69.8,40,23,57.6,2,59.26,Medium,False
STU12207,DB401,Spring 2026,5,57.8,67.0,60.5,2.42,4,22,Female,Medium,6.1,High-Speed,Bachelors,12,21.6,4,6,60.1,45,32,70.2,2,65.12,Medium,False
STU12208,DS201,Fall 2023,0,44.5,46.2,45.0,1.8,4,19,Male,Medium,3.0,High-Speed,Bachelors,10,19.4,3,5,75.0,45,24,52.9,0,56.45,High,False
STU12209,AI301,Spring 2025,3,54.3,50.9,53.3,2.13,4,25,Female,Medium,0.5,High-Speed,Bachelors,13,16.9,2,12,54.7,40,29,72.3,4,66.59,Medium,False
STU12210,AI301,Spring 2026,5,56.8,54.0,56.0,2.24,4,18,Female,Low,5.0,High-Speed,Bachelors,15,8.8,1,9,52.7,40,32,80.8,1,73.44,Medium,False
STU12211,SE501,Spring 2025,3,51.9,52.9,52.2,2.09,3,23,Female,High,0.5,High-Speed,High School,10,23.9,6,3,74.3,50,32,63.4,2,61.56,High,False
STU12212,SE501,Fall 2025,4,58.5,57.9,58.3,2.33,3,25,Male,Low,7.6,High-Speed,Bachelors,10,20.1,4,8,90.4,50,22,44.3,2,55.23,High,False
STU12213,SE501,Fall 2025,4,38.9,42.0,39.8,1.59,3,21,Female,Low,3.5,High-Speed,High School,15,13.5,3,11,60.6,45,34,74.5,3,71.87,Medium,True
STU12214,DB401,Spring 2025,3,46.7,44.1,45.9,1.84,3,25,Female,Medium,7.2,High-Speed,High School,8,12.4,3,8,62.7,50,33,66.3,2,57.69,Low,False
STU12215,DB401,Spring 2025,3,59.5,56.8,58.7,2.35,4,19,Male,Medium,1.4,High-Speed,High School,9,15.4,3,2,66.3,50,33,65.3,5,59.41,High,False
STU12216,DB401,Spring 2026,5,49.5,50.8,49.9,2.0,4,25,Female,Low,25.6,High-Speed,High School,10,12.6,4,11,64.5,40,27,68.7,5,62.25,Medium,False
STU12217,CS101,Spring 2024,1,46.1,42.8,45.1,1.8,4,25,Male,Low,21.4,Moderate,Masters,14,26.1,1,9,67.6,45,31,69.1,2,69.07,Low,False
STU12218,DS201,Spring 2026,5,33.2,31.7,32.7,1.31,3,22,Female,Low,2.0,Limited,Bachelors,10,13.1,7,2,76.3,50,30,60.1,5,60.31,High,True
STU12219,DB401,Fall 2025,4,58.3,62.9,59.7,2.39,3,24,Male,Medium,4.0,High-Speed,High School,11,9.7,2,10,68.0,50,29,57.2,7,58.7,High,False
STU12220,AI301,Fall 2024,2,39.2,30.8,36.7,1.47,4,23,Female,Medium,9.0,High-Speed,Bachelors,8,22.9,7,3,50.9,50,30,61.0,4,52.68,High,False
STU12221,DS201,Spring 2025,3,31.1,32.1,31.4,1.26,4,20,Female,Medium,1.0,High-Speed,High School,11,12.2,7,11,66.9,40,17,41.6,3,50.68,High,True
STU12222,AI301,Fall 2024,2,62.4,65.7,63.4,2.54,4,18,Male,Medium,4.2,High-Speed,Bachelors,14,18.9,3,8,75.7,45,33,73.1,4,72.69,Low,False
STU12223,DS201,Spring 2026,5,69.3,75.3,71.1,2.84,3,20,Male,Medium,2.7,High-Speed,Bachelors,16,18.4,5,6,61.6,40,32,79.8,1,76.22,Low,False
STU12224,DB401,Fall 2024,2,65.9,66.4,66.0,2.64,4,25,Male,Low,23.5,High-Speed,Masters,19,14.7,4,14,77.3,50,43,85.8,7,86.86,Low,False
STU12225,DB401,Fall 2023,0,45.9,45.4,45.8,1.83,3,21,Male,High,18.2,Moderate,High School,14,10.1,2,14,82.9,45,32,71.4,9,73.28,Medium,True
STU12226,CS101,Spring 2026,5,60.0,54.0,58.2,2.33,3,19,Male,High,8.2,High-Speed,Bachelors,18,14.8,6,13,74.9,50,45,90.6,3,87.28,Low,False
STU12227,SE501,Fall 2023,0,63.6,61.3,62.9,2.52,4,23,Female,Low,7.0,High-Speed,Masters,18,9.2,4,12,61.4,45,35,77.7,4,78.13,Low,False
STU12228,DB401,Fall 2023,0,67.6,72.6,69.1,2.76,3,19,Male,Low,25.4,Moderate,Doctorate,19,14.9,3,6,88.8,40,30,75.9,5,84.21,Low,False
STU12229,AI301,Spring 2026,5,49.8,44.7,48.3,1.93,3,22,Male,Low,25.6,Moderate,High School,9,18.9,5,6,84.3,40,27,66.8,4,63.76,High,False
STU12230,AI301,Fall 2025,4,70.6,60.3,67.5,2.7,3,19,Female,Low,33.1,High-Speed,Bachelors,8,23.6,1,10,74.3,50,26,51.4,2,52.56,High,False
STU12231,SE501,Spring 2024,1,46.9,53.1,48.8,1.95,3,18,Male,Medium,1.3,High-Speed,High School,10,9.6,5,12,67.0,50,31,61.8,3,59.3,High,False
STU12232,SE501,Fall 2024,2,62.8,61.5,62.4,2.5,4,21,Female,Medium,1.7,High-Speed,Bachelors,12,13.7,4,11,83.9,50,39,77.9,2,73.73,Low,False
STU12233,AI301,Spring 2026,5,56.6,61.3,58.0,2.32,4,20,Female,Medium,10.7,High-Speed,High School,18,12.4,9,13,75.4,40,29,72.6,1,78.38,Low,False
STU12234,DB401,Spring 2026,5,66.2,61.0,64.6,2.58,4,25,Female,Medium,7.4,High-Speed,Masters,16,16.4,2,3,83.5,40,26,64.4,3,72.9,Low,False
STU12235,SE501,Fall 2025,4,64.4,64.2,64.3,2.57,3,25,Female,Medium,0.2,High-Speed,High School,24,7.4,3,10,68.3,45,44,97.3,0,92.31,Low,False
STU12236,DB401,Spring 2026,5,33.1,30.4,32.3,1.29,3,21,Female,Medium,0.6,High-Speed,Bachelors,14,10.4,8,13,66.6,45,24,53.4,4,61.02,Medium,True
STU12237,CS101,Fall 2023,0,30.2,32.1,30.8,1.23,3,23,Male,Low,20.8,Moderate,Bachelors,8,6.5,4,14,51.5,45,27,61.1,4,52.85,High,False
STU12238,AI301,Fall 2025,4,58.6,59.3,58.8,2.35,3,19,Male,Medium,19.3,Moderate,Doctorate,10,7.8,6,8,90.8,40,27,67.5,5,66.91,Low,False
STU12239,AI301,Fall 2025,4,60.8,64.4,61.9,2.48,4,23,Male,Medium,4.2,High-Speed,Bachelors,13,11.7,4,4,87.4,45,27,60.5,4,67.23,Low,False
STU12240,AI301,Fall 2024,2,41.3,40.1,40.9,1.64,3,20,Female,Low,21.1,High-Speed,High School,3,23.4,3,4,64.3,50,25,49.2,6,41.96,High,False
STU12241,CS101,Fall 2025,4,66.9,72.2,68.5,2.74,3,23,Male,Low,8.6,High-Speed,High School,17,16.7,8,14,73.6,50,41,81.6,5,81.02,Low,False
STU12242,AI301,Spring 2024,1,70.6,67.1,69.6,2.78,4,22,Female,High,15.6,High-Speed,High School,12,15.3,3,3,80.0,40,27,67.8,4,67.9,Low,False
STU12243,CS101,Fall 2024,2,49.0,53.5,50.3,2.01,4,21,Other,Medium,5.3,High-Speed,Bachelors,14,21.7,4,11,79.5,40,27,68.0,5,70.9,Medium,False
STU12244,AI301,Spring 2026,5,61.1,67.3,62.9,2.52,3,20,Female,Low,1.1,Moderate,Bachelors,15,16.9,4,14,75.5,45,33,73.1,5,74.15,Low,False
STU12245,CS101,Spring 2025,3,59.4,60.7,59.8,2.39,3,20,Female,Medium,5.4,Moderate,Bachelors,19,17.4,5,6,66.3,40,37,92.2,2,87.86,Low,False
STU12246,CS101,Fall 2024,2,48.8,44.4,47.5,1.9,3,24,Male,Medium,5.8,Moderate,High School,12,12.6,4,4,68.2,40,28,69.1,2,66.19,Low,False
STU12247,AI301,Fall 2025,4,52.2,42.6,49.3,1.97,3,20,Female,Medium,7.6,Moderate,Bachelors,12,11.8,7,3,72.0,50,35,69.3,2,67.05,Medium,False
STU12248,CS101,Spring 2024,1,54.4,53.2,54.0,2.16,4,24,Female,Low,1.1,Limited,Bachelors,9,8.4,6,13,67.4,45,25,54.5,5,54.23,Medium,False
STU12249,DS201,Fall 2025,4,61.1,55.6,59.4,2.38,3,18,Male,High,45.2,Moderate,Doctorate,6,12.0,6,5,94.6,40,23,56.4,2,56.12,Medium,False
STU12250,CS101,Fall 2025,4,49.9,47.2,49.1,1.96,3,25,Male,Medium,2.7,Limited,Bachelors,10,13.6,7,10,70.3,45,29,64.8,4,61.46,High,False
STU12251,CS101,Fall 2024,2,62.9,74.0,66.2,2.65,4,24,Female,Low,2.1,High-Speed,High School,7,16.7,4,2,70.1,40,20,49.1,3,49.07,Medium,False
STU12252,DB401,Spring 2024,1,49.3,48.2,49.0,1.96,3,21,Female,Medium,7.1,High-Speed,High School,11,14.8,7,10,68.0,45,28,62.5,2,61.35,Medium,False
STU12253,DS201,Fall 2023,0,52.4,45.2,50.2,2.01,4,23,Female,Medium,7.3,High-Speed,High School,9,13.2,7,8,58.2,50,33,65.8,1,58.04,Medium,False
STU12254,DB401,Fall 2023,0,60.7,57.7,59.8,2.39,3,24,Female,Low,5.5,Limited,Bachelors,14,10.4,5,3,82.0,50,36,71.7,2,73.25,Medium,False
STU12255,SE501,Fall 2023,0,36.0,40.8,37.4,1.5,4,20,Female,Low,14.0,High-Speed,Bachelors,13,17.0,1,13,51.3,50,35,69.3,5,64.41,Low,True
STU12256,DS201,Spring 2026,5,56.5,57.8,56.9,2.28,4,21,Female,Low,6.9,High-Speed,High School,14,12.5,2,3,76.1,50,36,71.3,0,71.87,Medium,False
STU12257,DB401,Spring 2025,3,37.8,41.2,38.8,1.55,4,24,Male,High,8.9,High-Speed,High School,6,16.8,9,6,56.2,50,25,49.8,0,45.14,High,False
STU12258,SE501,Spring 2026,5,52.9,62.2,55.7,2.23,3,24,Male,Low,12.2,Moderate,High School,13,5.4,4,4,77.4,45,29,63.6,5,66.78,Low,False
STU12259,CS101,Spring 2026,5,68.7,68.3,68.6,2.74,4,20,Male,Medium,0.2,High-Speed,Masters,13,16.7,2,2,84.7,40,19,46.9,2,59.89,Medium,False
STU12260,DB401,Spring 2026,5,55.3,62.8,57.6,2.3,4,22,Female,High,8.0,Moderate,High School,15,18.7,1,9,79.4,50,36,71.3,5,74.03,Medium,False
STU12261,DS201,Spring 2024,1,57.5,60.9,58.5,2.34,3,22,Female,Low,20.5,Limited,High School,17,18.1,2,6,62.9,40,32,79.0,2,77.58,Low,False
STU12262,AI301,Fall 2025,4,63.1,60.1,62.2,2.49,3,24,Female,High,0.2,Moderate,High School,16,14.0,3,6,60.0,45,37,81.3,3,76.65,Low,False
STU12263,DB401,Fall 2023,0,38.8,45.9,40.9,1.64,4,22,Male,High,4.9,High-Speed,Bachelors,8,19.6,5,7,70.8,40,17,41.5,2,46.91,Medium,False
STU12264,AI301,Spring 2025,3,44.5,45.6,44.8,1.79,3,19,Female,High,24.8,High-Speed,Bachelors,13,8.6,4,12,58.3,40,29,73.1,1,67.71,Low,True
STU12265,SE501,Fall 2025,4,48.6,55.3,50.6,2.02,3,20,Female,Low,4.1,High-Speed,Masters,7,14.6,3,9,62.8,40,21,53.2,3,49.66,High,False
STU12266,DS201,Fall 2023,0,55.2,54.3,54.9,2.2,4,19,Female,Medium,5.8,High-Speed,High School,14,14.0,2,5,66.6,40,28,70.9,3,69.77,Medium,False
STU12267,CS101,Fall 2023,0,61.8,52.6,59.0,2.36,3,21,Female,Medium,37.9,High-Speed,Bachelors,14,20.2,4,13,78.8,50,33,65.5,4,69.51,Low,False
STU12268,CS101,Fall 2024,2,51.6,40.7,48.3,1.93,3,19,Male,High,2.1,Moderate,High School,10,4.9,2,14,98.1,50,32,64.0,2,66.62,Medium,False
STU12269,SE501,Fall 2024,2,78.4,81.1,79.2,3.17,4,21,Female,Low,0.6,High-Speed,Doctorate,17,9.7,3,4,74.0,40,36,89.6,1,85.1,Low,False
STU12270,DB401,Fall 2025,4,52.8,50.2,52.0,2.08,4,24,Male,Medium,18.6,Moderate,High School,11,23.7,1,13,64.5,40,27,66.3,2,62.55,Low,False
STU12271,DB401,Fall 2025,4,63.0,53.9,60.3,2.41,4,21,Male,Medium,19.3,Limited,High School,10,2.8,0,8,85.7,45,23,51.4,1,57.84,Medium,False
STU12272,AI301,Spring 2024,1,80.6,83.1,81.3,3.25,3,21,Male,Low,6.1,High-Speed,Bachelors,11,19.1,2,2,84.3,45,31,68.7,3,67.71,Low,False
STU12273,AI301,Fall 2025,4,54.3,58.3,55.5,2.22,3,23,Female,Medium,6.9,Limited,High School,9,11.5,2,3,81.6,40,23,56.9,0,58.27,Low,False
STU12274,AI301,Spring 2026,5,49.0,49.5,49.2,1.97,4,19,Female,Medium,17.2,Moderate,High School,7,16.3,4,4,84.6,50,28,55.5,3,55.17,Medium,False
STU12275,AI301,Fall 2025,4,58.8,58.1,58.6,2.34,4,23,Female,Medium,12.7,High-Speed,Bachelors,11,22.1,4,6,94.0,50,30,60.5,7,65.55,Low,False
STU12276,CS101,Fall 2023,0,40.4,44.2,41.5,1.66,3,24,Female,Medium,2.9,High-Speed,Bachelors,14,16.5,3,11,42.2,50,31,62.3,2,60.59,Medium,True
STU12277,DS201,Spring 2026,5,60.3,59.4,60.0,2.4,3,20,Female,High,0.2,High-Speed,Bachelors,18,22.2,3,5,70.6,50,38,76.7,2,79.47,Low,False
STU12278,DS201,Fall 2025,4,64.7,62.9,64.1,2.56,3,19,Female,Medium,6.2,High-Speed,Bachelors,13,12.5,3,13,58.3,40,31,77.7,2,70.01,Low,False
STU12279,CS101,Fall 2024,2,59.5,53.8,57.8,2.31,4,20,Male,Medium,18.6,Moderate,Bachelors,13,13.2,1,4,78.3,50,35,70.4,3,70.36,Low,False
STU12280,AI301,Fall 2025,4,61.7,54.9,59.6,2.38,3,20,Male,Medium,21.5,High-Speed,Bachelors,8,18.9,1,11,76.4,45,24,52.3,2,53.43,Medium,False
STU12281,DS201,Spring 2024,1,63.7,63.8,63.7,2.55,3,21,Male,Medium,29.7,Moderate,Bachelors,14,12.8,2,5,76.6,50,30,59.2,1,65.92,Medium,False
STU12282,DB401,Spring 2026,5,54.5,50.6,53.3,2.13,4,25,Male,Medium,20.1,High-Speed,Bachelors,14,18.0,4,12,66.2,40,27,67.2,3,67.84,Medium,False
STU12283,CS101,Spring 2025,3,37.0,45.5,39.6,1.58,4,19,Male,High,8.2,High-Speed,High School,7,20.9,4,11,75.8,45,22,48.0,2,49.66,Medium,False
STU12284,DB401,Fall 2024,2,59.1,59.5,59.2,2.37,3,20,Male,Medium,5.6,High-Speed,High School,13,19.3,4,8,77.8,45,23,52.2,3,61.16,Low,False
STU12285,DS201,Spring 2025,3,47.4,42.0,45.8,1.83,4,25,Male,Medium,14.2,High-Speed,Bachelors,8,7.1,5,8,67.0,45,17,37.6,4,44.2,High,False
STU12286,SE501,Spring 2026,5,45.8,47.1,46.2,1.85,3,22,Female,Low,12.8,High-Speed,Bachelors,9,13.3,6,6,59.0,40,24,59.9,5,55.25,Medium,False
STU12287,DB401,Fall 2024,2,49.5,48.9,49.3,1.97,4,20,Male,Low,7.3,High-Speed,Bachelors,8,16.4,5,6,89.9,50,27,54.6,5,57.28,Medium,False
STU12288,DS201,Fall 2025,4,53.5,55.6,54.1,2.16,3,22,Male,Medium,0.9,Moderate,High School,7,13.8,2,8,81.8,45,24,53.2,5,53.46,High,False
STU12289,DB401,Spring 2024,1,33.9,36.1,34.6,1.38,3,19,Male,Low,24.7,Moderate,High School,9,15.4,5,5,30.0,40,18,44.8,5,41.9,High,False
STU12290,DS201,Spring 2024,1,44.2,40.5,43.1,1.72,4,24,Female,Low,5.8,High-Speed,High School,17,16.5,5,12,58.2,50,38,76.6,3,75.44,Medium,True
STU12291,CS101,Fall 2025,4,43.1,44.5,43.5,1.74,3,23,Male,Medium,4.3,High-Speed,High School,12,12.4,2,2,66.8,45,29,65.0,0,63.86,Medium,True
STU12292,CS101,Spring 2025,3,78.1,88.2,81.1,3.24,3,19,Male,Low,9.4,High-Speed,Bachelors,9,14.0,6,5,80.3,50,26,52.7,7,55.91,High,False
STU12293,AI301,Spring 2025,3,33.5,30.0,32.5,1.3,4,23,Female,Low,10.6,High-Speed,Bachelors,11,9.1,4,10,48.1,40,23,58.5,5,55.37,High,True
STU12294,AI301,Spring 2025,3,45.5,43.5,44.9,1.8,3,23,Male,Medium,2.2,Moderate,Bachelors,10,12.6,4,11,56.6,40,29,71.4,2,62.02,Low,True
STU12295,DS201,Fall 2025,4,62.6,56.1,60.6,2.42,4,19,Male,Medium,17.2,Moderate,Bachelors,8,7.4,4,12,69.1,40,22,55.0,3,53.32,Medium,False
STU12296,DB401,Fall 2023,0,45.1,51.4,47.0,1.88,3,20,Male,High,3.3,Moderate,Masters,11,15.6,3,13,73.9,45,26,58.3,2,60.43,High,False
STU12297,AI301,Fall 2023,0,48.9,48.6,48.8,1.95,3,18,Male,Medium,2.0,High-Speed,Doctorate,14,14.0,6,14,63.8,40,32,79.2,4,73.36,Medium,False
STU12298,AI301,Spring 2024,1,66.2,58.6,63.9,2.56,3,20,Male,Medium,5.0,Moderate,Bachelors,10,10.4,7,11,75.7,50,36,71.1,5,65.69,Low,False
STU12299,CS101,Spring 2025,3,46.8,40.7,45.0,1.8,3,20,Male,High,12.5,High-Speed,Masters,16,23.9,7,11,65.4,45,40,88.7,4,81.43,Low,False
STU12300,CS101,Spring 2026,5,43.5,39.0,42.1,1.68,4,24,Female,Medium,32.0,Limited,Bachelors,11,13.8,2,3,53.7,50,33,65.3,3,59.89,Medium,True
STU12301,SE501,Fall 2025,4,57.7,64.0,59.6,2.38,3,21,Female,Low,15.7,High-Speed,Masters,7,16.4,3,2,75.7,40,22,55.4,1,53.34,High,False
STU12302,CS101,Spring 2025,3,69.9,70.6,70.1,2.8,4,21,Female,Low,26.8,High-Speed,Masters,7,11.8,2,10,79.9,40,26,64.5,1,58.73,High,False
STU12303,SE501,Fall 2025,4,61.1,60.2,60.8,2.43,4,20,Male,Medium,1.4,High-Speed,Doctorate,18,12.9,3,7,83.6,50,30,59.1,2,73.27,Low,False
STU12304,AI301,Fall 2025,4,56.2,52.5,55.1,2.2,3,22,Female,Medium,0.7,High-Speed,Bachelors,11,16.6,6,3,57.0,45,33,74.1,7,64.95,Medium,False
STU12305,DB401,Spring 2025,3,62.5,62.6,62.5,2.5,3,24,Male,Medium,7.7,Moderate,Bachelors,15,13.3,6,8,78.6,40,30,74.6,2,75.52,Low,False
STU12306,CS101,Fall 2023,0,64.0,60.9,63.1,2.52,4,23,Male,Medium,3.3,Moderate,Bachelors,14,15.0,1,5,76.3,45,26,57.5,2,65.01,Low,False
STU12307,AI301,Fall 2024,2,76.2,82.9,78.2,3.13,3,25,Female,Medium,16.7,High-Speed,High School,17,19.0,6,10,93.9,40,28,70.6,8,79.58,Low,True
STU12308,CS101,Spring 2026,5,54.3,55.1,54.5,2.18,3,21,Male,High,10.6,Moderate,High School,12,12.4,4,12,59.6,50,34,67.4,3,63.62,Medium,False
STU12309,AI301,Fall 2024,2,54.0,48.8,52.4,2.1,3,20,Male,Medium,33.5,High-Speed,Masters,12,8.3,7,14,73.1,50,29,58.3,5,61.77,Medium,False
STU12310,SE501,Fall 2023,0,42.8,39.2,41.7,1.67,4,24,Female,Low,2.8,High-Speed,High School,10,7.4,2,13,71.5,45,25,54.8,2,56.7,Medium,True
STU12311,DS201,Fall 2025,4,44.3,52.7,46.8,1.87,4,18,Female,High,6.3,Limited,Bachelors,11,22.2,3,7,52.3,45,33,74.2,7,64.06,Medium,False
STU12312,DS201,Spring 2024,1,42.2,41.1,41.9,1.68,3,22,Female,Low,6.6,Moderate,High School,7,19.7,6,8,88.4,45,25,55.4,2,55.88,Medium,False
STU12313,SE501,Fall 2023,0,57.4,65.1,59.7,2.39,3,19,Female,Medium,2.6,High-Speed,High School,17,18.3,5,4,61.1,40,35,86.3,1,80.87,Low,False
STU12314,DS201,Fall 2023,0,40.4,41.5,40.7,1.63,4,20,Other,High,8.5,High-Speed,Masters,9,12.8,4,7,62.0,50,31,61.6,5,56.7,Medium,False
STU12315,DB401,Fall 2024,2,50.3,52.5,51.0,2.04,4,24,Male,Medium,5.6,High-Speed,Masters,14,8.3,3,2,69.7,40,29,72.1,2,70.99,Medium,False
STU12316,DB401,Fall 2025,4,55.5,52.8,54.7,2.19,3,20,Male,Medium,5.6,Moderate,Bachelors,11,13.6,4,6,62.1,45,24,52.8,2,55.32,Medium,False
STU12317,SE501,Spring 2026,5,68.9,72.9,70.1,2.8,3,25,Male,Medium,4.3,Limited,High School,13,14.5,6,11,79.0,40,30,75.8,3,73.2,Low,False
STU12318,DB401,Spring 2025,3,47.5,41.5,45.7,1.83,4,23,Male,Medium,0.2,High-Speed,Bachelors,13,9.3,6,6,72.1,45,27,59.2,1,63.52,Medium,False
STU12319,SE501,Fall 2023,0,39.3,35.5,38.1,1.52,4,22,Male,Medium,7.0,Moderate,Bachelors,10,7.7,7,3,48.1,40,23,58.0,2,53.62,High,True
STU12320,SE501,Fall 2024,2,63.9,65.7,64.4,2.58,3,21,Female,Medium,3.9,High-Speed,High School,15,6.3,4,7,50.5,40,26,64.8,1,65.0,Low,False
STU12321,DS201,Fall 2024,2,50.1,48.6,49.6,1.98,3,21,Female,Medium,0.0,High-Speed,High School,10,18.3,6,12,77.7,45,29,64.4,1,62.74,Medium,False
STU12322,AI301,Fall 2023,0,59.6,59.7,59.6,2.38,3,21,Female,Medium,3.5,Limited,Bachelors,12,9.0,4,4,63.1,40,29,71.8,3,66.52,Medium,False
STU12323,DB401,Fall 2025,4,69.5,72.2,70.3,2.81,3,25,Male,Low,3.1,High-Speed,High School,13,16.5,4,5,71.2,45,32,71.7,3,69.59,Medium,False
STU12324,DB401,Spring 2024,1,55.7,55.5,55.6,2.22,3,19,Female,Medium,4.7,High-Speed,Bachelors,6,13.0,2,4,75.9,50,29,58.6,0,53.48,Medium,False
STU12325,AI301,Spring 2026,5,55.8,56.2,55.9,2.24,3,24,Female,Medium,1.3,Moderate,High School,12,17.9,2,2,58.5,45,33,72.7,2,66.05,Medium,False
STU12326,SE501,Spring 2025,3,32.2,41.5,35.0,1.4,4,22,Female,Medium,6.7,High-Speed,Bachelors,13,16.7,11,2,56.4,45,26,58.1,3,59.83,Medium,True
STU12327,SE501,Fall 2025,4,47.2,37.2,44.2,1.77,3,22,Male,Medium,11.2,High-Speed,High School,9,13.8,2,6,79.5,50,23,46.6,6,52.7,High,False
STU12328,DS201,Fall 2024,2,51.1,48.7,50.4,2.02,3,21,Female,Medium,9.5,Limited,Doctorate,6,15.7,4,11,67.1,40,23,57.1,2,50.97,Medium,False
STU12329,DS201,Fall 2024,2,77.5,76.6,77.2,3.09,4,21,Male,Medium,15.5,Moderate,Bachelors,15,14.4,5,7,86.4,45,35,78.5,5,79.03,Low,False
STU12330,AI301,Fall 2023,0,49.8,54.5,51.2,2.05,3,23,Male,Medium,5.7,Moderate,High School,12,11.9,4,6,79.5,40,22,56.0,1,61.9,High,False
STU12331,DS201,Spring 2024,1,58.7,62.5,59.8,2.39,4,25,Male,High,7.0,High-Speed,Bachelors,12,19.9,3,13,76.1,40,27,67.7,0,67.07,Medium,False
STU12332,SE501,Spring 2024,1,79.3,66.8,75.6,3.02,4,18,Female,Low,15.8,High-Speed,Masters,13,12.9,5,5,95.1,45,35,78.3,3,77.67,Low,False
STU12333,CS101,Spring 2024,1,59.9,65.5,61.6,2.46,4,18,Female,High,5.3,Limited,Bachelors,13,14.6,3,7,65.2,45,28,62.9,2,63.99,Medium,False
STU12334,AI301,Spring 2025,3,59.4,59.9,59.5,2.38,3,20,Male,Low,11.5,High-Speed,Bachelors,13,7.9,7,10,66.3,45,33,73.9,5,69.71,Low,False
STU12335,CS101,Fall 2025,4,58.5,62.1,59.6,2.38,3,20,Male,Low,5.4,High-Speed,High School,15,16.4,2,5,79.7,45,35,78.7,4,77.79,Low,False
STU12336,DB401,Spring 2026,5,65.1,62.4,64.3,2.57,3,22,Male,High,5.1,High-Speed,Bachelors,17,11.9,4,10,71.4,50,40,80.6,8,80.08,Low,True
STU12337,CS101,Fall 2025,4,56.5,59.5,57.4,2.3,4,22,Male,Low,13.6,High-Speed,Bachelors,16,12.6,7,11,63.5,45,34,74.6,6,74.0,Low,False
STU12338,DB401,Spring 2026,5,49.9,51.9,50.5,2.02,3,19,Male,Medium,1.8,High-Speed,Bachelors,17,10.8,6,8,64.1,50,42,84.7,4,80.67,Low,False
STU12339,AI301,Fall 2024,2,52.0,51.4,51.8,2.07,4,19,Male,High,3.9,Moderate,Masters,14,14.4,2,14,56.2,45,35,77.9,4,71.19,Medium,False
STU12340,AI301,Spring 2025,3,61.3,69.4,63.7,2.55,4,18,Female,High,2.4,Limited,High School,14,5.0,5,5,73.2,40,28,68.9,0,70.09,Medium,False
STU12341,CS101,Spring 2025,3,64.9,76.4,68.4,2.74,4,25,Male,High,4.2,High-Speed,High School,8,18.4,4,11,80.3,45,23,51.7,0,53.91,High,False
STU12342,DS201,Fall 2024,2,50.3,50.1,50.2,2.01,3,20,Male,Low,2.5,Moderate,Masters,9,14.8,7,5,71.2,40,28,69.8,3,62.64,Low,False
STU12343,CS101,Spring 2025,3,66.7,58.6,64.3,2.57,4,18,Male,Medium,8.2,Moderate,Bachelors,15,12.7,6,4,81.4,50,34,68.2,6,72.88,Low,False
STU12344,SE501,Spring 2024,1,48.1,50.7,48.9,1.96,3,25,Female,Low,15.2,Moderate,High School,12,7.3,6,8,71.3,40,24,60.9,2,62.71,Medium,False
STU12345,SE501,Spring 2026,5,47.9,44.2,46.8,1.87,3,18,Female,Medium,14.7,High-Speed,High School,12,17.2,4,5,68.5,50,26,52.5,2,57.95,High,False
STU12346,AI301,Fall 2025,4,48.5,50.2,49.0,1.96,4,20,Female,High,4.3,High-Speed,Masters,7,11.8,4,11,75.8,45,24,53.5,3,52.41,High,False
STU12347,DS201,Spring 2026,5,67.7,69.9,68.3,2.73,3,24,Male,Medium,42.6,High-Speed,High School,11,21.5,6,5,69.1,45,28,61.3,5,60.97,Low,False
STU12348,DS201,Fall 2023,0,54.5,55.3,54.7,2.19,4,19,Female,Medium,8.6,High-Speed,High School,13,17.4,8,12,71.3,40,21,51.9,3,59.71,Medium,False
STU12349,DB401,Fall 2024,2,65.5,60.4,64.0,2.56,3,23,Male,Medium,4.8,High-Speed,High School,15,22.7,0,8,70.9,40,31,76.8,8,75.08,Low,True
STU12350,SE501,Fall 2023,0,36.1,30.0,34.3,1.37,4,23,Female,Medium,17.1,High-Speed,Masters,8,15.7,2,8,56.3,40,19,48.1,3,47.31,High,False
STU12351,DB401,Spring 2025,3,56.4,51.0,54.8,2.19,4,23,Female,High,12.4,High-Speed,Masters,13,20.4,4,13,75.3,40,22,55.2,2,62.16,Medium,False
STU12352,SE501,Spring 2024,1,36.5,36.0,36.4,1.46,3,20,Female,Low,13.1,High-Speed,Bachelors,9,17.3,1,3,58.4,50,28,56.8,6,53.58,High,False
STU12353,CS101,Fall 2025,4,34.2,41.4,36.4,1.46,4,21,Female,Medium,2.1,High-Speed,Bachelors,14,12.7,1,9,67.4,50,34,68.8,2,68.88,Medium,True
STU12354,AI301,Spring 2026,5,53.2,51.7,52.8,2.11,4,21,Female,High,6.0,High-Speed,High School,11,15.9,3,8,97.1,40,18,45.0,2,58.42,Medium,False
STU12355,DB401,Spring 2026,5,68.7,74.2,70.3,2.81,3,21,Male,Medium,18.8,Moderate,High School,12,10.8,4,2,85.1,45,27,59.5,3,64.77,Low,False
STU12356,DS201,Fall 2023,0,47.0,37.3,44.1,1.76,4,22,Female,Low,6.7,High-Speed,Masters,12,25.3,1,11,63.4,40,25,62.3,6,61.83,Medium,True
STU12357,AI301,Fall 2023,0,51.3,53.7,52.0,2.08,4,19,Male,Medium,10.9,Moderate,High School,9,14.5,5,10,60.4,50,27,54.5,1,52.83,High,False
STU12358,AI301,Spring 2026,5,76.0,84.2,78.5,3.14,4,19,Female,Medium,8.4,Limited,Bachelors,11,15.1,3,9,67.5,50,35,70.0,2,65.0,Low,False
STU12359,DB401,Spring 2024,1,51.6,47.2,50.3,2.01,4,24,Male,Low,17.6,Moderate,Bachelors,3,16.9,5,2,74.6,45,25,56.2,5,47.52,High,False
STU12360,DB401,Spring 2026,5,68.8,67.9,68.5,2.74,4,24,Male,High,3.2,Moderate,High School,17,9.6,5,6,50.5,50,43,86.0,3,78.6,Low,False
STU12361,AI301,Spring 2024,1,35.2,35.9,35.4,1.42,3,22,Male,Medium,8.1,Limited,Bachelors,10,21.6,5,7,67.2,40,25,63.0,2,59.94,Low,True
STU12362,DS201,Spring 2026,5,58.6,62.1,59.6,2.38,4,18,Male,High,1.2,High-Speed,Bachelors,12,9.9,5,9,86.1,50,36,72.0,2,71.22,Low,False
STU12363,AI301,Fall 2024,2,53.6,47.9,51.9,2.08,3,25,Male,High,11.1,Limited,Bachelors,8,8.7,5,11,68.3,40,22,55.7,1,53.51,Medium,False
STU12364,CS101,Fall 2025,4,45.0,38.8,43.1,1.72,3,24,Female,Medium,12.5,Moderate,High School,8,14.2,3,8,60.3,45,25,54.8,1,51.46,High,False
STU12365,CS101,Spring 2024,1,58.3,61.8,59.4,2.38,4,23,Male,Low,0.4,Moderate,High School,14,8.6,5,6,57.4,50,39,77.3,2,71.13,Medium,False
STU12366,CS101,Fall 2025,4,44.9,47.5,45.7,1.83,3,21,Male,Medium,10.7,High-Speed,Bachelors,14,22.8,3,2,57.2,45,34,74.7,2,69.79,Medium,False
STU12367,DB401,Spring 2024,1,85.0,80.2,83.6,3.34,4,23,Female,Low,5.1,High-Speed,Doctorate,15,13.8,3,5,87.3,40,34,84.1,2,82.01,Low,False
STU12368,AI301,Fall 2024,2,71.5,74.6,72.4,2.9,4,21,Male,High,1.3,Moderate,High School,11,1.0,3,10,74.7,45,33,73.2,2,68.04,Medium,False
STU12369,CS101,Fall 2023,0,64.4,63.7,64.2,2.57,4,23,Female,Low,5.2,Moderate,Doctorate,11,16.0,3,9,71.2,40,30,76.1,4,68.79,Medium,False
STU12370,SE501,Fall 2023,0,54.9,50.4,53.5,2.14,4,18,Female,Low,2.1,Moderate,Bachelors,14,17.8,5,11,82.2,40,30,75.1,6,74.99,Low,False
STU12371,CS101,Spring 2025,3,56.6,52.5,55.4,2.22,4,25,Female,Medium,5.1,High-Speed,Masters,10,12.9,5,11,81.7,50,30,59.5,4,61.09,Low,False
STU12372,SE501,Fall 2024,2,63.3,61.8,62.9,2.52,4,23,Female,Low,4.6,High-Speed,High School,11,8.2,3,3,71.0,50,33,66.2,5,63.8,Medium,False
STU12373,DB401,Spring 2024,1,48.3,62.5,52.6,2.1,4,23,Male,Low,12.7,High-Speed,High School,10,14.5,3,3,78.3,50,27,54.0,4,57.66,Medium,False
STU12374,DS201,Spring 2024,1,51.4,52.5,51.7,2.07,4,20,Female,Medium,14.1,High-Speed,High School,11,12.6,3,9,56.9,40,16,41.1,2,48.43,High,False
STU12375,AI301,Fall 2024,2,46.3,42.2,45.1,1.8,3,25,Male,Low,8.9,High-Speed,High School,11,10.1,4,13,70.8,40,15,36.7,4,49.01,High,False
STU12376,AI301,Fall 2024,2,43.7,39.8,42.5,1.7,3,23,Male,Low,0.2,High-Speed,Doctorate,7,9.7,5,14,70.5,40,17,41.9,1,45.55,High,False
STU12377,CS101,Fall 2024,2,60.5,63.6,61.4,2.46,3,20,Female,Medium,25.4,High-Speed,High School,17,15.8,5,4,55.2,45,35,76.7,1,74.89,Low,False
STU12378,CS101,Fall 2025,4,44.8,44.5,44.7,1.79,4,19,Male,Medium,11.0,High-Speed,Bachelors,12,19.5,6,6,67.3,40,24,60.9,4,61.91,Medium,True
STU12379,DB401,Fall 2024,2,66.7,66.5,66.6,2.66,3,25,Female,Medium,0.3,High-Speed,High School,17,17.3,4,10,95.9,50,38,77.0,1,83.18,Low,False
STU12380,AI301,Fall 2024,2,54.0,51.7,53.3,2.13,4,22,Female,Medium,16.2,Limited,Bachelors,13,6.4,2,3,77.3,50,34,68.6,5,69.26,Medium,False
STU12381,CS101,Fall 2024,2,39.9,33.9,38.1,1.52,3,25,Female,Medium,2.1,Moderate,High School,8,18.1,6,9,70.8,45,27,61.1,1,56.71,Medium,False
STU12382,AI301,Fall 2023,0,27.3,30.0,28.1,1.12,3,25,Female,Medium,8.2,Moderate,High School,7,18.9,5,3,58.9,50,26,51.0,4,47.78,Medium,False
STU12383,DB401,Fall 2024,2,58.9,69.3,62.0,2.48,4,23,Male,High,6.0,High-Speed,High School,16,22.0,2,4,92.9,40,29,72.2,3,78.68,Low,False
STU12384,CS101,Spring 2025,3,57.0,56.4,56.8,2.27,3,19,Male,Low,5.2,Moderate,Bachelors,10,10.3,0,8,84.1,40,29,73.0,4,68.32,Low,False
STU12385,AI301,Spring 2025,3,65.7,65.3,65.6,2.62,3,25,Female,Medium,20.9,High-Speed,High School,13,14.7,6,8,79.9,50,36,71.3,4,71.13,Medium,False
STU12386,DB401,Fall 2023,0,55.0,58.1,55.9,2.24,4,24,Male,High,5.5,Limited,High School,15,17.8,2,6,66.9,50,39,77.9,3,74.83,Low,False
STU12387,CS101,Fall 2024,2,48.8,48.7,48.8,1.95,3,24,Female,High,0.7,Moderate,High School,15,12.4,4,2,45.0,40,26,64.2,5,63.6,Medium,False
STU12388,DB401,Spring 2026,5,47.6,43.3,46.3,1.85,3,20,Female,Low,27.8,High-Speed,Doctorate,12,17.8,3,3,88.1,40,25,63.5,2,67.37,Medium,False
STU12389,SE501,Fall 2025,4,57.8,55.4,57.1,2.28,4,23,Female,Low,24.1,Moderate,Bachelors,6,14.9,3,8,88.6,40,20,49.1,3,51.27,High,False
STU12390,DS201,Spring 2026,5,40.7,38.0,39.9,1.6,4,23,Male,Medium,11.0,High-Speed,Bachelors,8,10.8,4,9,71.9,50,30,59.1,3,55.93,High,False
STU12391,CS101,Spring 2026,5,45.6,49.7,46.8,1.87,4,25,Male,Low,6.0,High-Speed,Bachelors,12,11.2,3,7,56.2,50,34,67.6,0,63.04,Medium,False
STU12392,SE501,Fall 2025,4,71.6,68.5,70.7,2.83,4,18,Male,High,0.9,Moderate,High School,15,21.2,5,4,76.3,40,33,83.4,2,79.46,Low,False
STU12393,DB401,Spring 2026,5,45.7,39.9,44.0,1.76,3,19,Male,Medium,14.9,High-Speed,Bachelors,7,10.0,4,4,69.5,50,26,51.4,2,50.1,High,False
STU12394,CS101,Spring 2026,5,52.7,58.4,54.4,2.18,4,21,Female,Medium,0.7,High-Speed,High School,8,9.2,5,10,91.0,45,28,62.0,2,61.2,Medium,False
STU12395,SE501,Spring 2025,3,60.4,64.7,61.7,2.47,4,21,Male,Low,0.7,Moderate,Bachelors,13,16.7,11,4,71.7,50,27,54.2,5,60.94,Medium,False
STU12396,CS101,Spring 2025,3,63.4,64.9,63.8,2.55,4,18,Male,Medium,7.3,High-Speed,Bachelors,14,14.8,2,7,70.5,50,35,70.0,2,70.1,Medium,False
STU12397,AI301,Spring 2026,5,61.2,57.7,60.1,2.4,3,20,Male,Medium,1.7,Moderate,Bachelors,6,8.4,4,4,66.3,40,23,57.5,7,51.01,High,False
STU12398,CS101,Fall 2023,0,47.5,35.1,43.8,1.75,3,21,Female,High,0.1,Limited,High School,13,12.4,4,14,67.8,50,38,75.9,3,71.01,Low,True
STU12399,DS201,Fall 2024,2,38.4,49.6,41.8,1.67,4,25,Female,Low,5.2,High-Speed,High School,10,10.9,3,11,58.7,40,29,73.1,2,63.29,High,True
STU12400,CS101,Spring 2026,5,70.6,82.2,74.1,2.96,3,21,Male,Low,1.4,High-Speed,Bachelors,8,11.8,6,14,84.4,50,31,61.8,4,59.78,Low,False
STU12401,DS201,Fall 2023,0,36.8,37.6,37.1,1.48,4,24,Male,Medium,1.7,High-Speed,Bachelors,19,27.6,5,4,56.7,50,31,61.3,1,70.49,Low,True
STU12402,DB401,Spring 2025,3,62.1,63.0,62.4,2.5,3,24,Male,Low,0.8,High-Speed,High School,15,13.5,2,13,70.5,50,42,85.0,1,79.1,Low,False
STU12403,CS101,Spring 2024,1,46.3,42.3,45.1,1.8,4,22,Male,Medium,2.2,High-Speed,High School,10,10.6,6,10,76.0,40,17,42.0,2,51.2,High,False
STU12404,SE501,Spring 2025,3,46.6,35.1,43.1,1.72,3,19,Female,High,11.9,High-Speed,Masters,16,25.1,7,9,52.7,50,38,76.9,0,72.99,Low,True
STU12405,AI301,Spring 2026,5,32.9,31.7,32.5,1.3,3,20,Female,Medium,15.7,High-Speed,Bachelors,10,19.4,8,8,65.2,50,21,41.6,3,48.84,High,True
STU12406,DB401,Fall 2025,4,48.9,38.6,45.8,1.83,4,23,Male,High,5.7,High-Speed,Doctorate,10,18.6,2,4,74.0,45,25,55.6,5,57.6,Low,False
STU12407,CS101,Spring 2026,5,63.8,67.7,65.0,2.6,4,19,Male,Low,6.7,Moderate,High School,10,10.8,4,12,71.2,40,28,69.8,0,64.14,Medium,False
STU12408,DS201,Fall 2023,0,51.5,53.2,52.0,2.08,4,20,Other,Low,0.3,Moderate,Bachelors,11,21.0,6,6,71.7,40,27,68.4,1,65.04,Low,False
STU12409,DB401,Fall 2023,0,32.7,30.0,31.9,1.28,4,21,Male,Low,0.7,Moderate,High School,4,19.1,5,2,55.3,50,26,51.1,5,42.61,High,False
STU12410,DB401,Fall 2023,0,44.4,48.5,45.6,1.82,3,22,Female,Medium,2.8,High-Speed,Bachelors,10,15.7,4,3,57.1,50,26,52.2,1,52.52,High,False
STU12411,DB401,Fall 2025,4,40.5,46.3,42.2,1.69,3,19,Male,High,7.5,High-Speed,High School,14,6.4,7,10,79.5,45,28,62.0,1,67.9,Medium,True
STU12412,SE501,Spring 2024,1,62.9,63.0,62.9,2.52,4,21,Male,Low,12.8,Moderate,High School,13,14.9,2,4,83.7,40,27,67.6,3,70.04,Medium,False
STU12413,AI301,Spring 2026,5,60.4,59.2,60.0,2.4,3,20,Male,Medium,8.8,High-Speed,High School,9,23.6,5,6,85.8,45,24,52.9,4,57.11,Medium,False
STU12414,AI301,Fall 2023,0,47.2,46.8,47.1,1.88,3,19,Female,Medium,4.7,High-Speed,Bachelors,8,16.1,4,5,71.4,40,22,55.7,0,54.13,High,False
STU12415,CS101,Spring 2024,1,68.0,76.9,70.7,2.83,4,23,Female,High,1.2,Moderate,Bachelors,13,13.1,3,9,79.2,45,34,74.5,6,72.59,Low,False
STU12416,DB401,Spring 2024,1,44.6,45.0,44.7,1.79,4,19,Male,Low,14.4,High-Speed,Bachelors,8,13.9,8,12,53.4,50,30,59.8,2,52.58,High,False
STU12417,SE501,Fall 2024,2,57.8,60.7,58.7,2.35,4,21,Male,Low,4.3,High-Speed,Masters,26,14.2,3,2,56.5,40,37,93.3,3,87.95,Medium,False
STU12418,DS201,Spring 2025,3,40.9,50.7,43.9,1.76,3,25,Male,Low,12.7,Moderate,Bachelors,12,11.0,4,7,67.6,40,22,55.4,4,59.22,Medium,True
STU12419,AI301,Fall 2023,0,64.8,59.9,63.3,2.53,3,25,Male,Medium,6.8,Limited,Bachelors,25,14.8,5,7,70.7,50,36,72.1,2,80.19,Low,False
STU12420,CS101,Fall 2024,2,57.1,42.4,52.7,2.11,4,19,Male,Low,12.7,High-Speed,Doctorate,16,22.2,5,9,66.5,40,34,85.8,2,80.2,Low,False
STU12421,SE501,Spring 2024,1,50.2,50.7,50.3,2.01,3,23,Male,High,22.6,High-Speed,Bachelors,8,21.6,8,2,68.2,50,31,62.5,4,56.89,Medium,False
STU12422,SE501,Fall 2025,4,51.7,55.2,52.8,2.11,3,22,Female,Medium,24.1,High-Speed,High School,6,11.2,6,5,57.1,50,29,58.7,2,49.77,High,False
STU12423,CS101,Spring 2026,5,42.8,38.6,41.6,1.66,3,22,Male,Medium,7.3,Moderate,Doctorate,12,21.4,6,2,64.8,45,27,59.2,3,60.56,Medium,True
STU12424,AI301,Spring 2024,1,32.6,35.2,33.4,1.34,3,25,Male,Medium,6.8,High-Speed,High School,8,18.8,4,10,55.6,50,21,41.1,3,43.67,High,False
STU12425,AI301,Fall 2023,0,58.5,65.0,60.4,2.42,4,21,Female,Low,2.9,High-Speed,Bachelors,8,18.2,3,7,85.7,40,24,60.2,0,59.24,Low,False
STU12426,AI301,Spring 2026,5,35.5,30.0,33.8,1.35,4,20,Male,Medium,26.1,Limited,High School,8,17.2,4,8,59.2,40,25,61.6,3,54.64,High,False
STU12427,AI301,Fall 2025,4,59.2,54.2,57.7,2.31,3,21,Female,High,5.8,High-Speed,Bachelors,10,10.3,5,14,80.1,40,24,60.5,2,61.27,Low,False
STU12428,CS101,Spring 2025,3,54.1,56.0,54.7,2.19,4,22,Male,High,1.3,Limited,Bachelors,12,13.0,1,2,71.3,50,32,64.6,4,64.56,Low,False
STU12429,DS201,Fall 2024,2,45.8,40.9,44.3,1.77,3,18,Female,High,5.4,Limited,High School,14,19.2,4,11,78.2,50,35,69.6,1,71.44,Low,True
STU12430,DS201,Fall 2025,4,38.5,36.1,37.8,1.51,4,18,Female,High,1.3,High-Speed,Bachelors,12,9.0,2,5,72.6,40,27,66.7,2,65.87,Medium,True
STU12431,CS101,Spring 2024,1,52.2,53.9,52.7,2.11,3,19,Female,Low,6.6,Moderate,Bachelors,16,9.8,5,12,66.2,45,34,75.4,7,74.94,Medium,False
STU12432,AI301,Fall 2024,2,50.9,44.9,49.1,1.96,3,23,Other,Low,7.8,High-Speed,High School,10,16.5,5,8,66.9,50,34,68.4,6,62.58,Medium,False
STU12433,SE501,Fall 2025,4,68.8,59.4,66.0,2.64,4,25,Male,Low,3.9,Moderate,High School,14,11.1,3,5,83.5,40,25,63.6,1,69.5,Low,False
STU12434,DB401,Fall 2023,0,63.3,60.8,62.5,2.5,3,24,Female,Medium,0.7,Moderate,High School,14,19.1,7,12,62.9,40,21,53.2,3,60.18,Medium,False
STU12435,CS101,Fall 2025,4,35.2,36.5,35.6,1.42,4,24,Male,Low,27.3,High-Speed,Masters,7,11.2,3,6,68.5,40,15,36.5,4,42.45,High,False
STU12436,DB401,Fall 2024,2,60.1,63.8,61.2,2.45,3,24,Male,Medium,14.1,Moderate,Bachelors,13,16.2,2,2,92.2,40,30,75.0,2,75.44,Low,False
STU12437,AI301,Spring 2025,3,63.1,56.8,61.2,2.45,3,19,Male,Medium,17.3,Moderate,Masters,15,16.6,1,4,68.4,40,24,60.9,5,66.63,Low,False
STU12438,DS201,Spring 2026,5,51.2,46.8,49.9,2.0,4,18,Female,High,4.3,High-Speed,High School,8,12.6,4,9,72.2,40,19,48.4,4,50.64,High,False
STU12439,CS101,Spring 2026,5,79.0,82.7,80.1,3.2,4,22,Male,Medium,13.6,High-Speed,High School,12,13.8,5,12,51.3,40,30,75.2,1,65.86,Low,False
STU12440,DB401,Fall 2025,4,51.8,45.8,50.0,2.0,3,19,Female,High,6.3,High-Speed,High School,11,11.6,1,14,69.0,45,29,64.7,2,62.65,Medium,False
STU12441,SE501,Fall 2024,2,49.1,44.3,47.7,1.91,4,24,Female,Low,2.1,High-Speed,High School,3,14.9,4,13,70.6,40,13,32.5,3,34.87,High,False
STU12442,DB401,Fall 2024,2,72.5,79.7,74.7,2.99,3,24,Female,Low,1.3,Limited,Bachelors,13,10.2,4,13,68.6,40,26,65.6,1,66.02,Medium,False
STU12443,DB401,Fall 2023,0,44.6,42.4,43.9,1.76,3,25,Female,Medium,4.0,Moderate,Doctorate,9,13.9,6,13,77.4,50,29,58.6,3,58.28,Medium,False
STU12444,DB401,Spring 2024,1,33.8,30.0,32.7,1.31,3,21,Male,Low,1.4,High-Speed,High School,7,18.7,1,10,70.4,40,13,33.3,5,41.23,High,False
STU12445,AI301,Spring 2026,5,52.5,53.2,52.7,2.11,3,24,Male,Low,60.4,High-Speed,Doctorate,8,9.3,6,14,63.1,40,24,59.7,1,54.47,High,False
STU12446,SE501,Spring 2025,3,46.5,49.5,47.4,1.9,3,23,Male,Medium,0.5,High-Speed,High School,11,12.6,6,9,66.3,45,23,50.9,1,55.21,Medium,False
STU12447,CS101,Fall 2024,2,58.2,60.5,58.9,2.36,4,24,Male,Low,5.5,High-Speed,Masters,9,17.6,4,12,77.3,45,29,65.1,1,61.51,Medium,False
STU12448,CS101,Spring 2024,1,45.9,45.3,45.7,1.83,3,21,Male,Medium,5.7,High-Speed,High School,14,4.6,5,13,56.3,45,33,73.6,4,69.06,Medium,False
STU12449,DB401,Fall 2024,2,53.6,49.6,52.4,2.1,4,24,Male,Medium,3.4,High-Speed,Masters,10,24.3,8,5,68.9,45,30,65.8,2,61.68,Medium,False
STU12450,DB401,Spring 2025,3,47.0,55.2,49.5,1.98,4,23,Male,Medium,8.0,High-Speed,High School,10,20.2,5,13,73.2,40,21,51.7,3,55.49,High,False
STU12451,AI301,Fall 2025,4,56.9,62.1,58.5,2.34,4,22,Female,Medium,1.5,Limited,Masters,10,7.3,3,11,88.1,45,20,43.4,4,54.32,Medium,False
STU12452,AI301,Fall 2025,4,71.5,68.3,70.6,2.82,3,19,Female,Medium,14.6,Moderate,High School,10,4.5,4,2,90.5,40,28,69.6,6,67.9,Low,False
STU12453,DB401,Spring 2025,3,37.7,37.6,37.7,1.51,3,23,Male,Low,3.8,Moderate,High School,13,15.1,3,5,77.9,40,19,46.4,3,58.28,Medium,True
STU12454,DS201,Spring 2026,5,59.5,55.4,58.3,2.33,4,21,Female,Low,8.5,High-Speed,Bachelors,9,9.4,3,7,70.9,45,24,52.5,6,53.93,Medium,False
STU12455,SE501,Spring 2024,1,61.4,62.3,61.7,2.47,3,19,Male,Medium,11.9,Limited,High School,13,19.8,6,3,86.5,45,30,66.4,4,70.0,Low,False
STU12456,DB401,Spring 2026,5,67.1,67.8,67.3,2.69,4,19,Male,Medium,20.9,Moderate,Bachelors,9,17.0,5,8,83.7,45,29,65.0,5,62.74,Medium,False
STU12457,AI301,Fall 2023,0,61.5,63.2,62.0,2.48,3,21,Female,Medium,17.2,Moderate,Doctorate,17,15.6,4,14,76.7,40,32,80.5,2,81.09,Low,False
STU12458,CS101,Spring 2025,3,67.6,74.8,69.8,2.79,3,25,Male,Medium,8.9,High-Speed,Bachelors,11,12.1,1,4,81.8,40,26,65.4,2,65.56,Medium,False
STU12459,DS201,Spring 2025,3,63.5,67.1,64.6,2.58,3,18,Male,Low,4.7,High-Speed,Bachelors,13,23.0,7,9,67.4,50,37,73.8,3,69.88,Low,False
STU12460,CS101,Spring 2024,1,38.7,34.7,37.5,1.5,3,24,Other,Medium,6.6,High-Speed,High School,9,18.8,0,5,55.2,40,13,33.2,6,41.14,High,False
STU12461,SE501,Spring 2025,3,57.6,52.2,56.0,2.24,3,23,Female,Medium,13.9,High-Speed,Bachelors,13,18.0,3,10,82.0,45,28,61.2,3,66.5,Low,False
STU12462,SE501,Fall 2023,0,45.8,47.2,46.2,1.85,3,21,Female,Medium,20.0,Moderate,Bachelors,8,21.0,2,13,68.9,40,14,35.3,4,43.43,High,False
STU12463,DB401,Spring 2024,1,69.8,73.4,70.9,2.84,4,22,Female,Medium,1.0,Limited,Masters,10,9.9,3,2,72.6,45,29,63.4,2,61.22,Low,False
STU12464,AI301,Spring 2025,3,58.9,69.9,62.2,2.49,4,20,Female,Medium,4.6,High-Speed,High School,8,21.4,2,11,73.7,45,23,51.5,3,52.49,High,False
STU12465,AI301,Fall 2024,2,67.2,60.5,65.2,2.61,4,21,Male,Medium,14.2,High-Speed,Bachelors,14,13.7,1,2,83.3,45,32,71.5,4,73.41,Low,False
STU12466,SE501,Fall 2023,0,45.9,50.2,47.2,1.89,3,24,Male,Medium,5.4,Moderate,High School,14,16.7,5,6,64.0,50,31,61.7,1,64.65,Medium,False
STU12467,SE501,Fall 2024,2,48.5,46.0,47.7,1.91,3,24,Male,Low,3.8,High-Speed,High School,19,14.2,7,10,54.5,40,32,79.1,1,78.95,Medium,False
STU12468,DS201,Fall 2023,0,54.1,62.9,56.7,2.27,4,19,Male,Medium,5.0,Moderate,High School,16,5.6,1,7,75.0,50,38,75.1,1,76.55,Low,False
STU12469,DS201,Spring 2025,3,45.1,43.3,44.6,1.78,3,19,Female,Low,8.8,Moderate,High School,10,19.8,2,12,86.3,45,23,51.2,0,57.86,Medium,True
STU12470,AI301,Spring 2024,1,61.8,67.7,63.6,2.54,3,21,Male,Low,81.2,High-Speed,High School,14,5.9,4,3,55.3,50,41,82.2,1,73.16,Low,False
STU12471,AI301,Spring 2025,3,57.2,69.7,60.9,2.44,4,20,Female,High,6.5,Moderate,High School,19,10.2,6,10,74.1,50,33,66.1,0,76.37,Medium,False
STU12472,DS201,Spring 2026,5,52.9,55.4,53.7,2.15,3,25,Female,High,2.2,High-Speed,Masters,8,12.7,2,13,75.4,50,25,49.9,4,52.03,High,False
STU12473,DS201,Spring 2024,1,53.1,49.3,52.0,2.08,3,21,Female,Low,1.7,Moderate,High School,17,5.2,4,8,93.6,40,29,71.5,3,79.97,Low,False
STU12474,DS201,Spring 2026,5,57.3,54.3,56.4,2.26,3,20,Female,Medium,0.4,Moderate,Masters,16,9.5,4,6,78.4,45,36,80.0,5,79.68,Medium,False
STU12475,SE501,Fall 2023,0,56.1,51.3,54.6,2.18,3,25,Female,Low,7.8,Moderate,High School,15,16.2,3,8,58.8,50,42,83.9,7,76.21,Low,False
STU12476,SE501,Fall 2025,4,44.6,41.3,43.6,1.74,4,20,Male,Medium,7.5,High-Speed,High School,14,13.3,3,12,77.1,50,29,58.1,5,65.47,Low,True
STU12477,CS101,Fall 2024,2,37.0,33.5,36.0,1.44,3,24,Female,High,2.2,High-Speed,Bachelors,12,13.7,2,10,73.6,45,19,42.3,3,53.87,High,True
STU12478,DS201,Fall 2025,4,59.3,71.4,62.9,2.52,3,24,Male,High,11.3,High-Speed,Bachelors,18,10.4,4,9,76.1,40,37,91.5,2,87.97,Low,False
STU12479,DS201,Fall 2023,0,60.7,56.8,59.5,2.38,3,24,Female,Medium,12.8,High-Speed,Bachelors,21,15.2,3,9,51.9,45,40,89.7,3,85.23,Low,False
STU12480,DB401,Spring 2024,1,25.0,30.0,24.5,0.98,3,22,Male,Medium,2.8,Moderate,Bachelors,12,13.4,1,10,57.9,45,19,42.7,4,50.93,High,True
STU12481,SE501,Fall 2024,2,47.2,49.4,47.9,1.92,4,24,Female,Medium,4.0,High-Speed,High School,10,6.8,2,12,59.5,40,25,62.0,4,57.9,Medium,False
STU12482,DB401,Fall 2023,0,74.8,76.8,75.4,3.02,3,23,Female,Medium,44.2,Moderate,Bachelors,11,14.0,1,4,94.0,45,28,62.6,5,66.6,Low,False
STU12483,SE501,Fall 2024,2,62.2,71.3,64.9,2.6,4,19,Male,High,4.5,High-Speed,Bachelors,11,8.8,8,2,72.6,50,31,61.7,5,61.87,Medium,False
STU12484,DS201,Fall 2025,4,60.8,53.6,58.7,2.35,3,19,Male,High,13.6,High-Speed,High School,11,19.5,6,13,60.9,40,27,68.7,6,63.03,Medium,False
STU12485,SE501,Fall 2023,0,52.8,46.4,50.9,2.04,4,20,Other,Medium,5.7,Moderate,Masters,12,13.0,3,13,75.0,45,29,64.1,4,65.05,Medium,False
STU12486,DS201,Fall 2025,4,69.5,64.9,68.1,2.72,3,19,Male,Medium,15.0,High-Speed,Bachelors,11,27.6,5,5,74.6,40,24,60.2,1,61.52,Medium,False
STU12487,AI301,Spring 2024,1,49.8,57.0,52.0,2.08,4,18,Female,Low,13.9,Moderate,High School,9,19.8,2,10,77.2,50,29,58.7,2,58.29,Medium,False
STU12488,CS101,Spring 2025,3,45.0,47.7,45.8,1.83,3,25,Female,Low,10.5,High-Speed,Masters,8,14.3,6,11,58.8,50,22,44.6,2,46.06,Medium,False
STU12489,SE501,Fall 2023,0,64.6,74.4,67.5,2.7,3,20,Male,High,18.3,Limited,Masters,13,17.9,3,2,74.9,40,30,76.0,2,72.48,Medium,False
STU12490,DS201,Fall 2025,4,45.1,35.6,42.3,1.69,3,19,Male,Medium,26.6,High-Speed,Bachelors,11,4.6,4,11,67.0,40,27,67.8,6,63.8,Low,True
STU12491,CS101,Fall 2025,4,35.2,38.3,36.1,1.44,4,18,Male,Medium,8.2,Moderate,High School,8,19.8,2,13,63.2,40,26,64.2,2,56.74,Medium,False
STU12492,AI301,Spring 2026,5,72.1,74.4,72.8,2.91,3,25,Female,Medium,2.6,High-Speed,Masters,14,10.9,3,2,87.2,50,38,75.4,6,76.14,Low,False
STU12493,AI301,Spring 2025,3,53.6,45.5,51.2,2.05,3,22,Male,High,4.8,High-Speed,High School,8,15.4,6,7,88.2,50,32,64.3,5,61.79,Medium,False
STU12494,DB401,Spring 2024,1,57.1,59.3,57.8,2.31,4,19,Female,Low,13.5,Limited,High School,16,11.4,4,5,75.2,50,35,69.4,2,73.74,Low,False
STU12495,DS201,Spring 2026,5,45.9,48.4,46.7,1.87,4,18,Female,High,10.0,Moderate,High School,8,11.9,2,2,65.6,50,21,41.2,4,45.72,High,False
STU12496,DS201,Fall 2023,0,57.5,54.3,56.5,2.26,4,21,Female,High,1.9,High-Speed,Bachelors,11,14.1,5,5,73.3,45,32,70.9,4,66.61,Low,False
STU12497,CS101,Spring 2024,1,40.0,42.6,40.8,1.63,3,23,Female,High,0.5,High-Speed,Masters,12,15.4,4,12,30.1,50,28,56.3,5,52.17,High,True
STU12498,DB401,Spring 2026,5,60.9,55.4,59.2,2.37,4,21,Other,Medium,10.9,High-Speed,Bachelors,7,14.9,7,7,90.0,40,21,52.9,1,54.95,High,False
STU12499,AI301,Fall 2024,2,62.0,65.6,63.1,2.52,4,18,Male,Low,2.7,High-Speed,Doctorate,7,15.0,6,9,91.0,40,21,53.1,4,55.25,Medium,False
STU12500,SE501,Spring 2025,3,77.4,83.4,79.2,3.17,3,20,Female,Medium,6.6,Moderate,High School,20,6.9,4,10,90.5,45,43,95.6,2,95.9,Low,False
STU12501,DB401,Spring 2024,1,35.0,30.8,33.7,1.35,4,24,Female,Medium,13.0,High-Speed,High School,10,26.7,5,11,61.8,45,25,54.7,1,54.71,High,True
STU12502,DB401,Fall 2025,4,54.4,59.0,55.8,2.23,3,24,Female,Low,7.9,High-Speed,Bachelors,12,16.2,2,13,71.8,45,29,63.6,3,64.16,Medium,False
STU12503,CS101,Spring 2026,5,54.1,46.8,51.9,2.08,4,24,Female,Medium,0.8,Moderate,Doctorate,7,17.2,5,7,87.3,40,15,38.3,1,47.11,High,False
STU12504,DB401,Spring 2025,3,63.7,64.3,63.9,2.56,3,25,Male,Medium,2.0,High-Speed,Bachelors,10,13.3,5,14,54.8,45,26,58.6,3,55.26,High,False
STU12505,CS101,Fall 2023,0,62.8,63.1,62.9,2.52,3,20,Male,High,2.4,Moderate,High School,14,10.6,3,3,74.7,45,33,74.3,1,73.09,Low,False
STU12506,DS201,Fall 2023,0,59.2,57.4,58.6,2.34,4,25,Female,Low,2.8,Limited,High School,15,15.8,2,14,66.4,40,34,85.0,1,78.28,Low,False
STU12507,CS101,Spring 2024,1,48.5,46.6,47.9,1.92,4,19,Male,Medium,7.9,High-Speed,High School,12,16.4,5,13,46.3,40,25,61.5,5,58.01,Medium,False
STU12508,DS201,Spring 2026,5,48.9,57.2,51.4,2.06,3,24,Female,Medium,6.7,Moderate,High School,10,21.5,8,7,78.4,50,29,57.5,2,59.43,Medium,False
STU12509,DS201,Fall 2025,4,72.5,59.6,68.6,2.74,3,21,Female,Medium,2.2,High-Speed,High School,16,25.4,5,2,74.4,45,35,78.5,3,78.13,Low,False
STU12510,DB401,Fall 2025,4,59.2,67.0,61.6,2.46,3,20,Male,High,0.7,High-Speed,Masters,14,22.4,4,2,73.1,40,31,76.7,1,73.97,Low,False
STU12511,DS201,Spring 2024,1,44.4,37.9,42.5,1.7,3,20,Female,Medium,1.8,High-Speed,Bachelors,6,6.2,3,2,58.5,45,26,57.2,5,49.3,Medium,False
STU12512,DB401,Fall 2024,2,53.8,62.3,56.3,2.25,4,24,Male,High,39.5,High-Speed,Bachelors,18,12.7,4,14,85.9,50,39,77.3,1,82.83,Low,False
STU12513,DS201,Spring 2026,5,56.1,61.2,57.6,2.3,4,21,Female,Medium,6.0,High-Speed,High School,16,16.7,4,7,76.7,45,33,73.0,2,75.84,Low,False
STU12514,DS201,Fall 2024,2,61.2,63.2,61.8,2.47,3,22,Female,Medium,19.2,High-Speed,High School,16,13.0,3,13,77.3,45,35,77.3,2,78.11,Low,False
STU12515,DS201,Spring 2026,5,72.4,78.5,74.2,2.97,4,20,Female,Low,17.9,Moderate,Bachelors,10,14.8,1,12,83.4,50,32,63.0,5,63.18,Medium,False
STU12516,DS201,Spring 2024,1,57.6,55.2,56.9,2.28,4,24,Male,Low,6.8,Moderate,Masters,15,4.3,3,8,79.0,45,33,72.9,3,74.75,Low,False
STU12517,SE501,Fall 2025,4,47.0,49.7,47.8,1.91,3,23,Male,Low,11.7,Limited,Bachelors,7,19.6,4,2,64.3,50,27,54.6,2,50.66,High,False
STU12518,DB401,Fall 2023,0,63.0,62.3,62.8,2.51,4,18,Female,Low,2.0,High-Speed,Masters,10,5.6,4,13,78.1,50,33,65.4,0,63.32,Medium,False
STU12519,AI301,Spring 2026,5,46.0,47.6,46.5,1.86,4,25,Female,Low,11.1,High-Speed,Masters,10,7.1,5,4,73.0,50,29,58.6,3,58.9,High,False
STU12520,DS201,Fall 2023,0,37.3,41.6,38.6,1.54,4,19,Female,Low,3.0,High-Speed,High School,6,9.9,2,4,72.8,45,14,30.0,7,38.56,High,False
STU12521,SE501,Spring 2026,5,64.9,67.9,65.8,2.63,3,20,Male,Low,16.9,High-Speed,High School,11,14.5,2,8,79.2,45,26,57.1,3,60.89,Medium,False
STU12522,AI301,Fall 2025,4,42.5,40.5,41.9,1.68,4,23,Male,High,0.8,High-Speed,Bachelors,14,6.9,4,5,59.9,40,31,76.5,1,71.23,Medium,True
STU12523,AI301,Spring 2025,3,45.2,45.7,45.3,1.81,3,23,Male,Low,14.1,Moderate,Bachelors,16,9.7,2,10,41.6,45,38,85.1,3,74.87,Low,False
STU12524,SE501,Spring 2025,3,55.5,54.9,55.3,2.21,4,20,Female,Medium,1.0,High-Speed,High School,12,20.7,7,10,67.9,45,29,63.5,7,63.33,Medium,False
STU12525,AI301,Spring 2026,5,49.0,45.8,48.1,1.92,3,22,Male,Low,20.2,High-Speed,Bachelors,10,14.4,3,11,52.3,50,31,62.4,3,56.66,High,False
STU12526,DB401,Spring 2025,3,69.1,74.3,70.7,2.83,4,18,Male,High,3.4,High-Speed,Bachelors,9,17.2,1,5,67.4,50,26,52.7,6,53.33,Medium,False
STU12527,AI301,Spring 2024,1,52.5,59.0,54.4,2.18,3,19,Female,High,10.1,High-Speed,Masters,13,8.8,2,4,51.8,45,34,76.0,2,67.86,Medium,False
STU12528,DB401,Fall 2024,2,49.1,60.9,52.6,2.1,4,20,Male,Medium,6.4,High-Speed,High School,12,14.7,5,14,72.9,45,28,61.8,5,63.48,Medium,False
STU12529,AI301,Spring 2024,1,62.7,59.1,61.6,2.46,4,25,Other,Medium,4.3,High-Speed,High School,19,14.3,3,14,70.7,45,43,94.6,2,89.94,Low,False
STU12530,AI301,Spring 2025,3,61.2,66.6,62.8,2.51,4,19,Female,Low,9.9,Moderate,Bachelors,10,11.0,0,7,71.0,40,24,59.4,5,58.9,Medium,False
STU12531,DS201,Spring 2025,3,58.9,60.8,59.5,2.38,3,21,Female,High,28.0,High-Speed,Bachelors,18,14.7,5,10,78.8,40,33,82.1,2,83.81,Low,False
STU12532,AI301,Fall 2025,4,60.9,59.6,60.5,2.42,3,23,Male,High,0.4,Moderate,Bachelors,11,5.5,1,11,85.5,50,35,70.6,4,68.9,Medium,False
STU12533,DS201,Fall 2023,0,51.9,56.3,53.2,2.13,3,23,Male,High,23.9,High-Speed,Masters,12,17.2,7,9,64.9,45,21,46.6,3,54.28,Medium,False
STU12534,DB401,Fall 2025,4,61.5,61.8,61.6,2.46,4,20,Female,Medium,8.9,High-Speed,Bachelors,19,13.0,4,8,74.6,50,43,85.2,3,86.02,Low,False
STU12535,AI301,Spring 2024,1,60.5,60.1,60.4,2.42,3,20,Female,Medium,15.6,Moderate,Bachelors,10,13.7,5,8,74.7,40,26,64.8,6,62.34,Medium,False
STU12536,DS201,Spring 2024,1,39.5,39.2,39.4,1.58,4,25,Female,High,4.6,High-Speed,High School,15,19.3,7,6,54.4,40,30,74.8,6,70.78,Medium,True
STU12537,SE501,Spring 2024,1,48.9,45.4,47.9,1.92,4,21,Male,Low,6.1,High-Speed,Bachelors,8,17.2,3,10,82.7,40,24,59.6,6,58.34,Medium,False
STU12538,SE501,Spring 2025,3,47.3,53.6,49.2,1.97,3,22,Female,Medium,19.3,Moderate,Bachelors,10,13.4,3,3,61.0,50,34,68.2,1,61.3,Medium,False
STU12539,DB401,Fall 2024,2,46.1,46.9,46.4,1.86,3,20,Female,Low,5.1,High-Speed,Masters,16,9.4,2,14,62.9,40,32,81.2,3,77.18,Low,False
STU12540,AI301,Fall 2023,0,46.6,50.6,47.8,1.91,3,23,Female,High,7.3,High-Speed,Doctorate,16,21.6,1,12,68.2,45,32,70.9,4,73.09,Low,False
STU12541,AI301,Fall 2024,2,37.4,45.5,39.8,1.59,4,19,Female,Low,0.2,Moderate,Bachelors,12,8.3,3,6,59.4,50,24,47.1,2,53.43,High,True
STU12542,DB401,Spring 2025,3,73.7,69.2,72.4,2.9,4,18,Female,Low,1.6,Moderate,Bachelors,19,18.1,2,6,61.8,40,32,80.1,4,80.91,Low,False
STU12543,CS101,Fall 2024,2,62.5,75.0,66.2,2.65,4,24,Female,Medium,9.8,High-Speed,High School,12,7.0,3,6,77.7,50,35,70.6,3,68.84,Low,False
STU12544,CS101,Fall 2025,4,58.4,58.9,58.6,2.34,3,19,Male,Medium,12.0,High-Speed,High School,16,19.6,1,9,57.7,50,36,71.8,5,71.44,Low,False
STU12545,SE501,Fall 2025,4,63.5,65.7,64.1,2.56,3,22,Male,Medium,8.3,Moderate,High School,13,20.1,5,14,83.0,50,31,62.1,5,67.15,High,False
STU12546,SE501,Fall 2025,4,39.0,43.0,40.2,1.61,4,18,Male,Low,1.5,High-Speed,High School,19,5.4,1,2,60.6,40,33,82.4,4,81.82,Low,True
STU12547,DS201,Fall 2024,2,56.8,52.3,55.4,2.22,4,19,Male,Low,5.6,High-Speed,Bachelors,9,17.2,2,13,81.4,40,23,58.0,6,58.78,Medium,False
STU12548,CS101,Fall 2025,4,46.0,42.0,44.8,1.79,3,19,Male,Medium,4.2,High-Speed,High School,8,16.8,3,12,77.1,45,22,48.4,1,51.62,High,False
STU12549,DB401,Fall 2024,2,40.5,39.3,40.2,1.61,3,21,Male,High,6.5,Limited,Bachelors,10,18.5,3,5,59.3,45,33,73.7,4,63.71,Medium,True
STU12550,DB401,Spring 2024,1,58.2,58.8,58.4,2.34,3,24,Male,High,19.4,High-Speed,Bachelors,13,16.8,2,2,60.4,45,34,75.9,3,69.53,Low,False
STU12551,CS101,Fall 2024,2,51.6,47.5,50.4,2.02,4,25,Male,Medium,14.2,Moderate,Bachelors,23,10.2,6,6,78.8,45,39,86.9,1,89.21,Low,False
STU12552,DB401,Spring 2024,1,56.1,49.2,54.0,2.16,3,22,Female,High,0.8,High-Speed,Bachelors,11,13.9,5,8,84.5,45,25,56.0,2,61.4,Low,False
STU12553,AI301,Fall 2024,2,54.0,59.8,55.7,2.23,3,23,Female,Medium,21.0,High-Speed,High School,13,23.3,2,3,72.4,50,34,68.7,2,68.33,Medium,False
STU12554,SE501,Spring 2024,1,50.8,45.3,49.1,1.96,4,21,Male,Medium,6.1,Moderate,Doctorate,7,9.5,1,3,85.6,45,27,59.1,5,57.17,Low,False
STU12555,SE501,Fall 2024,2,66.9,71.4,68.2,2.73,4,18,Female,Medium,12.9,Limited,High School,11,16.6,5,13,86.3,40,25,61.6,4,64.56,Medium,False
STU12556,CS101,Spring 2026,5,44.5,38.6,42.7,1.71,3,24,Female,Medium,1.4,High-Speed,Masters,11,20.8,6,8,61.5,50,27,53.6,10,55.6,Medium,True
STU12557,DS201,Spring 2024,1,56.6,53.2,55.6,2.22,3,23,Male,Medium,10.6,High-Speed,High School,7,10.0,5,3,87.7,45,22,49.3,1,52.69,Medium,False
STU12558,AI301,Fall 2025,4,61.4,60.5,61.1,2.44,4,21,Male,Medium,2.6,Limited,Bachelors,8,7.9,6,13,80.0,45,27,60.0,2,58.0,Medium,False
STU12559,CS101,Spring 2024,1,58.2,69.6,61.6,2.46,4,24,Female,Medium,5.5,Moderate,High School,11,8.7,4,12,61.9,50,34,67.2,1,62.48,Medium,False
STU12560,DS201,Spring 2026,5,51.9,52.8,52.2,2.09,4,25,Female,Low,0.2,High-Speed,High School,13,17.0,7,3,64.9,50,31,62.5,3,63.73,Medium,False
STU12561,SE501,Fall 2023,0,67.0,68.3,67.4,2.7,3,22,Female,Low,1.6,High-Speed,Bachelors,21,8.6,3,7,85.6,50,50,99.8,8,97.02,Low,True
STU12562,CS101,Spring 2026,5,61.7,61.0,61.5,2.46,4,20,Male,Medium,0.9,Moderate,Bachelors,14,14.3,3,6,90.0,50,33,66.3,6,72.15,Low,False
STU12563,SE501,Fall 2023,0,61.6,57.2,60.3,2.41,4,25,Male,Low,2.6,Moderate,High School,16,21.9,3,2,69.9,45,31,69.0,1,72.48,Low,False
STU12564,SE501,Spring 2026,5,57.7,61.1,58.7,2.35,3,20,Male,Low,1.0,Limited,Bachelors,10,14.7,4,12,100.0,50,28,56.5,3,63.25,Medium,False
STU12565,DS201,Fall 2023,0,63.4,63.5,63.4,2.54,3,18,Male,Medium,11.2,High-Speed,High School,13,11.1,4,8,90.6,50,29,58.5,2,66.87,Low,False
STU12566,CS101,Spring 2024,1,50.8,57.8,52.9,2.12,3,20,Male,Medium,0.3,High-Speed,High School,7,15.6,4,3,80.4,45,27,59.4,3,56.28,High,False
STU12567,SE501,Spring 2025,3,66.4,60.7,64.7,2.59,3,21,Male,Medium,9.1,Moderate,Masters,13,14.7,4,3,79.1,50,35,70.7,7,70.67,Medium,False
STU12568,SE501,Spring 2026,5,54.5,61.2,56.5,2.26,4,18,Female,Medium,1.4,High-Speed,Masters,7,17.3,3,13,79.3,40,23,58.6,0,55.66,Medium,False
STU12569,CS101,Spring 2026,5,33.0,34.1,33.3,1.33,3,23,Female,High,27.6,High-Speed,Bachelors,9,23.1,4,4,53.6,45,22,50.0,5,49.22,High,False
STU12570,SE501,Spring 2025,3,73.9,69.9,72.7,2.91,4,25,Male,High,25.7,High-Speed,High School,14,17.0,4,10,65.0,45,30,67.6,3,67.8,Low,False
STU12571,DS201,Fall 2024,2,54.0,55.5,54.4,2.18,4,25,Female,High,2.4,High-Speed,High School,7,25.2,5,2,71.7,50,30,60.5,3,55.09,Medium,False
STU12572,SE501,Spring 2026,5,31.4,30.0,31.0,1.24,4,22,Male,Medium,9.1,High-Speed,Doctorate,8,17.3,3,13,67.8,45,27,61.0,3,56.06,High,False
STU12573,DS201,Fall 2025,4,47.5,53.5,49.3,1.97,4,18,Male,Medium,0.3,Moderate,High School,8,11.2,4,13,79.9,45,26,57.4,3,56.68,Medium,False
STU12574,DB401,Spring 2025,3,69.8,69.2,69.6,2.78,4,23,Male,High,25.5,Moderate,Masters,14,26.4,5,13,74.3,45,33,72.9,1,72.31,Low,False
STU12575,SE501,Spring 2025,3,54.0,50.0,52.8,2.11,4,25,Female,Low,7.0,High-Speed,High School,6,14.4,2,9,79.2,40,16,39.3,5,44.49,Medium,False
STU12576,DB401,Fall 2024,2,54.0,51.2,53.1,2.12,4,18,Female,Low,0.4,High-Speed,Doctorate,5,9.7,2,3,69.9,45,18,40.7,2,41.83,High,False
STU12577,CS101,Fall 2024,2,63.0,59.1,61.8,2.47,4,19,Female,Medium,4.0,High-Speed,High School,15,26.6,5,12,88.1,40,30,76.2,4,78.22,Low,False
STU12578,DB401,Spring 2025,3,57.3,64.9,59.6,2.38,4,19,Male,Low,0.8,Moderate,High School,8,11.3,5,10,74.9,40,21,52.3,4,53.13,Medium,False
STU12579,SE501,Spring 2024,1,47.1,41.4,45.4,1.82,3,18,Female,High,4.7,High-Speed,Bachelors,6,11.1,3,6,69.6,45,24,53.5,3,49.67,High,False
STU12580,AI301,Spring 2025,3,62.0,61.7,61.9,2.48,4,25,Male,Medium,10.5,Moderate,Doctorate,11,12.2,6,10,80.4,45,30,67.6,1,66.38,Low,False
STU12581,CS101,Fall 2024,2,43.0,44.3,43.4,1.74,3,24,Female,Medium,6.0,High-Speed,Doctorate,10,15.8,6,12,81.3,50,26,52.0,1,57.26,Medium,True
STU12582,CS101,Fall 2024,2,53.7,51.5,53.0,2.12,4,20,Female,Medium,4.6,High-Speed,Bachelors,10,19.7,4,13,73.3,40,26,66.2,3,62.76,Medium,False
STU12583,AI301,Spring 2026,5,28.4,30.0,28.9,1.16,4,19,Male,Medium,1.2,Moderate,Bachelors,16,1.8,5,11,54.2,45,31,68.0,5,68.84,Medium,True
STU12584,AI301,Spring 2026,5,65.1,75.6,68.3,2.73,4,24,Female,Low,2.7,High-Speed,Bachelors,18,19.6,2,10,84.0,45,36,81.0,2,84.3,Low,False
STU12585,DS201,Fall 2025,4,42.5,40.9,42.0,1.68,4,24,Female,Medium,1.0,High-Speed,Bachelors,14,12.2,3,6,53.1,40,28,70.5,6,66.87,Medium,True
STU12586,AI301,Spring 2026,5,51.9,45.4,50.0,2.0,3,22,Male,Medium,15.7,High-Speed,Masters,9,12.9,5,3,56.3,40,28,69.6,2,59.56,High,False
STU12587,DB401,Fall 2025,4,47.5,43.6,46.3,1.85,4,23,Female,Medium,1.4,High-Speed,Bachelors,10,23.6,2,10,73.6,45,30,67.5,2,63.47,Low,False
STU12588,AI301,Fall 2025,4,50.2,50.8,50.4,2.02,3,21,Male,Medium,8.6,High-Speed,Bachelors,9,16.1,6,9,67.1,40,24,60.3,2,57.07,Medium,False
STU12589,DB401,Fall 2024,2,84.6,83.7,84.3,3.37,3,19,Female,Low,4.0,High-Speed,Bachelors,15,17.2,4,4,73.3,45,34,75.7,1,75.01,Low,False
STU12590,SE501,Spring 2025,3,62.9,55.9,60.8,2.43,3,18,Female,Low,2.4,Moderate,Bachelors,14,14.8,5,2,90.0,45,32,71.0,2,74.5,Low,False
STU12591,CS101,Spring 2025,3,49.5,51.0,49.9,2.0,4,20,Female,Low,9.7,Moderate,Masters,11,18.8,3,6,77.5,40,23,58.4,1,61.2,Medium,False
STU12592,DS201,Spring 2024,1,51.1,45.3,49.4,1.98,4,21,Female,Medium,5.8,Moderate,High School,15,23.1,7,3,63.5,45,28,62.1,5,66.25,Low,False
STU12593,DS201,Fall 2023,0,37.2,41.1,38.4,1.54,3,23,Female,High,4.9,High-Speed,High School,16,2.6,3,10,82.8,45,32,70.8,2,75.96,Medium,True
STU12594,CS101,Spring 2025,3,43.4,45.3,44.0,1.76,3,24,Male,High,8.5,Moderate,Bachelors,9,20.4,2,6,55.8,40,24,60.6,2,54.96,High,False
STU12595,CS101,Spring 2026,5,54.2,52.7,53.7,2.15,3,23,Female,Medium,6.4,High-Speed,High School,15,22.7,2,8,64.9,50,36,71.9,2,71.43,Medium,False
STU12596,AI301,Spring 2024,1,51.3,67.6,56.2,2.25,4,25,Male,Medium,3.4,High-Speed,Bachelors,11,17.5,4,2,71.9,45,24,52.4,2,57.08,Low,False
STU12597,CS101,Spring 2025,3,62.4,59.5,61.5,2.46,3,19,Female,Medium,7.8,High-Speed,Masters,12,11.6,4,2,65.4,45,31,69.3,2,65.73,Medium,False
STU12598,CS101,Spring 2026,5,60.8,60.2,60.6,2.42,4,23,Male,Low,10.5,Limited,Bachelors,11,9.2,1,9,80.7,40,25,63.4,5,64.34,Medium,False
STU12599,CS101,Spring 2025,3,42.2,50.0,44.5,1.78,4,23,Male,Low,0.3,High-Speed,Masters,11,26.8,4,9,72.9,40,22,55.5,2,58.83,Medium,True
STU12600,DB401,Spring 2025,3,38.1,42.1,39.3,1.57,3,20,Female,High,6.0,Limited,High School,8,10.5,3,13,76.0,40,23,56.9,5,55.65,High,False
STU12601,DB401,Fall 2023,0,60.4,55.9,59.0,2.36,4,25,Male,Medium,0.6,High-Speed,Masters,11,22.6,4,9,73.9,40,23,57.0,0,59.78,Medium,False
STU12602,SE501,Fall 2023,0,56.0,57.9,56.6,2.26,4,25,Female,High,2.0,High-Speed,Bachelors,13,17.0,5,8,83.7,40,27,68.6,3,70.54,Low,False
STU12603,AI301,Spring 2026,5,49.8,54.8,51.3,2.05,3,24,Male,Medium,7.8,High-Speed,High School,11,25.2,8,6,60.6,50,29,58.0,4,57.62,Medium,False
STU12604,SE501,Fall 2025,4,53.3,40.1,49.4,1.98,4,20,Male,Medium,19.1,Moderate,Bachelors,9,13.4,1,2,52.7,50,25,50.6,4,49.34,High,False
STU12605,AI301,Spring 2026,5,60.7,58.7,60.1,2.4,4,20,Female,Low,20.4,High-Speed,Doctorate,10,7.0,4,9,81.3,45,29,64.9,3,63.71,Medium,False
STU12606,SE501,Fall 2025,4,41.2,50.3,43.9,1.76,4,18,Male,Low,0.7,Moderate,High School,11,15.0,3,11,63.8,45,32,70.1,3,64.31,Medium,True
STU12607,DS201,Spring 2025,3,56.5,53.0,55.4,2.22,4,23,Male,Medium,5.2,Moderate,Bachelors,11,7.6,1,12,60.7,50,37,73.9,3,65.59,Medium,False
STU12608,DS201,Spring 2025,3,50.0,57.4,52.2,2.09,3,23,Female,Medium,8.3,Moderate,Masters,9,28.4,5,8,74.1,50,28,55.8,3,56.22,High,False
STU12609,DB401,Fall 2025,4,46.0,42.3,44.9,1.8,3,25,Male,Low,1.5,High-Speed,High School,12,18.1,5,13,75.2,40,27,67.9,3,66.99,Medium,True
STU12610,DS201,Fall 2025,4,59.3,60.4,59.6,2.38,3,23,Female,Low,13.8,Limited,Bachelors,5,18.9,3,13,85.6,45,19,43.3,0,46.27,High,False
STU12611,DB401,Fall 2025,4,55.0,55.4,55.1,2.2,3,22,Male,Low,13.0,Moderate,Bachelors,12,18.9,1,13,73.7,40,23,56.9,3,61.19,Medium,False
STU12612,DS201,Spring 2026,5,75.3,71.7,74.2,2.97,4,20,Male,Medium,22.2,High-Speed,High School,17,11.5,7,4,72.8,40,31,77.3,2,78.71,Low,False
STU12613,CS101,Fall 2024,2,48.7,40.0,46.1,1.84,3,21,Female,Medium,0.1,Moderate,Bachelors,10,14.3,7,8,64.3,40,23,56.9,3,56.31,High,False
STU12614,SE501,Spring 2025,3,56.2,60.4,57.5,2.3,3,25,Male,Low,2.3,High-Speed,High School,12,15.6,5,6,90.5,45,29,64.4,2,68.3,Low,False
STU12615,DS201,Fall 2024,2,65.3,62.3,64.4,2.58,3,19,Male,Low,16.7,High-Speed,Bachelors,14,24.7,8,11,85.9,45,32,70.2,4,73.28,Low,False
STU12616,AI301,Fall 2023,0,43.4,53.6,46.5,1.86,3,25,Male,Low,10.5,High-Speed,High School,9,9.2,5,12,51.3,40,25,63.0,4,55.26,High,False
STU12617,SE501,Fall 2025,4,75.9,74.5,75.5,3.02,4,24,Male,Medium,21.4,High-Speed,High School,15,11.4,4,11,89.2,45,34,74.8,2,77.74,Low,False
STU12618,SE501,Fall 2023,0,57.8,57.1,57.6,2.3,4,21,Female,Low,0.6,High-Speed,Bachelors,16,13.2,6,11,65.2,50,39,77.3,3,75.69,Low,False
STU12619,SE501,Fall 2024,2,59.8,62.1,60.5,2.42,3,24,Male,Medium,8.6,High-Speed,High School,14,11.6,5,5,85.1,40,31,77.4,1,76.72,Low,False
STU12620,CS101,Fall 2023,0,61.2,57.4,60.0,2.4,4,18,Female,Low,8.0,Moderate,High School,10,7.7,3,2,77.0,40,29,71.9,1,66.35,Medium,False
STU12621,SE501,Spring 2026,5,69.3,69.2,69.3,2.77,3,18,Female,Low,0.3,Limited,Masters,16,1.5,2,11,83.9,40,33,83.1,1,82.33,Low,False
STU12622,DB401,Spring 2026,5,57.7,49.5,55.2,2.21,4,24,Male,High,6.8,Limited,Masters,15,5.9,5,3,83.0,40,23,56.8,3,67.5,Medium,False
STU12623,CS101,Fall 2024,2,44.9,49.3,46.2,1.85,4,23,Female,Medium,8.9,High-Speed,Masters,10,20.5,3,3,77.6,40,16,40.3,1,50.67,Medium,False
STU12624,DB401,Fall 2023,0,61.5,53.8,59.2,2.37,4,21,Male,Low,2.0,Moderate,Bachelors,12,15.0,4,11,80.6,50,36,71.4,3,69.82,Low,False
STU12625,AI301,Spring 2026,5,49.8,54.2,51.1,2.04,4,23,Female,High,3.0,High-Speed,Masters,12,19.2,5,13,62.1,40,30,73.8,2,67.32,Low,False
STU12626,DS201,Spring 2024,1,73.2,71.6,72.7,2.91,4,25,Male,Medium,9.7,Moderate,Masters,16,12.1,3,3,100.0,45,35,78.2,1,83.1,Low,False
STU12627,CS101,Fall 2024,2,48.1,44.8,47.1,1.88,3,22,Female,High,6.0,High-Speed,Bachelors,16,14.5,5,10,63.7,45,34,75.1,4,74.29,Low,False
STU12628,AI301,Fall 2023,0,49.0,46.7,48.3,1.93,4,18,Female,Medium,18.5,High-Speed,High School,8,23.1,5,7,77.0,50,31,61.1,3,57.95,High,False
STU12629,DB401,Fall 2024,2,65.1,67.3,65.7,2.63,3,18,Male,Medium,4.0,Moderate,High School,6,22.8,4,14,73.2,40,20,50.2,5,48.74,Medium,False
STU12630,SE501,Spring 2024,1,49.2,51.3,49.8,1.99,3,21,Female,High,2.9,High-Speed,Bachelors,6,19.7,4,6,76.9,50,28,56.5,1,52.63,High,False
STU12631,CS101,Spring 2025,3,54.6,52.5,54.0,2.16,4,18,Female,Low,39.8,High-Speed,Masters,14,16.0,2,11,59.5,50,35,69.1,5,67.45,Medium,False
STU12632,DS201,Spring 2024,1,42.7,38.5,41.4,1.66,4,22,Male,Medium,23.0,Moderate,Bachelors,8,17.6,4,5,72.3,45,30,66.9,5,59.91,Medium,False
STU12633,SE501,Fall 2023,0,46.2,40.3,44.4,1.78,4,22,Male,Medium,0.3,High-Speed,Bachelors,10,16.9,4,10,62.3,40,24,60.2,6,57.56,High,True
STU12634,DS201,Spring 2026,5,60.4,48.7,56.9,2.28,4,22,Female,Low,14.0,High-Speed,High School,13,14.2,1,10,52.1,40,32,81.2,3,70.52,Medium,False
STU12635,DS201,Fall 2023,0,63.0,69.2,64.9,2.6,3,19,Female,Low,1.1,High-Speed,High School,14,13.0,3,11,66.9,40,33,82.9,4,75.83,Low,False
STU12636,DB401,Fall 2025,4,53.6,55.1,54.1,2.16,4,22,Female,Low,0.3,High-Speed,Bachelors,11,20.6,3,13,93.6,50,37,73.2,6,71.82,Low,False
STU12637,SE501,Fall 2025,4,51.6,57.8,53.4,2.14,3,22,Female,Medium,3.0,High-Speed,Doctorate,17,8.5,4,8,65.5,40,31,76.3,4,76.75,Low,False
STU12638,DB401,Fall 2024,2,59.0,64.0,60.5,2.42,3,19,Female,Medium,3.0,Moderate,High School,11,22.4,3,6,77.3,50,26,51.4,7,57.66,Medium,False
STU12639,CS101,Spring 2025,3,49.8,55.0,51.4,2.06,3,23,Female,Medium,16.3,High-Speed,Masters,11,13.6,5,7,78.3,50,35,69.3,5,66.81,Medium,False
STU12640,CS101,Spring 2026,5,66.8,64.5,66.1,2.64,4,25,Male,Low,11.8,Moderate,High School,12,8.4,1,4,82.7,45,33,74.4,2,71.74,Medium,False
STU12641,AI301,Fall 2023,0,57.2,57.9,57.4,2.3,4,20,Male,Medium,38.0,High-Speed,Bachelors,11,12.3,10,3,74.3,40,25,63.6,2,63.16,Medium,False
STU12642,DB401,Fall 2024,2,48.4,43.4,46.9,1.88,3,18,Female,High,11.8,High-Speed,Bachelors,15,10.6,3,11,82.4,50,36,71.3,0,74.63,Low,False
STU12643,DB401,Fall 2024,2,56.5,59.3,57.3,2.29,4,22,Female,Medium,5.1,Moderate,Masters,9,12.1,8,11,78.0,45,22,49.0,3,53.6,Medium,False
STU12644,SE501,Fall 2023,0,70.0,70.9,70.3,2.81,4,18,Male,Medium,11.4,Moderate,High School,12,12.0,2,5,91.2,45,31,68.4,5,70.44,Low,False
STU12645,CS101,Spring 2026,5,51.2,53.6,51.9,2.08,4,21,Male,Medium,71.5,Moderate,High School,12,11.8,2,4,62.2,40,27,67.6,1,64.24,Low,False
STU12646,AI301,Fall 2024,2,58.9,58.3,58.7,2.35,3,18,Female,Medium,11.8,Limited,High School,14,13.5,5,5,83.9,45,26,57.9,1,66.73,Low,False
STU12647,CS101,Spring 2026,5,55.8,61.5,57.5,2.3,3,24,Female,Medium,13.6,High-Speed,Masters,13,14.7,3,11,76.3,45,35,77.8,3,73.66,Low,False
STU12648,DB401,Fall 2025,4,50.1,47.5,49.3,1.97,3,23,Male,High,26.5,High-Speed,High School,11,18.8,7,12,66.0,50,32,64.4,3,61.9,Low,False
STU12649,AI301,Spring 2024,1,47.6,42.9,46.2,1.85,3,25,Male,Medium,1.1,Moderate,High School,7,13.8,2,2,71.8,45,19,43.1,1,46.41,High,False
STU12650,DS201,Spring 2025,3,76.7,84.3,79.0,3.16,4,19,Male,High,11.6,High-Speed,Bachelors,15,16.6,6,2,93.4,50,39,77.7,5,80.03,Low,False
STU12651,CS101,Spring 2025,3,59.5,62.2,60.3,2.41,4,18,Male,Low,18.1,High-Speed,Bachelors,9,15.0,5,7,71.2,40,27,68.4,2,61.94,Medium,False
STU12652,DB401,Spring 2026,5,57.4,55.7,56.9,2.28,3,18,Male,Low,29.3,High-Speed,Masters,9,17.7,4,12,83.4,50,34,68.1,1,64.23,Low,False
STU12653,DB401,Fall 2024,2,49.9,41.8,47.5,1.9,3,18,Male,Low,2.3,Moderate,Masters,9,15.2,3,11,75.5,50,28,55.7,6,56.45,Medium,False
STU12654,AI301,Spring 2025,3,63.7,61.6,63.1,2.52,4,20,Female,Medium,6.7,High-Speed,Bachelors,8,11.8,1,5,88.5,45,31,68.4,3,63.9,Low,False
STU12655,DB401,Spring 2024,1,46.5,35.6,43.2,1.73,3,20,Male,Medium,10.8,High-Speed,Masters,7,10.4,0,3,70.4,40,20,50.6,1,49.88,High,False
STU12656,AI301,Spring 2026,5,60.7,56.0,59.3,2.37,3,21,Female,Low,2.7,High-Speed,Bachelors,14,16.1,6,4,84.7,45,30,67.4,1,71.64,Low,False
STU12657,AI301,Fall 2023,0,33.1,30.8,32.4,1.3,3,19,Female,Low,8.7,Moderate,High School,17,21.4,4,9,68.4,50,34,67.4,3,72.88,Medium,True
STU12658,SE501,Fall 2023,0,47.9,51.1,48.9,1.96,3,18,Male,High,2.8,High-Speed,Masters,10,13.9,5,7,75.0,50,31,62.2,4,61.1,Medium,False
STU12659,CS101,Fall 2025,4,63.9,63.8,63.9,2.56,4,18,Female,High,3.9,High-Speed,Bachelors,9,11.5,5,3,58.0,50,34,67.0,3,58.6,Medium,False
STU12660,AI301,Spring 2025,3,48.9,44.5,47.6,1.9,4,18,Male,Medium,5.5,Moderate,Bachelors,10,13.7,1,8,60.5,40,21,52.9,3,53.55,Medium,False
STU12661,DB401,Spring 2025,3,49.2,55.1,51.0,2.04,4,18,Female,Medium,7.2,Limited,Bachelors,7,12.2,6,3,72.6,40,16,39.9,6,44.97,High,False
STU12662,DS201,Fall 2025,4,59.0,53.6,57.4,2.3,4,20,Male,Medium,5.7,Moderate,Bachelors,9,11.7,4,2,70.9,40,27,67.5,3,61.43,Medium,False
STU12663,SE501,Fall 2025,4,42.2,32.2,39.2,1.57,4,23,Female,Medium,6.5,Moderate,High School,6,7.8,3,6,52.8,45,21,45.6,5,42.36,High,False
STU12664,AI301,Spring 2026,5,47.3,51.6,48.6,1.94,4,23,Female,High,3.4,High-Speed,Bachelors,10,13.8,6,13,75.2,45,18,40.0,2,50.04,High,False
STU12665,CS101,Fall 2023,0,66.6,64.4,66.0,2.64,3,21,Male,Low,1.6,High-Speed,Masters,11,16.2,4,11,74.1,45,31,68.8,5,65.72,Low,False
STU12666,SE501,Fall 2025,4,48.4,52.0,49.5,1.98,4,24,Male,Medium,0.5,High-Speed,Bachelors,8,9.6,5,10,61.2,45,22,49.5,1,48.99,High,False
STU12667,AI301,Fall 2023,0,47.8,44.0,46.7,1.87,3,22,Female,Medium,2.1,Moderate,High School,13,10.6,4,6,84.3,40,28,69.8,2,71.26,Medium,False
STU12668,DS201,Fall 2025,4,46.1,42.4,45.0,1.8,3,19,Female,Medium,8.3,High-Speed,Doctorate,8,10.3,5,2,72.7,40,23,56.6,1,54.84,Medium,False
STU12669,SE501,Spring 2025,3,39.7,33.6,37.9,1.52,3,23,Male,Medium,14.7,Moderate,High School,10,8.1,2,3,60.6,50,25,50.5,4,52.37,High,True
STU12670,CS101,Spring 2026,5,80.5,81.4,80.8,3.23,4,24,Female,Medium,1.8,Limited,High School,11,10.2,5,5,81.4,40,29,72.5,4,69.03,Medium,False
STU12671,DS201,Spring 2026,5,51.0,54.5,52.1,2.08,4,25,Male,Low,1.1,High-Speed,High School,13,14.0,2,6,48.8,45,34,76.4,3,67.46,High,False
STU12672,DB401,Spring 2025,3,57.3,62.2,58.8,2.35,3,25,Female,Medium,13.1,High-Speed,High School,10,8.3,5,3,52.3,45,29,63.7,4,57.31,Medium,False
STU12673,DS201,Fall 2023,0,48.5,55.8,50.7,2.03,4,18,Male,Low,3.5,High-Speed,Bachelors,10,14.3,2,4,55.4,45,32,70.1,2,61.13,Medium,False
STU12674,DB401,Fall 2025,4,52.1,54.7,52.9,2.12,3,25,Female,Low,28.7,High-Speed,Bachelors,9,11.5,3,7,75.1,40,19,48.4,2,52.72,Medium,False
STU12675,CS101,Spring 2026,5,66.3,61.2,64.8,2.59,3,23,Male,Low,11.9,High-Speed,Masters,15,10.4,2,7,79.6,40,34,84.9,5,80.87,Low,False
STU12676,AI301,Fall 2024,2,46.8,53.2,48.7,1.95,3,21,Male,Medium,3.8,Moderate,Doctorate,17,16.9,2,11,61.9,40,26,65.4,4,70.58,Medium,False
STU12677,DS201,Spring 2025,3,49.9,50.7,50.1,2.0,4,22,Male,Medium,3.2,High-Speed,Masters,12,11.8,4,2,76.7,40,27,66.3,5,66.49,Medium,False
STU12678,CS101,Spring 2024,1,64.0,68.4,65.3,2.61,4,23,Male,Medium,7.0,High-Speed,Bachelors,12,12.6,2,11,88.6,45,32,71.4,4,71.42,Medium,False
STU12679,DS201,Spring 2025,3,49.4,47.3,48.8,1.95,3,21,Female,Medium,0.8,High-Speed,Bachelors,13,21.5,6,9,65.0,40,30,74.0,4,69.5,Low,False
STU12680,AI301,Spring 2025,3,48.6,49.3,48.8,1.95,3,25,Male,Medium,1.2,Limited,Masters,17,10.4,8,12,55.3,50,32,63.2,1,68.16,High,False
STU12681,SE501,Fall 2025,4,58.7,59.4,58.9,2.36,3,20,Female,Medium,1.8,Moderate,Bachelors,7,22.8,5,7,100.0,50,28,55.4,1,58.2,Medium,False
STU12682,DS201,Fall 2025,4,67.5,62.0,65.8,2.63,3,22,Male,Medium,14.2,Limited,Bachelors,17,13.3,4,4,74.7,40,31,77.4,3,79.14,Low,False
STU12683,AI301,Spring 2026,5,41.4,32.4,38.7,1.55,4,21,Male,Medium,6.9,Limited,Bachelors,13,9.3,0,3,57.6,50,31,62.0,1,62.02,Medium,True
STU12684,AI301,Fall 2023,0,53.1,51.0,52.5,2.1,4,24,Male,Medium,0.1,High-Speed,High School,14,12.2,4,12,65.9,40,28,68.9,2,68.63,Low,False
STU12685,SE501,Spring 2025,3,41.8,49.1,44.0,1.76,3,23,Male,Medium,10.6,High-Speed,Bachelors,16,15.3,5,10,41.9,50,34,68.3,0,66.53,Medium,True
STU12686,DS201,Spring 2025,3,42.9,41.6,42.5,1.7,4,20,Male,High,5.2,High-Speed,Bachelors,7,21.3,7,12,59.3,40,22,55.3,2,50.01,High,False
STU12687,DS201,Spring 2025,3,66.4,66.4,66.4,2.66,4,24,Male,High,6.8,High-Speed,Bachelors,12,19.0,10,9,73.6,40,31,76.4,3,70.92,Low,False
STU12688,AI301,Spring 2026,5,37.8,37.5,37.7,1.51,3,21,Female,Low,2.3,Moderate,High School,14,15.3,6,4,75.3,40,22,54.1,3,63.11,Low,True
STU12689,DS201,Spring 2024,1,32.7,37.6,34.2,1.37,4,21,Male,Low,7.6,High-Speed,Bachelors,10,21.3,3,8,51.3,45,31,68.1,4,59.31,High,True
STU12690,SE501,Spring 2024,1,62.5,56.6,60.7,2.43,3,25,Female,Medium,36.8,High-Speed,Masters,16,5.6,6,8,77.3,50,43,85.5,3,82.21,Low,False
STU12691,DS201,Fall 2024,2,64.3,68.4,65.5,2.62,4,24,Female,Medium,0.7,Moderate,Doctorate,9,16.2,3,13,67.2,50,28,55.0,1,54.44,Medium,False
STU12692,DS201,Fall 2024,2,60.2,59.3,59.9,2.4,4,23,Male,Low,3.2,Moderate,High School,14,16.5,3,2,76.1,40,27,67.3,2,69.87,Low,False
STU12693,DB401,Fall 2024,2,72.6,72.5,72.6,2.9,3,22,Male,High,2.6,Moderate,High School,14,16.6,2,7,89.1,45,28,63.2,1,70.42,Medium,False
STU12694,AI301,Spring 2026,5,68.0,70.2,68.7,2.75,4,20,Female,Low,2.7,High-Speed,Bachelors,10,6.9,4,4,81.3,45,30,67.3,3,64.91,Low,False
STU12695,AI301,Fall 2025,4,42.9,42.5,42.8,1.71,4,25,Female,High,4.5,Moderate,Bachelors,8,9.9,8,11,71.9,45,29,63.4,2,58.08,Medium,False
STU12696,DB401,Spring 2025,3,57.3,58.8,57.8,2.31,4,18,Female,Medium,16.2,High-Speed,High School,12,14.2,5,4,67.7,45,34,76.0,4,69.54,Low,False
STU12697,DS201,Fall 2024,2,45.8,42.7,44.9,1.8,3,19,Male,Medium,23.2,High-Speed,High School,10,20.6,2,6,61.0,50,36,71.1,1,62.75,Medium,True
STU12698,DS201,Fall 2023,0,36.0,41.9,37.8,1.51,4,22,Female,Low,2.1,Moderate,Masters,8,24.6,2,14,55.9,45,25,54.8,0,50.58,High,False
STU12699,SE501,Fall 2023,0,41.6,42.2,41.8,1.67,4,25,Female,Low,7.4,Limited,Bachelors,11,11.7,5,7,61.7,50,38,76.2,2,66.94,Medium,True
STU12700,CS101,Fall 2025,4,44.2,49.2,45.7,1.83,3,20,Female,Medium,9.6,High-Speed,Bachelors,7,8.5,4,10,81.3,40,19,47.7,4,50.61,High,False
STU12701,CS101,Spring 2025,3,51.7,54.4,52.5,2.1,4,24,Female,Low,7.0,High-Speed,Bachelors,11,19.1,3,14,68.9,40,20,50.8,1,55.68,Medium,False
STU12702,AI301,Fall 2024,2,57.2,61.8,58.6,2.34,4,21,Male,Medium,5.4,High-Speed,Bachelors,14,28.1,5,6,51.6,40,31,78.6,2,70.62,Low,False
STU12703,DB401,Spring 2026,5,48.2,52.8,49.6,1.98,3,24,Male,Medium,2.0,High-Speed,High School,10,20.5,4,4,64.7,45,22,48.9,3,52.39,High,False
STU12704,SE501,Fall 2023,0,53.6,54.9,54.0,2.16,3,25,Female,Low,6.4,Moderate,Bachelors,13,11.3,3,2,86.4,50,33,65.2,0,69.38,Medium,False
STU12705,DS201,Fall 2023,0,49.8,54.4,51.2,2.05,3,20,Female,Low,4.9,High-Speed,High School,18,29.3,6,13,67.9,50,33,65.5,5,73.33,Medium,False
STU12706,DB401,Fall 2023,0,42.6,44.7,43.2,1.73,4,24,Male,Medium,15.1,Moderate,Bachelors,15,18.4,5,4,54.6,45,33,72.3,3,69.57,High,True
STU12707,SE501,Fall 2025,4,61.0,71.1,64.0,2.56,3,24,Male,Low,13.7,Moderate,High School,9,11.0,2,5,75.8,50,25,49.8,4,53.56,High,False
STU12708,DS201,Spring 2024,1,67.5,68.3,67.7,2.71,4,19,Male,Low,1.4,High-Speed,Bachelors,14,24.7,5,11,74.0,45,37,82.0,1,76.8,Low,False
STU12709,DS201,Spring 2026,5,34.5,36.5,35.1,1.4,3,23,Male,Medium,0.9,High-Speed,Bachelors,13,10.7,3,8,63.9,45,24,53.7,4,59.13,Medium,True
STU12710,CS101,Spring 2025,3,65.3,69.1,66.4,2.66,4,25,Female,High,22.7,High-Speed,High School,16,11.9,3,6,75.9,45,37,81.7,1,80.03,Low,False
STU12711,DS201,Spring 2024,1,47.5,45.1,46.8,1.87,4,19,Female,Medium,7.3,High-Speed,High School,14,18.6,4,4,75.5,50,32,64.8,4,68.5,Medium,False
STU12712,AI301,Spring 2024,1,67.4,71.8,68.7,2.75,3,25,Male,Low,18.5,High-Speed,High School,17,14.9,9,10,72.7,45,40,88.1,2,84.09,Low,False
STU12713,SE501,Spring 2025,3,63.7,61.7,63.1,2.52,3,18,Male,Medium,0.6,High-Speed,Bachelors,13,15.2,0,14,87.8,45,25,56.3,6,65.21,Low,False
STU12714,AI301,Fall 2024,2,29.4,30.0,29.6,1.18,4,18,Male,High,7.1,Moderate,High School,8,15.2,2,11,75.2,40,23,56.7,4,55.39,High,False
STU12715,DB401,Spring 2026,5,76.7,74.4,76.0,3.04,3,19,Male,Medium,7.4,High-Speed,High School,18,20.6,4,7,71.2,40,30,75.9,6,79.19,Low,False
STU12716,DB401,Spring 2025,3,60.0,48.8,56.6,2.26,4,22,Female,Medium,18.7,Moderate,Bachelors,8,3.4,7,6,73.6,45,24,54.3,2,53.87,High,False
STU12717,DS201,Spring 2025,3,40.6,42.7,41.2,1.65,4,22,Female,Medium,1.0,High-Speed,Bachelors,7,16.4,4,8,74.6,45,19,42.3,5,46.57,High,False
STU12718,SE501,Fall 2023,0,55.9,56.1,56.0,2.24,4,24,Female,Medium,2.6,Moderate,High School,10,13.5,2,14,77.0,40,25,63.6,3,62.2,Medium,False
STU12719,DS201,Fall 2023,0,66.4,66.9,66.6,2.66,4,24,Male,Low,5.0,Limited,Bachelors,13,11.2,4,13,71.3,40,32,80.0,3,73.76,Low,False
STU12720,AI301,Spring 2026,5,51.0,53.6,51.8,2.07,3,21,Female,Medium,19.1,High-Speed,Masters,14,11.2,5,11,89.8,50,39,78.0,3,77.96,Low,False
STU12721,CS101,Fall 2025,4,47.7,47.6,47.7,1.91,3,18,Female,Medium,26.6,Moderate,Masters,2,1.8,2,2,59.8,50,26,51.2,4,40.56,High,False
STU12722,AI301,Fall 2023,0,64.7,68.3,65.8,2.63,3,25,Female,High,46.8,Moderate,High School,10,11.0,5,9,82.0,40,28,70.4,5,66.6,Medium,False
STU12723,SE501,Fall 2023,0,61.3,58.3,60.4,2.42,4,21,Male,Low,30.4,Moderate,Masters,10,21.5,4,8,65.9,50,35,69.6,0,62.98,Medium,False
STU12724,AI301,Fall 2023,0,50.6,44.9,48.9,1.96,3,18,Male,Low,0.1,Moderate,Bachelors,15,19.2,3,14,72.3,50,36,72.9,1,73.41,Medium,False
STU12725,DS201,Spring 2024,1,61.1,60.0,60.8,2.43,4,19,Male,Medium,0.5,High-Speed,Doctorate,12,14.0,3,6,85.7,50,30,61.0,1,65.64,Medium,False
STU12726,CS101,Spring 2025,3,67.2,68.1,67.5,2.7,4,22,Male,Medium,1.5,High-Speed,Bachelors,10,7.9,6,7,79.5,45,31,69.1,3,65.45,Low,False
STU12727,SE501,Spring 2026,5,59.4,61.0,59.9,2.4,3,24,Male,Medium,4.1,High-Speed,Bachelors,20,19.1,3,10,73.0,40,38,94.4,2,91.8,Low,False
STU12728,AI301,Spring 2025,3,63.7,65.2,64.2,2.57,3,22,Male,Low,16.8,High-Speed,Bachelors,18,21.5,5,2,70.9,50,38,75.6,3,78.98,Medium,False
STU12729,SE501,Fall 2023,0,36.7,48.5,40.2,1.61,3,19,Male,Low,21.2,Limited,Bachelors,13,20.2,3,12,58.2,40,21,52.6,0,57.44,Medium,True
STU12730,CS101,Spring 2025,3,53.7,43.1,50.5,2.02,4,21,Female,Medium,2.0,Moderate,Bachelors,9,10.2,6,4,88.1,45,26,56.9,4,59.57,Medium,False
STU12731,DS201,Fall 2025,4,49.6,51.1,50.0,2.0,4,21,Male,Medium,9.2,High-Speed,High School,17,10.7,5,14,73.4,50,43,85.3,4,82.83,Low,False
STU12732,DB401,Fall 2025,4,36.3,34.3,35.7,1.43,4,20,Male,High,23.7,Moderate,High School,13,23.3,4,12,78.0,45,28,61.5,2,65.85,Medium,True
STU12733,CS101,Spring 2024,1,65.1,68.4,66.1,2.64,3,24,Female,Medium,5.9,Moderate,Bachelors,7,9.0,7,14,88.3,45,26,57.7,5,57.01,Medium,False
STU12734,DS201,Spring 2026,5,61.0,63.3,61.7,2.47,4,24,Female,Medium,1.0,High-Speed,Masters,10,17.4,4,10,68.3,50,31,62.7,4,60.01,Medium,False
STU12735,CS101,Spring 2024,1,44.8,43.7,44.5,1.78,3,25,Female,Medium,5.8,High-Speed,Bachelors,8,6.1,3,4,58.6,45,20,45.2,2,46.32,High,False
STU12736,DB401,Spring 2025,3,41.4,36.0,39.8,1.59,3,24,Other,Medium,4.5,High-Speed,Bachelors,7,13.5,4,7,63.7,40,24,60.8,3,53.64,Medium,False
STU12737,DB401,Spring 2024,1,49.9,47.5,49.2,1.97,3,18,Female,Medium,8.2,Moderate,Bachelors,14,17.9,4,11,58.3,45,23,50.8,2,58.06,Medium,False
STU12738,SE501,Spring 2025,3,60.3,58.9,59.9,2.4,4,21,Female,High,5.5,Moderate,High School,11,14.9,5,3,92.5,45,24,53.6,2,61.8,Low,False
STU12739,DS201,Fall 2024,2,62.1,56.3,60.4,2.42,4,19,Male,Low,0.2,High-Speed,High School,15,17.6,4,10,66.4,50,39,78.7,4,75.13,Low,False
STU12740,CS101,Fall 2023,0,45.6,50.6,47.1,1.88,4,21,Male,Medium,48.6,High-Speed,Bachelors,7,8.9,8,6,49.4,40,23,56.4,2,48.58,High,False
STU12741,DB401,Fall 2025,4,36.0,42.7,38.0,1.52,4,22,Male,Low,7.5,Moderate,Doctorate,7,10.9,4,9,55.1,40,19,47.9,3,45.47,High,False
STU12742,DS201,Fall 2024,2,64.5,60.8,63.4,2.54,4,18,Male,Medium,6.1,Limited,High School,12,17.4,7,3,97.0,50,31,62.2,3,68.5,Medium,False
STU12743,DB401,Spring 2026,5,59.6,50.6,56.9,2.28,3,24,Male,Medium,29.4,Moderate,Bachelors,18,18.5,7,12,75.4,50,40,81.0,3,82.58,Low,False
STU12744,SE501,Fall 2023,0,63.1,60.3,62.3,2.49,4,25,Female,Low,1.6,Moderate,High School,14,16.1,9,9,82.7,50,36,72.5,4,73.79,Low,False
STU12745,AI301,Fall 2025,4,54.5,47.0,52.3,2.09,4,25,Female,High,2.0,High-Speed,High School,14,19.7,6,13,56.6,40,26,64.6,6,64.62,Medium,False
STU12746,DS201,Fall 2024,2,58.1,61.2,59.0,2.36,4,25,Female,Low,15.7,High-Speed,High School,16,6.7,6,6,84.9,50,36,72.5,4,77.23,Low,False
STU12747,DB401,Spring 2025,3,56.7,53.1,55.6,2.22,4,23,Male,Medium,2.9,High-Speed,Bachelors,12,12.7,8,4,56.7,50,35,70.3,4,64.49,Medium,False
STU12748,CS101,Fall 2024,2,53.6,45.6,51.2,2.05,4,20,Female,High,15.3,Moderate,High School,10,24.1,5,14,69.1,40,25,63.7,2,60.67,Medium,False
STU12749,SE501,Fall 2023,0,58.4,52.3,56.6,2.26,4,18,Female,Low,3.0,High-Speed,High School,12,21.4,3,7,75.5,50,37,73.3,1,69.75,Low,False
STU12750,SE501,Fall 2025,4,49.3,42.3,47.2,1.89,4,22,Male,Medium,0.3,Moderate,Bachelors,11,18.2,6,7,72.2,50,27,53.7,1,57.79,Medium,False
STU12751,CS101,Fall 2024,2,59.8,63.4,60.9,2.44,3,24,Female,Low,6.9,High-Speed,Doctorate,11,14.2,2,12,74.3,45,27,60.2,5,61.46,Medium,False
STU12752,AI301,Fall 2024,2,45.4,41.4,44.2,1.77,3,22,Male,Low,2.1,Moderate,High School,9,20.2,3,9,62.6,45,24,54.4,2,53.22,High,False
STU12753,SE501,Fall 2025,4,56.6,55.8,56.4,2.26,3,22,Male,Medium,13.5,High-Speed,Bachelors,12,17.1,7,8,69.4,40,30,74.3,1,69.03,Medium,False
STU12754,SE501,Fall 2023,0,73.0,73.4,73.1,2.92,3,24,Female,High,9.7,High-Speed,High School,19,7.4,6,10,59.0,45,41,91.4,7,86.0,Medium,False
STU12755,DS201,Spring 2025,3,67.7,62.0,66.0,2.64,3,22,Male,Low,24.4,Moderate,Masters,15,20.0,2,2,88.8,50,32,63.7,5,72.11,Low,False
STU12756,CS101,Spring 2024,1,62.4,54.7,60.1,2.4,4,25,Male,Medium,14.5,High-Speed,Bachelors,17,10.7,1,9,70.6,40,25,61.6,2,70.42,Medium,False
STU12757,SE501,Spring 2026,5,59.9,58.6,59.5,2.38,4,19,Female,Medium,1.9,Limited,Masters,8,18.8,1,2,59.4,50,29,57.5,3,52.63,Medium,False
STU12758,CS101,Spring 2024,1,62.7,68.7,64.5,2.58,4,20,Female,High,15.3,High-Speed,High School,8,6.9,3,10,93.2,45,26,58.5,5,59.89,Medium,False
STU12759,AI301,Fall 2025,4,74.5,71.8,73.7,2.95,3,23,Male,Low,9.8,High-Speed,Bachelors,13,23.0,3,12,66.3,45,33,72.8,2,69.16,Medium,False
STU12760,DS201,Fall 2025,4,62.1,71.7,65.0,2.6,4,22,Male,Medium,10.5,Moderate,Bachelors,15,13.6,1,11,81.1,45,29,64.3,2,70.87,Medium,False
STU12761,SE501,Spring 2026,5,39.9,38.0,39.3,1.57,4,22,Male,Medium,17.0,Moderate,High School,14,9.5,3,4,65.9,50,30,60.2,6,64.28,Medium,True
STU12762,DB401,Fall 2024,2,51.7,46.4,50.1,2.0,3,21,Female,Medium,8.1,High-Speed,High School,11,11.6,5,4,73.0,40,27,66.7,3,64.45,Medium,False
STU12763,AI301,Spring 2026,5,44.7,41.7,43.8,1.75,4,20,Male,High,6.0,Limited,Bachelors,8,13.3,3,13,80.2,50,32,63.6,3,59.84,Medium,False
STU12764,DB401,Fall 2025,4,62.7,51.9,59.5,2.38,4,18,Male,High,9.6,High-Speed,Bachelors,10,15.0,4,13,69.4,45,29,64.0,6,60.88,Low,False
STU12765,AI301,Spring 2025,3,50.8,53.0,51.5,2.06,3,20,Female,Low,3.4,High-Speed,High School,8,21.6,3,4,78.3,40,18,44.3,3,49.81,Medium,False
STU12766,CS101,Spring 2025,3,54.9,53.3,54.4,2.18,3,20,Female,Medium,1.9,High-Speed,Bachelors,12,15.4,4,2,85.8,50,31,61.3,3,65.81,Low,False
STU12767,CS101,Spring 2025,3,57.4,53.4,56.2,2.25,3,24,Male,Medium,9.1,High-Speed,High School,15,4.1,7,8,60.7,40,32,79.1,4,74.19,Low,False
STU12768,CS101,Spring 2026,5,45.3,53.1,47.6,1.9,3,24,Female,Medium,2.5,High-Speed,High School,12,8.9,3,13,51.5,50,33,65.4,6,61.0,Medium,False
STU12769,DB401,Fall 2023,0,47.7,44.8,46.8,1.87,4,24,Female,Medium,0.8,High-Speed,Bachelors,11,28.8,1,5,66.9,45,31,69.7,2,64.73,Medium,False
STU12770,DS201,Spring 2026,5,80.9,84.9,82.1,3.28,3,23,Male,Medium,0.0,High-Speed,High School,12,15.7,3,4,82.8,40,30,75.6,2,72.36,Low,False
STU12771,SE501,Spring 2024,1,59.9,59.2,59.7,2.39,3,25,Male,Medium,8.9,Moderate,Bachelors,15,19.8,3,6,65.8,50,40,81.0,1,76.16,Low,False
STU12772,DS201,Spring 2024,1,52.3,56.7,53.6,2.14,4,20,Female,High,4.3,High-Speed,High School,7,13.5,2,13,86.0,40,17,43.1,1,49.25,High,False
STU12773,DB401,Spring 2024,1,59.7,61.3,60.2,2.41,3,23,Male,Low,13.3,Limited,Bachelors,10,10.0,4,2,79.1,50,36,72.1,2,66.87,Low,False
STU12774,SE501,Spring 2026,5,48.7,51.3,49.5,1.98,3,22,Female,High,4.5,Moderate,Bachelors,8,12.6,3,12,79.8,50,33,65.3,2,60.61,Medium,False
STU12775,CS101,Fall 2025,4,38.1,35.6,37.3,1.49,4,24,Male,Medium,6.3,High-Speed,Doctorate,10,15.6,6,6,70.4,40,24,59.5,3,58.83,High,True
STU12776,SE501,Spring 2025,3,69.3,70.4,69.6,2.78,3,22,Male,Medium,5.0,High-Speed,High School,16,12.7,4,3,64.3,50,42,83.8,6,78.76,Low,False
STU12777,AI301,Spring 2025,3,48.9,47.0,48.3,1.93,4,24,Male,High,10.0,High-Speed,Bachelors,7,24.6,4,9,69.6,40,25,61.9,1,55.37,Low,False
STU12778,CS101,Spring 2025,3,38.0,31.8,36.1,1.44,4,19,Male,Medium,4.2,Moderate,High School,10,11.9,3,10,72.2,45,30,67.3,3,63.09,Medium,True
STU12779,DS201,Spring 2026,5,44.5,39.3,42.9,1.72,4,23,Male,Medium,31.5,High-Speed,Bachelors,12,9.7,4,10,71.9,50,34,68.7,5,66.73,Medium,True
STU12780,DB401,Fall 2023,0,55.0,52.3,54.2,2.17,4,23,Male,Medium,26.1,High-Speed,Bachelors,16,19.0,3,4,73.2,50,26,52.3,3,64.79,High,False
STU12781,AI301,Spring 2025,3,57.8,58.8,58.1,2.32,4,25,Female,Medium,17.9,Limited,High School,12,19.7,8,9,68.2,45,28,62.5,1,62.89,Medium,False
STU12782,AI301,Spring 2024,1,48.0,50.8,48.8,1.95,3,18,Other,High,24.0,Moderate,Bachelors,11,15.1,7,3,67.3,40,25,61.8,2,60.86,Medium,False
STU12783,SE501,Spring 2025,3,67.4,72.3,68.9,2.76,3,21,Female,High,5.7,High-Speed,High School,12,12.0,4,2,85.4,50,30,60.5,6,65.33,Medium,False
STU12784,SE501,Fall 2024,2,41.1,49.1,43.5,1.74,4,20,Female,Low,7.3,High-Speed,High School,13,5.5,2,2,60.9,40,28,69.9,1,66.63,Medium,True
STU12785,AI301,Fall 2023,0,66.7,63.4,65.7,2.63,3,18,Male,Low,12.9,Moderate,High School,15,21.1,3,8,69.6,40,26,65.2,3,69.02,Medium,False
STU12786,SE501,Fall 2024,2,44.7,51.6,46.8,1.87,4,23,Female,Medium,11.3,Moderate,Bachelors,7,19.3,2,12,90.4,50,27,54.5,3,55.83,Medium,False
STU12787,DB401,Fall 2025,4,62.5,56.6,60.7,2.43,4,18,Male,Low,21.0,High-Speed,Bachelors,14,12.8,7,2,70.4,50,38,75.0,2,72.58,Low,False
STU12788,DS201,Spring 2025,3,65.4,65.7,65.5,2.62,3,19,Female,Medium,12.0,High-Speed,High School,15,15.3,1,7,82.5,45,34,76.2,5,77.1,Low,False
STU12789,AI301,Spring 2026,5,59.5,53.5,57.7,2.31,4,21,Other,Low,58.5,Moderate,Bachelors,13,13.9,1,9,65.6,40,27,66.6,0,65.92,Medium,False
STU12790,DB401,Spring 2026,5,34.3,30.7,33.2,1.33,3,25,Female,Medium,4.1,Moderate,High School,13,23.1,2,14,59.8,45,28,61.2,2,62.06,Medium,True
STU12791,SE501,Fall 2023,0,60.5,53.4,58.4,2.34,4,23,Other,Low,17.0,Moderate,High School,10,9.8,4,11,93.6,45,28,63.1,4,65.27,Low,False
STU12792,DB401,Spring 2026,5,62.2,62.3,62.2,2.49,3,23,Female,Medium,11.4,High-Speed,Bachelors,13,11.9,2,13,59.9,45,34,74.7,2,68.83,Low,False
STU12793,AI301,Fall 2023,0,44.9,40.6,43.6,1.74,4,20,Male,Medium,11.2,Limited,Bachelors,12,11.4,3,5,72.1,40,25,61.9,7,63.37,Medium,True
STU12794,AI301,Spring 2025,3,81.7,78.6,80.8,3.23,4,25,Male,Medium,3.7,High-Speed,High School,18,16.6,6,3,90.6,40,34,84.9,4,87.57,Low,False
STU12795,AI301,Spring 2025,3,34.1,30.9,33.1,1.32,3,25,Female,High,14.6,High-Speed,High School,12,15.3,4,14,58.3,45,30,66.8,2,63.06,Medium,True
STU12796,DB401,Fall 2023,0,48.0,45.3,47.2,1.89,3,24,Male,High,21.9,Moderate,Masters,12,16.0,13,12,79.8,45,33,74.4,2,71.16,Low,False
STU12797,DS201,Fall 2025,4,50.6,54.0,51.6,2.06,4,21,Female,Medium,2.3,High-Speed,High School,11,10.6,6,12,78.3,45,30,65.6,3,64.96,Medium,False
STU12798,SE501,Spring 2025,3,57.3,63.2,59.1,2.36,3,19,Other,Low,9.3,Moderate,High School,9,22.4,3,5,72.1,40,23,58.3,4,57.07,Medium,False
STU12799,AI301,Fall 2023,0,72.0,65.8,70.1,2.8,3,22,Male,High,4.7,High-Speed,Bachelors,7,12.7,5,10,93.5,45,26,58.2,1,58.3,Medium,False
STU12800,AI301,Fall 2023,0,43.5,43.5,43.5,1.74,3,18,Female,High,43.3,Moderate,Bachelors,6,20.9,5,3,75.2,50,24,47.1,4,47.59,High,False
STU12801,SE501,Spring 2026,5,56.4,57.9,56.9,2.28,4,25,Female,High,6.2,High-Speed,Bachelors,10,30.7,5,6,73.4,50,32,63.2,5,61.28,Medium,False
STU12802,DB401,Fall 2025,4,48.5,48.5,48.5,1.94,3,20,Female,Low,2.5,Moderate,Masters,4,10.6,5,12,61.9,45,15,34.2,1,35.48,High,False
STU12803,DS201,Spring 2026,5,58.0,68.6,61.2,2.45,3,23,Female,High,4.6,High-Speed,High School,11,16.7,5,3,71.3,40,25,61.5,3,61.51,Low,False
STU12804,CS101,Fall 2023,0,72.1,71.0,71.8,2.87,3,22,Female,Low,10.1,Moderate,Bachelors,10,14.3,7,2,79.3,45,26,58.3,3,60.01,Low,False
STU12805,SE501,Fall 2025,4,50.1,43.6,48.1,1.92,4,19,Female,Medium,0.8,Moderate,High School,9,25.2,6,13,82.2,50,28,55.9,3,57.89,High,False
STU12806,DS201,Fall 2025,4,70.6,67.6,69.7,2.79,3,21,Female,High,8.8,High-Speed,Bachelors,11,13.6,6,10,80.6,45,32,70.2,2,67.72,Low,False
STU12807,AI301,Spring 2024,1,40.3,41.2,40.6,1.62,3,25,Male,Low,25.4,High-Speed,Masters,10,16.2,1,6,52.1,45,29,63.9,2,57.37,Medium,True
STU12808,AI301,Fall 2025,4,51.6,53.6,52.2,2.09,3,18,Male,High,18.0,High-Speed,Bachelors,12,16.1,7,7,71.5,50,25,50.4,3,57.5,High,False
STU12809,SE501,Fall 2024,2,38.4,36.2,37.7,1.51,4,25,Female,Medium,0.7,Moderate,Bachelors,7,14.5,5,7,62.5,40,13,31.9,4,38.95,High,False
STU12810,SE501,Spring 2025,3,54.9,55.7,55.1,2.2,4,20,Male,High,47.7,High-Speed,Masters,15,18.8,5,9,54.5,50,38,75.6,2,71.2,Low,False
STU12811,AI301,Spring 2025,3,47.4,54.7,49.6,1.98,4,25,Female,Low,11.4,High-Speed,High School,12,15.5,3,5,64.9,45,34,75.9,9,68.93,Low,True
STU12812,SE501,Spring 2024,1,54.6,64.2,57.5,2.3,4,25,Female,High,1.7,High-Speed,Bachelors,14,17.4,2,2,66.8,40,32,80.6,3,74.66,Low,False
STU12813,DS201,Spring 2025,3,46.7,53.2,48.6,1.94,4,25,Male,Low,0.1,Limited,Masters,13,16.1,4,8,60.5,40,30,75.0,1,69.1,Medium,False
STU12814,CS101,Spring 2026,5,48.6,54.0,50.2,2.01,3,23,Female,Medium,1.8,High-Speed,Bachelors,9,12.0,3,7,72.3,40,25,62.0,2,58.96,Medium,False
STU12815,CS101,Fall 2024,2,62.0,65.7,63.1,2.52,4,23,Female,Medium,17.3,High-Speed,High School,18,13.7,2,8,80.9,50,38,76.1,2,81.23,Low,False
STU12816,AI301,Fall 2025,4,39.1,38.3,38.8,1.55,4,22,Female,Medium,0.2,Moderate,High School,8,17.8,5,9,77.9,40,16,39.6,7,47.38,High,False
STU12817,CS101,Fall 2025,4,43.3,42.8,43.2,1.73,4,22,Male,Low,2.5,Moderate,High School,11,17.8,3,6,66.8,40,22,56.2,0,57.96,Medium,True
STU12818,CS101,Fall 2024,2,62.7,67.2,64.0,2.56,3,18,Male,Medium,13.5,High-Speed,High School,10,21.2,8,7,82.0,50,32,63.0,4,62.9,Low,False
STU12819,AI301,Spring 2025,3,51.9,56.4,53.2,2.13,4,21,Male,Low,8.4,Limited,Bachelors,17,24.3,6,14,64.4,40,24,58.9,0,67.83,Medium,False
STU12820,DB401,Spring 2026,5,72.5,75.1,73.3,2.93,4,19,Female,Medium,14.5,Moderate,High School,11,12.4,5,14,90.9,50,28,56.3,4,62.83,Medium,False
STU12821,SE501,Fall 2024,2,59.2,64.5,60.8,2.43,4,24,Male,Low,13.0,High-Speed,High School,15,15.7,9,3,74.5,50,35,70.6,6,72.7,Low,False
STU12822,AI301,Fall 2023,0,80.8,71.5,78.0,3.12,4,21,Female,High,0.5,High-Speed,Bachelors,16,14.0,5,6,82.4,50,42,84.4,3,82.68,Low,False
STU12823,CS101,Spring 2026,5,43.7,45.5,44.3,1.77,4,21,Male,Low,21.2,Moderate,Bachelors,17,9.5,5,4,66.4,45,33,73.2,1,75.38,Low,True
STU12824,DB401,Spring 2026,5,38.4,32.0,36.5,1.46,3,21,Male,Low,2.4,High-Speed,Bachelors,9,17.8,1,6,69.2,45,29,64.3,5,59.49,Medium,False
STU12825,SE501,Fall 2025,4,47.8,46.5,47.4,1.9,4,24,Female,Low,7.7,High-Speed,Bachelors,12,18.9,4,10,73.2,40,21,53.6,3,59.44,High,False
STU12826,SE501,Fall 2025,4,54.4,54.3,54.4,2.18,4,18,Female,Medium,9.8,High-Speed,High School,17,9.6,2,4,70.6,40,30,74.5,1,76.87,Low,False
STU12827,DS201,Spring 2026,5,50.6,48.8,50.1,2.0,4,24,Male,Low,1.8,Moderate,High School,14,13.1,3,13,67.4,50,37,74.4,6,71.68,Low,False
STU12828,SE501,Fall 2025,4,55.1,51.0,53.9,2.16,4,18,Male,Medium,35.5,High-Speed,High School,17,12.6,3,4,56.2,40,36,90.0,4,81.74,Low,False
STU12829,AI301,Spring 2026,5,49.7,53.9,51.0,2.04,4,24,Male,High,6.4,Moderate,Bachelors,7,7.5,4,2,64.8,40,18,44.7,2,45.81,High,False
STU12830,AI301,Spring 2025,3,47.9,50.8,48.8,1.95,3,19,Male,Medium,0.6,High-Speed,High School,15,14.8,7,13,58.7,40,28,69.8,3,69.14,Medium,False
STU12831,DB401,Fall 2025,4,55.3,61.4,57.1,2.28,4,25,Female,Medium,26.3,Moderate,Bachelors,14,9.3,5,2,51.5,40,29,72.8,2,67.7,High,False
STU12832,DS201,Fall 2025,4,68.6,67.1,68.2,2.73,4,21,Male,Low,8.4,Moderate,High School,11,15.8,1,8,74.4,45,33,72.4,3,67.58,Low,False
STU12833,DS201,Spring 2025,3,63.6,63.0,63.4,2.54,3,25,Male,Medium,11.4,High-Speed,Masters,13,16.3,5,10,62.8,45,36,81.0,1,72.56,Low,False
STU12834,CS101,Spring 2026,5,51.8,64.9,55.7,2.23,4,18,Male,Low,7.1,Moderate,Bachelors,9,17.0,7,3,86.7,40,19,47.0,4,54.34,Medium,False
STU12835,DS201,Fall 2025,4,43.7,42.0,43.2,1.73,3,24,Female,Medium,17.1,High-Speed,Bachelors,9,17.2,3,3,63.4,40,22,54.4,2,53.38,High,False
STU12836,CS101,Spring 2025,3,60.1,52.4,57.8,2.31,3,19,Other,Low,0.3,Moderate,Bachelors,11,22.7,3,2,61.5,40,25,62.7,7,60.15,Medium,False
STU12837,DS201,Fall 2024,2,71.9,76.3,73.2,2.93,4,24,Male,Medium,3.0,High-Speed,Bachelors,7,11.0,5,6,84.4,50,31,62.1,1,58.43,Low,False
STU12838,AI301,Fall 2024,2,62.6,67.4,64.0,2.56,4,25,Female,Medium,6.0,High-Speed,Bachelors,14,11.2,2,11,78.9,45,32,71.3,2,72.43,Low,False
STU12839,CS101,Fall 2024,2,69.0,74.8,70.7,2.83,4,23,Male,High,0.8,Limited,Masters,12,18.3,3,8,83.8,40,29,72.6,0,71.06,Medium,False
STU12840,AI301,Fall 2025,4,56.9,62.3,58.5,2.34,4,19,Male,Low,11.6,Limited,Bachelors,10,14.3,2,2,68.9,50,30,61.0,3,59.28,Medium,False
STU12841,DS201,Spring 2024,1,40.4,36.0,39.1,1.56,3,21,Female,Medium,4.8,High-Speed,Masters,13,20.6,4,12,52.5,45,28,61.6,4,60.8,High,True
STU12842,AI301,Fall 2023,0,58.8,62.2,59.8,2.39,3,20,Female,Low,3.0,High-Speed,High School,10,17.8,3,9,79.4,45,29,65.3,4,63.53,Low,False
STU12843,CS101,Fall 2025,4,60.4,62.9,61.1,2.44,3,21,Female,Medium,0.0,High-Speed,Masters,9,24.6,4,2,82.8,45,27,60.9,4,60.51,Medium,False
STU12844,AI301,Fall 2024,2,65.6,69.1,66.6,2.66,4,20,Female,High,12.1,Moderate,High School,11,14.5,2,2,68.5,40,27,68.0,1,64.2,Low,False
STU12845,SE501,Spring 2026,5,66.1,65.5,65.9,2.64,3,19,Male,Medium,17.0,High-Speed,High School,16,7.6,3,5,91.2,45,35,77.0,2,80.74,Low,False
STU12846,DS201,Spring 2024,1,41.2,46.5,42.8,1.71,4,23,Female,Medium,4.8,High-Speed,Bachelors,5,16.7,0,3,78.5,40,19,48.2,5,47.3,High,False
STU12847,AI301,Fall 2024,2,48.3,50.9,49.1,1.96,4,25,Male,High,7.9,High-Speed,High School,9,14.6,3,13,72.2,40,21,51.6,1,53.74,High,False
STU12848,SE501,Fall 2023,0,61.4,63.3,62.0,2.48,3,23,Female,Medium,2.5,Limited,High School,13,17.7,5,14,79.2,45,35,78.1,4,74.39,Low,False
STU12849,AI301,Spring 2025,3,51.2,48.8,50.5,2.02,4,18,Male,Medium,9.2,High-Speed,High School,19,18.3,3,10,61.5,40,33,81.5,2,81.55,Low,False
STU12850,AI301,Spring 2025,3,62.4,66.5,63.6,2.54,3,23,Female,Medium,0.1,High-Speed,Bachelors,8,12.3,5,11,73.4,50,31,62.2,1,57.78,Medium,False
STU12851,AI301,Spring 2024,1,59.6,59.0,59.4,2.38,4,22,Male,Medium,6.4,High-Speed,Masters,13,10.0,6,3,56.0,50,36,71.2,4,66.3,Medium,False
STU12852,CS101,Spring 2024,1,46.3,47.6,46.7,1.87,3,19,Male,Low,9.8,High-Speed,Bachelors,18,14.3,7,8,74.1,50,46,91.5,3,87.57,Low,False
STU12853,AI301,Fall 2023,0,73.0,72.6,72.9,2.92,4,25,Female,High,23.8,Moderate,Masters,14,3.1,3,3,74.2,45,37,82.9,5,77.29,Low,False
STU12854,DS201,Spring 2025,3,60.2,64.0,61.3,2.45,4,25,Male,Medium,4.6,Limited,Bachelors,12,15.4,8,2,74.5,50,35,69.9,2,67.85,Medium,False
STU12855,DB401,Spring 2026,5,53.0,53.8,53.2,2.13,4,18,Female,Low,13.8,Moderate,High School,14,13.0,1,10,70.2,45,27,60.1,4,65.09,High,False
STU12856,AI301,Spring 2025,3,55.9,51.2,54.5,2.18,4,25,Male,Medium,8.6,High-Speed,High School,16,19.3,3,12,60.5,40,28,69.1,5,70.65,Medium,False
STU12857,AI301,Fall 2025,4,51.3,56.2,52.8,2.11,4,23,Male,Medium,24.9,Moderate,Bachelors,11,5.1,2,5,96.4,40,27,66.8,3,69.18,Low,False
STU12858,SE501,Spring 2025,3,46.5,50.7,47.7,1.91,3,19,Male,Low,4.8,High-Speed,High School,13,15.0,3,13,60.6,45,29,65.1,4,64.17,Medium,False
STU12859,DS201,Spring 2025,3,60.7,63.1,61.4,2.46,4,21,Male,Medium,3.7,High-Speed,High School,13,22.9,4,8,58.3,45,36,79.9,4,71.11,Low,False
STU12860,SE501,Fall 2023,0,60.8,62.0,61.2,2.45,4,23,Female,High,20.7,Limited,Bachelors,13,18.4,2,2,70.9,40,28,70.3,2,68.83,Low,False
STU12861,CS101,Fall 2024,2,55.5,51.5,54.3,2.17,3,24,Male,High,0.5,High-Speed,Bachelors,16,19.9,4,9,70.5,45,34,75.1,2,75.65,Low,False
STU12862,CS101,Spring 2026,5,55.6,55.8,55.6,2.22,3,20,Female,High,1.4,High-Speed,High School,10,16.7,5,14,74.4,45,29,63.4,2,61.58,Medium,False
STU12863,DS201,Fall 2023,0,66.1,62.7,65.1,2.6,3,19,Female,High,0.8,Limited,Masters,14,6.7,4,7,80.8,40,33,81.6,5,77.96,Low,False
STU12864,DB401,Fall 2024,2,55.0,57.5,55.7,2.23,3,25,Male,Low,17.6,High-Speed,Bachelors,10,15.8,7,3,60.3,50,35,69.1,5,61.61,Medium,False
STU12865,DB401,Fall 2023,0,79.3,82.8,80.3,3.21,3,18,Female,Medium,0.1,Moderate,Bachelors,9,17.0,4,10,87.8,40,27,66.9,3,64.51,Medium,False
STU12866,DB401,Spring 2024,1,46.5,52.1,48.2,1.93,4,21,Female,High,18.8,Limited,Doctorate,13,9.6,3,2,68.0,40,31,78.2,1,72.2,High,False
STU12867,SE501,Fall 2024,2,35.5,36.2,35.7,1.43,4,22,Female,Medium,5.7,High-Speed,High School,11,14.4,3,10,53.3,45,23,52.2,4,53.26,High,True
STU12868,SE501,Spring 2026,5,60.9,63.5,61.7,2.47,3,21,Male,Medium,0.0,High-Speed,Bachelors,14,1.0,0,11,77.4,45,34,74.8,4,73.88,Low,False
STU12869,CS101,Fall 2024,2,58.2,56.5,57.7,2.31,3,23,Male,Medium,4.9,High-Speed,Masters,10,13.3,3,3,70.1,40,26,66.0,3,62.02,Medium,False
STU12870,DB401,Spring 2024,1,60.0,54.2,58.3,2.33,3,20,Female,Medium,2.0,High-Speed,Bachelors,14,12.8,4,7,73.8,40,30,75.3,4,73.41,Medium,False
STU12871,SE501,Fall 2023,0,58.3,55.2,57.4,2.3,3,21,Female,High,9.3,High-Speed,Bachelors,16,22.0,4,10,82.4,50,41,82.7,3,81.83,Low,False
STU12872,DS201,Spring 2024,1,66.8,69.9,67.7,2.71,3,22,Female,Medium,10.8,Moderate,Bachelors,14,12.0,6,4,87.2,40,28,70.1,4,73.49,Low,False
STU12873,AI301,Spring 2024,1,57.4,56.1,57.0,2.28,4,24,Male,Medium,6.4,High-Speed,Bachelors,11,13.7,4,13,61.3,40,30,75.7,4,66.61,Low,False
STU12874,SE501,Spring 2024,1,43.6,35.8,41.3,1.65,3,18,Female,High,0.4,High-Speed,High School,15,14.6,4,4,44.2,40,24,60.0,6,61.34,High,True
STU12875,AI301,Fall 2023,0,45.8,45.4,45.7,1.83,3,19,Male,Medium,10.1,High-Speed,Doctorate,6,12.0,5,4,67.7,50,29,58.1,2,51.59,High,False
STU12876,SE501,Fall 2024,2,59.1,57.5,58.6,2.34,3,20,Female,Low,17.5,High-Speed,Masters,12,18.6,2,10,64.9,40,29,73.4,4,67.68,Low,False
STU12877,SE501,Spring 2025,3,69.9,69.0,69.6,2.78,4,22,Male,Medium,12.1,Moderate,Masters,15,5.0,6,3,69.2,50,41,81.7,4,77.19,Medium,False
STU12878,DB401,Spring 2026,5,45.7,47.9,46.4,1.86,4,25,Female,High,16.8,High-Speed,Bachelors,7,20.7,3,5,53.2,50,22,44.3,2,43.29,High,False
STU12879,AI301,Fall 2025,4,46.4,56.8,49.5,1.98,4,23,Male,Medium,2.1,Moderate,High School,9,14.9,3,9,67.1,40,29,71.7,2,62.77,High,False
STU12880,DS201,Spring 2024,1,39.5,33.9,37.8,1.51,4,23,Male,Medium,20.9,High-Speed,High School,8,21.5,3,12,62.8,50,28,55.2,2,52.16,Medium,False
STU12881,DS201,Spring 2024,1,58.8,66.2,61.0,2.44,4,23,Female,Medium,3.7,High-Speed,Masters,14,1.3,7,9,59.6,45,33,72.5,8,69.17,Low,True
STU12882,DS201,Fall 2023,0,48.3,48.8,48.5,1.94,3,25,Male,Low,0.1,High-Speed,High School,20,2.8,6,6,51.5,50,41,81.4,4,81.0,Medium,False
STU12883,DS201,Fall 2023,0,36.6,42.2,38.3,1.53,4,25,Male,High,17.6,High-Speed,High School,11,13.5,5,3,66.7,45,22,49.7,2,54.69,Medium,True
STU12884,DS201,Fall 2023,0,62.0,64.1,62.6,2.5,4,20,Male,High,27.0,Moderate,Bachelors,14,17.5,4,7,85.8,45,36,80.9,2,78.61,Low,False
STU12885,CS101,Fall 2023,0,53.7,53.9,53.8,2.15,4,21,Female,Low,10.1,High-Speed,Bachelors,17,12.2,5,9,67.6,45,36,80.3,5,79.17,Low,False
STU12886,DB401,Fall 2024,2,37.8,39.9,38.4,1.54,3,20,Female,Low,2.5,Limited,Bachelors,9,17.9,4,3,49.3,40,20,50.5,4,48.61,High,False
STU12887,DS201,Fall 2024,2,62.3,55.1,60.2,2.41,4,23,Male,High,2.8,High-Speed,Bachelors,14,19.9,4,5,91.4,40,27,68.2,7,73.38,Low,False
STU12888,SE501,Fall 2025,4,29.3,30.0,29.5,1.18,3,24,Female,High,6.0,Limited,Bachelors,11,18.3,3,5,50.6,50,29,58.2,4,55.72,High,True
STU12889,AI301,Spring 2025,3,52.8,53.9,53.1,2.12,4,22,Female,High,21.7,High-Speed,Masters,8,15.5,3,13,70.7,40,23,56.6,1,54.44,Medium,False
STU12890,AI301,Spring 2026,5,59.5,52.9,57.5,2.3,3,19,Male,High,1.5,High-Speed,High School,11,15.5,3,10,64.4,50,37,74.8,4,66.78,Medium,False
STU12891,DB401,Spring 2024,1,47.4,47.7,47.5,1.9,3,19,Female,Medium,16.6,High-Speed,High School,10,11.9,4,11,64.3,40,21,51.3,3,53.51,High,False
STU12892,DS201,Fall 2023,0,58.6,54.2,57.3,2.29,3,20,Female,Medium,3.3,High-Speed,Bachelors,9,14.7,7,2,65.2,50,35,70.0,2,61.54,Medium,False
STU12893,CS101,Spring 2024,1,57.8,60.0,58.4,2.34,4,23,Female,Medium,15.7,Moderate,Doctorate,12,9.9,2,10,78.6,40,22,55.2,4,61.32,High,False
STU12894,CS101,Spring 2026,5,50.1,52.5,50.8,2.03,3,25,Male,Low,24.0,High-Speed,High School,13,11.1,4,9,70.7,50,40,79.4,0,73.34,Low,False
STU12895,DS201,Spring 2024,1,62.9,69.5,64.9,2.6,4,18,Female,Medium,5.3,High-Speed,High School,13,17.6,6,2,82.3,45,34,75.3,3,73.61,Low,False
STU12896,DB401,Spring 2024,1,67.2,69.1,67.8,2.71,4,24,Female,Medium,4.3,High-Speed,Bachelors,14,12.7,4,11,99.8,50,31,61.9,4,71.91,Low,False
STU12897,AI301,Spring 2025,3,59.1,53.7,57.5,2.3,4,20,Male,Medium,15.4,High-Speed,Bachelors,11,11.3,5,7,80.4,45,28,61.3,2,63.23,Low,False
STU12898,DS201,Spring 2025,3,71.9,69.2,71.1,2.84,3,23,Male,Medium,7.2,Moderate,Doctorate,13,17.2,2,14,79.7,45,32,71.9,5,71.39,Medium,False
STU12899,AI301,Spring 2025,3,60.3,53.8,58.3,2.33,3,21,Male,Medium,11.0,Moderate,Masters,18,16.9,4,12,68.2,50,37,74.3,4,77.79,Low,False
STU12900,AI301,Fall 2024,2,57.0,58.9,57.6,2.3,4,19,Male,Low,9.3,Moderate,Bachelors,8,13.9,6,11,82.1,45,27,59.0,6,57.92,Medium,False
STU12901,DB401,Spring 2024,1,64.7,62.3,64.0,2.56,4,19,Female,Low,1.6,High-Speed,Bachelors,9,14.3,5,3,74.7,40,28,69.8,3,63.34,Low,False
STU12902,DB401,Spring 2026,5,59.9,60.0,59.9,2.4,3,24,Male,Low,17.7,Limited,High School,13,17.1,2,13,65.2,50,33,66.4,2,65.74,Low,False
STU12903,DB401,Fall 2023,0,57.0,56.2,56.7,2.27,4,19,Male,Low,2.1,Moderate,Bachelors,13,19.8,6,4,72.1,40,28,69.0,1,68.42,Low,False
STU12904,SE501,Fall 2023,0,59.9,53.4,57.9,2.32,3,18,Female,High,25.6,High-Speed,Bachelors,7,16.0,6,13,66.4,40,23,57.0,2,52.28,Medium,False
STU12905,AI301,Fall 2024,2,49.2,50.8,49.7,1.99,4,23,Male,Low,2.7,High-Speed,High School,4,9.0,3,6,80.4,50,20,39.0,2,41.58,High,False
STU12906,SE501,Fall 2024,2,47.6,51.8,48.8,1.95,3,23,Female,Low,12.6,Limited,High School,16,13.9,6,9,54.8,40,30,74.3,3,72.11,Low,False
STU12907,DS201,Spring 2026,5,61.7,58.1,60.6,2.42,3,24,Male,Medium,3.2,High-Speed,Masters,13,13.0,2,7,71.1,50,32,64.6,2,66.02,Medium,False
STU12908,SE501,Fall 2025,4,58.5,56.9,58.0,2.32,4,23,Male,Medium,3.6,Moderate,Bachelors,15,9.7,6,10,81.6,50,39,78.7,5,78.17,Low,False
STU12909,CS101,Spring 2026,5,71.5,75.0,72.5,2.9,3,25,Male,Low,3.5,High-Speed,Bachelors,8,17.5,6,13,86.1,40,25,63.5,3,60.97,Low,False
STU12910,AI301,Fall 2025,4,49.6,45.9,48.5,1.94,4,24,Male,Medium,13.1,High-Speed,High School,8,17.9,5,14,68.8,50,32,64.6,3,58.06,Medium,False
STU12911,AI301,Spring 2025,3,48.8,48.2,48.6,1.94,4,23,Male,Medium,7.7,Moderate,Bachelors,11,18.6,10,12,80.9,50,30,60.9,1,63.13,Medium,False
STU12912,SE501,Fall 2024,2,49.8,51.9,50.4,2.02,3,18,Female,Low,20.4,Moderate,Masters,7,10.0,5,2,85.4,50,27,54.3,2,54.73,High,False
STU12913,AI301,Fall 2024,2,64.4,69.1,65.8,2.63,4,22,Female,Low,3.5,High-Speed,High School,12,15.8,5,6,70.1,40,30,75.2,4,69.62,Low,False
STU12914,DS201,Fall 2025,4,53.3,54.1,53.5,2.14,3,20,Male,High,11.2,Moderate,Bachelors,6,15.0,3,5,88.7,50,29,57.4,3,55.44,High,False
STU12915,DB401,Spring 2025,3,47.4,43.6,46.3,1.85,4,20,Female,High,13.3,High-Speed,High School,12,16.5,1,9,67.6,45,30,66.3,3,64.67,Low,False
STU12916,SE501,Spring 2026,5,44.6,46.0,45.0,1.8,3,23,Female,Medium,1.6,Moderate,Bachelors,8,15.6,7,14,56.2,45,28,62.6,5,54.54,Medium,False
STU12917,AI301,Spring 2026,5,28.8,30.0,29.2,1.17,4,21,Female,Low,4.9,Limited,Masters,9,14.9,4,6,63.0,45,28,62.0,3,57.1,High,False
STU12918,DB401,Spring 2024,1,63.7,63.2,63.6,2.54,4,19,Male,Medium,6.3,Moderate,Bachelors,14,14.3,2,10,70.4,40,26,63.8,2,66.98,Medium,False
STU12919,CS101,Fall 2023,0,45.4,40.0,43.8,1.75,3,18,Male,Medium,4.2,High-Speed,Masters,10,20.5,3,3,81.4,40,24,61.2,6,61.88,Low,True
STU12920,CS101,Spring 2024,1,61.6,57.2,60.3,2.41,4,21,Male,Low,3.7,High-Speed,Masters,15,10.7,3,9,55.4,40,30,75.7,3,71.43,Low,False
STU12921,SE501,Fall 2024,2,69.8,72.7,70.7,2.83,3,25,Female,Medium,11.0,Moderate,Masters,14,14.1,3,14,72.3,50,39,78.7,2,74.81,Low,False
STU12922,DB401,Spring 2026,5,71.4,72.6,71.8,2.87,4,21,Female,Medium,2.3,High-Speed,Masters,13,20.4,5,2,90.1,50,38,76.6,1,75.82,Low,False
STU12923,CS101,Spring 2024,1,54.2,52.4,53.7,2.15,4,23,Male,Medium,11.7,High-Speed,High School,13,10.9,5,9,67.9,40,27,67.1,4,66.63,Medium,False
STU12924,SE501,Spring 2026,5,57.1,52.9,55.8,2.23,3,18,Male,Medium,26.0,Limited,Masters,12,11.2,3,10,77.5,40,27,66.9,2,66.95,Medium,False
STU12925,SE501,Fall 2025,4,70.7,76.8,72.5,2.9,3,20,Female,High,7.9,High-Speed,High School,13,18.7,7,12,72.3,45,32,71.9,1,69.91,Low,False
STU12926,CS101,Fall 2025,4,65.7,68.3,66.5,2.66,3,19,Female,Medium,9.0,High-Speed,High School,5,7.9,5,4,72.2,45,21,46.5,2,45.19,High,False
STU12927,AI301,Spring 2024,1,34.2,44.9,37.4,1.5,3,20,Other,High,0.7,High-Speed,High School,11,18.3,2,3,59.7,45,29,64.6,1,60.74,High,True
STU12928,DS201,Spring 2026,5,55.8,51.8,54.6,2.18,4,21,Female,Low,19.0,High-Speed,High School,14,12.6,3,13,57.9,45,30,67.1,1,66.13,Low,False
STU12929,AI301,Spring 2024,1,57.2,50.3,55.1,2.2,3,25,Male,High,3.2,High-Speed,Bachelors,14,17.1,5,14,73.3,40,30,75.4,2,73.36,Low,False
STU12930,DS201,Fall 2025,4,64.7,66.5,65.2,2.61,3,19,Female,Low,9.1,Limited,Bachelors,7,8.9,4,6,78.5,40,16,39.3,2,45.85,Medium,False
STU12931,DB401,Spring 2025,3,73.4,72.7,73.2,2.93,4,22,Female,Low,36.8,High-Speed,High School,21,20.9,5,10,78.1,45,45,100.0,2,95.62,Low,False
STU12932,CS101,Spring 2025,3,62.7,61.8,62.4,2.5,4,21,Male,Medium,8.6,High-Speed,Bachelors,18,8.9,6,9,80.0,45,41,91.1,2,88.55,Low,False
STU12933,SE501,Fall 2024,2,44.4,39.0,42.8,1.71,3,20,Female,Medium,12.3,Moderate,Bachelors,13,18.6,1,2,77.8,45,23,50.4,3,60.26,Medium,True
STU12934,AI301,Fall 2023,0,56.1,56.2,56.1,2.24,4,20,Female,High,5.6,Moderate,Bachelors,15,9.1,8,2,69.8,40,29,71.5,2,72.21,Low,False
STU12935,DB401,Fall 2025,4,35.2,32.2,34.3,1.37,4,23,Male,Medium,0.6,Moderate,High School,14,24.0,1,9,63.9,40,27,66.8,1,67.18,High,True
STU12936,AI301,Spring 2024,1,44.1,39.3,42.7,1.71,3,20,Female,Low,15.2,High-Speed,High School,12,14.6,8,4,82.9,40,20,50.4,6,59.78,High,True
STU12937,SE501,Fall 2023,0,37.1,34.1,36.2,1.45,4,18,Female,Medium,0.3,Moderate,High School,8,24.8,6,2,64.0,50,29,57.7,3,53.65,High,False
STU12938,SE501,Spring 2026,5,41.4,33.8,39.1,1.56,3,21,Female,Medium,11.5,High-Speed,High School,16,10.9,2,11,72.1,40,34,84.1,5,80.47,Low,True
STU12939,SE501,Fall 2024,2,52.9,57.6,54.3,2.17,4,24,Male,Medium,0.2,High-Speed,Bachelors,11,12.8,5,2,48.5,50,35,70.9,5,61.65,Medium,False
STU12940,DB401,Fall 2024,2,76.4,75.9,76.2,3.05,3,24,Male,Medium,18.8,High-Speed,Bachelors,16,21.1,4,5,90.1,40,34,86.2,1,85.12,Low,False
STU12941,DB401,Fall 2023,0,68.4,67.7,68.2,2.73,3,25,Female,Medium,1.6,High-Speed,High School,16,7.9,4,7,66.7,40,34,86.0,3,80.34,Low,False
STU12942,DB401,Fall 2025,4,37.7,44.1,39.6,1.58,3,19,Male,High,6.9,High-Speed,High School,9,11.5,2,10,49.5,50,33,66.0,2,56.4,Medium,False
STU12943,CS101,Fall 2024,2,67.1,64.3,66.3,2.65,3,20,Female,High,8.6,Moderate,High School,12,17.5,2,6,88.4,45,31,69.9,4,70.63,Medium,False
STU12944,CS101,Spring 2026,5,53.8,48.3,52.2,2.09,4,23,Female,Low,5.8,High-Speed,Doctorate,8,9.9,2,14,71.5,45,29,63.5,4,58.05,Medium,False
STU12945,CS101,Spring 2025,3,44.9,47.7,45.7,1.83,3,23,Male,Medium,4.0,Moderate,High School,13,17.6,5,8,71.4,50,31,61.7,4,64.63,Medium,False
STU12946,DS201,Spring 2024,1,64.8,59.3,63.2,2.53,3,20,Female,Medium,6.0,High-Speed,Masters,12,15.9,7,10,92.0,50,39,78.1,2,75.45,Low,False
STU12947,CS101,Fall 2023,0,48.4,37.7,45.2,1.81,3,18,Female,Medium,3.5,High-Speed,Bachelors,14,7.4,5,6,66.7,50,40,81.0,0,74.84,Low,False
STU12948,AI301,Fall 2023,0,44.0,47.0,44.9,1.8,4,23,Male,Medium,5.5,High-Speed,High School,14,19.8,1,8,89.0,40,22,56.2,4,66.9,Medium,True
STU12949,AI301,Spring 2025,3,31.2,32.3,31.5,1.26,3,24,Female,High,4.2,Limited,Doctorate,9,8.7,2,10,56.8,50,19,38.3,5,44.01,High,False
STU12950,SE501,Spring 2026,5,54.7,52.7,54.1,2.16,3,19,Female,Medium,7.9,Moderate,Bachelors,14,18.9,0,7,77.2,40,29,71.9,2,72.39,Low,False
STU12951,CS101,Fall 2024,2,67.2,60.9,65.3,2.61,4,21,Female,High,2.6,Limited,Bachelors,13,15.6,3,10,75.7,50,38,75.6,5,72.44,Low,False
STU12952,CS101,Spring 2026,5,47.7,50.4,48.5,1.94,4,22,Female,High,42.6,Moderate,Bachelors,8,12.7,4,7,80.8,50,26,52.6,4,54.46,High,False
STU12953,SE501,Fall 2024,2,72.0,69.6,71.3,2.85,4,18,Male,High,6.6,Moderate,Bachelors,21,9.5,5,12,60.2,50,50,99.5,2,91.79,Low,False
STU12954,DS201,Fall 2024,2,46.0,49.8,47.1,1.88,3,25,Female,High,2.1,Moderate,High School,5,16.6,5,7,52.9,45,18,39.2,3,37.68,High,False
STU12955,AI301,Fall 2023,0,59.0,61.7,59.8,2.39,4,25,Female,Medium,6.2,Moderate,High School,11,10.6,2,4,99.5,50,22,44.5,3,58.65,Medium,False
STU12956,CS101,Spring 2024,1,57.0,52.9,55.8,2.23,4,23,Female,Low,19.1,High-Speed,Masters,17,21.0,3,6,84.2,40,27,67.4,1,76.04,Low,False
STU12957,DB401,Fall 2023,0,43.0,36.5,41.1,1.64,4,21,Female,Medium,0.2,High-Speed,Masters,10,21.2,5,14,69.3,45,26,58.4,6,58.06,High,True
STU12958,SE501,Spring 2026,5,53.9,55.9,54.5,2.18,4,22,Male,Low,10.8,High-Speed,High School,14,23.2,5,8,78.4,45,33,73.8,0,73.58,Low,False
STU12959,AI301,Spring 2026,5,51.9,53.7,52.4,2.1,4,25,Female,Medium,7.5,High-Speed,Bachelors,9,16.4,1,3,64.7,45,23,51.5,3,52.19,Medium,False
STU12960,AI301,Fall 2023,0,69.1,70.8,69.6,2.78,4,20,Male,Medium,1.8,High-Speed,Bachelors,15,13.0,5,7,73.1,45,37,83.1,4,78.67,Low,False
STU12961,DS201,Spring 2025,3,49.4,49.3,49.4,1.98,4,20,Male,Medium,16.2,High-Speed,High School,12,13.5,4,3,62.5,45,30,67.7,5,64.35,Low,False
STU12962,SE501,Spring 2026,5,61.8,66.6,63.2,2.53,4,19,Male,High,4.4,High-Speed,Bachelors,16,13.1,7,10,70.3,45,36,80.9,2,78.51,Low,False
STU12963,AI301,Spring 2025,3,36.6,52.5,41.4,1.66,4,22,Female,High,3.3,High-Speed,Bachelors,13,16.2,5,11,57.3,50,32,64.3,5,63.11,Low,True
STU12964,CS101,Spring 2025,3,53.3,61.8,55.9,2.24,3,20,Female,Low,16.7,Limited,Bachelors,9,17.2,8,13,92.9,50,26,51.5,0,57.83,High,False
STU12965,AI301,Spring 2024,1,54.6,55.9,55.0,2.2,4,25,Female,Medium,9.7,High-Speed,Masters,9,21.2,1,4,70.4,45,26,58.4,7,56.78,High,False
STU12966,AI301,Fall 2025,4,39.9,43.7,41.0,1.64,3,20,Female,Medium,21.7,High-Speed,High School,10,15.1,4,8,63.9,45,22,48.9,2,52.23,High,True
STU12967,DB401,Spring 2025,3,47.7,46.5,47.3,1.89,3,24,Female,Medium,9.4,Moderate,Bachelors,17,8.0,4,8,60.6,40,33,83.2,4,79.22,Low,False
STU12968,AI301,Fall 2024,2,60.3,49.5,57.1,2.28,3,23,Female,Medium,12.8,High-Speed,Bachelors,13,13.0,3,6,91.6,40,31,77.2,2,76.42,Low,False
STU12969,DB401,Fall 2023,0,38.8,46.5,41.1,1.64,3,25,Female,Medium,17.2,High-Speed,Bachelors,10,22.8,2,11,72.1,45,24,54.1,1,56.47,Medium,True
STU12970,SE501,Fall 2025,4,59.6,56.1,58.5,2.34,4,25,Male,Medium,0.5,High-Speed,High School,15,7.2,4,13,89.1,40,32,80.9,1,80.77,Low,False
STU12971,DB401,Spring 2025,3,62.0,55.4,60.0,2.4,3,25,Male,High,14.2,High-Speed,Bachelors,8,18.7,5,3,74.6,40,26,64.3,3,59.07,Medium,False
STU12972,AI301,Fall 2025,4,63.1,68.5,64.7,2.59,3,19,Female,High,9.0,High-Speed,Masters,10,13.0,7,6,79.6,50,25,49.8,6,55.82,Medium,False
STU12973,AI301,Spring 2025,3,73.5,85.4,77.1,3.08,4,21,Female,Low,0.7,High-Speed,High School,14,10.6,5,3,74.8,50,38,75.0,4,73.46,Low,False
STU12974,DB401,Fall 2023,0,40.4,42.8,41.1,1.64,4,25,Male,Medium,6.7,High-Speed,Bachelors,9,17.0,4,4,57.7,40,19,47.3,2,48.69,High,False
STU12975,DS201,Fall 2023,0,48.8,47.7,48.5,1.94,3,20,Male,Medium,0.8,Moderate,Masters,9,22.8,1,9,87.7,50,18,36.9,0,49.49,High,False
STU12976,AI301,Fall 2024,2,68.4,73.7,70.0,2.8,3,24,Female,Low,12.7,High-Speed,High School,13,16.7,5,7,75.6,40,32,80.2,4,74.72,Low,False
STU12977,DB401,Spring 2024,1,47.8,49.5,48.3,1.93,4,25,Male,Low,7.5,Moderate,Masters,13,13.7,3,11,65.0,50,40,79.7,1,72.35,Medium,False
STU12978,DS201,Spring 2026,5,45.9,39.4,43.9,1.76,4,18,Female,Medium,29.2,High-Speed,High School,9,8.5,4,13,71.9,45,27,58.9,2,57.33,Medium,False
STU12979,SE501,Fall 2024,2,46.6,41.5,45.1,1.8,4,18,Female,Medium,1.9,High-Speed,High School,6,14.5,6,11,76.5,45,24,53.8,2,51.2,High,False
STU12980,AI301,Spring 2024,1,59.3,56.9,58.6,2.34,4,21,Male,Low,8.8,Moderate,High School,14,8.3,2,14,67.2,40,22,53.8,3,61.34,Medium,False
STU12981,SE501,Spring 2026,5,52.1,54.0,52.7,2.11,3,22,Male,Medium,2.3,High-Speed,High School,15,13.5,5,11,62.2,40,31,77.9,6,73.89,Low,False
STU12982,DB401,Spring 2025,3,49.8,53.8,51.0,2.04,3,19,Female,Medium,9.0,Moderate,High School,6,14.7,4,5,59.4,40,16,40.9,4,41.33,High,False
STU12983,DB401,Spring 2026,5,50.6,48.7,50.0,2.0,4,24,Female,Low,12.2,High-Speed,Bachelors,11,3.2,4,9,68.9,50,36,71.6,1,66.08,Medium,False
STU12984,DB401,Spring 2024,1,51.7,56.9,53.3,2.13,4,23,Female,Low,12.2,Moderate,High School,15,21.9,7,11,84.9,40,26,65.6,3,72.28,Low,False
STU12985,DS201,Fall 2023,0,68.3,75.5,70.5,2.82,3,24,Female,High,16.0,High-Speed,Masters,16,8.8,5,10,64.8,50,36,72.0,1,72.96,Low,False
STU12986,AI301,Spring 2026,5,55.4,54.6,55.1,2.2,3,18,Male,Low,18.3,High-Speed,Bachelors,11,14.1,8,6,65.2,45,31,69.4,2,64.24,Medium,False
STU12987,DS201,Spring 2024,1,55.1,48.0,53.0,2.12,4,18,Female,High,0.8,Moderate,Bachelors,18,17.7,3,2,68.5,45,37,83.1,6,82.25,Low,False
STU12988,SE501,Spring 2024,1,44.6,48.2,45.7,1.83,4,21,Female,Medium,4.0,Moderate,Bachelors,13,21.5,0,7,67.8,45,35,78.0,2,72.06,Medium,False
STU12989,DS201,Fall 2024,2,53.8,62.8,56.5,2.26,4,22,Female,Medium,11.0,High-Speed,Bachelors,13,11.0,2,10,75.2,50,35,70.9,3,69.99,Medium,False
STU12990,AI301,Spring 2025,3,60.1,57.8,59.4,2.38,4,22,Male,Low,6.6,Limited,Bachelors,10,2.5,5,7,70.5,50,22,43.1,4,50.65,High,False
STU12991,SE501,Spring 2024,1,53.3,61.7,55.8,2.23,4,21,Female,Low,2.0,High-Speed,High School,15,20.4,1,7,65.6,45,34,75.0,3,73.12,Medium,False
STU12992,DS201,Spring 2025,3,39.7,36.7,38.8,1.55,4,25,Female,Low,7.6,High-Speed,Masters,13,8.8,2,6,73.9,50,38,75.9,2,72.23,Low,True
STU12993,DB401,Spring 2025,3,52.4,51.7,52.2,2.09,3,24,Male,Low,5.0,High-Speed,Bachelors,15,16.8,4,8,82.7,50,28,56.6,4,67.34,Medium,False
STU12994,DS201,Spring 2024,1,63.3,69.6,65.2,2.61,4,18,Male,Medium,4.7,Moderate,High School,10,17.1,5,14,80.0,40,25,62.4,5,62.2,Medium,False
STU12995,DS201,Spring 2025,3,47.9,46.6,47.5,1.9,4,24,Female,Low,15.8,Limited,Bachelors,8,1.0,5,5,67.8,50,29,57.4,2,54.26,High,False
STU12996,DB401,Fall 2025,4,63.0,56.1,60.9,2.44,3,24,Male,Medium,5.0,High-Speed,Bachelors,12,6.9,3,5,79.1,50,34,67.1,0,67.37,Low,False
STU12997,AI301,Fall 2023,0,63.5,67.0,64.6,2.58,3,19,Male,Medium,0.3,High-Speed,High School,17,12.7,5,5,72.1,40,31,78.6,4,79.22,Low,False
STU12998,DB401,Fall 2024,2,39.8,33.5,37.9,1.52,4,18,Male,Low,0.6,Moderate,Masters,5,2.1,6,10,66.2,45,17,38.4,2,39.94,High,False
STU12999,DB401,Fall 2023,0,35.8,40.5,37.2,1.49,4,22,Female,Low,18.4,High-Speed,Bachelors,13,8.3,1,11,50.3,45,24,54.3,3,56.71,High,True
STU13000,AI301,Fall 2024,2,52.9,56.8,54.1,2.16,3,23,Female,Low,30.7,High-Speed,Bachelors,8,15.6,6,4,75.7,40,27,67.2,2,60.74,Medium,False
STU13001,CS101,Spring 2024,1,48.6,56.0,50.8,2.03,3,24,Female,Low,11.1,High-Speed,Bachelors,13,14.6,2,11,70.4,45,27,60.6,4,63.88,Medium,False
STU13002,DS201,Spring 2025,3,45.3,40.8,43.9,1.76,4,18,Male,Medium,4.3,High-Speed,Doctorate,11,16.5,3,4,81.6,45,29,63.4,2,64.52,Medium,True
STU13003,DB401,Fall 2024,2,68.2,63.8,66.9,2.68,3,24,Female,Medium,26.5,High-Speed,High School,13,17.2,6,12,93.8,45,30,67.2,2,71.86,Low,False
STU13004,AI301,Spring 2026,5,48.0,47.9,48.0,1.92,3,19,Female,Medium,10.3,High-Speed,Bachelors,12,6.6,5,4,62.3,45,32,71.4,1,66.16,Medium,False
STU13005,AI301,Spring 2024,1,54.5,52.4,53.9,2.16,3,25,Female,Medium,17.7,Moderate,High School,9,8.6,4,4,56.1,50,29,57.8,3,53.62,Medium,False
STU13006,CS101,Spring 2024,1,52.3,44.2,49.9,2.0,4,20,Female,Medium,13.8,Moderate,Bachelors,6,18.8,2,14,58.6,45,21,46.3,0,43.87,High,False
STU13007,SE501,Fall 2024,2,60.9,59.5,60.5,2.42,3,18,Male,Medium,4.5,High-Speed,High School,18,22.6,7,13,76.7,50,42,84.0,3,84.34,Low,False
STU13008,DS201,Spring 2024,1,51.2,51.4,51.3,2.05,4,21,Female,Medium,6.2,High-Speed,High School,7,10.2,3,14,68.0,50,30,60.7,0,54.45,High,False
STU13009,AI301,Fall 2024,2,58.6,61.1,59.3,2.37,3,20,Male,Low,2.0,High-Speed,Masters,16,16.3,3,9,73.7,45,38,83.5,4,80.49,Low,False
STU13010,CS101,Spring 2025,3,36.4,37.4,36.7,1.47,4,24,Female,Low,3.3,High-Speed,Bachelors,8,19.0,4,10,69.9,40,21,51.9,5,51.93,High,False
STU13011,DS201,Spring 2025,3,57.7,56.7,57.4,2.3,4,21,Male,Medium,14.3,Moderate,High School,14,16.2,5,14,82.9,50,36,73.0,2,74.08,Low,False
STU13012,CS101,Fall 2023,0,63.6,71.4,65.9,2.64,3,21,Male,Medium,21.3,Limited,Bachelors,17,13.8,2,9,72.3,40,35,86.7,1,83.31,Low,False
STU13013,SE501,Spring 2026,5,47.8,46.0,47.2,1.89,3,21,Male,Medium,12.2,Moderate,Bachelors,8,11.8,2,5,58.8,45,22,49.6,3,48.56,High,False
STU13014,DB401,Fall 2025,4,61.7,58.6,60.8,2.43,4,18,Female,Medium,5.9,Moderate,High School,9,24.9,5,11,62.3,45,25,55.9,3,53.91,Medium,False
STU13015,DS201,Fall 2025,4,55.1,54.1,54.8,2.19,4,22,Male,Medium,0.9,High-Speed,High School,8,15.5,5,8,82.8,40,27,67.4,0,62.26,Medium,False
STU13016,AI301,Spring 2024,1,40.3,43.2,41.2,1.65,3,24,Female,Medium,0.6,High-Speed,Doctorate,10,16.9,2,5,65.3,50,26,52.9,2,54.51,High,True
STU13017,DB401,Fall 2024,2,66.8,64.4,66.1,2.64,4,20,Male,Medium,4.5,Limited,Bachelors,15,16.6,3,11,79.4,50,35,69.8,3,73.28,Low,False
STU13018,AI301,Fall 2023,0,34.4,37.0,35.2,1.41,3,19,Male,Medium,5.9,Limited,High School,15,10.9,5,2,73.1,50,34,67.8,2,71.02,Medium,True
STU13019,DB401,Spring 2024,1,51.5,54.2,52.3,2.09,3,22,Female,Medium,8.9,High-Speed,Masters,9,15.3,4,8,82.3,50,33,66.5,2,63.21,Medium,False
STU13020,CS101,Spring 2025,3,71.5,68.3,70.6,2.82,3,24,Male,Medium,0.1,High-Speed,Bachelors,10,13.4,2,4,88.8,45,30,67.6,2,66.56,Low,False
STU13021,AI301,Fall 2025,4,49.9,47.5,49.2,1.97,4,25,Male,Medium,43.5,Moderate,High School,14,13.3,0,6,63.2,50,40,80.6,1,73.94,Medium,False
STU13022,SE501,Spring 2025,3,46.2,55.6,49.0,1.96,4,25,Female,High,4.3,High-Speed,High School,7,16.6,7,4,85.6,45,18,40.8,2,48.02,High,False
STU13023,DB401,Spring 2024,1,48.3,48.9,48.5,1.94,3,18,Male,Medium,17.9,Moderate,High School,9,10.4,6,2,60.2,50,30,60.7,7,55.89,Medium,False
STU13024,CS101,Spring 2024,1,66.0,53.0,62.1,2.48,4,21,Male,Medium,7.3,Moderate,Masters,12,9.0,6,10,82.3,45,31,69.2,2,69.06,Medium,False
STU13025,DS201,Spring 2024,1,46.6,42.9,45.5,1.82,4,19,Male,Medium,1.3,High-Speed,High School,8,17.5,5,3,66.5,50,25,50.9,3,50.75,High,False
STU13026,SE501,Fall 2023,0,47.4,50.4,48.3,1.93,4,24,Female,Medium,15.2,Limited,High School,10,12.3,2,3,46.2,40,29,73.4,4,60.94,Medium,False
STU13027,CS101,Fall 2023,0,55.6,55.4,55.5,2.22,3,20,Female,Low,11.8,Limited,Masters,9,13.3,3,7,96.5,50,25,49.5,2,57.55,Medium,False
STU13028,DS201,Spring 2026,5,48.8,48.8,48.8,1.95,3,24,Female,High,7.1,Limited,High School,13,5.4,4,2,70.7,50,28,57.0,1,62.14,High,False
STU13029,DB401,Fall 2024,2,57.1,60.6,58.1,2.32,3,22,Female,Low,6.9,High-Speed,Bachelors,14,19.8,4,9,81.0,40,31,78.5,3,76.45,Low,False
STU13030,DS201,Fall 2024,2,49.9,45.9,48.7,1.95,4,25,Male,Medium,0.9,High-Speed,High School,16,17.6,2,5,69.0,45,34,76.6,0,76.1,Low,False
STU13031,DS201,Fall 2025,4,68.8,69.6,69.0,2.76,4,23,Male,Medium,10.1,High-Speed,Bachelors,15,18.5,1,4,82.4,50,32,64.5,2,71.23,Low,False
STU13032,CS101,Spring 2024,1,44.5,43.6,44.2,1.77,4,22,Female,High,23.0,High-Speed,High School,11,16.9,4,6,63.2,40,25,61.5,2,59.89,Medium,True
STU13033,DS201,Spring 2025,3,50.4,51.5,50.7,2.03,3,24,Male,Low,0.9,High-Speed,High School,12,7.4,9,9,66.4,50,32,63.9,2,63.23,Medium,False
STU13034,SE501,Spring 2024,1,58.1,56.3,57.6,2.3,4,19,Male,Medium,2.9,High-Speed,Bachelors,8,16.1,6,2,79.3,45,21,46.7,4,51.21,Medium,False
STU13035,AI301,Fall 2023,0,42.5,40.9,42.0,1.68,3,24,Male,Medium,22.1,Moderate,Bachelors,14,12.0,2,6,70.7,50,39,77.1,9,73.69,Low,True
STU13036,CS101,Spring 2024,1,34.2,36.5,34.9,1.4,4,24,Male,Medium,3.2,High-Speed,Bachelors,13,10.2,3,10,60.6,45,25,54.9,2,59.07,Medium,True
STU13037,DB401,Spring 2024,1,60.8,56.2,59.4,2.38,3,18,Other,Low,10.1,High-Speed,Bachelors,12,17.5,3,3,77.2,45,34,75.6,0,71.24,Medium,False
STU13038,DS201,Spring 2024,1,55.6,52.7,54.7,2.19,3,20,Male,Medium,7.3,High-Speed,Bachelors,9,23.3,6,9,76.2,40,25,62.9,5,60.19,Low,False
STU13039,SE501,Spring 2024,1,36.9,44.9,39.3,1.57,3,19,Female,Medium,8.6,Moderate,Bachelors,13,22.5,4,3,70.1,50,27,53.6,5,60.32,Medium,True
STU13040,AI301,Spring 2026,5,47.0,49.6,47.8,1.91,4,24,Male,Low,5.1,Moderate,Bachelors,19,18.1,5,8,64.3,50,45,90.1,2,86.41,Low,False
STU13041,DS201,Fall 2024,2,43.6,48.0,44.9,1.8,4,21,Female,Medium,3.4,High-Speed,Bachelors,14,14.8,6,10,70.8,40,27,68.3,4,69.31,Medium,True
STU13042,AI301,Fall 2024,2,61.5,61.7,61.6,2.46,4,20,Male,Medium,0.5,Limited,Bachelors,11,13.9,7,6,81.9,45,30,66.0,4,65.88,Medium,False
STU13043,AI301,Spring 2026,5,50.6,51.3,50.8,2.03,3,22,Male,Medium,13.0,High-Speed,Bachelors,7,10.5,2,12,67.8,40,17,43.2,4,45.66,High,False
STU13044,DS201,Fall 2025,4,48.3,44.2,47.1,1.88,4,19,Female,High,13.0,High-Speed,High School,12,13.7,5,10,52.5,40,26,64.7,1,60.85,Medium,False
STU13045,DS201,Fall 2025,4,34.2,35.5,34.6,1.38,3,22,Female,Medium,10.6,Moderate,High School,14,19.5,3,2,69.8,40,21,52.1,3,61.01,Medium,True
STU13046,AI301,Fall 2024,2,43.2,44.6,43.6,1.74,4,25,Male,High,9.8,Moderate,High School,8,24.1,4,8,71.5,45,28,62.3,6,57.45,High,False
STU13047,AI301,Fall 2023,0,54.0,58.3,55.3,2.21,4,24,Male,High,2.7,High-Speed,Masters,11,10.9,6,5,74.3,45,29,65.1,3,63.91,Medium,False
STU13048,DS201,Fall 2025,4,49.2,47.9,48.8,1.95,4,22,Male,Low,0.2,Limited,Bachelors,9,5.0,1,8,74.0,50,25,49.4,3,53.0,Medium,False
STU13049,SE501,Spring 2026,5,50.4,50.3,50.4,2.02,4,22,Male,Low,15.7,Limited,Bachelors,7,12.3,7,2,79.7,40,23,58.0,3,55.44,Medium,False
STU13050,DB401,Fall 2023,0,51.9,65.2,55.9,2.24,4,18,Male,Medium,6.4,High-Speed,High School,13,19.5,3,8,70.6,40,27,66.6,3,66.92,Medium,False
STU13051,DS201,Spring 2026,5,50.9,51.1,51.0,2.04,4,22,Male,Medium,3.5,High-Speed,High School,16,25.4,1,8,70.1,50,26,51.3,2,63.67,Medium,False
STU13052,DS201,Spring 2024,1,70.8,66.6,69.5,2.78,4,21,Male,Medium,1.0,High-Speed,Masters,13,21.6,5,11,75.1,45,28,61.6,3,65.32,Medium,False
STU13053,DB401,Spring 2024,1,59.0,61.6,59.8,2.39,4,21,Male,Medium,0.6,High-Speed,Masters,11,21.4,6,13,51.5,45,34,75.5,2,64.55,Medium,False
STU13054,DS201,Fall 2024,2,46.6,47.3,46.8,1.87,3,20,Female,Medium,4.1,High-Speed,High School,6,10.8,5,13,66.9,50,28,56.9,2,50.83,Medium,False
STU13055,CS101,Spring 2024,1,55.7,51.3,54.4,2.18,3,24,Female,Medium,15.5,Moderate,Bachelors,17,10.9,4,11,67.1,50,38,75.5,3,76.67,Low,False
STU13056,DB401,Fall 2024,2,46.6,48.7,47.2,1.89,3,23,Female,Low,23.8,High-Speed,Bachelors,6,8.4,7,8,69.5,50,25,49.4,3,47.6,High,False
STU13057,SE501,Fall 2025,4,51.3,56.4,52.8,2.11,4,25,Male,High,21.6,Moderate,High School,14,11.7,3,11,58.1,50,41,81.6,0,73.42,Low,False
STU13058,DS201,Spring 2024,1,65.0,61.7,64.0,2.56,3,22,Male,Medium,24.0,High-Speed,Bachelors,12,19.6,3,3,73.3,40,26,63.9,6,64.61,Low,False
STU13059,DS201,Spring 2025,3,63.7,70.0,65.6,2.62,3,22,Female,High,22.6,High-Speed,Bachelors,13,23.1,4,14,68.7,45,30,65.7,3,66.09,Low,False
STU13060,SE501,Fall 2025,4,48.7,45.5,47.8,1.91,3,19,Male,Low,7.1,High-Speed,Bachelors,9,16.7,3,7,54.6,40,25,62.9,4,55.87,High,False
STU13061,SE501,Fall 2023,0,61.4,57.3,60.2,2.41,3,18,Male,High,2.4,High-Speed,High School,13,13.7,1,13,65.3,45,26,58.0,2,61.56,Medium,False
STU13062,SE501,Spring 2026,5,49.7,50.3,49.9,2.0,3,23,Female,Low,15.2,High-Speed,High School,10,9.7,5,4,72.7,45,28,62.6,2,60.84,High,False
STU13063,CS101,Spring 2026,5,68.1,71.7,69.2,2.77,4,20,Female,Low,2.3,Moderate,High School,13,14.4,3,12,85.2,45,34,74.8,9,73.94,Low,True
STU13064,CS101,Spring 2025,3,73.8,78.0,75.1,3.0,3,25,Female,Low,3.0,Moderate,High School,10,16.0,2,7,90.3,50,35,69.2,2,67.66,Low,False
STU13065,DS201,Spring 2025,3,60.6,62.2,61.1,2.44,4,23,Male,Medium,2.5,High-Speed,Bachelors,10,7.7,1,6,70.5,45,31,68.9,3,63.55,Medium,False
STU13066,DB401,Fall 2024,2,79.9,74.2,78.2,3.13,4,22,Male,High,6.9,Moderate,High School,16,19.6,5,12,85.7,45,36,80.8,3,81.54,Low,False
STU13067,DB401,Fall 2024,2,66.7,62.3,65.4,2.62,4,19,Female,Medium,3.7,High-Speed,Bachelors,12,12.9,3,5,83.9,50,36,72.4,1,70.98,Low,False
STU13068,AI301,Spring 2026,5,59.0,57.3,58.5,2.34,3,24,Male,High,1.6,High-Speed,High School,14,19.3,2,9,78.6,50,36,72.4,3,72.92,Low,False
STU13069,AI301,Fall 2023,0,44.3,47.1,45.2,1.81,4,18,Female,Medium,5.7,High-Speed,Bachelors,15,14.9,8,3,61.8,40,29,71.4,1,70.56,Low,False
STU13070,DS201,Fall 2023,0,47.2,45.2,46.6,1.86,4,24,Female,Medium,19.7,Moderate,Bachelors,7,16.5,2,8,79.5,50,24,47.3,2,50.05,High,False
STU13071,SE501,Fall 2025,4,60.3,65.2,61.8,2.47,3,20,Female,High,8.0,High-Speed,Bachelors,16,11.5,4,5,64.0,40,28,69.6,4,71.6,Medium,False
STU13072,AI301,Fall 2024,2,69.0,78.4,71.8,2.87,4,23,Male,Low,20.0,High-Speed,High School,14,13.3,2,8,82.1,50,35,70.0,2,72.42,Low,False
STU13073,AI301,Fall 2024,2,37.5,32.8,36.1,1.44,3,20,Male,Medium,2.1,High-Speed,High School,8,18.2,7,6,69.7,40,26,64.4,3,58.14,Medium,False
STU13074,CS101,Spring 2024,1,52.2,52.5,52.3,2.09,3,22,Female,High,1.7,Limited,High School,13,14.3,8,6,70.3,45,32,71.4,2,69.26,Medium,False
STU13075,SE501,Fall 2025,4,52.6,55.5,53.5,2.14,3,20,Female,High,8.1,Moderate,High School,7,9.5,6,10,79.3,50,22,43.0,3,47.86,High,False
STU13076,DS201,Fall 2024,2,77.7,81.9,79.0,3.16,4,24,Female,High,5.9,Moderate,High School,22,15.6,5,14,91.3,40,40,99.1,2,97.81,Low,False
STU13077,SE501,Spring 2026,5,49.9,51.0,50.2,2.01,4,19,Male,High,10.3,Moderate,High School,17,16.9,4,6,77.6,45,28,62.6,4,72.32,Low,False
STU13078,DS201,Fall 2024,2,71.7,71.1,71.5,2.86,4,20,Male,Low,15.0,High-Speed,Bachelors,6,21.9,5,9,94.4,45,25,54.5,2,55.13,Medium,False
STU13079,DS201,Fall 2023,0,61.8,54.0,59.5,2.38,3,21,Female,High,13.2,Moderate,Doctorate,11,20.8,4,8,61.8,40,30,74.8,1,66.26,Medium,False
STU13080,CS101,Fall 2025,4,62.3,60.3,61.7,2.47,3,19,Female,Medium,27.1,Moderate,High School,7,14.7,6,13,66.1,45,21,45.8,3,46.62,Medium,False
STU13081,AI301,Spring 2025,3,39.7,42.7,40.6,1.62,4,23,Female,High,4.8,High-Speed,Masters,9,12.3,3,5,69.3,40,15,36.9,3,45.81,High,False
STU13082,DS201,Fall 2023,0,34.1,40.9,36.1,1.44,4,18,Male,Medium,2.2,High-Speed,High School,8,13.9,7,14,65.8,45,23,50.8,0,50.56,High,False
STU13083,DS201,Fall 2025,4,65.5,59.9,63.8,2.55,3,18,Female,Medium,7.6,High-Speed,Bachelors,16,12.4,7,9,82.1,45,36,78.9,3,79.87,Low,False
STU13084,DS201,Spring 2024,1,63.5,69.8,65.4,2.62,4,22,Female,Medium,1.1,High-Speed,Bachelors,7,17.5,4,8,65.3,50,27,53.2,3,50.16,Medium,False
STU13085,DS201,Spring 2025,3,59.0,64.0,60.5,2.42,4,22,Female,Medium,3.2,Moderate,Masters,13,20.2,4,13,65.2,45,35,78.4,2,71.74,Medium,False
STU13086,SE501,Fall 2023,0,54.1,55.1,54.4,2.18,4,21,Male,Low,2.2,High-Speed,High School,12,21.2,2,5,55.2,45,31,68.1,2,63.09,Medium,False
STU13087,SE501,Fall 2024,2,61.6,57.7,60.4,2.42,3,23,Male,High,4.8,High-Speed,High School,12,12.9,12,7,71.9,50,36,72.4,1,68.58,Medium,False
STU13088,CS101,Spring 2026,5,53.2,60.2,55.3,2.21,3,24,Female,High,1.1,Moderate,High School,12,12.4,4,8,85.5,50,37,73.7,2,71.95,Low,False
STU13089,DB401,Fall 2025,4,54.6,54.1,54.4,2.18,4,18,Male,Low,0.3,High-Speed,Bachelors,11,12.9,3,14,78.9,50,38,76.6,3,70.58,Medium,False
STU13090,AI301,Fall 2024,2,57.3,59.7,58.0,2.32,3,18,Male,Medium,10.2,High-Speed,Masters,16,5.3,4,11,96.5,45,26,58.1,3,72.35,Medium,False
STU13091,DS201,Fall 2023,0,59.3,55.3,58.1,2.32,4,18,Female,Medium,9.0,Moderate,Bachelors,13,9.0,3,14,85.2,50,34,68.5,4,70.79,Medium,False
STU13092,DB401,Fall 2023,0,73.4,66.2,71.2,2.85,3,24,Male,Medium,11.7,High-Speed,Bachelors,15,14.8,4,12,85.7,40,31,78.0,2,78.64,Low,False
STU13093,DB401,Fall 2023,0,59.8,63.1,60.8,2.43,4,18,Female,Low,10.3,Moderate,Bachelors,11,16.9,4,13,95.1,45,31,69.7,3,70.37,Low,False
STU13094,DB401,Fall 2025,4,43.8,45.8,44.4,1.78,4,20,Male,High,1.2,High-Speed,Masters,18,17.5,5,8,79.7,40,32,78.8,3,82.34,Low,True
STU13095,DS201,Fall 2025,4,50.0,52.3,50.7,2.03,3,23,Female,Medium,3.3,High-Speed,Bachelors,15,11.1,9,9,57.9,40,34,84.5,2,76.33,Low,False
STU13096,AI301,Fall 2024,2,46.5,41.1,44.9,1.8,4,19,Female,Medium,1.3,High-Speed,High School,9,12.5,4,10,79.4,40,18,46.0,1,52.38,High,False
STU13097,AI301,Fall 2023,0,72.5,76.4,73.7,2.95,3,19,Male,Medium,17.6,High-Speed,Masters,14,13.7,5,6,78.3,45,34,76.1,4,74.71,Medium,False
STU13098,DS201,Fall 2025,4,48.6,52.3,49.7,1.99,4,21,Male,Low,13.1,Limited,High School,9,13.1,2,3,69.8,45,31,68.1,5,61.51,Low,False
STU13099,CS101,Spring 2025,3,25.0,36.9,28.3,1.13,3,20,Male,Medium,2.1,Limited,High School,9,18.4,5,11,63.1,40,26,64.3,2,58.27,High,False
STU13100,CS101,Fall 2025,4,47.3,46.0,46.9,1.88,4,18,Male,Low,4.0,Moderate,High School,11,8.5,4,13,80.0,45,26,57.2,2,61.1,Medium,False
STU13101,DB401,Spring 2026,5,56.2,47.6,53.6,2.14,4,18,Female,Low,32.3,High-Speed,Bachelors,18,9.3,1,14,69.5,45,32,70.6,5,76.2,Low,False
STU13102,DS201,Spring 2025,3,38.6,36.4,37.9,1.52,4,22,Female,Medium,8.6,Limited,Bachelors,11,13.5,5,6,67.7,40,30,75.6,3,67.84,Low,True
STU13103,CS101,Spring 2024,1,71.7,69.7,71.1,2.84,4,22,Male,High,15.3,Moderate,High School,12,8.2,5,12,97.1,45,32,70.5,0,72.67,Low,False
STU13104,SE501,Spring 2025,3,59.4,60.0,59.6,2.38,4,21,Male,Medium,2.9,High-Speed,Bachelors,9,5.5,6,8,88.1,50,26,51.3,3,56.77,Medium,False
STU13105,AI301,Spring 2024,1,49.8,53.2,50.8,2.03,4,18,Male,Low,2.2,Moderate,Bachelors,12,7.5,5,14,54.7,45,31,69.5,3,63.69,Low,False
STU13106,SE501,Spring 2026,5,74.4,71.6,73.5,2.94,3,21,Female,Medium,14.6,High-Speed,Masters,13,13.8,2,4,100.0,45,34,75.9,2,77.45,Low,False
STU13107,SE501,Fall 2023,0,49.2,54.5,50.8,2.03,4,20,Male,High,11.0,High-Speed,Bachelors,9,18.2,7,11,75.5,40,23,56.8,4,57.0,High,False
STU13108,CS101,Fall 2024,2,51.6,51.6,51.6,2.06,4,19,Female,Medium,10.9,Moderate,Bachelors,15,18.3,3,6,81.4,45,27,60.9,4,69.23,Medium,False
STU13109,AI301,Fall 2023,0,50.6,40.0,47.4,1.9,4,18,Female,High,7.6,Moderate,Bachelors,7,22.9,2,7,84.5,40,22,54.6,1,54.7,High,False
STU13110,SE501,Fall 2025,4,65.5,65.3,65.4,2.62,4,23,Female,Medium,7.9,High-Speed,High School,20,15.5,2,7,87.4,50,41,82.8,1,88.88,Low,False
STU13111,AI301,Spring 2026,5,78.9,75.7,77.9,3.12,4,24,Male,Medium,12.6,High-Speed,High School,12,16.2,7,5,83.2,50,37,73.7,1,71.49,Low,False
STU13112,SE501,Spring 2024,1,48.3,49.0,48.5,1.94,4,20,Female,Low,3.0,Limited,Bachelors,13,13.7,5,4,64.0,40,29,71.9,1,68.25,Medium,False
STU13113,AI301,Spring 2024,1,69.8,75.0,71.4,2.86,3,18,Male,Medium,4.1,Moderate,High School,15,14.0,1,12,79.7,40,32,79.6,2,78.24,Low,False
STU13114,DS201,Spring 2024,1,56.4,50.5,54.6,2.18,4,24,Male,Medium,19.5,High-Speed,High School,14,25.4,3,5,85.2,40,30,75.2,3,75.64,Medium,False
STU13115,CS101,Fall 2024,2,56.6,55.8,56.4,2.26,3,23,Female,Medium,3.5,High-Speed,Bachelors,7,16.3,7,2,87.0,50,27,54.9,4,55.35,Medium,False
STU13116,DS201,Spring 2024,1,48.2,56.4,50.7,2.03,4,22,Female,High,7.5,High-Speed,High School,8,16.7,8,9,59.8,50,31,62.2,6,55.06,Medium,False
STU13117,AI301,Fall 2023,0,30.7,30.0,30.5,1.22,4,21,Male,High,11.5,Limited,High School,10,9.3,4,13,81.8,40,25,62.9,4,62.81,Medium,True
STU13118,CS101,Fall 2023,0,54.9,51.7,53.9,2.16,4,22,Male,Low,90.2,High-Speed,Bachelors,10,17.1,2,4,83.2,40,21,51.6,1,57.44,High,False
STU13119,CS101,Spring 2026,5,43.5,52.9,46.3,1.85,3,19,Male,Low,5.4,High-Speed,Bachelors,11,18.3,4,5,62.9,40,24,60.1,6,59.13,High,False
STU13120,DB401,Spring 2024,1,40.8,43.3,41.5,1.66,3,22,Male,Medium,5.3,High-Speed,Masters,8,20.6,4,12,80.2,45,25,56.6,3,56.34,Low,False
STU13121,DS201,Spring 2026,5,59.9,67.0,62.0,2.48,4,18,Male,Low,17.6,Moderate,Bachelors,12,18.2,1,10,69.6,45,34,75.6,3,69.72,Low,False
STU13122,SE501,Fall 2024,2,61.6,58.2,60.6,2.42,4,23,Male,Medium,15.6,Moderate,Bachelors,10,14.4,2,14,64.9,45,31,67.8,0,61.88,Medium,False
STU13123,CS101,Spring 2024,1,49.2,47.1,48.6,1.94,4,22,Male,High,12.5,Moderate,High School,9,14.2,2,11,61.7,45,27,61.1,4,56.39,Medium,False
STU13124,SE501,Spring 2026,5,57.1,52.1,55.6,2.22,3,18,Female,High,5.9,High-Speed,High School,10,14.6,2,10,69.0,45,24,53.1,3,55.35,Medium,False
STU13125,DS201,Fall 2025,4,78.3,80.9,79.1,3.16,3,19,Female,Medium,3.7,High-Speed,High School,17,15.5,4,14,81.6,45,32,71.5,5,77.57,Low,False
STU13126,DB401,Spring 2026,5,44.1,40.7,43.1,1.72,4,24,Female,High,8.9,Limited,Bachelors,12,21.3,9,7,43.5,40,27,67.8,1,60.6,High,True
STU13127,CS101,Spring 2024,1,51.0,46.6,49.7,1.99,4,23,Male,Medium,19.8,Limited,Bachelors,12,20.4,6,5,57.8,50,33,65.3,3,62.21,Medium,False
STU13128,DB401,Fall 2024,2,59.8,60.5,60.0,2.4,4,22,Female,Low,20.4,Limited,Bachelors,13,18.8,2,12,66.2,45,35,76.9,4,71.19,Medium,False
STU13129,DB401,Spring 2025,3,62.7,64.4,63.2,2.53,4,21,Female,Medium,1.1,Limited,Bachelors,9,25.1,9,9,86.3,45,24,53.8,3,57.66,Medium,False
STU13130,AI301,Fall 2023,0,48.3,47.9,48.2,1.93,4,21,Female,Medium,5.3,Moderate,High School,8,1.7,6,8,71.2,40,26,63.8,4,58.14,Medium,False
STU13131,DB401,Fall 2025,4,66.8,67.4,67.0,2.68,3,23,Female,Medium,5.9,Moderate,Bachelors,10,12.7,6,7,87.3,50,29,58.6,0,61.76,Medium,False
STU13132,SE501,Spring 2026,5,63.9,71.7,66.3,2.65,4,21,Female,Low,36.1,Moderate,Bachelors,14,14.9,2,7,67.0,45,32,71.5,2,70.15,Low,False
STU13133,DB401,Spring 2026,5,55.3,60.5,56.8,2.27,4,22,Female,Medium,10.8,Moderate,Bachelors,14,11.6,3,10,53.6,50,39,77.8,1,70.62,Low,False
STU13134,AI301,Fall 2023,0,57.8,57.6,57.8,2.31,3,22,Male,Medium,5.0,High-Speed,Bachelors,14,10.4,4,5,54.9,40,24,59.9,2,61.93,Medium,False
STU13135,DS201,Fall 2024,2,63.5,66.6,64.4,2.58,4,23,Female,High,0.3,High-Speed,Doctorate,11,6.4,1,14,65.2,45,32,72.2,1,65.64,Medium,False
STU13136,CS101,Fall 2024,2,32.5,36.9,33.8,1.35,3,22,Female,Medium,7.9,Limited,Masters,5,13.4,6,7,52.5,50,25,50.5,4,43.25,High,False
STU13137,DS201,Fall 2025,4,55.9,57.5,56.4,2.26,3,24,Female,Medium,1.0,High-Speed,Masters,11,19.5,3,3,73.2,50,33,65.9,4,64.09,Medium,False
STU13138,AI301,Spring 2025,3,74.6,70.8,73.5,2.94,4,18,Female,Medium,17.1,Moderate,High School,12,18.9,7,10,94.9,45,34,74.9,2,74.43,Low,False
STU13139,SE501,Spring 2025,3,61.6,52.4,58.9,2.36,4,19,Male,Low,13.3,High-Speed,High School,12,11.2,4,8,56.0,40,31,76.8,6,67.6,Low,False
STU13140,CS101,Fall 2025,4,39.8,48.9,42.5,1.7,3,24,Male,Medium,5.9,High-Speed,High School,11,16.1,7,9,81.6,50,35,69.1,1,67.37,Low,True
STU13141,SE501,Spring 2025,3,63.9,64.1,63.9,2.56,4,24,Female,High,5.3,High-Speed,High School,16,21.8,5,3,89.5,45,33,72.3,1,78.05,Low,False
STU13142,DS201,Spring 2025,3,64.9,67.3,65.6,2.62,3,21,Female,Medium,21.6,High-Speed,Bachelors,9,7.4,2,13,67.2,45,32,70.2,4,62.04,Low,False
STU13143,CS101,Fall 2024,2,58.0,53.6,56.7,2.27,4,18,Female,High,3.2,High-Speed,Bachelors,6,14.2,5,6,68.7,50,28,55.7,1,50.59,Medium,False
STU13144,SE501,Fall 2023,0,35.9,34.7,35.5,1.42,3,23,Male,Low,2.7,High-Speed,Bachelors,10,16.4,4,10,56.8,50,32,63.4,3,58.06,Medium,True
STU13145,CS101,Spring 2024,1,46.6,42.7,45.4,1.82,3,25,Male,Low,26.6,Moderate,Masters,15,15.1,2,14,55.8,50,40,79.3,4,73.31,Low,False
STU13146,DS201,Spring 2025,3,58.5,53.5,57.0,2.28,3,21,Female,High,15.7,High-Speed,Masters,11,19.3,3,4,74.3,45,29,63.7,2,63.21,Medium,False
STU13147,SE501,Spring 2025,3,65.8,67.5,66.3,2.65,3,18,Female,High,16.3,High-Speed,High School,8,7.5,7,8,99.5,45,30,67.3,1,65.55,Medium,False
STU13148,CS101,Spring 2025,3,48.4,50.1,48.9,1.96,3,22,Female,High,2.1,High-Speed,Masters,10,10.0,5,14,65.2,40,24,60.5,3,58.29,Medium,False
STU13149,CS101,Spring 2025,3,63.6,64.3,63.8,2.55,4,23,Male,Medium,1.5,Moderate,Bachelors,16,18.4,3,6,79.6,50,39,78.7,5,79.27,Medium,False
STU13150,SE501,Fall 2024,2,50.4,50.9,50.6,2.02,4,25,Female,High,0.3,Moderate,Bachelors,10,6.5,4,7,60.9,40,28,70.0,2,62.18,High,False
STU13151,DS201,Spring 2024,1,53.9,56.6,54.7,2.19,4,23,Male,High,2.6,Moderate,Bachelors,15,19.1,7,6,64.3,40,31,77.1,0,73.91,Low,False
STU13152,AI301,Fall 2024,2,53.0,39.4,48.9,1.96,4,25,Female,High,14.1,High-Speed,High School,12,17.2,3,7,59.5,40,24,61.2,1,60.5,Medium,False
STU13153,CS101,Fall 2024,2,58.6,62.6,59.8,2.39,3,25,Male,Medium,2.6,High-Speed,Masters,13,18.7,1,10,63.2,50,34,67.4,2,65.84,Medium,False
STU13154,SE501,Fall 2024,2,58.2,69.5,61.6,2.46,4,21,Male,Medium,12.4,Moderate,Bachelors,11,12.7,3,8,73.4,40,28,70.5,0,66.43,Low,False
STU13155,SE501,Spring 2026,5,60.6,53.2,58.4,2.34,4,22,Female,High,2.8,Moderate,Masters,13,17.5,3,2,51.6,40,30,73.8,0,66.72,Medium,False
STU13156,SE501,Spring 2025,3,52.2,42.7,49.4,1.98,4,21,Female,Medium,4.8,High-Speed,Doctorate,11,9.1,7,10,70.4,45,32,71.8,6,66.48,Medium,False
STU13157,AI301,Spring 2025,3,46.4,37.9,43.8,1.75,4,25,Male,Medium,38.8,High-Speed,Bachelors,13,12.9,4,3,46.6,50,34,67.8,4,62.72,High,True
STU13158,DB401,Spring 2024,1,38.5,43.5,40.0,1.6,4,25,Female,Medium,2.7,High-Speed,High School,7,15.2,4,5,66.2,45,15,34.2,5,40.84,High,False
STU13159,SE501,Fall 2024,2,39.4,33.5,37.6,1.5,3,20,Male,Medium,4.5,High-Speed,High School,12,10.5,8,5,57.1,40,28,70.7,2,64.77,Medium,True
STU13160,AI301,Spring 2024,1,61.8,62.7,62.1,2.48,3,18,Male,Medium,3.4,Moderate,High School,10,16.1,3,6,88.9,45,24,54.3,3,59.93,Medium,False
STU13161,DB401,Spring 2024,1,74.2,76.7,74.9,3.0,4,20,Male,Low,1.1,High-Speed,High School,20,9.3,2,11,74.2,40,35,88.3,4,88.99,Low,False
STU13162,AI301,Spring 2024,1,58.3,57.4,58.0,2.32,4,18,Male,High,6.4,High-Speed,Masters,7,16.3,4,5,69.6,45,27,59.3,4,54.07,High,False
STU13163,SE501,Spring 2025,3,57.4,55.0,56.7,2.27,3,19,Female,Medium,4.5,High-Speed,High School,15,23.7,7,9,55.4,50,41,82.8,3,74.98,Low,False
STU13164,CS101,Fall 2024,2,35.5,33.9,35.0,1.4,3,24,Male,Medium,11.3,Limited,Doctorate,7,8.7,2,10,71.5,40,19,47.8,4,48.7,High,False
STU13165,SE501,Spring 2025,3,62.2,55.7,60.3,2.41,3,23,Female,Low,16.2,Moderate,Bachelors,15,14.9,1,12,68.6,50,37,73.2,3,72.82,Low,False
STU13166,AI301,Fall 2024,2,64.4,68.4,65.6,2.62,4,21,Female,Low,7.5,Moderate,High School,10,6.9,5,12,74.8,50,25,49.4,5,54.66,Medium,False
STU13167,SE501,Fall 2024,2,53.2,58.7,54.8,2.19,4,19,Male,Low,0.3,High-Speed,Bachelors,10,10.8,1,13,69.3,40,26,65.9,4,61.81,Medium,False
STU13168,DS201,Fall 2024,2,49.1,50.1,49.4,1.98,3,19,Female,Medium,9.2,Moderate,Bachelors,8,18.5,4,3,62.6,50,29,57.7,4,53.37,High,False
STU13169,AI301,Fall 2023,0,58.3,54.0,57.0,2.28,3,23,Male,Low,0.5,High-Speed,Bachelors,10,12.8,3,13,71.7,40,19,48.6,0,53.64,High,False
STU13170,AI301,Fall 2023,0,51.5,51.2,51.4,2.06,3,23,Female,High,9.1,High-Speed,Bachelors,13,18.7,2,10,54.3,40,29,72.5,2,66.61,Medium,False
STU13171,SE501,Spring 2024,1,44.8,43.8,44.5,1.78,4,18,Male,Low,11.0,High-Speed,High School,16,16.8,3,3,38.7,45,35,76.8,3,70.14,Medium,True
STU13172,AI301,Spring 2025,3,52.2,49.2,51.3,2.05,3,20,Male,Low,2.1,High-Speed,Bachelors,16,14.7,7,4,60.7,40,28,69.8,3,71.04,Low,False
STU13173,AI301,Spring 2025,3,48.4,48.5,48.4,1.94,4,22,Male,Low,16.3,High-Speed,Bachelors,7,9.9,3,7,54.8,45,23,50.2,4,46.56,Medium,False
STU13174,AI301,Spring 2024,1,67.0,65.6,66.6,2.66,3,18,Male,Low,23.0,Moderate,Bachelors,12,18.4,4,14,85.9,40,25,63.2,2,66.78,Low,False
STU13175,SE501,Spring 2024,1,49.4,55.1,51.1,2.04,4,22,Male,Medium,15.9,High-Speed,Masters,19,16.5,1,10,87.2,50,39,78.9,2,85.39,Low,False
STU13176,SE501,Spring 2024,1,61.5,57.0,60.2,2.41,4,19,Female,High,3.5,High-Speed,High School,10,7.4,2,8,80.5,45,27,59.8,4,61.0,Medium,False
STU13177,SE501,Spring 2025,3,55.9,54.8,55.6,2.22,4,22,Female,Medium,8.4,High-Speed,High School,9,10.2,3,9,70.5,40,26,66.2,3,60.7,High,False
STU13178,SE501,Spring 2026,5,48.9,44.5,47.6,1.9,3,20,Female,Low,23.4,High-Speed,Bachelors,14,1.2,5,3,59.8,40,31,78.2,2,72.06,Medium,False
STU13179,DB401,Spring 2026,5,65.4,65.1,65.3,2.61,4,18,Female,Low,3.7,High-Speed,Doctorate,13,8.2,5,14,71.5,50,32,63.3,2,65.45,Medium,False
STU13180,CS101,Fall 2025,4,54.9,56.2,55.3,2.21,4,25,Male,Medium,16.3,High-Speed,Bachelors,10,13.4,7,10,60.3,40,26,63.8,1,58.96,Medium,False
STU13181,SE501,Spring 2024,1,42.1,40.7,41.7,1.67,4,23,Male,High,0.1,High-Speed,High School,15,9.7,7,7,62.5,50,34,68.8,4,69.4,Medium,True
STU13182,AI301,Fall 2024,2,54.5,58.9,55.8,2.23,3,25,Male,Low,0.0,High-Speed,High School,12,10.8,5,4,62.3,45,27,59.1,4,60.01,Medium,False
STU13183,AI301,Spring 2024,1,62.4,70.7,64.9,2.6,4,20,Male,Medium,13.5,High-Speed,High School,11,22.0,6,3,81.9,50,25,50.6,5,58.18,Medium,False
STU13184,DS201,Spring 2025,3,48.1,31.7,43.2,1.73,3,24,Female,Medium,13.6,High-Speed,High School,10,20.1,5,13,68.2,40,27,67.5,0,62.39,Medium,True
STU13185,SE501,Fall 2024,2,44.8,49.3,46.2,1.85,4,20,Female,Low,14.8,High-Speed,Bachelors,15,11.5,1,3,40.7,50,34,67.1,3,64.19,High,False
STU13186,CS101,Fall 2025,4,52.1,51.8,52.0,2.08,3,24,Male,Medium,25.3,High-Speed,Bachelors,9,19.0,2,11,61.6,50,35,70.2,5,60.92,Medium,False
STU13187,DB401,Fall 2025,4,56.3,56.2,56.3,2.25,3,18,Male,Low,1.2,High-Speed,High School,18,21.1,5,10,70.3,50,35,70.0,8,76.06,Low,True
STU13188,CS101,Spring 2025,3,55.4,54.1,55.0,2.2,3,23,Female,Medium,2.5,Moderate,High School,14,18.1,8,5,73.4,40,29,71.6,1,71.48,Low,False
STU13189,DS201,Spring 2024,1,51.0,54.1,51.9,2.08,3,20,Female,Low,22.2,High-Speed,High School,15,16.5,5,9,53.5,40,33,82.9,5,74.65,Medium,False
STU13190,CS101,Fall 2024,2,57.0,57.4,57.1,2.28,4,25,Male,Medium,1.9,High-Speed,Masters,14,20.5,5,12,79.5,50,25,50.7,5,62.25,High,False
STU13191,SE501,Spring 2026,5,66.5,70.6,67.7,2.71,4,24,Female,Low,10.9,Limited,Bachelors,20,18.8,3,8,83.9,45,36,80.2,2,86.88,Low,False
STU13192,DS201,Fall 2024,2,60.0,60.1,60.0,2.4,3,23,Female,High,7.2,Moderate,Doctorate,10,8.9,3,6,76.9,40,23,57.6,1,59.18,Low,False
STU13193,AI301,Fall 2024,2,64.7,67.4,65.5,2.62,4,21,Male,Low,0.8,Limited,Bachelors,17,14.1,4,12,72.5,45,30,67.7,4,73.85,Low,False
STU13194,SE501,Spring 2026,5,73.1,77.0,74.3,2.97,3,21,Male,High,3.2,Moderate,High School,12,12.2,10,5,78.3,40,29,72.2,3,69.76,Medium,False
STU13195,SE501,Fall 2024,2,52.6,52.0,52.4,2.1,4,21,Female,High,7.0,High-Speed,High School,12,20.8,0,7,76.5,50,35,70.3,3,68.45,Medium,False
STU13196,DS201,Spring 2025,3,63.4,67.2,64.5,2.58,4,22,Female,High,18.2,High-Speed,Bachelors,10,12.1,3,14,60.3,50,36,72.0,1,63.06,Medium,False
STU13197,DB401,Fall 2024,2,64.8,67.3,65.6,2.62,3,20,Female,Medium,11.7,Moderate,Bachelors,15,11.2,4,11,83.6,50,35,69.2,6,73.82,Low,False
STU13198,SE501,Fall 2025,4,58.1,59.0,58.4,2.34,4,18,Male,Medium,9.2,Limited,Bachelors,13,20.1,3,9,85.1,45,25,56.3,2,64.67,Medium,False
STU13199,SE501,Fall 2023,0,42.5,39.0,41.4,1.66,3,25,Male,Medium,6.5,Moderate,Bachelors,7,16.3,1,6,50.9,45,22,48.7,3,45.03,High,False
STU13200,DB401,Fall 2024,2,49.6,45.4,48.3,1.93,4,18,Female,Low,3.4,Moderate,Bachelors,16,25.6,5,3,54.1,45,33,72.5,4,71.07,Low,False
STU13201,CS101,Fall 2024,2,42.6,44.5,43.2,1.73,4,22,Female,Medium,1.2,High-Speed,High School,7,10.7,5,5,74.7,50,32,63.7,2,57.29,High,False
STU13202,DS201,Spring 2024,1,64.5,67.7,65.5,2.62,4,18,Male,Low,5.0,High-Speed,Masters,9,12.4,1,12,75.6,50,35,69.1,5,63.17,Medium,False
STU13203,DB401,Fall 2023,0,66.1,64.5,65.6,2.62,4,24,Female,High,0.3,Limited,Bachelors,9,20.6,4,2,82.8,40,28,70.9,5,65.51,Medium,False
STU13204,CS101,Fall 2024,2,66.2,69.8,67.3,2.69,3,21,Female,Low,2.3,Moderate,High School,12,8.6,0,14,83.1,50,38,76.2,4,72.72,Low,False
STU13205,DB401,Fall 2024,2,42.8,39.3,41.7,1.67,3,25,Female,Medium,5.4,Limited,Bachelors,11,21.6,5,10,78.3,45,26,58.0,3,61.16,Medium,True
STU13206,SE501,Fall 2025,4,46.6,46.0,46.4,1.86,4,20,Female,Medium,5.2,Moderate,Bachelors,12,9.0,3,7,71.3,40,17,41.7,4,53.11,Medium,False
STU13207,CS101,Spring 2025,3,55.8,52.9,54.9,2.2,4,18,Female,Medium,0.4,High-Speed,High School,9,18.1,3,8,60.6,45,31,70.0,1,60.62,Medium,False
STU13208,CS101,Spring 2025,3,76.2,72.9,75.2,3.01,3,18,Male,Medium,8.4,High-Speed,Bachelors,9,5.8,7,2,82.7,50,35,70.5,4,65.29,Low,False
STU13209,SE501,Fall 2025,4,51.3,47.2,50.1,2.0,3,19,Female,Low,7.6,Limited,High School,9,15.2,4,6,80.2,45,18,40.3,2,49.69,High,False
STU13210,AI301,Fall 2024,2,49.3,66.4,54.4,2.18,4,19,Male,Medium,0.8,High-Speed,High School,14,8.2,7,10,83.0,50,38,75.1,3,75.15,Low,False
STU13211,AI301,Spring 2025,3,56.9,62.6,58.6,2.34,3,19,Female,Low,27.2,High-Speed,High School,16,24.6,1,2,56.5,50,38,75.5,2,73.05,Medium,False
STU13212,DS201,Fall 2025,4,72.1,74.5,72.8,2.91,4,20,Male,High,1.0,High-Speed,High School,18,9.6,4,2,85.7,45,32,71.1,5,79.69,Low,False
STU13213,AI301,Spring 2024,1,66.2,64.2,65.6,2.62,4,21,Female,Medium,18.3,High-Speed,High School,18,10.9,2,12,84.9,45,39,87.2,1,87.58,Low,False
STU13214,DB401,Spring 2024,1,43.8,38.2,42.1,1.68,3,23,Male,High,0.0,High-Speed,High School,15,17.7,6,3,60.6,50,40,79.7,4,74.47,Low,True
STU13215,SE501,Fall 2023,0,70.0,62.4,67.7,2.71,3,21,Male,Low,20.3,Moderate,Masters,10,12.0,3,4,74.3,45,28,63.2,4,61.46,Medium,False
STU13216,DB401,Spring 2024,1,57.1,56.3,56.9,2.28,4,25,Male,Low,0.2,High-Speed,High School,13,18.5,6,7,77.3,40,25,63.0,2,66.46,Medium,False
STU13217,CS101,Fall 2023,0,57.9,62.5,59.3,2.37,4,21,Male,Low,13.5,High-Speed,Bachelors,12,11.4,3,12,83.3,40,29,72.1,2,70.71,Low,False
STU13218,DS201,Spring 2025,3,57.7,52.5,56.2,2.25,3,20,Female,Low,4.3,Moderate,High School,9,11.1,2,7,69.9,50,29,58.5,4,56.73,Medium,False
STU13219,DB401,Spring 2026,5,47.8,50.7,48.7,1.95,3,24,Female,Low,12.7,High-Speed,Bachelors,10,14.9,5,11,68.7,40,28,69.5,1,63.49,High,False
STU13220,AI301,Fall 2024,2,52.1,53.1,52.4,2.1,4,24,Female,Medium,4.9,Moderate,High School,19,8.9,2,11,71.6,50,39,77.4,3,81.52,Low,False
STU13221,SE501,Spring 2025,3,49.9,50.6,50.1,2.0,4,20,Male,Low,0.7,High-Speed,High School,19,17.0,6,2,60.7,50,36,71.6,2,76.44,Low,False
STU13222,AI301,Fall 2023,0,56.3,69.5,60.2,2.41,4,19,Male,Medium,13.9,Limited,High School,8,19.4,4,4,72.2,45,29,63.7,2,58.29,High,False
STU13223,SE501,Fall 2025,4,49.7,51.1,50.1,2.0,4,18,Male,High,0.7,High-Speed,Doctorate,9,17.8,6,14,78.4,50,29,58.1,1,58.23,High,False
STU13224,AI301,Fall 2023,0,55.2,56.2,55.5,2.22,4,22,Male,Medium,24.2,High-Speed,Bachelors,13,18.2,2,14,79.7,40,19,47.0,5,58.94,Medium,False
STU13225,AI301,Spring 2025,3,63.6,60.7,62.7,2.51,3,22,Female,Medium,0.5,Moderate,High School,15,5.4,6,10,68.7,45,34,76.5,2,74.49,Low,False
STU13226,DS201,Spring 2026,5,71.7,68.5,70.8,2.83,4,23,Male,Medium,6.2,Moderate,High School,23,12.7,2,9,79.9,40,40,100.0,4,95.98,Low,False
STU13227,DB401,Fall 2024,2,56.3,50.8,54.7,2.19,3,18,Male,Medium,12.2,High-Speed,High School,17,13.9,2,12,74.1,40,28,70.7,1,75.67,Low,False
STU13228,SE501,Spring 2024,1,61.3,54.7,59.3,2.37,3,23,Male,Low,4.7,Limited,High School,11,22.3,6,10,72.2,40,26,64.0,3,62.94,Medium,False
STU13229,AI301,Spring 2024,1,68.2,67.0,67.9,2.72,3,19,Male,Medium,2.3,High-Speed,Bachelors,9,12.1,0,12,95.5,50,32,63.2,5,64.2,Medium,False
STU13230,AI301,Fall 2023,0,48.0,50.5,48.7,1.95,3,23,Female,Medium,13.5,Limited,Bachelors,12,3.5,6,9,75.3,45,30,66.0,3,66.06,Medium,False
STU13231,AI301,Spring 2026,5,63.5,54.2,60.7,2.43,4,18,Female,High,14.6,High-Speed,Bachelors,12,10.0,5,10,70.4,50,32,64.0,4,64.08,High,False
STU13232,CS101,Spring 2026,5,61.2,60.5,61.0,2.44,3,25,Male,Medium,24.3,High-Speed,High School,12,11.7,6,8,73.7,45,29,63.9,5,64.69,Medium,False
STU13233,CS101,Fall 2024,2,53.2,49.2,52.0,2.08,3,18,Male,Medium,4.5,High-Speed,Bachelors,12,4.2,4,11,72.2,45,32,71.5,5,68.19,Low,False
STU13234,AI301,Spring 2025,3,54.7,58.5,55.8,2.23,3,22,Male,Medium,6.7,High-Speed,High School,26,19.8,5,14,69.5,45,45,100.0,5,93.9,Low,False
STU13235,CS101,Spring 2024,1,62.3,60.4,61.7,2.47,4,24,Male,Low,4.3,High-Speed,High School,12,7.2,2,10,80.6,50,35,69.4,1,68.82,Low,False
STU13236,DB401,Spring 2026,5,58.6,62.8,59.9,2.4,3,19,Male,Medium,2.8,High-Speed,Bachelors,8,17.2,4,4,73.2,40,28,68.8,5,61.04,Low,False
STU13237,DS201,Fall 2024,2,60.4,57.5,59.5,2.38,3,25,Female,Medium,13.2,High-Speed,High School,9,9.5,5,7,84.7,45,27,61.1,6,60.99,Medium,False
STU13238,DB401,Fall 2024,2,66.9,69.3,67.6,2.7,4,20,Female,Low,3.9,High-Speed,Bachelors,12,22.5,2,7,70.4,45,31,69.2,3,66.68,Medium,False
STU13239,AI301,Spring 2024,1,66.8,66.8,66.8,2.67,3,25,Female,Low,5.3,High-Speed,Masters,12,13.6,6,14,92.3,40,30,75.4,3,74.16,Low,False
STU13240,DB401,Fall 2025,4,64.1,66.5,64.8,2.59,3,25,Male,Low,4.9,Moderate,High School,16,12.6,1,2,71.9,40,32,80.6,5,78.68,Low,False
STU13241,DB401,Spring 2026,5,56.9,61.9,58.4,2.34,3,23,Male,Medium,11.8,High-Speed,Masters,9,17.6,2,13,72.5,40,23,58.4,3,57.2,Medium,False
STU13242,AI301,Fall 2025,4,53.7,63.0,56.5,2.26,4,22,Female,Low,23.7,Moderate,High School,13,10.0,3,14,65.8,50,39,77.4,4,71.36,Low,False
STU13243,DB401,Spring 2025,3,64.1,64.7,64.3,2.57,3,23,Female,Medium,10.4,Limited,High School,10,17.9,5,13,76.3,40,27,68.5,4,64.51,Medium,False
STU13244,AI301,Fall 2024,2,68.9,68.7,68.8,2.75,3,23,Female,Medium,6.1,Moderate,Bachelors,7,12.6,5,12,96.3,50,24,48.7,5,54.11,Medium,False
STU13245,SE501,Fall 2024,2,57.7,64.8,59.8,2.39,3,20,Male,Medium,14.3,Limited,Bachelors,13,12.0,4,11,72.7,45,36,79.8,3,73.94,Low,False
STU13246,DB401,Fall 2024,2,39.6,36.2,38.6,1.54,4,19,Female,High,9.7,High-Speed,High School,9,14.6,4,11,81.9,40,21,53.5,4,56.63,Medium,False
STU13247,DS201,Fall 2023,0,46.2,48.6,46.9,1.88,4,18,Male,High,0.6,High-Speed,Bachelors,11,9.6,8,8,69.8,45,28,61.5,3,61.21,Low,False
STU13248,CS101,Spring 2026,5,49.1,46.2,48.2,1.93,3,21,Female,Medium,1.0,High-Speed,Doctorate,16,14.0,5,4,42.4,45,36,79.1,4,72.03,Medium,False
STU13249,DB401,Spring 2025,3,42.2,41.5,42.0,1.68,3,23,Female,Low,0.4,High-Speed,High School,7,16.7,4,13,91.6,40,18,45.3,3,51.47,High,False
STU13250,CS101,Spring 2025,3,57.2,53.6,56.1,2.24,3,21,Female,Medium,5.8,Moderate,Masters,13,3.5,3,3,78.2,50,38,75.2,5,72.74,Low,False
STU13251,DS201,Fall 2024,2,66.9,70.3,67.9,2.72,3,19,Male,Medium,16.6,High-Speed,Bachelors,9,20.5,2,8,100.0,45,30,66.7,4,66.85,Low,False
STU13252,DB401,Fall 2024,2,66.6,65.4,66.2,2.65,3,21,Female,Medium,3.6,High-Speed,Masters,15,19.1,4,11,73.5,45,36,80.1,1,77.25,Low,False
STU13253,CS101,Fall 2023,0,59.6,53.5,57.8,2.31,3,23,Male,Medium,4.6,Moderate,High School,15,5.7,5,5,69.9,50,30,59.4,3,66.18,Medium,False
STU13254,DB401,Fall 2023,0,53.3,47.0,51.4,2.06,3,20,Male,Low,22.8,High-Speed,Bachelors,14,4.9,3,8,71.8,45,24,54.3,5,62.51,Medium,False
STU13255,DB401,Spring 2026,5,59.9,60.6,60.1,2.4,3,21,Male,Medium,17.2,High-Speed,High School,14,19.2,4,2,80.5,40,29,72.7,5,73.45,Low,False
STU13256,DS201,Fall 2025,4,51.9,57.3,53.5,2.14,3,19,Female,Low,10.4,High-Speed,Masters,13,18.8,3,11,69.9,50,34,67.9,1,67.43,High,False
STU13257,CS101,Spring 2026,5,53.1,43.9,50.3,2.01,3,19,Male,Medium,2.9,Limited,Bachelors,14,18.1,6,9,66.7,40,27,67.2,3,67.94,Medium,False
STU13258,CS101,Spring 2024,1,59.2,57.9,58.8,2.35,3,24,Male,Medium,1.2,Moderate,High School,8,7.9,5,3,63.1,40,28,68.9,1,59.07,Medium,False
STU13259,CS101,Fall 2024,2,68.0,65.0,67.1,2.68,4,24,Female,Medium,0.2,High-Speed,High School,16,24.1,2,9,72.4,40,35,87.0,2,81.98,Low,False
STU13260,AI301,Spring 2026,5,54.2,58.6,55.5,2.22,3,20,Male,Low,1.1,High-Speed,Masters,7,11.2,6,9,83.1,45,23,51.8,1,53.02,Medium,False
STU13261,DB401,Fall 2023,0,70.1,65.3,68.7,2.75,4,21,Female,Medium,3.3,High-Speed,Bachelors,11,16.2,2,10,76.0,45,33,72.9,2,68.15,Low,False
STU13262,DB401,Spring 2024,1,50.0,49.9,50.0,2.0,4,21,Male,Medium,7.6,High-Speed,High School,8,16.3,9,5,74.1,50,29,57.5,2,55.57,Medium,False
STU13263,SE501,Spring 2025,3,68.5,62.1,66.6,2.66,3,24,Male,Low,0.6,Moderate,Bachelors,14,23.0,4,13,70.8,45,35,78.6,6,74.46,Low,False
STU13264,DS201,Fall 2023,0,44.2,50.2,46.0,1.84,4,18,Female,Medium,1.4,High-Speed,Masters,11,15.6,7,2,59.8,40,24,59.6,5,58.26,Medium,False
STU13265,DS201,Fall 2024,2,47.6,43.0,46.2,1.85,4,22,Male,Medium,1.9,High-Speed,High School,8,17.1,6,11,77.3,50,32,64.0,3,59.46,Medium,False
STU13266,AI301,Fall 2025,4,45.4,51.3,47.2,1.89,4,19,Male,Medium,9.5,Limited,High School,4,14.6,3,9,64.7,50,24,47.4,0,42.64,High,False
STU13267,CS101,Fall 2025,4,45.8,46.0,45.8,1.83,3,18,Female,Medium,9.1,Moderate,Masters,19,9.0,2,10,74.5,40,30,76.0,4,81.4,Low,False
STU13268,DB401,Spring 2026,5,63.7,59.2,62.3,2.49,3,19,Female,Medium,7.6,Moderate,High School,12,3.4,4,12,86.8,45,35,78.3,3,74.51,Low,False
STU13269,CS101,Spring 2024,1,63.0,66.1,63.9,2.56,3,25,Female,Medium,2.7,High-Speed,High School,15,15.2,4,10,69.4,50,36,72.1,3,72.43,Low,False
STU13270,CS101,Spring 2026,5,63.6,67.4,64.7,2.59,3,25,Male,Medium,4.4,High-Speed,High School,15,7.9,4,7,60.5,45,37,82.7,3,75.95,Low,False
STU13271,AI301,Fall 2024,2,66.5,75.0,69.0,2.76,4,18,Male,Medium,1.0,High-Speed,Masters,12,16.8,3,9,79.5,50,30,59.9,4,63.85,Medium,False
STU13272,DS201,Fall 2025,4,51.1,53.9,52.0,2.08,4,25,Female,Medium,2.4,Moderate,High School,10,15.7,4,9,78.9,40,25,63.0,4,62.28,Medium,False
STU13273,AI301,Fall 2024,2,36.0,39.3,37.0,1.48,4,24,Female,Low,21.7,High-Speed,Bachelors,9,15.6,7,6,61.3,40,20,50.0,4,50.76,High,False
STU13274,CS101,Fall 2024,2,61.8,66.1,63.1,2.52,4,24,Female,Low,37.0,Moderate,Masters,16,9.7,3,5,61.4,50,40,80.1,4,76.33,Low,False
STU13275,CS101,Spring 2025,3,50.2,33.3,45.1,1.8,4,22,Female,Low,9.9,Limited,High School,11,20.2,7,11,76.9,40,25,63.5,7,63.63,Medium,False
STU13276,AI301,Fall 2025,4,60.3,62.3,60.9,2.44,3,18,Female,Medium,23.6,High-Speed,Masters,11,17.4,4,11,85.2,40,25,61.3,2,64.19,Medium,False
STU13277,DB401,Fall 2024,2,51.4,56.4,52.9,2.12,3,19,Male,Medium,9.8,High-Speed,Bachelors,11,9.1,3,12,80.1,40,28,68.8,2,66.92,Low,False
STU13278,AI301,Spring 2024,1,58.4,59.5,58.7,2.35,3,21,Male,Medium,0.3,Moderate,Bachelors,17,25.3,10,3,65.9,45,40,89.1,2,83.23,Low,False
STU13279,DS201,Spring 2026,5,66.9,64.4,66.2,2.65,3,19,Female,Low,54.5,Limited,High School,21,13.9,4,4,89.1,50,44,88.1,3,91.87,Low,False
STU13280,SE501,Fall 2023,0,57.1,53.6,56.0,2.24,3,23,Male,High,1.0,Moderate,Bachelors,17,8.3,4,12,66.9,45,34,76.1,4,76.93,Low,False
STU13281,DS201,Spring 2024,1,59.8,59.6,59.7,2.39,4,24,Male,Medium,10.9,High-Speed,High School,9,11.2,2,13,86.4,40,26,65.3,5,63.43,Low,False
STU13282,DS201,Spring 2025,3,60.1,59.4,59.9,2.4,4,20,Female,High,2.8,High-Speed,High School,10,7.5,0,4,87.0,40,23,58.7,3,61.75,Medium,False
STU13283,SE501,Spring 2026,5,67.2,68.3,67.5,2.7,3,20,Female,Medium,4.7,Moderate,Masters,17,21.8,3,13,80.4,50,42,83.2,2,83.18,Low,False
STU13284,SE501,Spring 2026,5,67.0,67.0,67.0,2.68,3,24,Male,Medium,9.9,Moderate,High School,21,20.4,1,7,63.1,50,48,95.0,5,90.12,Low,False
STU13285,SE501,Spring 2026,5,49.6,52.7,50.5,2.02,3,23,Male,Low,5.4,High-Speed,Masters,7,18.7,2,8,86.8,45,20,43.9,2,49.81,Medium,False
STU13286,DS201,Fall 2025,4,63.2,56.7,61.3,2.45,3,20,Male,Low,2.7,High-Speed,High School,9,17.8,7,7,95.4,50,26,52.9,4,59.03,High,False
STU13287,AI301,Fall 2025,4,69.8,73.9,71.0,2.84,3,25,Female,Low,3.9,Moderate,High School,12,21.2,3,12,86.5,45,30,67.5,5,69.05,Medium,False
STU13288,DS201,Fall 2023,0,37.3,43.6,39.2,1.57,3,24,Female,Medium,4.0,High-Speed,Masters,10,13.8,5,2,59.5,45,26,57.0,6,55.4,Medium,True
STU13289,AI301,Fall 2025,4,47.9,39.5,45.4,1.82,3,20,Male,Medium,30.4,Moderate,High School,18,17.1,0,8,57.6,50,41,82.0,4,79.52,Low,False
STU13290,AI301,Spring 2024,1,62.8,60.6,62.1,2.48,4,24,Male,Medium,15.2,High-Speed,Masters,9,10.9,4,13,77.4,50,33,65.4,2,61.68,High,False
STU13291,AI301,Spring 2026,5,51.4,55.6,52.7,2.11,3,22,Female,Medium,5.8,Moderate,Bachelors,8,14.2,2,14,57.9,50,27,54.8,4,50.98,Medium,False
STU13292,DB401,Spring 2025,3,48.7,50.8,49.3,1.97,4,21,Male,High,2.1,Moderate,High School,10,17.3,2,10,74.6,50,27,53.6,2,56.72,High,False
STU13293,CS101,Fall 2025,4,53.3,47.6,51.6,2.06,4,21,Female,Low,15.8,High-Speed,Bachelors,11,1.0,3,9,71.8,45,22,49.4,0,55.56,High,False
STU13294,CS101,Fall 2023,0,53.0,56.0,53.9,2.16,4,19,Female,Low,1.6,Moderate,High School,17,11.9,4,12,62.5,50,39,77.7,1,76.85,Low,False
STU13295,DB401,Fall 2023,0,62.4,53.1,59.6,2.38,3,23,Male,Medium,2.2,Moderate,High School,14,15.8,0,6,82.8,40,29,73.7,3,74.41,Low,False
STU13296,DB401,Fall 2024,2,46.9,49.5,47.7,1.91,3,24,Female,Medium,4.3,Limited,Bachelors,12,14.6,1,5,60.9,40,23,56.9,6,58.63,High,False
STU13297,DB401,Fall 2023,0,63.2,70.0,65.3,2.61,4,18,Male,Medium,20.2,High-Speed,High School,14,12.7,6,6,81.0,50,37,74.7,6,74.55,Low,False
STU13298,SE501,Spring 2026,5,68.3,68.1,68.2,2.73,4,19,Male,Medium,1.3,Moderate,High School,12,17.9,2,14,70.5,40,29,72.4,3,68.3,Medium,False
STU13299,CS101,Spring 2025,3,74.5,78.5,75.7,3.03,4,19,Female,Low,1.2,Moderate,Masters,13,11.5,2,4,72.6,45,29,64.0,3,66.02,Low,False
STU13300,DS201,Spring 2026,5,44.9,46.6,45.4,1.82,4,24,Male,Medium,6.5,High-Speed,Masters,15,8.9,2,10,70.8,40,28,68.8,2,71.06,Low,False
STU13301,AI301,Spring 2024,1,51.5,47.8,50.4,2.02,4,24,Other,High,3.1,Moderate,Bachelors,10,20.9,1,6,71.1,50,35,69.1,2,63.77,Medium,False
STU13302,DB401,Fall 2024,2,59.8,56.9,58.9,2.36,3,19,Female,Low,8.0,High-Speed,Bachelors,13,20.2,3,8,90.9,40,29,72.4,6,73.88,Low,False
STU13303,CS101,Fall 2025,4,56.1,54.5,55.6,2.22,3,19,Male,High,5.7,High-Speed,Bachelors,13,12.0,2,8,46.8,40,26,65.8,3,61.76,Medium,False
STU13304,DB401,Spring 2026,5,75.4,74.1,75.0,3.0,4,21,Male,High,5.4,High-Speed,Bachelors,13,14.7,4,2,88.9,50,38,75.7,0,75.13,Low,False
STU13305,DS201,Fall 2025,4,53.5,59.3,55.2,2.21,4,18,Male,Low,1.1,High-Speed,Bachelors,11,19.2,2,7,47.6,45,31,68.3,2,60.17,Medium,False
STU13306,DS201,Spring 2024,1,54.7,62.2,57.0,2.28,4,25,Male,Low,1.4,Limited,Doctorate,9,15.2,2,14,85.4,45,27,59.3,2,60.23,Medium,False
STU13307,AI301,Fall 2024,2,51.9,56.2,53.2,2.13,4,19,Male,Medium,16.3,Moderate,High School,12,17.7,6,5,70.7,50,27,54.8,1,59.54,Medium,False
STU13308,AI301,Spring 2025,3,43.5,50.8,45.7,1.83,3,25,Male,Medium,20.6,High-Speed,Bachelors,15,17.4,4,4,78.5,40,25,61.9,4,69.15,Medium,False
STU13309,SE501,Spring 2025,3,60.4,61.8,60.8,2.43,3,21,Male,Medium,2.5,Moderate,Masters,9,13.4,5,14,70.1,45,30,66.2,1,60.62,Medium,False
STU13310,DB401,Spring 2025,3,58.6,45.3,54.6,2.18,3,19,Female,Medium,1.1,High-Speed,Bachelors,9,17.6,4,4,71.1,50,34,67.6,4,61.52,Medium,False
STU13311,AI301,Spring 2024,1,46.3,46.3,46.3,1.85,4,20,Female,Medium,0.5,High-Speed,Masters,8,10.2,5,7,73.1,45,23,51.8,4,52.52,Medium,False
STU13312,SE501,Spring 2024,1,62.2,58.4,61.1,2.44,3,19,Female,Low,8.9,High-Speed,High School,10,17.0,6,2,74.6,50,33,65.4,5,62.62,Medium,False
STU13313,AI301,Spring 2026,5,43.7,47.0,44.7,1.79,4,24,Male,High,11.9,High-Speed,High School,11,14.6,5,6,63.2,45,22,50.0,4,54.14,High,True
STU13314,CS101,Spring 2026,5,34.6,33.9,34.4,1.38,4,23,Male,Medium,4.4,High-Speed,Masters,10,13.2,4,5,56.8,50,33,66.7,4,59.71,High,True
STU13315,AI301,Spring 2025,3,46.2,47.7,46.6,1.86,3,23,Female,Medium,10.8,Moderate,High School,12,8.8,3,11,40.3,45,22,49.6,5,50.86,High,False
STU13316,CS101,Fall 2025,4,75.8,76.0,75.9,3.04,4,19,Male,High,11.9,High-Speed,Bachelors,15,15.7,7,9,71.6,50,42,83.2,4,78.42,Low,False
STU13317,SE501,Spring 2024,1,52.0,49.2,51.1,2.04,3,22,Male,Medium,26.0,High-Speed,High School,8,15.2,4,10,100.0,40,23,57.2,1,60.6,Medium,False
STU13318,SE501,Spring 2026,5,49.3,45.1,48.0,1.92,3,20,Female,Low,0.6,High-Speed,Bachelors,11,10.8,6,9,51.9,50,33,66.0,1,59.88,High,False
STU13319,AI301,Fall 2025,4,79.3,76.8,78.5,3.14,4,18,Female,Medium,2.0,High-Speed,Bachelors,13,7.0,6,8,92.3,40,30,76.1,3,76.01,Low,False
STU13320,CS101,Fall 2024,2,40.7,42.9,41.3,1.65,4,19,Female,Medium,0.7,Limited,High School,6,6.8,4,4,74.9,50,27,53.2,2,50.58,Medium,False
STU13321,SE501,Spring 2025,3,41.6,48.5,43.7,1.75,4,25,Male,Low,19.2,High-Speed,Bachelors,14,13.7,2,9,71.7,40,30,74.7,0,72.69,Medium,True
STU13322,CS101,Spring 2025,3,58.1,60.3,58.8,2.35,3,18,Female,High,14.9,Moderate,Bachelors,10,16.5,6,2,80.4,50,35,69.6,1,65.88,Medium,False
STU13323,SE501,Spring 2024,1,55.4,68.1,59.2,2.37,4,20,Female,Low,8.1,High-Speed,High School,11,24.2,2,5,68.7,40,27,68.0,5,64.24,Medium,False
STU13324,DS201,Spring 2026,5,52.7,55.9,53.7,2.15,4,19,Female,Medium,0.8,Moderate,Bachelors,6,14.8,4,4,64.0,50,21,42.1,1,42.85,High,False
STU13325,DB401,Spring 2024,1,69.9,71.0,70.2,2.81,4,22,Female,Medium,3.0,High-Speed,Bachelors,14,6.9,4,12,53.6,45,34,75.6,2,69.52,High,False
STU13326,SE501,Spring 2024,1,62.7,68.4,64.4,2.58,3,21,Female,Low,3.4,Limited,High School,10,14.0,4,4,72.0,45,32,71.3,3,65.05,Medium,False
STU13327,DB401,Spring 2026,5,41.1,34.0,39.0,1.56,4,22,Female,High,7.8,High-Speed,Bachelors,10,21.3,2,3,69.7,45,31,68.0,1,62.94,Medium,True
STU13328,SE501,Spring 2025,3,58.1,54.9,57.2,2.29,3,24,Male,High,2.8,High-Speed,High School,9,11.6,5,8,67.8,45,31,68.5,6,61.31,Medium,False
STU13329,DB401,Fall 2024,2,56.8,59.8,57.7,2.31,3,22,Female,Medium,0.7,Limited,High School,13,20.6,5,11,83.2,50,31,61.5,0,66.89,Low,False
STU13330,DS201,Fall 2025,4,62.7,59.0,61.6,2.46,3,25,Female,Low,12.5,Moderate,Bachelors,11,15.9,4,4,68.0,45,31,69.5,2,64.85,Low,False
STU13331,AI301,Fall 2025,4,42.9,50.0,45.0,1.8,4,21,Female,Low,3.4,High-Speed,Bachelors,11,18.2,3,8,81.9,50,32,63.1,1,64.43,Medium,False
STU13332,AI301,Spring 2026,5,60.2,57.8,59.5,2.38,4,24,Male,Medium,5.7,Limited,Masters,20,24.3,4,3,56.6,40,30,75.4,5,79.02,Low,False
STU13333,SE501,Spring 2024,1,78.7,82.8,79.9,3.2,3,21,Male,Low,1.3,Moderate,High School,15,5.8,3,4,83.8,45,37,81.2,3,79.86,Low,False
STU13334,AI301,Spring 2025,3,60.2,60.7,60.4,2.42,3,23,Female,Medium,15.4,High-Speed,High School,11,19.5,3,13,87.5,45,26,58.6,8,63.3,Medium,True
STU13335,SE501,Spring 2025,3,65.1,74.8,68.0,2.72,3,21,Female,High,7.9,High-Speed,High School,12,14.5,7,4,72.7,45,30,66.6,4,65.84,Low,False
STU13336,SE501,Spring 2026,5,53.5,57.2,54.6,2.18,3,19,Female,Medium,22.0,High-Speed,Bachelors,9,10.3,3,8,72.5,45,21,45.6,3,50.8,High,False
STU13337,AI301,Fall 2024,2,42.1,45.1,43.0,1.72,4,18,Female,High,6.5,High-Speed,Bachelors,12,14.5,1,11,81.3,50,34,67.2,1,67.86,Low,True
STU13338,CS101,Spring 2025,3,65.9,64.2,65.4,2.62,4,23,Female,Medium,27.0,Moderate,Bachelors,17,23.5,2,5,78.9,45,37,82.7,3,82.63,Low,False
STU13339,AI301,Fall 2023,0,50.2,47.4,49.4,1.98,3,23,Female,Medium,21.1,High-Speed,High School,8,21.7,1,13,66.2,45,24,52.6,3,51.54,High,False
STU13340,SE501,Spring 2025,3,51.0,51.4,51.1,2.04,3,18,Female,High,8.2,High-Speed,Masters,16,5.0,2,11,73.6,50,38,75.2,4,76.32,Medium,False
STU13341,DB401,Fall 2023,0,69.9,72.7,70.7,2.83,4,25,Female,Medium,25.8,Moderate,Bachelors,12,11.2,3,8,99.4,40,28,69.1,2,72.43,Medium,False
STU13342,SE501,Fall 2023,0,39.5,41.2,40.0,1.6,4,23,Female,High,3.7,High-Speed,Masters,9,19.7,7,4,65.6,50,33,66.0,1,59.62,High,False
STU13343,DB401,Fall 2025,4,56.9,49.6,54.7,2.19,3,21,Male,Low,4.3,Limited,High School,10,14.9,4,11,78.8,40,25,63.0,3,62.26,Medium,False
STU13344,DB401,Spring 2024,1,61.6,59.9,61.1,2.44,4,22,Male,Low,0.4,Limited,Bachelors,9,14.9,7,10,78.0,40,27,67.1,2,62.65,Medium,False
STU13345,CS101,Fall 2023,0,81.8,83.4,82.3,3.29,3,20,Female,High,8.5,Limited,Bachelors,17,7.2,2,3,73.1,50,41,82.6,6,81.42,Low,False
STU13346,AI301,Spring 2025,3,49.7,44.8,48.2,1.93,3,25,Male,Medium,12.2,Moderate,Bachelors,15,11.3,1,13,86.6,45,25,55.6,1,67.62,Medium,False
STU13347,AI301,Spring 2026,5,71.7,73.7,72.3,2.89,3,21,Male,High,14.1,High-Speed,High School,12,8.2,6,12,92.3,50,36,72.1,5,72.51,Low,False
STU13348,DS201,Fall 2024,2,52.9,50.7,52.3,2.09,3,24,Male,High,1.5,High-Speed,Doctorate,10,6.7,4,14,90.4,45,30,66.3,3,66.23,Medium,False
STU13349,DB401,Spring 2026,5,69.2,72.2,70.1,2.8,3,24,Male,Low,5.6,High-Speed,High School,13,8.7,4,4,82.2,50,34,67.9,0,69.89,Medium,False
STU13350,DB401,Spring 2025,3,69.2,68.1,68.9,2.76,4,22,Male,Medium,1.8,High-Speed,High School,16,10.4,6,13,88.7,40,34,85.3,1,84.39,Low,False
STU13351,CS101,Spring 2026,5,54.2,54.5,54.3,2.17,4,25,Male,Medium,10.3,Moderate,Bachelors,9,11.2,6,7,59.6,50,32,64.5,1,57.67,High,False
STU13352,CS101,Spring 2026,5,32.7,33.6,33.0,1.32,4,25,Female,Medium,1.6,High-Speed,Bachelors,5,10.8,6,12,51.8,40,19,48.0,2,41.86,High,False
STU13353,AI301,Fall 2025,4,46.2,48.9,47.0,1.88,3,22,Female,Medium,22.3,Limited,Bachelors,10,20.1,4,13,40.3,50,32,64.5,4,55.31,Medium,False
STU13354,AI301,Fall 2025,4,47.4,51.6,48.6,1.94,3,25,Male,Low,2.5,Limited,High School,9,10.5,5,14,65.7,50,32,64.5,0,58.89,Low,False
STU13355,DB401,Fall 2024,2,62.2,56.3,60.4,2.42,3,23,Male,Medium,3.3,High-Speed,Bachelors,10,22.1,4,7,91.7,45,30,66.3,3,66.49,Low,False
STU13356,DS201,Fall 2025,4,48.0,47.9,48.0,1.92,3,19,Female,Medium,18.1,High-Speed,Bachelors,12,12.6,2,7,75.3,50,33,66.8,5,66.46,Medium,False
STU13357,CS101,Fall 2023,0,49.7,50.4,49.9,2.0,3,19,Male,Low,5.8,High-Speed,High School,11,17.2,4,11,62.1,45,31,69.2,2,63.52,Medium,False
STU13358,SE501,Spring 2024,1,78.0,93.6,82.7,3.31,4,25,Female,High,0.2,Moderate,Masters,17,17.4,5,9,100.0,50,45,89.4,4,90.2,Low,False
STU13359,CS101,Fall 2023,0,51.7,56.2,53.1,2.12,4,23,Female,Medium,6.5,Moderate,Masters,12,10.5,5,9,61.8,40,27,67.9,2,64.31,Low,False
STU13360,SE501,Spring 2026,5,63.4,64.0,63.6,2.54,4,23,Female,High,0.8,High-Speed,Bachelors,13,13.4,5,7,61.5,50,36,72.3,1,67.95,Medium,False
STU13361,SE501,Fall 2024,2,45.7,39.5,43.8,1.75,4,18,Male,Medium,40.1,High-Speed,High School,12,12.5,2,9,64.5,45,28,61.2,1,61.5,High,True
STU13362,AI301,Spring 2024,1,74.9,74.0,74.6,2.98,4,18,Female,Low,8.4,High-Speed,Masters,14,16.9,0,2,82.1,45,33,73.3,1,74.07,Low,False
STU13363,SE501,Spring 2024,1,38.7,50.3,42.2,1.69,3,20,Male,Medium,2.8,Limited,High School,7,14.4,3,8,57.0,50,23,46.6,4,45.2,High,False
STU13364,DS201,Spring 2025,3,76.3,68.8,74.0,2.96,3,20,Female,Low,7.9,High-Speed,High School,12,11.3,9,4,78.1,40,32,79.9,1,73.57,Low,False
STU13365,AI301,Fall 2024,2,53.6,52.5,53.3,2.13,4,20,Female,High,0.8,High-Speed,High School,11,15.6,6,14,58.1,50,35,69.2,4,62.72,Medium,False
STU13366,AI301,Fall 2025,4,71.8,78.4,73.8,2.95,3,20,Male,Low,15.3,Moderate,High School,12,16.7,0,4,78.1,45,27,60.2,4,63.72,Medium,False
STU13367,SE501,Fall 2024,2,56.9,68.0,60.2,2.41,3,22,Male,Medium,24.6,Moderate,Masters,10,24.3,3,10,79.7,50,30,59.4,3,60.64,Low,False
STU13368,DB401,Spring 2026,5,44.0,43.0,43.7,1.75,4,22,Male,Medium,19.7,Moderate,Bachelors,17,15.3,3,2,65.5,45,34,75.8,1,76.5,Low,True
STU13369,DS201,Fall 2024,2,53.9,57.1,54.9,2.2,3,18,Female,Medium,4.0,High-Speed,Doctorate,14,15.1,3,10,68.9,50,35,70.7,2,70.13,Medium,False
STU13370,AI301,Spring 2026,5,42.7,47.6,44.2,1.77,4,19,Male,Low,3.7,Moderate,High School,12,17.1,7,6,47.1,45,27,59.7,5,57.27,High,True
STU13371,SE501,Spring 2025,3,65.5,69.0,66.5,2.66,3,23,Female,Medium,0.3,High-Speed,Bachelors,11,10.3,4,10,75.8,50,28,55.3,1,59.31,Medium,False
STU13372,DB401,Fall 2024,2,34.3,35.9,34.8,1.39,3,24,Male,Medium,10.0,High-Speed,Doctorate,9,6.4,1,2,70.6,50,25,50.4,3,52.82,Medium,False
STU13373,CS101,Fall 2023,0,43.2,50.2,45.3,1.81,3,19,Female,Low,7.3,High-Speed,Masters,13,13.4,1,7,59.2,50,33,66.8,7,64.74,Medium,False
STU13374,DB401,Fall 2023,0,55.2,61.3,57.0,2.28,4,21,Female,High,5.8,High-Speed,Bachelors,9,20.4,4,2,90.5,40,17,43.2,4,53.2,Medium,False
STU13375,CS101,Fall 2024,2,54.6,57.1,55.3,2.21,4,22,Female,Medium,22.6,High-Speed,High School,11,21.2,2,2,73.7,45,25,56.5,2,59.49,Medium,False
STU13376,AI301,Spring 2025,3,60.3,69.0,62.9,2.52,4,20,Female,Medium,1.7,Limited,Bachelors,15,5.6,4,6,70.3,40,22,55.4,5,64.26,Medium,False
STU13377,DB401,Fall 2024,2,36.2,37.1,36.5,1.46,3,20,Male,Medium,0.1,High-Speed,High School,8,18.3,5,12,88.5,40,16,41.2,4,50.3,High,False
STU13378,DS201,Spring 2026,5,41.1,42.3,41.5,1.66,3,21,Male,Low,0.7,Limited,Bachelors,12,4.1,3,14,48.9,40,27,68.1,2,61.83,Medium,True
STU13379,SE501,Fall 2024,2,44.5,43.5,44.2,1.77,3,19,Female,High,2.4,High-Speed,Bachelors,9,17.3,2,6,61.6,50,16,32.9,2,42.27,High,False
STU13380,SE501,Fall 2023,0,51.9,40.1,48.4,1.94,4,20,Male,Medium,0.3,High-Speed,Bachelors,10,17.0,2,2,67.3,45,29,63.8,2,60.36,Medium,False
STU13381,CS101,Spring 2025,3,53.7,55.0,54.1,2.16,3,19,Male,Low,6.6,Moderate,Bachelors,12,6.4,1,3,48.6,45,32,71.4,4,63.42,High,False
STU13382,SE501,Spring 2024,1,58.7,59.7,59.0,2.36,4,23,Male,Medium,3.6,Moderate,Bachelors,14,20.0,5,4,67.5,40,33,81.8,3,75.4,Low,False
STU13383,AI301,Spring 2026,5,49.6,43.8,47.9,1.92,4,21,Male,Medium,1.9,High-Speed,High School,13,23.7,5,4,47.7,40,22,55.6,8,56.84,Medium,True
STU13384,AI301,Spring 2026,5,45.5,42.2,44.5,1.78,3,24,Male,Medium,13.2,Moderate,Bachelors,10,14.7,8,8,57.6,40,28,69.5,0,61.27,Medium,True
STU13385,DS201,Spring 2024,1,51.3,56.4,52.8,2.11,4,19,Female,Medium,2.2,High-Speed,Bachelors,7,15.7,4,3,75.3,40,23,57.9,3,54.51,Low,False
STU13386,CS101,Spring 2026,5,47.5,40.9,45.5,1.82,4,23,Male,Low,11.1,Limited,High School,10,22.4,1,4,69.1,45,23,50.8,2,54.22,Medium,False
STU13387,DS201,Spring 2026,5,55.6,55.5,55.6,2.22,4,25,Female,Low,4.1,High-Speed,High School,13,9.4,4,2,74.2,40,32,79.3,0,73.99,Medium,False
STU13388,CS101,Spring 2025,3,44.9,49.2,46.2,1.85,3,25,Male,High,6.8,Moderate,High School,8,9.5,3,2,58.1,50,26,51.8,2,49.52,High,False
STU13389,DB401,Spring 2025,3,53.1,47.6,51.4,2.06,4,19,Female,Low,25.8,High-Speed,Bachelors,21,10.8,2,2,68.0,40,29,73.4,1,80.3,Low,False
STU13390,DS201,Spring 2024,1,54.7,55.2,54.9,2.2,3,25,Male,High,0.4,Moderate,Doctorate,11,15.2,3,2,67.2,45,28,63.3,3,61.59,Medium,False
STU13391,DS201,Fall 2024,2,44.6,46.6,45.2,1.81,4,19,Female,Low,6.6,Moderate,High School,9,15.2,9,5,49.6,50,28,56.7,2,51.77,Medium,False
STU13392,DB401,Fall 2023,0,52.1,56.5,53.4,2.14,4,20,Female,High,18.3,High-Speed,Bachelors,14,12.2,1,2,80.3,45,29,64.8,2,69.46,Medium,False
STU13393,DS201,Fall 2023,0,62.2,63.8,62.7,2.51,4,18,Male,Medium,8.4,Limited,Bachelors,8,13.5,4,5,88.3,50,28,56.3,6,57.81,Medium,False
STU13394,DB401,Spring 2024,1,56.5,58.9,57.2,2.29,4,25,Female,Medium,3.1,High-Speed,High School,10,12.3,2,7,85.8,40,20,50.7,4,57.51,Medium,False
STU13395,AI301,Fall 2025,4,37.9,35.5,37.2,1.49,3,22,Other,Low,4.8,High-Speed,Masters,8,12.5,5,4,50.9,50,28,55.7,2,50.03,Medium,False
STU13396,DS201,Spring 2026,5,72.7,74.8,73.3,2.93,3,19,Female,Low,10.8,Moderate,High School,16,11.2,3,4,82.0,45,37,82.2,0,81.5,Low,False
STU13397,DB401,Fall 2025,4,58.0,61.9,59.2,2.37,4,19,Female,Low,21.0,High-Speed,Masters,12,11.2,3,13,66.0,50,38,76.6,3,69.5,Medium,False
STU13398,DB401,Fall 2024,2,62.5,55.6,60.4,2.42,3,19,Male,Low,0.4,High-Speed,High School,9,5.0,5,12,93.8,50,21,41.1,2,52.81,High,False
STU13399,DS201,Spring 2024,1,69.0,71.3,69.7,2.79,3,18,Female,Medium,0.7,High-Speed,High School,12,13.9,2,6,70.3,50,37,73.8,2,68.96,Medium,False
STU13400,DS201,Spring 2024,1,51.4,65.1,55.5,2.22,3,23,Male,Medium,3.7,Moderate,High School,9,5.2,3,11,85.4,45,29,64.9,4,63.03,High,False
STU13401,SE501,Fall 2025,4,60.5,57.9,59.7,2.39,4,25,Male,Medium,2.5,High-Speed,High School,10,18.8,2,14,57.8,50,30,59.8,2,56.46,Medium,False
STU13402,CS101,Spring 2026,5,57.5,58.3,57.7,2.31,3,24,Other,Medium,2.9,High-Speed,Masters,7,12.2,5,13,72.3,50,30,60.3,7,55.11,Medium,False
STU13403,SE501,Fall 2024,2,69.1,65.3,68.0,2.72,4,24,Male,Medium,2.4,Moderate,High School,14,14.4,1,3,100.0,40,27,66.6,2,74.3,Medium,False
STU13404,CS101,Fall 2025,4,38.7,44.9,40.6,1.62,3,21,Female,Medium,2.1,Moderate,Bachelors,8,13.1,4,5,55.5,50,28,55.0,4,50.6,High,False
STU13405,CS101,Fall 2025,4,56.8,59.3,57.5,2.3,3,20,Female,Medium,1.3,Limited,High School,9,13.8,1,2,74.2,40,24,61.0,4,58.84,Medium,False
STU13406,DB401,Fall 2025,4,45.5,45.2,45.4,1.82,4,18,Female,Medium,25.8,Moderate,Masters,13,21.3,4,11,80.9,50,39,77.3,7,74.33,Low,False
STU13407,SE501,Fall 2023,0,43.8,47.9,45.0,1.8,3,23,Other,Medium,1.5,Moderate,Bachelors,15,8.2,5,13,66.6,45,29,65.0,5,68.32,Low,False
STU13408,DS201,Spring 2024,1,30.8,35.6,32.2,1.29,3,19,Male,High,2.2,High-Speed,Bachelors,11,6.9,4,10,62.5,50,26,51.8,2,54.9,High,True
STU13409,DS201,Fall 2024,2,59.5,53.7,57.8,2.31,3,23,Male,Low,2.7,High-Speed,High School,8,15.6,4,4,87.4,50,32,64.2,3,61.58,Medium,False
STU13410,SE501,Fall 2024,2,68.5,70.8,69.2,2.77,3,18,Male,Low,25.7,Moderate,Bachelors,14,12.5,2,9,76.1,40,27,67.9,2,70.17,Low,False
STU13411,AI301,Spring 2024,1,70.6,72.4,71.2,2.85,3,18,Male,Medium,13.4,Limited,High School,14,16.8,10,5,94.5,45,35,76.9,2,78.35,Medium,False
STU13412,CS101,Fall 2023,0,52.1,52.2,52.1,2.08,3,18,Male,Low,14.8,Moderate,High School,10,18.6,3,7,68.4,40,20,50.0,2,53.68,High,False
STU13413,DB401,Spring 2024,1,54.6,54.7,54.6,2.18,4,21,Male,High,1.1,High-Speed,Bachelors,11,9.5,2,11,76.2,40,26,65.0,2,64.24,Medium,False
STU13414,AI301,Fall 2024,2,41.6,45.7,42.8,1.71,3,22,Female,High,17.2,High-Speed,Doctorate,7,18.0,11,12,59.9,45,20,43.9,2,44.43,High,False
STU13415,DB401,Fall 2024,2,45.0,37.9,42.9,1.72,3,20,Female,Low,5.0,Moderate,Masters,13,9.9,6,5,83.6,45,29,64.8,1,68.62,Medium,True
STU13416,AI301,Spring 2026,5,58.9,56.4,58.1,2.32,4,21,Male,Low,2.9,Moderate,Bachelors,13,15.4,2,5,61.9,50,32,64.2,5,63.98,Medium,False
STU13417,DB401,Fall 2023,0,59.3,59.9,59.5,2.38,4,21,Female,Medium,8.1,Moderate,Bachelors,8,8.8,3,12,79.0,40,24,59.0,5,57.3,Medium,False
STU13418,SE501,Spring 2024,1,51.1,48.5,50.3,2.01,3,25,Male,Medium,16.4,High-Speed,Doctorate,8,15.7,2,7,68.7,40,17,43.5,4,47.49,High,False
STU13419,DS201,Fall 2023,0,58.9,58.5,58.8,2.35,3,22,Male,Low,14.3,High-Speed,Bachelors,16,14.9,3,9,71.6,45,31,68.7,4,72.67,Low,False
STU13420,DS201,Fall 2025,4,45.1,43.4,44.6,1.78,3,21,Female,Medium,21.0,Limited,Bachelors,7,9.5,5,10,73.2,50,24,48.6,4,49.44,Medium,False
STU13421,DB401,Spring 2024,1,54.3,59.6,55.9,2.24,3,18,Female,Medium,25.0,Moderate,Masters,12,8.2,5,3,72.9,45,24,52.7,2,58.93,Medium,False
STU13422,CS101,Spring 2025,3,49.7,49.7,49.7,1.99,3,18,Female,Medium,2.6,High-Speed,High School,12,18.8,3,7,73.2,50,28,57.0,1,61.14,Medium,False
STU13423,AI301,Fall 2023,0,52.0,60.7,54.6,2.18,3,25,Male,Low,5.2,High-Speed,High School,12,12.7,4,2,56.4,50,38,75.3,3,66.93,Low,False
STU13424,DB401,Spring 2025,3,65.1,65.1,65.1,2.6,3,23,Female,Medium,0.1,Limited,Bachelors,12,20.1,5,8,77.0,50,32,63.1,1,64.95,Medium,False
STU13425,AI301,Spring 2026,5,63.3,68.8,64.9,2.6,3,19,Female,Low,20.1,Moderate,High School,12,12.3,3,11,65.8,40,29,72.2,3,67.26,Medium,False
STU13426,AI301,Fall 2023,0,53.7,56.6,54.6,2.18,4,21,Female,High,1.6,High-Speed,High School,12,21.5,5,4,78.2,45,30,65.7,4,66.49,Medium,False
STU13427,DB401,Fall 2024,2,51.9,59.1,54.1,2.16,3,19,Female,Medium,18.8,High-Speed,Bachelors,8,10.3,5,10,79.0,50,22,43.2,0,49.4,Medium,False
STU13428,CS101,Spring 2025,3,59.6,58.0,59.1,2.36,3,20,Female,Medium,3.8,High-Speed,Bachelors,14,22.4,6,7,62.5,45,29,64.9,2,65.95,Medium,False
STU13429,CS101,Fall 2024,2,35.6,36.7,35.9,1.44,4,24,Female,High,4.4,High-Speed,Doctorate,12,15.9,4,14,57.5,50,30,60.9,4,59.95,Medium,True
STU13430,DS201,Fall 2024,2,54.9,48.4,53.0,2.12,4,18,Female,High,0.4,Moderate,High School,9,17.0,2,14,77.3,40,23,57.7,2,57.81,High,False
STU13431,CS101,Fall 2024,2,50.5,43.4,48.4,1.94,4,23,Other,Medium,3.8,High-Speed,High School,10,10.0,7,13,71.6,45,24,52.4,1,55.52,Medium,False
STU13432,CS101,Fall 2024,2,40.4,44.7,41.7,1.67,4,20,Female,Low,20.8,Moderate,High School,10,18.6,4,10,73.9,40,24,60.7,0,60.13,High,True
STU13433,CS101,Spring 2024,1,57.6,54.0,56.5,2.26,4,25,Male,Medium,0.2,Moderate,Bachelors,21,18.8,4,7,67.1,50,48,96.1,3,91.47,Low,False
STU13434,DS201,Spring 2024,1,44.0,49.1,45.5,1.82,4,23,Female,Medium,5.0,High-Speed,Bachelors,11,13.4,3,5,68.4,40,26,66.2,0,63.28,Medium,False
STU13435,SE501,Fall 2025,4,53.9,53.8,53.9,2.16,3,24,Male,Low,0.3,High-Speed,Bachelors,12,4.3,6,7,62.8,40,30,74.6,3,67.86,Medium,False
STU13436,DB401,Fall 2024,2,58.7,63.3,60.1,2.4,4,24,Male,High,4.4,High-Speed,High School,13,9.4,5,2,73.4,45,31,69.1,3,68.73,Low,False
STU13437,DB401,Fall 2025,4,38.2,42.2,39.4,1.58,3,25,Female,Low,1.8,High-Speed,Bachelors,9,9.4,2,11,65.5,50,29,58.3,3,55.75,High,False
STU13438,SE501,Fall 2025,4,36.2,30.0,34.3,1.37,4,22,Female,Low,2.8,High-Speed,Bachelors,7,17.2,1,9,49.1,50,28,55.6,2,48.12,High,False
STU13439,DB401,Spring 2025,3,55.7,54.3,55.3,2.21,3,25,Female,Low,20.0,Moderate,High School,11,12.7,10,11,72.5,40,28,70.6,4,66.3,Medium,False
STU13440,CS101,Fall 2023,0,74.9,69.7,73.3,2.93,4,18,Male,Medium,5.4,Moderate,Bachelors,16,12.8,2,9,73.1,45,35,77.3,1,77.27,Low,False
STU13441,CS101,Fall 2024,2,55.8,40.2,51.1,2.04,3,20,Female,Medium,3.0,Moderate,Bachelors,13,12.2,7,4,94.4,45,25,56.4,5,66.58,Medium,False
STU13442,DB401,Spring 2024,1,48.1,44.7,47.1,1.88,3,22,Male,Medium,8.5,Moderate,Doctorate,9,22.3,2,6,60.9,45,27,60.4,1,55.88,Medium,False
STU13443,DB401,Spring 2025,3,62.2,54.0,59.7,2.39,4,24,Other,Medium,1.5,Moderate,Masters,13,15.2,6,6,71.7,40,31,77.4,2,72.54,Medium,False
STU13444,CS101,Spring 2026,5,73.5,73.3,73.4,2.94,4,20,Other,Medium,2.9,Moderate,Bachelors,6,16.0,2,4,84.8,50,32,64.2,4,58.06,Medium,False
STU13445,SE501,Spring 2026,5,63.2,59.4,62.1,2.48,3,23,Female,Medium,7.5,High-Speed,Masters,15,11.9,3,12,74.5,50,40,80.4,1,77.6,Low,False
STU13446,SE501,Spring 2026,5,71.6,74.2,72.4,2.9,3,22,Female,Low,2.6,Limited,Bachelors,9,14.9,4,12,80.5,45,28,63.0,2,61.1,Low,False
STU13447,SE501,Spring 2026,5,43.7,44.1,43.8,1.75,3,22,Female,High,10.8,High-Speed,Masters,12,10.1,5,7,74.6,45,29,64.8,5,65.32,Medium,True
STU13448,DB401,Spring 2024,1,65.3,69.9,66.7,2.67,4,18,Female,Low,6.4,High-Speed,High School,12,16.7,5,12,72.5,45,34,76.3,1,70.65,Low,False
STU13449,AI301,Fall 2025,4,49.7,54.0,51.0,2.04,4,25,Male,High,14.0,High-Speed,Bachelors,8,9.3,2,10,72.0,40,27,68.3,2,60.55,Low,False
STU13450,DB401,Fall 2023,0,53.8,58.0,55.1,2.2,4,19,Male,Low,28.1,Limited,Bachelors,9,18.7,5,12,76.3,45,28,63.2,1,60.36,Medium,False
STU13451,DB401,Fall 2025,4,48.8,50.3,49.3,1.97,4,23,Female,Medium,1.2,Limited,Bachelors,9,11.3,6,13,83.8,50,24,47.1,2,53.81,High,False
STU13452,DS201,Fall 2025,4,53.8,52.1,53.3,2.13,3,23,Female,Low,3.9,Moderate,High School,10,19.7,3,4,90.8,45,29,65.2,0,65.76,Low,False
STU13453,DS201,Fall 2023,0,63.9,61.4,63.1,2.52,4,25,Male,Low,3.7,Moderate,High School,16,24.5,4,10,54.4,40,33,83.3,3,76.53,Low,False
STU13454,CS101,Fall 2024,2,38.5,35.1,37.5,1.5,4,22,Female,High,1.6,High-Speed,High School,10,15.0,1,14,61.6,50,27,54.5,4,54.57,High,True
STU13455,SE501,Fall 2025,4,55.8,54.8,55.5,2.22,4,22,Male,High,15.8,Limited,High School,10,21.6,2,9,87.2,50,33,65.3,1,65.09,Low,False
STU13456,DB401,Fall 2024,2,57.3,61.7,58.6,2.34,3,18,Female,Medium,13.6,Moderate,High School,18,18.8,2,6,83.8,45,29,64.2,2,75.86,Low,False
STU13457,SE501,Spring 2025,3,54.2,59.1,55.7,2.23,4,19,Female,Medium,6.3,Limited,Bachelors,12,7.8,3,14,73.2,40,30,75.9,4,70.59,Low,False
STU13458,CS101,Fall 2024,2,62.9,55.3,60.6,2.42,3,23,Female,Medium,7.3,High-Speed,Masters,15,15.6,2,10,73.6,50,39,77.8,1,76.12,Medium,False
STU13459,DS201,Spring 2025,3,40.2,41.1,40.5,1.62,3,24,Female,High,0.6,High-Speed,Bachelors,13,17.5,6,8,78.0,40,24,60.2,2,65.2,Medium,True
STU13460,CS101,Spring 2026,5,52.7,53.0,52.8,2.11,4,21,Male,Medium,7.7,Moderate,Masters,12,18.0,1,4,77.2,40,29,72.6,3,69.74,Low,False
STU13461,AI301,Fall 2023,0,46.4,41.1,44.8,1.79,4,21,Male,Medium,14.9,High-Speed,Masters,9,15.9,4,11,65.2,50,33,65.9,1,59.49,Medium,False
STU13462,AI301,Fall 2025,4,49.0,52.8,50.1,2.0,3,19,Female,Medium,8.1,Limited,Bachelors,17,15.8,0,14,55.3,50,42,84.5,3,78.81,Low,False
STU13463,SE501,Fall 2025,4,63.4,73.0,66.3,2.65,4,20,Female,Medium,2.9,High-Speed,High School,13,15.0,5,14,62.7,40,27,68.3,2,66.19,Medium,False
STU13464,SE501,Fall 2025,4,51.5,49.3,50.8,2.03,4,18,Male,High,10.5,Limited,High School,11,15.7,3,3,70.4,45,30,67.0,1,64.08,Low,False
STU13465,AI301,Spring 2025,3,57.1,57.0,57.1,2.28,4,19,Female,Low,4.3,High-Speed,Masters,16,8.9,3,12,72.0,50,40,80.6,0,78.7,Low,False
STU13466,AI301,Fall 2023,0,56.2,58.8,57.0,2.28,4,25,Male,Low,7.5,Moderate,High School,13,13.8,5,6,64.7,45,33,72.3,2,68.59,Low,False
STU13467,SE501,Spring 2026,5,67.6,80.0,71.3,2.85,3,25,Female,Medium,6.4,High-Speed,Bachelors,9,7.7,5,4,94.5,50,27,54.1,4,59.45,Low,False
STU13468,AI301,Fall 2025,4,45.9,50.4,47.3,1.89,4,21,Female,Medium,4.6,Moderate,High School,10,12.5,2,13,61.4,45,30,66.4,1,60.48,Medium,False
STU13469,CS101,Fall 2023,0,53.5,50.3,52.6,2.1,4,22,Male,Low,12.1,High-Speed,Masters,9,12.0,3,11,60.9,50,34,67.9,2,59.63,Medium,False
STU13470,SE501,Fall 2025,4,38.0,34.2,36.9,1.48,4,21,Male,Medium,20.5,Limited,Bachelors,10,11.7,1,10,70.0,45,23,50.7,3,54.35,Medium,True
STU13471,SE501,Spring 2026,5,53.0,53.0,53.0,2.12,3,22,Female,High,0.0,Moderate,Masters,19,9.7,6,12,60.0,40,26,66.1,2,73.55,Medium,False
STU13472,AI301,Spring 2024,1,53.0,52.7,52.9,2.12,3,18,Female,Low,25.8,High-Speed,High School,9,16.3,4,11,87.8,50,23,45.6,4,53.86,High,False
STU13473,AI301,Fall 2023,0,42.5,46.4,43.7,1.75,3,22,Female,Medium,6.8,Limited,High School,16,13.4,6,8,71.7,45,25,55.7,4,66.19,High,True
STU13474,DS201,Spring 2025,3,60.9,60.9,60.9,2.44,4,19,Female,Medium,11.5,High-Speed,Bachelors,21,12.9,5,11,95.6,40,36,91.0,4,94.62,Low,False
STU13475,DS201,Spring 2026,5,71.9,73.0,72.2,2.89,4,22,Female,Medium,18.4,High-Speed,Doctorate,9,8.0,4,11,89.8,45,30,66.0,1,64.46,Low,False
STU13476,CS101,Spring 2026,5,60.1,56.3,58.9,2.36,3,20,Female,High,6.0,High-Speed,Bachelors,7,13.5,1,9,68.7,50,32,63.2,5,55.84,High,False
STU13477,DB401,Fall 2025,4,62.1,61.3,61.8,2.47,3,25,Female,Medium,17.1,Moderate,Masters,16,20.7,8,7,63.2,40,33,81.4,8,77.34,Low,True
STU13478,AI301,Fall 2023,0,63.1,65.5,63.8,2.55,4,19,Male,Medium,1.9,High-Speed,Bachelors,12,20.8,8,10,76.6,40,22,55.2,2,60.92,Low,False
STU13479,DS201,Spring 2026,5,56.8,67.7,60.1,2.4,4,25,Male,Medium,1.6,High-Speed,Bachelors,5,16.9,2,7,88.1,50,22,43.2,5,46.72,Medium,False
STU13480,DB401,Spring 2024,1,39.8,39.6,39.7,1.59,4,18,Male,Medium,10.2,Limited,Bachelors,12,13.5,6,14,59.0,45,27,59.3,6,59.45,Medium,True
STU13481,CS101,Spring 2026,5,47.4,48.8,47.8,1.91,3,19,Female,Medium,19.4,Moderate,High School,12,17.8,3,13,48.5,50,33,66.1,2,60.75,Medium,False
STU13482,AI301,Fall 2025,4,50.9,48.4,50.1,2.0,3,20,Male,High,21.2,High-Speed,High School,7,11.7,5,14,66.7,45,14,30.0,1,38.84,High,False
STU13483,SE501,Spring 2026,5,44.4,40.5,43.2,1.73,3,18,Female,Medium,9.8,Moderate,Doctorate,8,13.5,3,4,62.7,50,30,59.0,4,54.04,Medium,False
STU13484,AI301,Fall 2023,0,60.3,62.9,61.1,2.44,4,21,Female,Low,7.1,Limited,Doctorate,15,11.3,4,3,83.8,50,36,73.0,4,75.76,Low,False
STU13485,SE501,Spring 2024,1,47.2,49.6,47.9,1.92,3,20,Female,Low,3.8,High-Speed,Bachelors,16,19.5,4,14,59.4,50,26,51.0,2,61.38,Medium,False
STU13486,DS201,Fall 2024,2,70.5,64.0,68.6,2.74,3,18,Male,Low,37.2,Moderate,High School,9,18.9,7,2,77.8,45,31,68.2,0,63.16,Medium,False
STU13487,AI301,Spring 2025,3,61.5,54.7,59.5,2.38,4,24,Male,Low,3.7,High-Speed,High School,15,14.8,7,10,64.4,45,34,76.0,2,73.38,Low,False
STU13488,SE501,Spring 2025,3,49.4,54.2,50.9,2.04,3,22,Male,High,13.0,Moderate,Doctorate,12,23.7,5,7,62.6,45,35,78.1,2,69.57,Medium,False
STU13489,DB401,Fall 2025,4,65.8,61.9,64.6,2.58,3,19,Male,Medium,7.2,High-Speed,High School,18,17.1,1,5,77.6,40,34,84.7,5,84.87,Low,False
STU13490,AI301,Fall 2025,4,42.9,43.6,43.1,1.72,4,18,Male,Medium,8.9,Moderate,Masters,9,16.8,6,6,56.8,40,19,48.4,4,49.06,High,False
STU13491,AI301,Fall 2023,0,61.7,63.2,62.2,2.49,3,19,Female,Medium,4.8,High-Speed,High School,11,16.2,4,9,86.2,45,25,55.1,2,61.29,Low,False
STU13492,SE501,Fall 2025,4,41.0,41.9,41.3,1.65,4,22,Female,High,31.8,Moderate,Bachelors,7,8.7,3,2,75.1,45,25,55.0,3,53.02,Medium,False
STU13493,SE501,Fall 2025,4,44.5,43.3,44.1,1.76,3,18,Female,Medium,8.1,High-Speed,Masters,18,10.5,3,9,61.9,40,31,76.3,6,77.53,Low,True
STU13494,DB401,Fall 2025,4,65.9,69.1,66.9,2.68,3,21,Female,High,26.4,High-Speed,High School,12,14.7,7,8,97.6,50,35,69.3,3,72.17,Low,False
STU13495,DB401,Spring 2024,1,56.6,62.6,58.4,2.34,4,24,Male,Medium,0.1,High-Speed,High School,8,14.8,3,10,91.4,50,25,50.6,0,55.58,Medium,False
STU13496,SE501,Fall 2023,0,35.0,35.0,35.0,1.4,4,24,Female,High,8.1,Moderate,Doctorate,10,17.9,4,5,49.1,45,25,55.3,1,52.47,High,True
STU13497,CS101,Spring 2025,3,53.2,46.3,51.1,2.04,3,20,Female,Medium,12.0,High-Speed,Bachelors,9,11.7,8,12,67.6,50,32,64.0,6,59.02,Low,False
STU13498,DB401,Spring 2026,5,64.3,58.7,62.6,2.5,3,18,Male,Low,13.0,High-Speed,Bachelors,20,15.4,10,6,66.7,45,42,93.7,1,90.19,Low,False
STU13499,AI301,Fall 2025,4,66.4,73.5,68.5,2.74,3,22,Female,Medium,22.4,High-Speed,Bachelors,16,15.4,3,9,62.6,40,27,66.8,4,69.92,Low,False
STU13500,DB401,Spring 2025,3,63.5,59.6,62.3,2.49,4,18,Male,Medium,0.0,Moderate,High School,20,15.6,0,4,86.5,45,36,80.3,0,87.45,Low,False
STU13501,DB401,Fall 2024,2,44.4,49.1,45.8,1.83,3,19,Female,Low,0.0,High-Speed,High School,11,15.1,5,11,61.8,40,29,72.4,1,65.06,Low,False
STU13502,DS201,Spring 2025,3,65.7,59.0,63.7,2.55,4,23,Other,Medium,6.1,Moderate,Bachelors,11,8.0,2,12,69.4,50,33,65.8,7,63.28,Medium,False
STU13503,SE501,Spring 2025,3,61.0,54.8,59.2,2.37,4,25,Male,Medium,0.3,High-Speed,High School,21,3.7,6,2,68.9,45,43,94.7,6,91.13,Low,False
STU13504,DS201,Fall 2024,2,51.6,53.8,52.3,2.09,3,18,Female,Low,34.9,High-Speed,Bachelors,14,10.3,4,2,44.2,45,34,76.5,5,68.09,High,False
STU13505,AI301,Spring 2024,1,76.4,72.8,75.3,3.01,4,24,Female,High,2.4,High-Speed,Bachelors,16,12.3,3,12,81.8,45,39,86.7,4,83.71,Low,False
STU13506,SE501,Fall 2024,2,75.4,82.0,77.4,3.1,3,24,Female,Medium,6.1,Limited,High School,8,9.1,3,12,91.2,40,25,63.5,4,61.99,Low,False
STU13507,SE501,Fall 2025,4,55.5,55.4,55.5,2.22,4,25,Male,High,0.6,High-Speed,Bachelors,15,14.7,2,11,62.5,50,37,73.3,2,71.65,Low,False
STU13508,AI301,Spring 2026,5,56.0,51.5,54.6,2.18,4,24,Female,Medium,7.0,High-Speed,High School,15,20.5,2,7,77.7,45,39,85.6,1,80.84,Low,False
STU13509,SE501,Spring 2026,5,58.4,52.1,56.5,2.26,4,21,Male,Medium,4.5,High-Speed,High School,7,18.6,4,3,74.0,50,32,63.7,3,57.15,Medium,False
STU13510,CS101,Fall 2024,2,60.1,69.4,62.9,2.52,3,18,Male,Medium,0.4,Moderate,Bachelors,14,17.3,2,14,81.0,40,29,71.6,2,73.0,Low,False
STU13511,SE501,Spring 2026,5,55.4,54.4,55.1,2.2,4,20,Male,Medium,3.9,High-Speed,Masters,14,19.9,6,10,90.3,50,35,69.4,4,73.76,Low,False
STU13512,AI301,Fall 2025,4,67.7,67.2,67.5,2.7,4,18,Female,High,4.7,Moderate,High School,14,10.4,9,6,70.9,45,36,79.2,1,74.78,Low,False
STU13513,CS101,Fall 2023,0,51.5,50.4,51.2,2.05,4,23,Female,Low,43.7,High-Speed,Bachelors,13,12.7,1,14,56.3,45,25,55.3,7,58.41,High,False
STU13514,DB401,Fall 2025,4,80.5,81.5,80.8,3.23,4,24,Female,High,2.2,High-Speed,Bachelors,11,18.1,8,12,99.2,40,30,74.6,0,73.64,Low,False
STU13515,SE501,Spring 2025,3,51.2,52.4,51.6,2.06,3,19,Female,High,7.5,High-Speed,High School,10,12.6,5,10,71.4,50,26,52.4,3,55.48,High,False
STU13516,DS201,Spring 2026,5,44.9,45.1,45.0,1.8,4,24,Male,Medium,41.5,Moderate,Bachelors,15,12.9,4,9,60.2,45,38,85.2,1,77.14,Low,False
STU13517,AI301,Fall 2024,2,59.6,50.9,57.0,2.28,3,18,Male,High,14.9,Moderate,Masters,6,24.3,4,9,67.5,40,18,44.0,4,44.5,High,False
STU13518,AI301,Spring 2024,1,40.2,43.9,41.3,1.65,4,21,Male,Medium,47.6,High-Speed,Bachelors,12,15.5,3,6,70.4,50,29,58.3,3,61.23,Medium,True
STU13519,SE501,Fall 2023,0,44.8,43.5,44.4,1.78,3,22,Male,High,32.8,Limited,High School,17,23.8,1,12,58.8,45,32,71.0,4,72.76,Medium,True
STU13520,CS101,Fall 2023,0,47.3,52.6,48.9,1.96,4,18,Male,Medium,6.4,High-Speed,Bachelors,15,5.9,0,13,61.3,40,27,67.4,0,68.46,Low,False
STU13521,SE501,Fall 2023,0,64.2,72.4,66.6,2.66,4,18,Male,Low,11.3,Moderate,Bachelors,9,11.8,2,3,84.0,40,26,64.4,2,62.5,Medium,False
STU13522,DS201,Fall 2023,0,52.4,52.3,52.4,2.1,3,20,Male,High,1.1,High-Speed,High School,8,17.0,1,12,75.4,40,25,61.6,3,57.88,Medium,False
STU13523,SE501,Spring 2025,3,62.7,63.6,63.0,2.52,3,21,Male,Medium,5.5,High-Speed,High School,12,15.5,8,12,81.2,40,25,63.1,4,65.79,Low,False
STU13524,DB401,Spring 2026,5,51.7,50.1,51.2,2.05,4,23,Male,Medium,15.7,Moderate,High School,12,4.7,5,14,79.3,40,29,72.5,5,70.11,Medium,False
STU13525,DS201,Fall 2024,2,46.4,39.8,44.4,1.78,4,22,Male,Medium,6.7,Moderate,High School,9,13.9,3,12,59.3,50,31,61.3,5,56.01,Medium,False
STU13526,SE501,Spring 2024,1,63.2,70.4,65.4,2.62,3,24,Female,Low,11.5,High-Speed,High School,10,27.4,8,7,71.7,45,31,68.3,4,63.49,Medium,False
STU13527,DS201,Spring 2024,1,69.8,67.9,69.2,2.77,4,19,Female,Medium,13.0,High-Speed,Bachelors,13,16.2,5,12,88.5,50,32,63.7,5,69.05,Low,False
STU13528,DB401,Spring 2024,1,61.5,62.6,61.8,2.47,4,18,Female,High,2.8,High-Speed,High School,9,18.0,5,6,72.7,40,26,65.1,2,60.59,Medium,False
STU13529,DS201,Fall 2024,2,69.7,61.1,67.1,2.68,4,23,Male,Low,19.8,Moderate,Masters,15,11.8,6,4,82.6,45,37,82.4,6,80.22,Low,False
STU13530,SE501,Spring 2026,5,50.7,45.2,49.1,1.96,3,22,Male,Low,5.9,High-Speed,Bachelors,9,16.2,6,11,79.0,40,24,60.9,4,59.75,Medium,False
STU13531,AI301,Fall 2024,2,53.7,42.5,50.3,2.01,3,19,Female,Low,2.2,Moderate,Masters,17,14.9,4,10,61.4,40,36,89.0,5,82.28,Low,False
STU13532,DS201,Spring 2026,5,64.2,65.0,64.5,2.58,4,23,Male,Medium,19.1,High-Speed,Bachelors,8,20.6,4,8,85.3,45,27,59.9,2,59.01,Medium,False
STU13533,CS101,Spring 2024,1,68.0,63.5,66.7,2.67,3,21,Male,Medium,5.1,High-Speed,High School,15,20.4,5,14,88.8,50,40,79.6,4,80.06,Low,False
STU13534,AI301,Fall 2025,4,40.5,38.1,39.8,1.59,3,21,Male,Medium,13.2,High-Speed,Bachelors,11,17.0,2,13,72.9,45,21,46.0,3,54.08,High,True
STU13535,DS201,Fall 2025,4,60.9,61.6,61.1,2.44,3,22,Male,High,7.5,High-Speed,Masters,10,15.4,5,13,84.5,50,25,49.9,3,56.85,Medium,False
STU13536,AI301,Fall 2025,4,48.4,40.7,46.1,1.84,4,24,Male,Medium,4.6,High-Speed,High School,14,6.6,5,10,73.2,40,24,59.5,4,65.39,Medium,False
STU13537,DB401,Fall 2023,0,64.1,61.4,63.3,2.53,4,25,Male,Low,15.8,High-Speed,High School,9,6.4,1,11,72.6,40,24,59.7,5,57.87,Medium,False
STU13538,AI301,Spring 2024,1,42.9,44.1,43.3,1.73,4,19,Female,High,8.3,Moderate,High School,13,15.4,1,12,68.2,50,24,48.8,3,57.54,Medium,True
STU13539,CS101,Spring 2026,5,46.0,46.7,46.2,1.85,3,21,Male,Medium,4.7,High-Speed,High School,10,19.4,3,5,60.0,40,27,68.2,1,61.1,Medium,False
STU13540,SE501,Fall 2023,0,37.0,30.0,34.9,1.4,3,25,Male,Medium,1.1,Moderate,High School,8,21.7,4,4,63.8,50,20,40.5,1,45.01,High,False
STU13541,DS201,Spring 2024,1,52.0,54.2,52.7,2.11,3,22,Female,Medium,21.5,High-Speed,High School,15,10.6,5,3,59.0,50,39,77.2,4,72.9,Low,False
STU13542,AI301,Spring 2025,3,60.9,55.3,59.2,2.37,4,21,Male,High,0.3,Limited,High School,9,7.5,7,6,86.6,45,24,53.5,4,57.57,Medium,False
STU13543,CS101,Spring 2025,3,50.8,51.8,51.1,2.04,3,21,Male,Medium,18.9,Limited,Bachelors,6,19.7,7,2,72.4,40,23,57.4,3,52.18,Medium,False
STU13544,DS201,Fall 2025,4,67.2,68.3,67.5,2.7,3,23,Female,Medium,4.2,Moderate,High School,9,10.9,2,7,86.5,45,22,49.2,2,55.4,Medium,False
STU13545,DS201,Spring 2026,5,49.4,56.3,51.5,2.06,3,25,Male,Medium,9.7,Moderate,Bachelors,15,7.1,8,3,46.9,45,35,78.3,6,71.03,High,False
STU13546,AI301,Spring 2025,3,40.7,40.7,40.7,1.63,4,23,Male,Low,24.3,High-Speed,Bachelors,12,12.5,4,13,59.3,40,25,63.2,2,61.46,High,True
STU13547,DS201,Fall 2023,0,55.4,53.1,54.7,2.19,3,21,Male,Medium,1.6,Moderate,Bachelors,12,12.4,2,13,66.1,45,31,68.1,3,65.27,Low,False
STU13548,DB401,Fall 2025,4,72.6,67.5,71.1,2.84,3,25,Male,Medium,8.0,Limited,High School,9,21.6,3,10,82.8,40,23,58.2,3,59.16,Medium,False
STU13549,SE501,Spring 2025,3,57.9,59.6,58.4,2.34,3,20,Female,Low,13.7,High-Speed,Bachelors,11,19.3,6,6,74.2,40,28,70.7,2,66.69,Medium,False
STU13550,DS201,Spring 2024,1,40.3,32.9,38.1,1.52,3,25,Female,Low,13.5,High-Speed,High School,10,11.3,5,3,72.0,45,28,63.3,1,61.05,Medium,True
STU13551,DB401,Spring 2026,5,43.0,39.2,41.9,1.68,3,23,Male,Low,7.1,High-Speed,Bachelors,13,22.0,4,5,52.1,40,29,72.6,4,66.22,Low,True
STU13552,AI301,Spring 2026,5,62.3,47.3,57.8,2.31,4,19,Female,Medium,9.3,High-Speed,Bachelors,14,15.6,4,7,81.5,40,27,67.6,1,71.1,Low,False
STU13553,AI301,Spring 2025,3,40.9,33.4,38.6,1.54,4,22,Female,High,13.5,High-Speed,High School,13,20.3,3,5,71.7,40,27,68.3,1,67.99,Medium,True
STU13554,DS201,Spring 2026,5,77.2,81.9,78.6,3.14,3,22,Male,High,17.5,High-Speed,High School,9,21.6,4,6,94.8,40,26,65.8,3,65.36,Low,False
STU13555,AI301,Spring 2026,5,31.5,30.0,31.0,1.24,4,24,Female,Medium,13.6,High-Speed,High School,11,13.7,2,5,44.8,45,19,42.0,2,46.46,High,True
STU13556,DB401,Fall 2025,4,28.2,30.0,28.7,1.15,3,19,Male,Medium,4.2,Limited,High School,12,17.9,8,5,70.5,50,29,58.0,3,61.1,High,True
STU13557,DB401,Spring 2025,3,73.2,68.5,71.8,2.87,3,19,Male,High,54.4,High-Speed,High School,15,13.0,2,4,58.6,45,34,75.1,5,71.77,Low,False
STU13558,CS101,Spring 2025,3,50.9,56.0,52.4,2.1,3,19,Male,Low,5.4,Moderate,Doctorate,5,19.7,1,10,58.1,50,20,39.6,4,38.92,High,False
STU13559,DB401,Spring 2024,1,48.5,46.5,47.9,1.92,4,24,Male,Medium,0.2,High-Speed,High School,11,15.5,9,4,64.1,50,34,68.9,3,63.77,Medium,False
STU13560,AI301,Spring 2024,1,61.0,61.1,61.0,2.44,4,19,Male,Medium,4.3,High-Speed,Bachelors,14,19.8,4,5,90.8,50,40,79.6,2,78.96,Low,False
STU13561,CS101,Spring 2026,5,44.3,40.4,43.1,1.72,3,18,Female,Low,1.3,High-Speed,Bachelors,7,22.6,4,9,72.6,40,16,40.1,4,45.07,High,False
STU13562,DB401,Spring 2025,3,64.2,74.1,67.2,2.69,3,24,Male,High,1.2,High-Speed,Bachelors,10,17.7,6,6,68.7,50,29,58.9,3,58.19,High,False
STU13563,CS101,Fall 2023,0,48.5,41.7,46.5,1.86,3,22,Male,High,3.1,High-Speed,Masters,9,14.5,1,8,69.0,40,21,52.0,3,53.3,High,False
STU13564,SE501,Spring 2025,3,40.3,37.6,39.5,1.58,4,18,Male,Low,0.5,High-Speed,Masters,8,14.6,4,7,76.0,40,21,53.1,5,53.75,High,False
STU13565,AI301,Fall 2023,0,61.9,68.9,64.0,2.56,4,24,Female,Low,11.1,High-Speed,Bachelors,9,1.0,5,2,66.2,40,25,62.6,3,58.04,Medium,False
STU13566,DS201,Spring 2026,5,58.3,57.5,58.1,2.32,4,21,Female,Low,0.7,Moderate,Doctorate,11,11.4,2,3,75.5,45,27,60.3,1,61.75,Medium,False
STU13567,SE501,Spring 2026,5,42.8,44.9,43.4,1.74,4,21,Female,Medium,2.2,High-Speed,High School,8,19.7,3,11,74.6,50,30,60.1,3,56.97,Medium,False
STU13568,DS201,Spring 2026,5,57.6,60.7,58.5,2.34,3,22,Female,Medium,0.9,High-Speed,Bachelors,17,19.8,1,6,70.8,45,39,87.0,2,83.16,Low,False
STU13569,DB401,Spring 2025,3,49.0,51.6,49.8,1.99,4,21,Female,Medium,0.6,Moderate,Masters,7,11.3,2,11,76.7,40,20,49.1,3,50.39,Medium,False
STU13570,DB401,Fall 2025,4,62.0,67.5,63.6,2.54,3,19,Male,Low,3.0,High-Speed,Bachelors,20,15.8,4,4,62.9,45,43,95.2,4,90.18,Low,False
STU13571,AI301,Spring 2025,3,59.1,63.0,60.3,2.41,3,24,Female,High,8.1,High-Speed,Doctorate,11,14.1,6,13,69.5,40,24,59.7,5,60.25,Low,False
STU13572,SE501,Spring 2026,5,61.3,51.6,58.4,2.34,3,18,Female,Medium,31.8,High-Speed,High School,14,18.4,6,9,55.9,45,34,75.3,1,69.83,Low,False
STU13573,DS201,Fall 2023,0,43.9,47.5,45.0,1.8,3,19,Other,Low,19.8,High-Speed,Bachelors,9,26.0,4,9,50.8,40,21,51.4,3,49.36,High,False
STU13574,SE501,Spring 2024,1,64.9,63.0,64.3,2.57,4,21,Female,Medium,19.8,High-Speed,Doctorate,7,18.5,3,3,87.8,40,21,52.8,2,54.46,High,False
STU13575,SE501,Fall 2023,0,68.1,70.6,68.9,2.76,4,23,Male,Medium,1.8,High-Speed,High School,13,11.6,7,7,81.0,45,36,79.9,3,75.65,Low,False
STU13576,DB401,Spring 2025,3,50.8,44.9,49.0,1.96,3,25,Male,Medium,2.9,High-Speed,Bachelors,6,14.6,7,8,88.1,40,24,59.1,2,56.17,Medium,False
STU13577,AI301,Spring 2026,5,59.3,63.1,60.4,2.42,3,18,Male,Low,0.8,Moderate,High School,11,22.0,6,8,83.5,50,32,63.7,8,65.05,Low,True
STU13578,AI301,Spring 2024,1,47.7,45.5,47.0,1.88,3,19,Female,Low,14.3,High-Speed,Bachelors,12,8.0,4,4,63.4,45,30,66.1,2,63.73,Medium,False
STU13579,SE501,Spring 2025,3,48.1,45.8,47.4,1.9,4,24,Female,High,0.7,High-Speed,Masters,8,11.9,4,10,46.2,45,23,51.0,2,46.74,High,False
STU13580,AI301,Fall 2024,2,39.9,44.1,41.1,1.64,3,22,Male,High,7.7,Limited,High School,9,18.5,6,14,63.0,40,20,50.4,3,51.3,Medium,False
STU13581,SE501,Spring 2025,3,56.3,53.5,55.4,2.22,3,19,Female,Medium,2.7,Moderate,High School,12,21.5,1,8,77.5,45,25,56.3,3,61.65,Low,False
STU13582,DB401,Fall 2024,2,46.5,46.5,46.5,1.86,4,23,Male,Medium,2.7,High-Speed,High School,11,18.0,2,2,73.0,50,28,55.9,3,59.05,Medium,False
STU13583,DS201,Spring 2026,5,38.7,39.4,38.9,1.56,3,21,Female,Medium,44.5,Limited,Masters,12,12.0,4,10,72.5,45,26,56.7,2,60.85,Medium,True
STU13584,AI301,Fall 2023,0,57.7,58.9,58.0,2.32,3,18,Male,Medium,13.4,High-Speed,Bachelors,13,17.7,3,12,67.4,50,38,75.0,2,70.48,Low,False
STU13585,DS201,Fall 2023,0,53.9,52.3,53.4,2.14,3,22,Male,Medium,17.2,High-Speed,High School,15,17.1,4,7,57.9,45,32,71.0,2,69.58,Medium,False
STU13586,DS201,Spring 2025,3,72.5,70.9,72.0,2.88,4,18,Male,High,8.1,Limited,High School,14,16.8,5,7,91.7,50,35,69.1,3,73.89,Low,False
STU13587,DB401,Spring 2024,1,62.4,59.9,61.6,2.46,4,22,Female,Medium,19.5,Moderate,Masters,11,14.5,2,8,79.3,45,28,62.4,2,63.56,Medium,False
STU13588,CS101,Fall 2023,0,43.6,48.0,44.9,1.8,4,25,Male,Medium,9.9,High-Speed,Masters,11,15.3,6,3,78.2,50,28,55.2,5,59.74,Low,True
STU13589,CS101,Fall 2024,2,38.2,39.0,38.5,1.54,4,24,Male,Medium,27.8,Moderate,High School,4,10.5,4,12,53.7,40,17,42.4,5,37.94,High,False
STU13590,AI301,Spring 2024,1,52.4,57.2,53.8,2.15,3,18,Female,High,3.1,Moderate,High School,14,27.4,5,3,69.8,45,37,82.6,4,76.26,Low,False
STU13591,DB401,Spring 2025,3,44.2,48.0,45.3,1.81,3,21,Male,Medium,8.6,High-Speed,Bachelors,6,15.8,3,5,78.8,45,22,48.0,0,48.76,High,False
STU13592,SE501,Fall 2024,2,69.8,73.2,70.8,2.83,4,24,Female,Low,11.1,High-Speed,Bachelors,18,17.7,2,14,95.5,50,37,73.2,4,82.7,Medium,False
STU13593,DB401,Spring 2025,3,67.4,64.9,66.6,2.66,3,24,Female,Medium,4.7,High-Speed,Doctorate,11,13.9,1,13,85.1,45,33,73.1,4,70.07,Medium,False
STU13594,CS101,Spring 2024,1,40.2,40.6,40.3,1.61,4,25,Male,Medium,20.1,Limited,Bachelors,14,19.2,1,3,67.9,50,32,64.0,3,66.58,Medium,True
STU13595,SE501,Fall 2025,4,56.7,47.1,53.8,2.15,4,22,Female,Medium,37.1,High-Speed,Bachelors,8,8.5,6,8,80.3,40,22,55.1,1,55.61,High,False
STU13596,CS101,Spring 2024,1,67.8,60.3,65.6,2.62,4,20,Male,Medium,6.5,Moderate,Bachelors,20,6.3,3,11,76.5,50,44,87.1,6,88.85,Low,False
STU13597,DB401,Spring 2026,5,60.1,44.5,55.4,2.22,3,18,Female,High,4.7,High-Speed,Masters,21,14.8,2,10,81.6,45,41,91.3,4,91.97,Low,False
STU13598,SE501,Spring 2024,1,61.9,60.2,61.4,2.46,4,18,Male,Medium,6.1,High-Speed,High School,18,25.3,8,3,68.2,40,36,89.2,2,85.24,Low,False
STU13599,AI301,Fall 2023,0,48.6,55.0,50.5,2.02,4,19,Female,High,18.2,Moderate,High School,18,21.0,4,2,73.9,50,34,69.0,4,76.28,Medium,False
STU13600,DB401,Fall 2023,0,40.4,43.6,41.4,1.66,4,22,Male,Low,9.9,Moderate,High School,16,11.0,2,2,61.9,50,38,75.7,2,74.23,Medium,True
STU13601,DB401,Spring 2024,1,60.8,57.2,59.7,2.39,3,23,Female,High,0.4,High-Speed,Masters,10,17.6,1,14,68.2,40,25,63.0,1,60.14,Medium,False
STU13602,CS101,Spring 2025,3,68.9,75.7,70.9,2.84,4,20,Male,Medium,7.4,High-Speed,Bachelors,11,11.8,6,3,86.5,45,30,67.7,5,67.65,Medium,False
STU13603,CS101,Fall 2024,2,54.7,53.5,54.3,2.17,4,21,Male,Medium,0.2,High-Speed,High School,8,17.1,4,13,74.6,45,30,65.6,6,59.72,Medium,False
STU13604,DS201,Spring 2026,5,52.2,59.5,54.4,2.18,4,19,Male,Medium,14.3,High-Speed,Bachelors,13,17.5,7,4,55.1,45,30,66.4,1,63.72,Medium,False
STU13605,DS201,Fall 2024,2,47.8,39.6,45.3,1.81,3,25,Male,Low,3.8,High-Speed,High School,11,19.6,2,2,66.5,40,30,75.3,4,67.45,Low,False
STU13606,DB401,Spring 2026,5,68.1,68.2,68.1,2.72,3,20,Female,Medium,6.1,Moderate,High School,11,7.2,1,9,79.9,50,37,73.1,3,69.03,Low,False
STU13607,DB401,Fall 2024,2,49.3,44.2,47.8,1.91,4,22,Male,Medium,15.2,High-Speed,High School,16,8.7,2,7,51.0,40,28,68.8,1,68.6,Low,False
STU13608,DS201,Spring 2026,5,51.0,50.3,50.8,2.03,4,20,Female,Low,0.5,High-Speed,Bachelors,11,14.6,3,4,81.0,50,36,71.3,3,68.35,Low,False
STU13609,SE501,Fall 2023,0,70.0,60.9,67.3,2.69,4,25,Female,Medium,1.6,High-Speed,Bachelors,15,9.8,5,10,84.7,40,34,84.1,3,81.49,Low,False
STU13610,DS201,Spring 2025,3,58.7,55.3,57.7,2.31,3,24,Female,Medium,4.8,Limited,Masters,7,9.5,3,5,75.8,50,32,63.5,1,57.41,High,False
STU13611,SE501,Fall 2024,2,45.4,50.0,46.8,1.87,4,18,Male,Low,2.5,High-Speed,Masters,9,16.4,3,10,64.7,50,29,58.9,3,55.89,High,False
STU13612,AI301,Fall 2023,0,34.6,37.4,35.5,1.42,4,24,Male,Low,3.9,Moderate,Bachelors,12,10.4,2,6,52.5,40,26,64.5,4,60.75,High,True
STU13613,CS101,Fall 2023,0,43.1,45.8,43.9,1.76,3,18,Female,Medium,59.9,High-Speed,Bachelors,11,26.3,9,10,59.3,40,23,58.3,5,57.51,High,True
STU13614,DS201,Spring 2026,5,69.7,69.2,69.6,2.78,4,19,Male,Medium,16.6,High-Speed,High School,13,12.3,7,9,90.9,40,24,60.8,7,68.08,Medium,False
STU13615,AI301,Fall 2025,4,58.2,55.2,57.3,2.29,4,25,Male,High,20.5,High-Speed,High School,15,13.6,9,3,70.3,50,31,61.4,3,67.26,High,False
STU13616,CS101,Fall 2023,0,75.1,73.8,74.7,2.99,3,22,Female,High,26.3,High-Speed,High School,21,16.5,3,6,86.9,40,38,94.6,1,94.68,Low,False
STU13617,SE501,Fall 2025,4,44.3,46.5,45.0,1.8,3,22,Female,Medium,4.0,Moderate,Bachelors,13,7.5,6,2,68.1,50,28,56.6,3,61.42,Medium,False
STU13618,DB401,Spring 2026,5,41.0,43.8,41.8,1.67,3,20,Female,Medium,3.3,High-Speed,High School,11,17.5,3,2,63.5,50,25,50.5,5,54.45,High,True
STU13619,SE501,Fall 2025,4,52.2,44.3,49.8,1.99,4,19,Male,Medium,2.5,Moderate,High School,14,16.7,3,4,71.5,40,31,77.1,5,73.85,Low,False
STU13620,DB401,Spring 2026,5,61.5,62.0,61.6,2.46,4,22,Female,Medium,16.8,High-Speed,Bachelors,13,13.3,2,2,87.1,45,28,63.2,3,68.52,Medium,False
STU13621,DS201,Spring 2025,3,56.5,58.4,57.1,2.28,3,23,Male,Low,10.8,High-Speed,High School,8,16.4,4,7,79.0,45,26,57.9,2,56.75,High,False
STU13622,DS201,Fall 2023,0,59.2,55.8,58.2,2.33,4,23,Male,Medium,2.6,High-Speed,Bachelors,10,17.1,2,7,59.3,50,33,65.9,3,59.81,Low,False
STU13623,CS101,Fall 2024,2,35.6,38.3,36.4,1.46,4,24,Female,Medium,4.5,Moderate,Bachelors,10,22.2,4,6,63.6,50,28,55.2,2,55.32,High,True
STU13624,SE501,Fall 2024,2,50.7,45.2,49.0,1.96,3,18,Male,Low,6.7,Moderate,High School,13,27.5,3,10,55.5,45,34,75.7,4,68.45,Medium,False
STU13625,DS201,Spring 2025,3,59.9,61.5,60.4,2.42,3,20,Male,Medium,7.1,Moderate,High School,14,9.7,3,12,87.7,50,38,75.5,1,76.29,Low,False
STU13626,CS101,Fall 2023,0,57.3,43.8,53.2,2.13,4,21,Male,High,20.9,High-Speed,High School,9,8.5,2,5,74.2,45,31,68.0,4,62.34,Medium,False
STU13627,SE501,Fall 2024,2,59.6,56.9,58.8,2.35,3,25,Female,Medium,4.6,Moderate,High School,12,15.5,6,4,75.4,50,30,60.3,6,63.23,Low,False
STU13628,DB401,Spring 2025,3,50.8,47.3,49.7,1.99,4,18,Female,Medium,22.7,High-Speed,Bachelors,9,4.6,5,4,77.2,50,32,63.4,3,60.64,Low,False
STU13629,CS101,Spring 2026,5,63.9,70.5,65.9,2.64,4,19,Female,High,5.5,Moderate,Bachelors,13,18.2,3,2,71.6,40,29,73.7,2,70.67,Low,False
STU13630,DB401,Fall 2023,0,68.0,66.3,67.5,2.7,4,22,Female,Medium,13.0,Limited,High School,22,15.6,6,5,63.5,45,43,94.9,5,90.15,Low,False
STU13631,DS201,Fall 2025,4,47.5,42.4,46.0,1.84,4,18,Male,Low,25.3,High-Speed,High School,14,16.8,4,8,48.2,50,38,76.9,1,69.09,Medium,False
STU13632,AI301,Fall 2025,4,61.9,66.9,63.4,2.54,3,21,Male,Medium,22.6,High-Speed,Masters,10,13.5,4,9,74.1,45,28,61.8,4,60.72,Medium,False
STU13633,AI301,Spring 2025,3,70.0,70.2,70.1,2.8,4,21,Male,Medium,0.6,Moderate,High School,15,16.3,2,14,98.3,40,27,66.9,2,75.61,Low,False
STU13634,SE501,Spring 2024,1,51.4,52.9,51.9,2.08,3,23,Male,Medium,2.2,Moderate,High School,17,17.4,3,7,60.5,45,37,81.8,2,78.5,Low,False
STU13635,AI301,Fall 2025,4,41.5,38.3,40.5,1.62,4,19,Male,Low,6.2,High-Speed,Bachelors,13,16.0,5,8,50.3,50,34,68.6,1,63.86,High,True
STU13636,DB401,Spring 2026,5,65.3,72.3,67.4,2.7,3,18,Female,Medium,5.4,Limited,Bachelors,13,8.3,3,6,68.4,45,35,77.6,3,71.98,Medium,False
STU13637,DB401,Spring 2026,5,47.7,46.0,47.2,1.89,4,20,Male,High,9.7,Moderate,Bachelors,7,15.9,2,9,76.4,40,21,53.7,5,52.63,Medium,False
STU13638,SE501,Spring 2024,1,50.3,48.7,49.8,1.99,4,18,Male,Medium,27.5,High-Speed,Bachelors,4,24.3,4,11,59.9,45,24,52.5,3,44.23,High,False
STU13639,SE501,Fall 2023,0,39.4,41.4,40.0,1.6,4,23,Male,High,1.1,High-Speed,High School,11,16.2,2,4,64.7,45,25,55.9,2,57.39,Medium,True
STU13640,SE501,Spring 2024,1,62.6,65.0,63.3,2.53,3,24,Male,Medium,5.7,Moderate,Bachelors,12,15.7,6,9,57.1,45,36,79.4,4,69.12,Low,False
STU13641,DS201,Fall 2023,0,45.3,57.2,48.9,1.96,3,21,Female,High,2.0,High-Speed,High School,13,22.8,3,12,72.5,45,33,72.6,1,70.3,Low,False
STU13642,DB401,Fall 2024,2,44.2,49.7,45.9,1.84,3,19,Male,Low,21.3,High-Speed,Bachelors,14,11.3,4,11,76.3,50,33,66.0,2,69.26,Low,False
STU13643,SE501,Fall 2023,0,46.4,47.6,46.8,1.87,3,19,Male,Medium,31.7,High-Speed,Masters,9,19.4,1,8,67.7,45,26,57.7,2,55.89,Medium,False
STU13644,SE501,Fall 2023,0,64.4,59.2,62.8,2.51,3,20,Female,Low,6.2,Moderate,High School,13,12.3,5,10,61.1,40,30,74.6,2,69.02,Low,False
STU13645,DS201,Fall 2023,0,64.5,59.2,62.9,2.52,4,19,Male,Medium,1.0,Moderate,High School,9,20.4,4,14,79.1,45,27,61.0,3,59.82,Low,False
STU13646,DS201,Fall 2025,4,71.7,71.9,71.8,2.87,3,23,Male,Medium,14.6,High-Speed,High School,15,19.0,4,7,80.9,40,34,84.6,4,80.98,Low,False
STU13647,SE501,Spring 2025,3,58.9,68.0,61.6,2.46,4,23,Male,Medium,11.3,Moderate,High School,14,12.9,4,14,69.6,40,27,66.7,4,68.27,Low,False
STU13648,DS201,Fall 2024,2,49.2,56.1,51.3,2.05,4,23,Female,High,4.2,Limited,High School,9,13.7,4,11,76.3,40,24,61.1,5,59.31,Medium,False
STU13649,SE501,Spring 2025,3,42.5,45.0,43.2,1.73,3,19,Other,High,20.7,High-Speed,Bachelors,12,19.9,2,11,82.4,40,21,53.2,2,61.08,High,True
STU13650,DS201,Fall 2023,0,61.8,54.4,59.6,2.38,3,19,Female,Low,35.4,Moderate,Doctorate,13,5.7,4,3,61.9,50,33,66.1,2,64.93,Low,False
STU13651,SE501,Spring 2026,5,61.4,56.3,59.9,2.4,3,23,Male,Medium,7.8,Limited,High School,11,12.8,4,13,54.8,45,34,75.9,3,65.41,Low,False
STU13652,CS101,Fall 2025,4,45.7,43.9,45.2,1.81,3,19,Female,Medium,7.9,Moderate,High School,6,18.1,7,12,81.3,45,24,52.5,4,51.51,High,False
STU13653,DS201,Spring 2024,1,68.2,67.9,68.1,2.72,4,25,Male,Medium,3.4,Moderate,High School,12,13.5,3,6,95.5,50,35,70.9,4,72.55,Medium,False
STU13654,CS101,Fall 2024,2,53.2,51.1,52.6,2.1,4,19,Male,High,8.3,High-Speed,High School,19,15.7,3,10,48.0,45,40,88.8,3,82.5,Low,False
STU13655,DB401,Fall 2025,4,48.6,54.5,50.4,2.02,4,25,Male,Medium,5.5,High-Speed,High School,9,4.8,7,8,91.0,50,26,51.0,1,57.2,High,False
STU13656,DS201,Spring 2025,3,38.1,45.0,40.2,1.61,3,21,Male,High,3.4,High-Speed,Bachelors,14,10.7,6,13,71.2,40,21,52.2,2,61.34,Medium,True
STU13657,SE501,Fall 2025,4,64.5,62.4,63.9,2.56,4,18,Female,Low,0.7,Moderate,High School,17,18.4,3,12,83.7,45,32,71.9,1,78.19,Low,False
STU13658,AI301,Fall 2024,2,47.0,44.7,46.3,1.85,4,22,Female,Medium,2.8,Limited,Doctorate,9,11.2,2,13,56.2,40,26,64.5,4,56.99,Medium,False
STU13659,AI301,Fall 2024,2,43.1,41.2,42.5,1.7,4,25,Female,Medium,2.1,High-Speed,Bachelors,7,8.5,4,4,65.4,45,23,51.3,2,49.23,Medium,False
STU13660,CS101,Fall 2023,0,54.8,52.5,54.1,2.16,3,25,Female,Low,7.4,High-Speed,Bachelors,9,20.3,2,3,83.2,45,25,56.0,4,58.14,Medium,False
STU13661,CS101,Spring 2025,3,58.2,60.1,58.8,2.35,4,19,Female,Medium,8.7,High-Speed,High School,13,17.6,4,9,83.4,45,29,63.5,1,67.93,Medium,False
STU13662,DS201,Fall 2023,0,59.4,57.9,59.0,2.36,3,22,Male,High,8.9,Moderate,Bachelors,15,9.6,4,9,68.4,40,30,73.8,1,73.08,Medium,False
STU13663,DB401,Fall 2023,0,68.6,74.0,70.2,2.81,4,24,Male,Medium,4.7,High-Speed,Bachelors,14,15.7,8,2,70.9,50,38,76.3,2,73.33,Low,False
STU13664,SE501,Fall 2025,4,56.3,55.2,56.0,2.24,4,22,Female,Medium,5.2,Moderate,High School,12,9.7,8,3,66.5,40,22,55.6,4,59.1,Medium,False
STU13665,DB401,Spring 2026,5,59.8,55.9,58.6,2.34,4,21,Male,Medium,17.1,High-Speed,High School,15,14.2,5,6,56.1,50,39,77.6,6,72.52,Low,False
STU13666,DS201,Spring 2024,1,50.7,50.8,50.7,2.03,4,25,Female,Low,6.1,High-Speed,Masters,9,15.9,4,14,73.4,45,28,62.7,3,59.53,High,False
STU13667,CS101,Fall 2023,0,51.2,50.3,50.9,2.04,3,19,Male,Low,41.8,High-Speed,High School,11,11.0,5,6,70.4,45,32,71.7,6,66.43,Medium,False
STU13668,SE501,Fall 2025,4,52.8,52.9,52.8,2.11,3,23,Male,Medium,5.5,Moderate,Bachelors,13,18.7,0,8,67.3,45,35,78.2,4,72.06,Low,False
STU13669,DB401,Fall 2025,4,58.1,56.8,57.7,2.31,4,22,Male,Low,10.0,High-Speed,High School,15,19.5,4,6,56.1,45,32,71.4,1,69.42,Medium,False
STU13670,CS101,Fall 2025,4,60.2,50.1,57.2,2.29,4,19,Male,High,0.5,Limited,High School,11,16.3,8,13,69.0,40,26,66.1,4,63.35,High,False
STU13671,CS101,Fall 2023,0,48.9,45.7,47.9,1.92,4,20,Male,Medium,10.1,High-Speed,High School,14,17.1,2,10,74.3,50,41,82.1,3,76.91,Low,False
STU13672,SE501,Fall 2024,2,69.1,73.5,70.4,2.82,3,24,Female,High,18.1,High-Speed,High School,11,7.7,6,2,79.0,50,37,73.8,1,69.2,High,False
STU13673,CS101,Spring 2024,1,57.4,54.8,56.6,2.26,3,23,Male,Medium,27.1,High-Speed,Bachelors,8,21.8,4,6,73.9,50,32,64.5,4,59.03,Medium,False
STU13674,DB401,Spring 2025,3,52.8,43.6,50.1,2.0,4,20,Female,High,56.3,Limited,Bachelors,16,14.5,3,4,53.1,45,35,78.6,2,73.92,Low,False
STU13675,AI301,Fall 2024,2,65.8,66.3,65.9,2.64,4,20,Male,Medium,3.1,Moderate,Bachelors,15,10.3,10,11,68.7,40,29,73.7,2,73.09,Low,False
STU13676,AI301,Fall 2024,2,60.8,65.3,62.2,2.49,4,22,Male,Medium,8.1,High-Speed,Bachelors,13,15.7,1,14,83.4,45,28,63.1,1,67.73,Low,False
STU13677,DB401,Spring 2024,1,42.7,50.9,45.2,1.81,4,20,Male,High,5.7,Moderate,High School,9,18.7,3,12,65.2,50,30,59.3,5,56.19,High,False
STU13678,CS101,Fall 2024,2,40.5,44.1,41.6,1.66,4,21,Female,Medium,7.9,High-Speed,Bachelors,10,17.6,6,7,48.0,40,27,68.5,4,58.85,High,True
STU13679,DS201,Fall 2023,0,49.7,54.9,51.3,2.05,3,21,Male,Low,1.6,High-Speed,Bachelors,14,9.6,4,2,66.0,40,22,53.8,6,61.1,Medium,False
STU13680,CS101,Spring 2025,3,55.1,59.2,56.3,2.25,3,22,Female,Medium,18.4,High-Speed,Bachelors,17,18.8,4,3,64.8,45,31,69.4,2,73.16,Medium,False
STU13681,CS101,Fall 2025,4,67.1,67.8,67.3,2.69,4,19,Male,High,22.8,Moderate,Bachelors,16,14.7,3,10,85.1,40,28,70.3,2,76.17,Low,False
STU13682,SE501,Spring 2026,5,82.1,76.4,80.4,3.22,3,18,Female,Medium,5.7,High-Speed,Bachelors,17,17.5,4,10,80.1,40,32,79.0,1,81.02,Low,False
STU13683,DS201,Spring 2024,1,80.7,80.2,80.6,3.22,4,19,Male,Medium,3.1,High-Speed,High School,13,11.0,7,13,94.9,40,33,81.8,5,79.38,Low,False
STU13684,CS101,Spring 2024,1,50.3,53.8,51.4,2.06,4,19,Female,Medium,1.4,High-Speed,Bachelors,8,20.2,5,3,75.5,45,31,68.2,1,61.2,Medium,False
STU13685,DS201,Fall 2025,4,62.3,62.5,62.3,2.49,3,19,Female,High,10.9,High-Speed,High School,9,15.9,5,5,100.0,45,24,54.4,1,60.7,Low,False
STU13686,DS201,Spring 2024,1,63.3,69.2,65.1,2.6,4,19,Female,Low,3.6,High-Speed,Bachelors,12,20.9,8,14,96.9,40,27,67.2,4,70.98,Low,False
STU13687,CS101,Spring 2025,3,64.4,65.6,64.8,2.59,4,23,Male,Medium,22.8,High-Speed,High School,12,7.3,3,11,79.3,45,34,76.4,1,72.06,Low,False
STU13688,SE501,Fall 2023,0,44.3,42.6,43.8,1.75,3,18,Male,Low,10.6,High-Speed,Masters,7,8.0,2,4,83.4,40,19,47.3,2,50.83,Medium,False
STU13689,CS101,Spring 2026,5,56.2,58.3,56.8,2.27,4,23,Male,Medium,9.9,Limited,Bachelors,15,13.8,5,9,83.6,50,43,85.6,2,82.02,Low,False
STU13690,AI301,Spring 2026,5,42.7,38.9,41.6,1.66,3,20,Female,Medium,7.8,High-Speed,Bachelors,10,22.3,2,2,80.8,50,26,52.9,4,57.61,Medium,True
STU13691,DS201,Fall 2023,0,31.3,31.7,31.4,1.26,3,24,Female,Low,0.4,High-Speed,Bachelors,13,24.8,7,10,61.4,40,27,66.4,3,64.98,Medium,True
STU13692,SE501,Fall 2023,0,44.1,42.7,43.7,1.75,3,19,Female,Low,25.5,High-Speed,Masters,8,10.6,3,5,69.8,50,28,55.2,5,53.56,High,False
STU13693,AI301,Fall 2024,2,61.6,56.4,60.0,2.4,3,24,Male,Medium,9.4,High-Speed,Bachelors,4,15.3,5,13,69.4,50,21,42.2,3,40.98,High,False
STU13694,AI301,Spring 2025,3,56.5,60.1,57.6,2.3,3,21,Male,Low,48.7,Moderate,High School,7,15.8,3,9,84.9,50,33,65.5,2,60.23,Low,False
STU13695,DS201,Fall 2024,2,56.3,51.6,54.9,2.2,3,22,Male,Low,7.3,High-Speed,Masters,10,18.6,3,9,78.7,40,22,56.1,1,58.79,Medium,False
STU13696,AI301,Fall 2023,0,51.9,53.2,52.3,2.09,4,22,Female,High,11.8,Moderate,Bachelors,13,19.4,7,7,74.2,45,35,77.3,1,72.99,Low,False
STU13697,SE501,Spring 2024,1,48.9,47.0,48.3,1.93,4,23,Female,Medium,0.5,Moderate,Bachelors,14,9.4,6,13,57.3,40,32,81.1,0,73.01,Low,False
STU13698,AI301,Spring 2024,1,35.8,37.3,36.2,1.45,3,23,Female,Medium,9.5,Moderate,Masters,10,15.3,6,11,65.8,40,17,43.6,2,49.96,Medium,True
STU13699,DB401,Spring 2025,3,43.6,43.8,43.7,1.75,4,21,Male,High,13.7,High-Speed,High School,4,5.0,6,10,65.2,45,25,56.3,4,47.19,High,False
STU13700,CS101,Spring 2024,1,65.4,62.4,64.5,2.58,3,19,Female,Low,14.3,High-Speed,High School,16,19.1,2,9,96.5,40,27,67.5,3,77.05,Low,False
STU13701,CS101,Fall 2024,2,67.8,67.6,67.7,2.71,4,24,Female,Medium,14.0,High-Speed,Bachelors,18,13.3,3,4,69.5,40,31,78.1,1,79.95,Low,False
STU13702,CS101,Spring 2025,3,58.8,59.1,58.9,2.36,4,25,Male,Medium,2.4,Moderate,Bachelors,16,9.0,2,7,61.8,40,23,57.9,4,65.31,Medium,False
STU13703,CS101,Spring 2024,1,60.2,66.5,62.1,2.48,4,24,Female,Medium,35.2,High-Speed,Bachelors,9,16.7,0,3,73.9,50,32,63.3,2,59.93,Medium,False
STU13704,AI301,Spring 2024,1,67.1,76.4,69.9,2.8,4,18,Female,High,50.7,High-Speed,Bachelors,16,13.2,4,2,75.4,40,31,77.7,5,77.93,Low,False
STU13705,CS101,Spring 2025,3,39.8,34.9,38.3,1.53,3,20,Female,High,0.7,High-Speed,Bachelors,7,21.3,6,6,70.3,40,15,36.9,3,43.01,High,False
STU13706,DB401,Fall 2023,0,81.3,78.0,80.3,3.21,3,22,Female,Medium,26.2,Moderate,Bachelors,13,10.5,3,14,89.7,45,32,72.1,4,73.49,Medium,False
STU13707,AI301,Spring 2024,1,58.7,47.1,55.2,2.21,4,20,Male,Low,3.2,Moderate,Masters,17,26.1,6,8,86.3,50,38,75.8,3,80.66,Low,False
STU13708,AI301,Spring 2024,1,52.1,46.2,50.3,2.01,3,18,Male,Low,11.1,High-Speed,High School,11,19.3,1,13,64.1,50,34,67.4,1,63.02,Medium,False
STU13709,AI301,Fall 2023,0,51.5,46.9,50.1,2.0,3,23,Female,Medium,3.9,High-Speed,Bachelors,16,21.4,2,7,62.6,40,30,74.3,2,73.67,Medium,False
STU13710,SE501,Fall 2025,4,49.1,38.5,45.9,1.84,3,24,Male,Low,32.6,High-Speed,Bachelors,10,9.9,6,5,54.6,50,24,48.1,4,49.97,High,False
STU13711,SE501,Spring 2024,1,63.1,55.1,60.7,2.43,3,22,Female,Medium,1.0,High-Speed,Bachelors,13,23.9,2,5,100.0,50,33,66.7,1,72.85,Low,False
STU13712,DS201,Fall 2023,0,51.1,49.6,50.6,2.02,4,20,Female,Medium,6.5,Moderate,High School,12,8.9,4,10,64.4,45,27,59.9,1,60.83,Medium,False
STU13713,AI301,Spring 2024,1,62.7,60.1,61.9,2.48,3,25,Female,Low,5.3,Moderate,High School,13,14.0,4,13,72.1,45,30,66.0,5,66.92,Medium,False
STU13714,CS101,Fall 2024,2,35.0,32.8,34.4,1.38,3,23,Other,High,3.7,Moderate,Bachelors,8,21.5,6,4,66.5,50,21,42.4,3,46.5,High,False
STU13715,DB401,Fall 2023,0,53.7,49.4,52.4,2.1,4,18,Male,Low,9.9,High-Speed,High School,12,17.5,4,12,56.9,45,29,65.3,2,62.03,Medium,False
STU13716,DB401,Fall 2024,2,67.5,81.5,71.7,2.87,4,25,Male,Medium,1.3,Moderate,High School,17,8.8,5,14,88.1,40,29,73.7,1,79.97,Low,False
STU13717,AI301,Spring 2025,3,49.8,51.7,50.4,2.02,4,20,Male,Medium,12.0,Limited,High School,10,20.7,4,3,77.9,45,28,62.9,4,62.03,Medium,False
STU13718,SE501,Spring 2025,3,56.5,56.2,56.4,2.26,3,25,Male,Medium,37.4,Limited,Bachelors,15,16.7,4,7,69.0,40,33,83.4,2,78.0,Low,False
STU13719,SE501,Fall 2024,2,47.4,53.8,49.3,1.97,3,24,Male,Medium,15.5,Moderate,Bachelors,11,12.9,5,2,50.0,45,32,70.7,6,61.85,Medium,False
STU13720,AI301,Spring 2025,3,56.6,55.7,56.3,2.25,3,19,Male,Low,18.7,High-Speed,Bachelors,15,7.3,6,3,70.5,50,33,66.8,0,70.0,Medium,False
STU13721,CS101,Spring 2025,3,68.5,61.6,66.4,2.66,4,25,Female,Medium,4.2,Moderate,High School,6,17.2,3,5,78.1,40,26,64.4,1,56.82,Medium,False
STU13722,CS101,Spring 2024,1,63.8,60.0,62.7,2.51,4,23,Female,Medium,3.7,Moderate,Bachelors,9,14.2,4,10,59.8,45,29,63.8,1,57.36,Medium,False
STU13723,SE501,Fall 2024,2,58.1,66.1,60.5,2.42,4,18,Male,High,6.9,Moderate,Bachelors,15,15.8,4,5,83.2,45,35,77.0,4,77.64,Medium,False
STU13724,AI301,Spring 2026,5,87.5,85.8,87.0,3.48,4,20,Male,Medium,0.4,High-Speed,High School,21,7.1,5,11,86.4,40,33,81.3,3,87.93,Low,False
STU13725,DS201,Fall 2025,4,49.6,40.8,47.0,1.88,4,24,Female,Medium,27.6,Limited,High School,8,12.9,5,14,77.8,45,25,55.3,2,55.21,High,False
STU13726,AI301,Spring 2025,3,66.2,70.0,67.3,2.69,4,19,Male,Medium,1.5,High-Speed,Masters,12,17.4,1,12,60.5,50,34,68.3,2,64.25,Medium,False
STU13727,AI301,Fall 2024,2,70.7,72.4,71.2,2.85,4,19,Male,High,22.2,High-Speed,Bachelors,16,24.4,2,4,64.4,40,33,83.7,3,78.73,Low,False
STU13728,SE501,Spring 2025,3,53.9,50.9,53.0,2.12,3,18,Male,Low,0.8,High-Speed,Bachelors,14,14.0,2,12,77.7,50,39,77.1,2,75.09,Medium,False
STU13729,DS201,Fall 2024,2,56.3,57.2,56.6,2.26,4,21,Female,Medium,16.4,Moderate,High School,16,22.2,7,2,85.8,40,33,83.0,3,82.66,Low,False
STU13730,DS201,Fall 2024,2,65.0,71.6,67.0,2.68,3,24,Male,Medium,1.6,High-Speed,Masters,20,18.9,0,13,66.3,40,37,93.7,4,90.11,Low,False
STU13731,DS201,Spring 2026,5,64.0,67.6,65.1,2.6,4,24,Female,Medium,0.4,High-Speed,Bachelors,9,16.2,4,9,70.9,40,28,71.0,2,63.18,Low,False
STU13732,CS101,Spring 2024,1,50.2,49.1,49.9,2.0,4,22,Male,Low,12.1,Moderate,Masters,15,9.9,4,12,63.9,40,24,61.0,3,65.78,Low,False
STU13733,AI301,Fall 2023,0,50.4,56.3,52.2,2.09,3,18,Female,Medium,3.1,Moderate,Doctorate,9,10.1,6,5,68.0,50,29,57.2,2,55.7,Medium,False
STU13734,SE501,Spring 2024,1,58.2,65.7,60.4,2.42,3,19,Male,Low,11.9,Moderate,Doctorate,4,18.1,9,12,87.6,50,24,48.9,1,47.97,High,False
STU13735,DB401,Fall 2023,0,38.7,33.8,37.2,1.49,3,19,Male,Medium,7.7,High-Speed,Masters,11,12.4,3,3,71.6,40,23,56.4,1,59.02,Medium,True
STU13736,CS101,Fall 2024,2,51.1,62.1,54.4,2.18,3,25,Female,Medium,1.1,Moderate,High School,10,11.9,3,8,59.4,40,26,66.1,2,59.93,Medium,False
STU13737,SE501,Spring 2024,1,43.6,44.1,43.7,1.75,3,18,Female,High,25.6,High-Speed,Masters,10,14.1,2,14,55.4,50,35,69.7,0,60.93,High,True
STU13738,SE501,Spring 2024,1,49.0,52.4,50.0,2.0,3,21,Female,Medium,5.7,High-Speed,High School,11,14.2,3,13,69.3,40,24,60.6,1,60.66,Medium,False
STU13739,AI301,Spring 2026,5,51.3,51.8,51.5,2.06,3,22,Female,Low,12.6,High-Speed,Masters,8,19.5,0,2,89.7,40,26,64.1,2,61.99,Medium,False
STU13740,DS201,Spring 2025,3,47.5,50.5,48.4,1.94,4,20,Female,Low,6.6,Moderate,High School,17,12.5,6,4,59.6,50,43,85.4,5,80.12,Low,False
STU13741,DB401,Spring 2024,1,58.5,61.2,59.3,2.37,3,18,Female,High,8.8,High-Speed,Bachelors,10,19.0,3,11,78.7,50,30,61.0,2,61.24,Medium,False
STU13742,SE501,Fall 2024,2,61.2,58.7,60.5,2.42,3,22,Female,Low,3.4,High-Speed,High School,14,17.2,5,12,80.6,50,38,75.2,3,74.72,Low,False
STU13743,CS101,Spring 2024,1,68.4,69.6,68.8,2.75,3,24,Male,Medium,2.1,High-Speed,Bachelors,14,6.6,3,6,56.1,45,37,82.1,2,73.27,Medium,False
STU13744,CS101,Spring 2025,3,46.6,52.2,48.3,1.93,4,22,Male,Low,7.4,High-Speed,High School,9,16.5,4,8,60.5,40,25,63.6,4,57.4,High,False
STU13745,AI301,Spring 2025,3,54.0,51.4,53.2,2.13,3,25,Male,Medium,5.5,Limited,Bachelors,11,1.7,3,4,65.4,50,27,54.7,2,56.93,High,False
STU13746,DS201,Fall 2024,2,64.0,69.0,65.5,2.62,3,23,Female,Medium,4.7,Limited,Masters,8,10.5,4,14,78.9,40,23,57.4,2,56.48,Medium,False
STU13747,SE501,Spring 2025,3,44.4,37.2,42.3,1.69,3,19,Male,Medium,10.6,High-Speed,Bachelors,7,17.3,4,5,48.4,45,27,59.1,3,49.73,High,False
STU13748,SE501,Fall 2024,2,57.1,60.5,58.1,2.32,4,25,Male,Medium,11.1,High-Speed,High School,9,14.9,5,6,87.2,50,25,50.7,6,56.29,High,False
STU13749,DS201,Fall 2025,4,63.2,77.1,67.4,2.7,4,20,Female,High,0.4,High-Speed,Bachelors,11,6.2,6,11,59.9,50,37,73.6,0,65.28,Medium,False
STU13750,DB401,Spring 2024,1,55.2,57.4,55.9,2.24,4,18,Female,Medium,3.9,Moderate,High School,12,9.4,5,3,65.6,40,18,45.7,3,53.97,High,False
STU13751,SE501,Spring 2024,1,53.6,46.9,51.6,2.06,4,25,Female,Medium,5.0,High-Speed,Bachelors,14,2.0,1,13,45.8,40,30,76.1,1,68.21,High,False
STU13752,AI301,Fall 2024,2,64.4,68.9,65.8,2.63,4,19,Male,High,1.0,High-Speed,Doctorate,15,8.3,4,10,64.5,50,34,68.7,4,69.75,Low,False
STU13753,CS101,Fall 2025,4,61.7,69.6,64.1,2.56,4,23,Female,High,2.6,High-Speed,Bachelors,8,17.9,6,8,91.5,50,29,58.8,5,59.7,Medium,False
STU13754,DS201,Fall 2025,4,38.6,41.3,39.4,1.58,4,25,Male,Medium,0.5,High-Speed,High School,18,12.2,4,3,60.0,40,23,58.2,2,68.1,Low,True
STU13755,DS201,Fall 2024,2,66.2,64.3,65.6,2.62,4,23,Male,High,53.0,High-Speed,High School,10,15.8,4,13,89.5,40,28,69.7,6,67.75,Medium,False
STU13756,DS201,Spring 2025,3,35.1,30.5,33.7,1.35,4,25,Male,Low,12.7,High-Speed,Doctorate,13,15.1,7,7,52.3,50,24,48.8,2,54.36,Medium,True
STU13757,SE501,Spring 2024,1,62.8,63.2,62.9,2.52,3,19,Male,Medium,0.9,High-Speed,High School,13,15.2,3,8,60.9,45,32,71.1,5,67.23,Low,False
STU13758,DB401,Fall 2025,4,51.3,54.2,52.2,2.09,4,21,Male,High,0.2,High-Speed,Bachelors,12,20.1,2,13,72.0,40,25,61.7,4,63.25,Medium,False
STU13759,DB401,Fall 2025,4,66.6,57.5,63.9,2.56,4,22,Female,Low,12.1,Limited,Bachelors,12,14.0,3,11,75.5,40,29,72.9,4,69.55,Medium,False
STU13760,DS201,Spring 2024,1,44.2,51.0,46.2,1.85,3,18,Male,Low,5.5,High-Speed,Bachelors,10,19.6,3,13,76.2,40,20,50.3,5,55.39,Medium,False
STU13761,CS101,Spring 2026,5,37.3,30.0,35.1,1.4,4,18,Female,Medium,14.7,High-Speed,Masters,8,2.6,5,5,54.6,50,30,59.6,2,52.72,High,False
STU13762,SE501,Spring 2024,1,59.7,64.7,61.2,2.45,3,18,Female,Medium,24.4,Limited,High School,14,20.6,8,12,90.1,50,32,63.4,6,70.72,Low,False
STU13763,SE501,Fall 2024,2,39.9,43.8,41.1,1.64,4,19,Male,Medium,8.7,Moderate,Bachelors,8,8.5,3,5,70.0,50,28,55.9,2,53.95,Medium,False
STU13764,AI301,Fall 2023,0,53.1,58.5,54.7,2.19,4,24,Female,Medium,2.0,High-Speed,Bachelors,4,9.6,3,9,82.8,40,14,34.3,3,39.71,High,False
STU13765,DS201,Fall 2024,2,59.0,52.3,57.0,2.28,4,21,Male,High,14.5,Moderate,High School,10,11.5,3,3,63.1,40,24,60.1,4,57.67,Low,False
STU13766,AI301,Fall 2024,2,71.1,76.3,72.7,2.91,4,20,Female,Medium,29.6,High-Speed,High School,19,20.4,5,3,76.1,45,40,90.0,4,88.72,Low,False
STU13767,SE501,Fall 2024,2,64.9,76.9,68.5,2.74,3,23,Male,Low,8.2,Moderate,Bachelors,13,10.6,4,3,67.5,50,33,66.8,4,66.4,Low,False
STU13768,SE501,Fall 2023,0,65.3,64.6,65.1,2.6,4,19,Male,High,10.9,Limited,High School,10,11.7,4,12,84.4,50,33,65.1,1,64.43,Medium,False
STU13769,DS201,Fall 2023,0,62.6,63.9,63.0,2.52,4,24,Male,Low,3.9,High-Speed,Masters,17,10.2,5,3,79.0,40,34,85.8,2,84.2,Low,False
STU13770,SE501,Fall 2025,4,57.1,50.1,55.0,2.2,3,20,Female,Low,4.6,High-Speed,High School,16,16.3,6,8,75.7,40,26,64.9,0,71.59,Medium,False
STU13771,AI301,Spring 2024,1,60.7,56.8,59.5,2.38,3,23,Female,Low,12.6,High-Speed,High School,11,18.7,4,5,72.5,45,34,76.6,2,69.3,Medium,False
STU13772,DB401,Spring 2025,3,51.3,49.9,50.9,2.04,3,23,Male,Medium,25.0,Moderate,High School,8,23.5,2,6,51.8,40,21,52.6,2,48.66,High,False
STU13773,DB401,Spring 2025,3,63.1,56.5,61.1,2.44,3,21,Female,Low,9.4,High-Speed,High School,17,27.0,1,9,90.0,40,26,66.1,6,76.55,Low,False
STU13774,CS101,Fall 2023,0,57.2,51.9,55.6,2.22,3,22,Female,Low,14.8,Moderate,Bachelors,14,18.3,4,8,99.5,40,26,65.3,1,73.55,Medium,False
STU13775,DS201,Fall 2025,4,40.4,38.3,39.8,1.59,3,18,Female,Medium,1.8,High-Speed,High School,14,16.8,1,12,75.0,45,24,52.5,4,62.25,Medium,True
STU13776,SE501,Spring 2024,1,55.8,58.7,56.7,2.27,3,25,Female,Low,2.3,High-Speed,Bachelors,14,8.9,4,9,63.7,45,36,79.6,2,73.54,Medium,False
STU13777,SE501,Spring 2024,1,56.4,49.2,54.2,2.17,4,20,Female,Medium,7.2,High-Speed,Doctorate,13,24.5,3,6,68.9,45,32,70.9,3,68.73,Medium,False
STU13778,AI301,Spring 2024,1,48.4,48.1,48.3,1.93,3,19,Female,High,1.8,High-Speed,Bachelors,13,16.1,7,9,87.2,45,27,60.4,5,67.14,Medium,False
STU13779,CS101,Spring 2026,5,63.7,55.8,61.3,2.45,3,20,Female,Medium,9.6,High-Speed,High School,11,13.6,5,2,67.6,45,31,69.3,1,64.67,Low,False
STU13780,CS101,Spring 2024,1,60.5,60.2,60.4,2.42,3,22,Male,Low,3.3,High-Speed,Masters,10,16.9,3,6,90.3,50,32,64.9,2,65.51,Low,False
STU13781,AI301,Fall 2024,2,65.4,72.4,67.5,2.7,3,18,Male,Low,14.9,Moderate,High School,12,11.8,2,13,77.0,40,27,68.5,4,67.65,Medium,False
STU13782,DS201,Fall 2024,2,44.6,46.0,45.0,1.8,4,20,Male,High,15.7,Moderate,Bachelors,15,3.3,4,12,60.2,45,31,68.3,4,68.69,Medium,False
STU13783,AI301,Spring 2024,1,66.2,72.3,68.0,2.72,3,22,Female,Low,5.9,Moderate,Bachelors,8,17.9,1,11,84.1,45,28,62.9,5,60.27,Medium,False
STU13784,SE501,Fall 2025,4,42.8,42.9,42.8,1.71,3,19,Female,High,1.9,High-Speed,High School,10,21.7,7,3,81.5,45,21,45.8,0,54.2,High,True
STU13785,SE501,Spring 2024,1,52.5,54.3,53.0,2.12,4,21,Male,Low,9.9,Limited,Masters,14,17.8,2,6,63.9,45,35,78.3,1,72.93,Low,False
STU13786,DB401,Spring 2026,5,53.6,49.4,52.4,2.1,3,24,Female,High,46.9,Moderate,High School,14,15.0,3,14,74.9,40,27,67.5,3,69.73,Medium,False
STU13787,CS101,Fall 2023,0,44.7,48.2,45.8,1.83,3,23,Male,Medium,9.3,High-Speed,Bachelors,7,15.1,8,14,57.2,40,24,60.1,2,51.99,High,False
STU13788,DB401,Fall 2025,4,66.5,63.4,65.6,2.62,4,19,Male,Medium,0.3,High-Speed,High School,14,15.9,5,13,72.4,50,36,72.1,5,71.53,Medium,False
STU13789,DS201,Fall 2024,2,64.5,58.4,62.7,2.51,3,18,Other,Medium,0.2,High-Speed,Bachelors,15,15.7,2,3,79.2,40,30,74.6,0,75.64,Low,False
STU13790,DS201,Spring 2024,1,46.0,45.8,45.9,1.84,4,23,Male,Medium,3.7,Limited,Bachelors,13,14.7,4,7,64.6,45,32,70.1,3,67.47,Medium,False
STU13791,CS101,Fall 2024,2,42.7,35.1,40.4,1.62,4,24,Male,Medium,2.1,High-Speed,High School,7,15.1,5,10,81.3,45,21,46.9,2,50.21,High,False
STU13792,CS101,Spring 2026,5,58.5,61.6,59.4,2.38,4,19,Female,Medium,15.9,High-Speed,Bachelors,15,22.8,5,13,70.0,45,33,73.0,3,73.0,Medium,False
STU13793,CS101,Spring 2024,1,44.9,54.6,47.8,1.91,4,25,Female,Medium,17.7,High-Speed,Bachelors,9,17.4,4,3,66.1,45,23,50.9,5,52.17,Medium,False
STU13794,DS201,Spring 2025,3,71.7,70.3,71.3,2.85,4,19,Male,Low,2.8,Moderate,Bachelors,18,15.5,4,11,94.7,40,32,80.4,1,86.14,Low,False
STU13795,DS201,Spring 2026,5,47.1,45.9,46.7,1.87,3,19,Female,Low,3.7,High-Speed,Bachelors,16,18.3,6,3,84.1,40,27,66.6,7,74.12,Low,False
STU13796,DB401,Fall 2025,4,57.1,59.6,57.8,2.31,4,25,Female,Medium,2.6,High-Speed,Bachelors,10,18.3,5,11,43.0,50,28,55.0,3,51.1,High,False
STU13797,DB401,Spring 2025,3,54.5,57.4,55.4,2.22,3,19,Male,Low,22.7,High-Speed,High School,16,19.7,4,4,87.6,40,33,82.7,2,82.87,Medium,False
STU13798,DB401,Spring 2026,5,55.4,56.1,55.6,2.22,3,23,Male,Medium,6.6,High-Speed,Bachelors,12,11.2,3,11,73.0,45,31,69.8,4,67.5,Low,False
STU13799,DB401,Fall 2023,0,47.6,39.5,45.2,1.81,4,18,Female,Low,10.1,High-Speed,Bachelors,9,12.6,4,6,76.3,45,26,57.5,5,57.51,Medium,False
STU13800,DB401,Spring 2026,5,44.9,50.9,46.7,1.87,4,24,Male,Medium,5.1,High-Speed,Bachelors,16,10.9,6,11,66.9,40,28,69.9,3,72.33,Medium,False
STU13801,DB401,Fall 2023,0,62.0,67.4,63.6,2.54,3,22,Female,Low,9.5,Moderate,Masters,18,18.8,7,10,60.4,50,41,82.0,4,80.08,Low,False
STU13802,DS201,Fall 2023,0,64.9,58.8,63.1,2.52,3,20,Female,Medium,4.6,Moderate,High School,19,18.6,4,4,89.7,50,38,76.5,4,84.69,Low,False
STU13803,AI301,Fall 2024,2,34.7,30.0,33.3,1.33,3,25,Other,Low,3.9,Moderate,High School,7,8.6,5,10,68.9,40,16,40.8,3,44.68,High,False
STU13804,DB401,Spring 2025,3,50.1,63.7,54.2,2.17,3,21,Male,Low,9.6,High-Speed,High School,17,17.0,4,10,66.9,40,27,67.4,2,72.58,Medium,False
STU13805,DS201,Fall 2023,0,54.0,50.3,52.9,2.12,3,25,Female,Low,8.5,Moderate,High School,9,21.9,7,10,54.7,40,27,67.0,5,57.94,Medium,False
STU13806,DS201,Spring 2026,5,67.4,60.3,65.3,2.61,4,24,Male,High,3.3,High-Speed,High School,10,13.8,3,5,79.8,45,31,69.1,1,65.51,Low,False
STU13807,DB401,Spring 2025,3,61.2,46.7,56.8,2.27,3,20,Male,Low,1.5,High-Speed,Doctorate,10,16.6,6,11,60.1,40,25,61.3,1,57.67,High,False
STU13808,DS201,Fall 2024,2,50.2,47.7,49.5,1.98,4,20,Male,Medium,4.4,Limited,High School,11,18.7,5,7,59.4,40,24,59.6,2,58.18,Medium,False
STU13809,SE501,Spring 2024,1,54.2,56.9,55.0,2.2,4,21,Male,Low,5.1,Moderate,Bachelors,13,8.4,4,3,83.8,50,31,61.8,1,67.16,Medium,False
STU13810,CS101,Fall 2023,0,35.0,44.6,37.9,1.52,4,24,Female,Low,9.4,High-Speed,High School,10,15.8,3,2,39.5,50,30,60.7,3,53.25,High,True
STU13811,DS201,Spring 2024,1,54.2,52.3,53.6,2.14,4,23,Male,Medium,23.4,Moderate,Bachelors,11,21.4,5,3,56.7,45,31,68.6,2,62.14,High,False
STU13812,DB401,Fall 2024,2,71.0,61.9,68.3,2.73,4,18,Male,Medium,0.4,Limited,Doctorate,13,12.0,4,5,80.3,50,35,70.8,5,70.96,Low,False
STU13813,SE501,Fall 2024,2,47.0,49.1,47.6,1.9,4,21,Female,High,2.7,Moderate,High School,16,19.2,2,8,85.2,50,36,71.7,6,76.89,Low,False
STU13814,AI301,Spring 2024,1,45.6,47.1,46.1,1.84,4,18,Male,High,2.0,Moderate,Masters,11,15.1,8,3,55.5,40,24,58.9,0,57.05,High,False
STU13815,SE501,Fall 2025,4,49.4,45.9,48.4,1.94,3,23,Female,Medium,6.6,Moderate,Doctorate,6,11.6,4,11,88.7,50,30,60.2,3,56.84,Medium,False
STU13816,AI301,Spring 2024,1,57.0,55.4,56.5,2.26,4,20,Male,Medium,5.3,High-Speed,Bachelors,10,14.5,6,2,80.7,50,30,60.2,3,61.24,Medium,False
STU13817,DS201,Spring 2024,1,65.0,65.8,65.2,2.61,3,18,Female,Medium,12.4,High-Speed,High School,9,12.4,4,4,62.1,50,33,66.0,1,58.92,High,False
STU13818,CS101,Spring 2025,3,45.6,49.7,46.8,1.87,4,23,Female,Medium,2.6,Moderate,Bachelors,20,10.6,3,8,80.7,50,34,68.9,0,80.59,Low,False
STU13819,DS201,Spring 2025,3,41.8,44.6,42.6,1.7,3,23,Male,High,8.6,High-Speed,Masters,10,13.7,2,4,74.9,50,31,62.8,2,61.38,Medium,True
STU13820,DS201,Fall 2025,4,70.0,71.3,70.4,2.82,4,22,Male,Medium,20.5,High-Speed,High School,12,15.3,2,3,68.5,50,38,76.0,1,69.7,Low,False
STU13821,CS101,Spring 2025,3,61.9,62.1,61.9,2.48,4,21,Male,Medium,22.9,High-Speed,Bachelors,11,14.2,3,2,79.3,50,34,68.8,2,66.76,Medium,False
STU13822,DS201,Spring 2026,5,47.1,56.8,50.0,2.0,3,22,Female,Low,30.3,High-Speed,High School,12,13.7,7,4,64.5,50,27,53.7,0,57.75,Medium,False
STU13823,SE501,Spring 2024,1,69.9,72.6,70.7,2.83,3,25,Male,Low,14.1,Limited,High School,11,16.1,5,8,81.3,45,34,75.2,4,70.36,Low,False
STU13824,SE501,Fall 2025,4,69.5,75.0,71.2,2.85,4,20,Male,High,22.5,Moderate,Masters,12,17.7,3,4,65.2,40,29,73.4,3,67.74,Low,False
STU13825,DS201,Spring 2026,5,53.6,58.0,54.9,2.2,3,21,Male,Medium,2.5,High-Speed,Bachelors,9,9.3,2,6,77.8,50,25,50.7,3,54.41,High,False
STU13826,SE501,Spring 2025,3,47.2,49.0,47.7,1.91,4,20,Male,Medium,2.1,Limited,High School,10,13.7,5,12,64.0,40,22,54.2,2,54.9,Medium,False
STU13827,SE501,Fall 2023,0,35.1,42.6,37.4,1.5,3,22,Male,Low,0.1,Limited,Bachelors,12,5.1,8,7,69.1,50,28,56.5,3,60.07,High,True
STU13828,DB401,Spring 2024,1,40.7,36.9,39.5,1.58,4,24,Female,High,11.7,High-Speed,High School,11,14.2,4,13,59.6,45,27,59.9,2,58.37,Medium,True
STU13829,CS101,Fall 2025,4,34.9,39.1,36.2,1.45,4,23,Male,Low,26.3,Limited,High School,13,15.8,5,6,58.1,50,33,66.4,0,64.32,High,True
STU13830,SE501,Fall 2023,0,56.2,49.6,54.2,2.17,3,20,Male,High,2.0,High-Speed,Bachelors,7,17.8,5,2,86.7,45,24,53.1,1,54.39,Medium,False
STU13831,AI301,Spring 2025,3,65.2,65.6,65.3,2.61,3,21,Female,Low,9.6,High-Speed,Bachelors,8,15.8,4,6,83.5,50,26,51.2,5,54.3,High,False
STU13832,DB401,Spring 2024,1,63.2,53.6,60.3,2.41,3,25,Female,High,13.0,High-Speed,High School,12,17.7,4,4,89.2,50,39,77.2,5,74.44,Low,False
STU13833,AI301,Fall 2025,4,66.0,59.7,64.1,2.56,3,21,Male,Medium,24.9,Moderate,High School,15,15.3,4,9,77.6,40,31,78.4,2,77.22,Low,False
STU13834,SE501,Spring 2024,1,75.7,73.6,75.1,3.0,3,20,Male,Low,9.9,High-Speed,Bachelors,13,11.6,5,6,97.6,50,37,74.1,5,76.07,Low,False
STU13835,AI301,Fall 2023,0,45.0,54.1,47.7,1.91,3,21,Male,Medium,33.4,Moderate,Masters,10,9.4,8,9,62.3,50,21,42.2,5,48.56,High,False
STU13836,DS201,Fall 2025,4,51.7,50.9,51.5,2.06,3,25,Female,Medium,4.0,Moderate,Masters,12,13.7,2,10,76.0,45,25,55.0,1,60.7,High,False
STU13837,DS201,Spring 2026,5,35.1,38.8,36.2,1.45,3,23,Male,Low,4.1,High-Speed,High School,16,11.2,10,3,45.4,40,28,69.7,3,67.93,Medium,True
STU13838,CS101,Spring 2026,5,60.9,68.4,63.1,2.52,3,24,Female,High,7.4,High-Speed,Bachelors,8,14.4,4,5,75.8,50,31,62.1,2,58.21,Medium,False
STU13839,AI301,Spring 2026,5,47.0,45.8,46.6,1.86,4,23,Female,Medium,4.6,High-Speed,Masters,4,12.5,1,11,59.7,40,14,33.8,0,34.84,High,False
STU13840,DB401,Fall 2025,4,59.2,67.8,61.8,2.47,3,21,Female,Medium,0.0,High-Speed,Bachelors,15,17.1,4,2,69.7,40,31,77.8,2,75.34,Low,False
STU13841,CS101,Fall 2023,0,40.1,39.9,40.0,1.6,3,25,Male,Low,12.5,Moderate,Masters,12,15.2,5,11,54.9,50,26,52.1,2,55.03,High,True
STU13842,CS101,Spring 2026,5,62.2,57.1,60.7,2.43,3,25,Male,Medium,13.2,High-Speed,Masters,16,17.2,8,13,62.3,50,38,76.9,0,74.91,Low,False
STU13843,DB401,Spring 2026,5,62.6,68.1,64.3,2.57,3,20,Male,High,13.1,High-Speed,High School,11,17.2,2,10,94.2,50,28,55.4,4,63.04,Medium,False
STU13844,SE501,Spring 2026,5,77.4,80.5,78.3,3.13,3,22,Male,Medium,4.0,High-Speed,High School,14,14.1,2,11,80.2,50,40,80.9,4,77.49,Low,False
STU13845,DB401,Fall 2025,4,41.0,39.5,40.5,1.62,3,21,Female,High,7.0,Moderate,High School,14,14.4,1,13,58.4,50,27,53.2,4,59.28,High,True
STU13846,SE501,Spring 2024,1,66.8,62.0,65.4,2.62,4,21,Female,High,4.2,Moderate,High School,14,17.5,8,9,72.0,40,32,80.0,3,75.4,Low,False
STU13847,AI301,Spring 2026,5,54.7,59.8,56.2,2.25,3,21,Female,Low,0.2,Limited,Masters,5,27.2,3,14,86.2,45,19,42.2,3,45.84,Medium,False
STU13848,CS101,Fall 2025,4,40.0,34.4,38.3,1.53,3,21,Female,Low,7.9,Moderate,Masters,9,10.1,3,3,46.9,40,21,52.0,0,48.88,High,False
STU13849,SE501,Fall 2025,4,56.0,45.2,52.8,2.11,4,20,Male,High,1.3,High-Speed,High School,12,15.2,3,14,85.3,50,33,66.6,6,68.36,Medium,False
STU13850,SE501,Spring 2025,3,62.3,68.1,64.1,2.56,3,22,Male,Medium,0.8,High-Speed,Bachelors,12,9.0,4,12,70.2,40,28,70.5,4,67.29,Low,False
STU13851,DS201,Fall 2025,4,79.8,84.2,81.1,3.24,4,22,Male,Low,13.4,Moderate,Bachelors,10,14.9,4,7,100.0,45,30,67.5,1,68.75,Low,False
STU13852,DB401,Fall 2023,0,35.7,39.1,36.7,1.47,3,18,Female,Low,0.1,Limited,High School,9,11.6,3,6,61.9,40,27,67.3,5,59.53,High,False
STU13853,DB401,Spring 2026,5,63.6,62.2,63.2,2.53,4,21,Female,Medium,30.3,High-Speed,Bachelors,15,14.4,2,6,81.5,50,37,74.3,4,75.95,Low,False
STU13854,AI301,Spring 2024,1,51.4,54.8,52.4,2.1,3,21,Female,Medium,6.9,High-Speed,Masters,13,15.8,2,4,48.1,50,34,68.7,2,63.47,Low,False
STU13855,DB401,Fall 2023,0,41.0,37.2,39.8,1.59,4,18,Male,Low,38.7,High-Speed,High School,11,12.6,5,2,70.2,50,25,49.1,1,55.09,High,True
STU13856,CS101,Fall 2025,4,56.0,56.9,56.3,2.25,4,22,Male,Low,0.6,Moderate,High School,7,6.1,3,12,69.3,45,28,61.9,5,55.31,Medium,False
STU13857,AI301,Fall 2024,2,55.2,64.1,57.9,2.32,4,25,Female,High,8.3,High-Speed,High School,12,22.1,9,7,62.4,50,34,68.4,2,64.68,Low,False
STU13858,CS101,Fall 2024,2,57.3,57.2,57.3,2.29,3,25,Male,Medium,4.1,High-Speed,High School,9,19.2,6,7,71.4,50,29,57.4,4,56.48,Medium,False
STU13859,AI301,Fall 2024,2,52.0,54.3,52.7,2.11,4,19,Female,Medium,17.6,Moderate,High School,10,14.3,5,6,79.4,50,29,57.3,2,59.53,Medium,False
STU13860,AI301,Spring 2024,1,48.5,41.9,46.5,1.86,3,23,Female,Medium,4.3,High-Speed,Bachelors,8,10.5,3,10,91.8,50,28,55.9,4,58.31,Medium,False
STU13861,DS201,Fall 2024,2,51.8,49.4,51.1,2.04,4,19,Female,Medium,2.9,High-Speed,Bachelors,5,15.4,7,11,75.7,40,21,53.3,0,49.29,High,False
STU13862,CS101,Fall 2025,4,60.1,59.0,59.8,2.39,4,22,Male,Medium,18.5,High-Speed,Bachelors,7,16.8,3,13,71.5,50,26,52.7,4,51.15,High,False
STU13863,DS201,Spring 2025,3,57.8,63.3,59.4,2.38,4,24,Male,Medium,4.5,High-Speed,High School,10,18.9,5,10,74.9,40,21,51.9,2,55.93,Medium,False
STU13864,CS101,Spring 2024,1,47.7,58.0,50.8,2.03,4,21,Male,Low,0.2,High-Speed,High School,9,19.3,1,14,78.1,45,30,67.3,1,62.77,High,False
STU13865,CS101,Fall 2023,0,52.7,54.5,53.3,2.13,4,19,Male,Medium,4.7,High-Speed,Masters,13,20.3,3,11,72.2,40,25,62.9,2,65.39,Medium,False
STU13866,DS201,Spring 2024,1,57.1,48.5,54.5,2.18,4,20,Male,Medium,10.1,High-Speed,Masters,10,6.3,2,2,88.7,40,23,56.3,3,60.89,Low,False
STU13867,CS101,Fall 2023,0,62.0,56.1,60.2,2.41,3,25,Female,High,2.8,Moderate,High School,15,13.5,2,8,67.9,40,30,75.3,2,73.73,Low,False
STU13868,DS201,Fall 2023,0,40.3,46.1,42.0,1.68,3,20,Female,Medium,5.4,Moderate,High School,12,20.0,6,13,54.0,40,20,48.8,1,53.2,High,True
STU13869,SE501,Fall 2023,0,48.9,45.4,47.9,1.92,3,18,Male,High,0.6,High-Speed,Masters,10,10.4,2,7,68.3,40,23,57.3,4,57.31,High,False
STU13870,DS201,Fall 2024,2,54.6,58.5,55.8,2.23,4,22,Male,High,8.4,High-Speed,High School,13,21.1,4,14,73.8,40,30,74.3,2,71.41,Low,False
STU13871,AI301,Fall 2025,4,80.0,81.8,80.5,3.22,4,22,Male,Low,13.4,Moderate,High School,14,24.1,4,4,75.8,45,34,75.8,1,74.06,Low,False
STU13872,CS101,Spring 2026,5,36.6,36.8,36.6,1.46,3,19,Male,Medium,5.1,High-Speed,Bachelors,5,21.0,5,5,83.3,50,22,43.6,1,45.96,High,False
STU13873,AI301,Fall 2025,4,62.6,64.0,63.0,2.52,4,21,Female,Medium,5.2,High-Speed,High School,10,18.3,4,5,88.6,45,30,67.3,7,66.37,Low,False
STU13874,AI301,Spring 2024,1,46.8,47.7,47.1,1.88,4,22,Male,High,0.9,High-Speed,High School,11,12.8,5,5,58.2,40,22,56.1,4,56.19,Medium,False
STU13875,CS101,Fall 2024,2,61.0,54.4,59.0,2.36,3,19,Male,Medium,2.1,Moderate,Bachelors,8,16.4,4,8,71.4,40,27,68.2,3,60.38,Medium,False
STU13876,CS101,Spring 2024,1,63.3,61.9,62.9,2.52,4,19,Male,Medium,1.6,High-Speed,Bachelors,13,8.3,2,5,93.6,40,29,72.8,1,74.62,Low,False
STU13877,CS101,Fall 2024,2,57.7,68.4,60.9,2.44,3,23,Female,Medium,6.2,Moderate,Masters,21,11.1,3,11,56.4,45,43,96.6,5,89.58,Low,False
STU13878,CS101,Spring 2026,5,59.2,53.7,57.5,2.3,3,23,Female,Low,7.2,Moderate,Doctorate,12,11.4,6,7,63.0,40,30,74.3,4,67.75,Low,False
STU13879,CS101,Fall 2025,4,55.7,50.1,54.0,2.16,4,22,Male,Low,28.3,Limited,High School,16,15.3,2,2,76.2,45,32,70.5,1,74.49,High,False
STU13880,DB401,Fall 2025,4,37.5,35.2,36.8,1.47,4,19,Female,Medium,0.7,High-Speed,High School,10,13.0,4,9,47.2,40,24,59.9,1,54.39,High,True
STU13881,CS101,Fall 2025,4,57.6,67.0,60.4,2.42,4,18,Female,Medium,8.7,Moderate,Bachelors,10,16.3,4,13,53.3,40,27,68.5,2,59.91,Medium,False
STU13882,CS101,Fall 2025,4,48.1,43.6,46.8,1.87,3,18,Female,Medium,7.1,High-Speed,Bachelors,6,19.4,5,5,79.9,45,27,60.8,3,55.38,High,False
STU13883,SE501,Fall 2025,4,53.8,51.4,53.1,2.12,4,23,Male,Medium,6.9,High-Speed,High School,12,11.5,8,14,79.9,45,31,68.9,2,68.43,Medium,False
STU13884,CS101,Fall 2023,0,63.3,58.2,61.8,2.47,3,22,Female,Low,19.6,High-Speed,High School,17,15.7,5,4,79.3,45,32,71.9,2,77.31,Low,False
STU13885,SE501,Fall 2024,2,60.9,58.3,60.1,2.4,4,25,Female,Medium,2.2,High-Speed,High School,12,12.9,3,14,75.6,45,28,61.9,5,64.07,Low,False
STU13886,SE501,Spring 2025,3,55.0,53.6,54.6,2.18,3,21,Female,Low,0.4,Moderate,Bachelors,17,16.0,2,10,61.0,40,33,81.3,4,78.35,Low,False
STU13887,CS101,Fall 2024,2,59.4,61.8,60.1,2.4,4,24,Female,High,10.6,High-Speed,High School,12,18.4,4,3,71.1,40,27,67.9,5,66.17,Low,False
STU13888,DB401,Spring 2026,5,59.9,51.7,57.4,2.3,4,25,Female,High,4.0,High-Speed,Doctorate,12,19.6,5,9,84.6,50,30,61.0,3,65.42,Medium,False
STU13889,DB401,Spring 2026,5,53.8,55.0,54.2,2.17,4,18,Male,Medium,0.2,High-Speed,High School,15,18.4,10,12,52.9,40,35,87.4,2,76.78,Low,False
STU13890,SE501,Spring 2026,5,49.7,44.8,48.2,1.93,4,18,Female,Low,2.8,Moderate,Doctorate,10,17.1,4,7,85.0,40,24,58.8,2,61.4,High,False
STU13891,AI301,Fall 2023,0,52.0,54.3,52.7,2.11,3,25,Female,Low,3.5,High-Speed,Masters,12,7.9,5,14,54.7,40,22,55.6,3,56.74,Medium,False
STU13892,CS101,Spring 2024,1,57.7,50.2,55.4,2.22,4,23,Female,Medium,9.1,Moderate,Bachelors,17,9.6,3,14,81.8,40,33,82.2,3,82.96,Low,False
STU13893,CS101,Spring 2026,5,76.1,74.7,75.7,3.03,3,23,Male,Medium,1.8,Moderate,Bachelors,12,10.9,8,7,64.1,40,29,72.4,2,67.02,Low,False
STU13894,CS101,Spring 2024,1,51.4,46.8,50.0,2.0,4,22,Female,Medium,5.1,Moderate,Bachelors,13,16.8,6,11,66.2,50,36,72.6,2,69.04,Medium,False
STU13895,AI301,Fall 2024,2,62.0,62.5,62.1,2.48,4,23,Female,Low,6.3,High-Speed,High School,13,8.5,2,7,57.2,45,30,65.7,3,63.79,Low,False
STU13896,DB401,Spring 2026,5,77.9,85.8,80.3,3.21,3,20,Male,Medium,5.8,Moderate,High School,13,16.7,4,3,100.0,40,29,73.0,5,76.0,Low,False
STU13897,CS101,Fall 2024,2,53.3,56.3,54.2,2.17,4,24,Female,Medium,34.7,High-Speed,Bachelors,9,16.3,3,12,76.5,40,25,62.6,1,60.1,Low,False
STU13898,DS201,Spring 2025,3,61.9,65.0,62.8,2.51,4,25,Female,Medium,0.4,Moderate,Bachelors,8,5.3,4,13,88.2,45,21,45.8,0,52.54,Medium,False
STU13899,DS201,Fall 2023,0,48.2,47.9,48.1,1.92,4,25,Female,Medium,28.6,Moderate,Bachelors,9,9.6,2,8,50.6,45,23,50.5,3,48.87,High,False
STU13900,AI301,Spring 2025,3,63.0,62.1,62.7,2.51,4,19,Male,Low,8.3,High-Speed,Bachelors,17,20.2,3,9,82.7,50,41,81.6,3,82.84,Low,False
STU13901,DS201,Spring 2025,3,46.3,45.6,46.1,1.84,4,18,Male,Medium,15.1,Moderate,Bachelors,10,18.5,5,9,84.7,50,33,65.5,4,64.69,Medium,False
STU13902,CS101,Fall 2024,2,40.6,39.3,40.2,1.61,3,25,Female,High,5.3,High-Speed,Bachelors,9,10.7,2,11,73.0,50,29,58.7,2,57.45,Medium,False
STU13903,SE501,Fall 2025,4,56.5,53.4,55.6,2.22,3,20,Male,Medium,5.7,High-Speed,Bachelors,9,9.8,2,14,67.1,45,28,62.4,5,58.12,High,False
STU13904,DS201,Spring 2026,5,54.6,50.9,53.5,2.14,4,25,Female,High,20.1,High-Speed,Bachelors,12,2.7,2,8,61.1,40,30,75.7,2,68.07,Low,False
STU13905,DB401,Spring 2025,3,61.6,57.9,60.5,2.42,3,21,Male,Medium,21.5,Limited,Masters,10,22.4,5,8,79.7,45,32,70.7,5,66.29,Medium,False
STU13906,DB401,Fall 2025,4,55.8,54.4,55.4,2.22,4,20,Female,Low,2.6,Moderate,Bachelors,12,15.2,2,6,61.2,40,23,58.2,3,59.34,High,False
STU13907,AI301,Spring 2026,5,48.0,43.3,46.6,1.86,4,22,Male,Medium,2.1,Moderate,Bachelors,9,24.4,7,5,74.9,45,24,52.7,3,54.83,Low,False
STU13908,AI301,Fall 2023,0,60.6,61.6,60.9,2.44,4,21,Female,Medium,6.5,Limited,Bachelors,8,14.0,1,5,85.4,45,23,51.1,2,54.63,Medium,False
STU13909,CS101,Spring 2024,1,56.6,49.0,54.3,2.17,4,21,Male,Medium,21.9,High-Speed,Bachelors,10,16.4,5,3,90.3,45,29,63.7,5,64.91,Medium,False
STU13910,DS201,Spring 2026,5,54.6,56.3,55.1,2.2,4,25,Male,Low,3.7,Limited,Bachelors,13,19.5,5,5,78.0,45,25,56.6,1,63.4,Medium,False
STU13911,CS101,Fall 2025,4,50.5,50.4,50.5,2.02,4,23,Male,Medium,10.0,High-Speed,High School,7,23.2,3,8,67.9,40,22,54.6,2,51.38,Medium,False
STU13912,SE501,Fall 2025,4,52.7,61.0,55.2,2.21,3,25,Male,Low,11.7,Moderate,Doctorate,14,17.5,3,14,79.4,40,29,73.7,1,73.73,Low,False
STU13913,CS101,Spring 2025,3,56.7,63.2,58.6,2.34,3,20,Female,Low,14.3,Moderate,High School,15,15.0,3,3,81.5,40,24,60.3,3,68.95,Low,False
STU13914,CS101,Spring 2026,5,58.4,53.1,56.8,2.27,4,22,Female,Medium,7.9,High-Speed,High School,19,15.1,5,12,53.7,40,30,75.1,4,76.79,Low,False
STU13915,SE501,Fall 2024,2,65.7,65.6,65.7,2.63,4,18,Male,Medium,4.9,High-Speed,High School,14,9.8,3,8,69.3,50,42,84.6,3,77.16,Low,False
STU13916,AI301,Spring 2026,5,71.7,73.3,72.2,2.89,4,24,Female,High,32.4,High-Speed,High School,18,13.1,2,10,64.0,50,43,86.1,3,82.85,Low,False
STU13917,CS101,Spring 2025,3,50.1,47.1,49.2,1.97,4,23,Male,Medium,9.0,Limited,Bachelors,18,15.3,4,11,79.9,45,25,54.8,5,70.38,Medium,False
STU13918,DS201,Fall 2023,0,59.6,55.1,58.3,2.33,3,20,Female,Medium,12.4,High-Speed,Bachelors,11,21.9,5,4,43.7,40,30,75.1,1,62.79,Medium,False
STU13919,DS201,Fall 2024,2,55.9,57.1,56.3,2.25,3,18,Female,Medium,4.0,High-Speed,Masters,14,12.8,4,9,68.9,40,27,66.5,3,68.03,Medium,False
STU13920,CS101,Fall 2024,2,55.2,58.5,56.2,2.25,4,20,Female,Medium,10.5,Moderate,High School,16,20.3,4,6,77.8,45,31,69.7,1,74.41,Low,False
STU13921,SE501,Fall 2024,2,55.5,55.7,55.6,2.22,3,23,Male,Low,2.8,High-Speed,High School,15,14.6,4,11,57.0,45,35,78.5,4,73.15,Medium,False
STU13922,CS101,Fall 2024,2,55.1,54.2,54.8,2.19,3,18,Female,High,2.7,High-Speed,High School,14,21.2,4,11,71.8,45,36,80.2,2,75.46,Low,False
STU13923,AI301,Fall 2025,4,63.6,62.7,63.3,2.53,3,23,Male,Medium,11.9,Moderate,Bachelors,12,18.4,1,11,76.5,40,31,76.4,2,71.5,Low,False
STU13924,DS201,Fall 2023,0,38.8,33.1,37.1,1.48,3,20,Other,High,7.0,High-Speed,Masters,16,18.0,2,5,43.9,40,34,85.9,6,75.73,Low,True
STU13925,DS201,Fall 2025,4,60.5,64.0,61.5,2.46,3,21,Male,Medium,10.9,Moderate,Bachelors,12,19.9,4,13,71.9,40,22,54.5,4,59.63,High,False
STU13926,SE501,Spring 2024,1,50.0,51.0,50.3,2.01,4,24,Female,Low,3.0,High-Speed,High School,14,19.2,2,14,63.0,50,37,74.9,4,71.05,Low,False
STU13927,DS201,Fall 2025,4,48.7,49.3,48.9,1.96,3,19,Female,Medium,8.7,High-Speed,Doctorate,12,20.3,3,12,60.7,45,27,60.3,4,60.29,Medium,False
STU13928,CS101,Spring 2024,1,71.2,73.5,71.9,2.88,3,24,Female,Low,5.6,High-Speed,High School,11,25.7,2,9,84.0,40,28,69.9,0,68.25,Low,False
STU13929,DB401,Fall 2023,0,56.7,69.9,60.7,2.43,3,21,Male,Medium,8.6,High-Speed,Bachelors,15,23.1,4,11,98.2,45,25,56.2,2,70.24,Medium,False
STU13930,CS101,Spring 2025,3,61.6,71.0,64.4,2.58,4,23,Female,Low,3.3,Limited,Bachelors,13,17.3,3,2,80.4,50,30,60.1,1,65.63,Medium,False
STU13931,DB401,Fall 2024,2,69.3,71.5,69.9,2.8,3,24,Male,Medium,11.9,Moderate,High School,11,12.8,7,8,80.3,45,31,69.7,1,67.41,Low,False
STU13932,DB401,Fall 2023,0,45.2,42.1,44.3,1.77,4,23,Female,High,15.6,High-Speed,High School,6,16.8,6,10,51.2,40,24,59.0,2,48.74,High,False
STU13933,DB401,Fall 2024,2,59.1,63.4,60.4,2.42,4,23,Male,Medium,2.9,High-Speed,High School,11,5.4,7,8,65.9,45,33,74.1,4,66.73,Low,False
STU13934,CS101,Spring 2026,5,60.9,59.7,60.5,2.42,4,18,Male,High,3.4,High-Speed,Masters,10,19.1,5,10,74.7,40,21,51.3,2,55.59,Medium,False
STU13935,AI301,Fall 2024,2,43.8,44.4,44.0,1.76,4,22,Female,Medium,10.3,High-Speed,Bachelors,11,9.7,6,8,62.2,50,35,70.3,2,64.09,Medium,True
STU13936,DS201,Spring 2025,3,65.6,69.9,66.9,2.68,4,23,Male,Medium,11.3,High-Speed,Masters,9,20.6,8,13,100.0,50,20,40.2,4,53.6,High,False
STU13937,CS101,Fall 2023,0,39.3,41.8,40.0,1.6,3,24,Male,High,11.6,Moderate,Bachelors,11,24.9,5,14,70.8,40,24,60.3,2,60.81,Medium,True
STU13938,DB401,Fall 2025,4,58.4,59.3,58.7,2.35,4,24,Male,High,10.9,High-Speed,Bachelors,11,7.7,4,3,90.1,50,33,66.2,1,67.62,Low,False
STU13939,CS101,Fall 2025,4,71.8,74.7,72.7,2.91,4,24,Male,Medium,4.7,High-Speed,Bachelors,8,14.7,3,6,78.0,45,28,61.8,2,58.5,Medium,False
STU13940,SE501,Fall 2025,4,62.4,67.9,64.1,2.56,3,21,Female,Low,4.8,High-Speed,Masters,12,9.7,2,5,77.6,50,30,59.1,1,63.07,Medium,False
STU13941,SE501,Fall 2023,0,56.9,50.3,54.9,2.2,4,19,Female,Medium,2.8,High-Speed,High School,11,6.4,3,11,76.7,50,33,65.1,4,64.39,Medium,False
STU13942,CS101,Spring 2026,5,75.1,77.8,75.9,3.04,3,23,Male,Low,1.6,Moderate,High School,8,14.5,4,9,95.0,50,26,51.6,5,56.8,Low,False
STU13943,DB401,Fall 2025,4,53.0,48.5,51.6,2.06,3,25,Male,Medium,11.2,High-Speed,Bachelors,16,18.2,3,11,70.3,50,42,84.1,5,80.11,Low,False
STU13944,DS201,Fall 2023,0,56.5,58.7,57.2,2.29,3,23,Male,Medium,0.9,High-Speed,Doctorate,14,18.8,3,14,59.0,40,29,71.8,0,68.7,Low,False
STU13945,DS201,Spring 2026,5,61.3,55.4,59.5,2.38,4,23,Male,High,26.4,High-Speed,Doctorate,22,15.8,2,10,70.5,50,42,84.8,3,86.5,Low,False
STU13946,SE501,Fall 2025,4,48.3,48.5,48.4,1.94,3,25,Female,High,16.7,Limited,Bachelors,16,6.7,2,10,59.1,40,25,61.3,3,66.47,Low,False
STU13947,DB401,Spring 2024,1,60.9,61.5,61.1,2.44,3,18,Female,Medium,18.5,High-Speed,High School,11,15.6,4,4,60.5,40,31,76.6,2,66.9,Medium,False
STU13948,CS101,Spring 2026,5,57.6,57.2,57.5,2.3,3,23,Male,Low,22.5,Moderate,High School,10,7.5,3,4,66.0,40,26,65.2,1,60.8,Low,False
STU13949,SE501,Fall 2025,4,56.0,59.3,57.0,2.28,4,21,Male,High,5.0,High-Speed,Masters,12,7.9,5,6,64.2,45,33,73.6,3,67.64,High,False
STU13950,DS201,Fall 2024,2,46.4,44.9,46.0,1.84,3,20,Male,Low,17.8,Moderate,Bachelors,9,10.0,9,3,39.3,45,28,61.7,1,52.21,High,False
STU13951,CS101,Spring 2026,5,60.2,59.0,59.8,2.39,4,22,Female,Medium,1.6,Moderate,High School,10,20.2,6,13,71.4,40,21,51.6,5,55.08,Medium,False
STU13952,DS201,Spring 2026,5,60.4,60.0,60.3,2.41,3,24,Female,Low,0.2,High-Speed,Masters,11,17.7,7,5,79.8,45,29,64.4,1,64.66,High,False
STU13953,DB401,Fall 2024,2,63.5,60.1,62.5,2.5,3,23,Male,Medium,14.6,Moderate,High School,14,16.6,1,4,68.7,50,37,73.5,2,71.49,Low,False
STU13954,SE501,Spring 2025,3,65.2,63.0,64.6,2.58,3,18,Male,High,0.7,Moderate,Bachelors,8,10.7,3,12,93.0,45,30,65.7,2,63.45,Low,False
STU13955,AI301,Spring 2025,3,49.6,53.2,50.7,2.03,4,21,Female,Low,42.4,High-Speed,Bachelors,12,13.1,3,13,79.4,50,27,54.2,1,60.98,Medium,False
STU13956,DB401,Fall 2025,4,52.0,55.8,53.1,2.12,4,23,Female,Medium,10.7,High-Speed,High School,7,8.1,2,7,81.2,45,22,47.8,7,50.64,High,False
STU13957,SE501,Spring 2024,1,51.4,47.5,50.2,2.01,4,25,Male,Medium,13.3,Moderate,High School,11,21.8,3,2,54.2,40,24,60.6,5,57.64,Medium,False
STU13958,AI301,Spring 2025,3,36.5,39.8,37.5,1.5,4,18,Male,High,2.7,Moderate,High School,14,26.0,4,6,71.7,40,22,54.6,3,62.64,Medium,True
STU13959,DB401,Fall 2023,0,67.5,60.2,65.3,2.61,4,20,Male,High,10.6,Moderate,Bachelors,15,17.8,1,12,81.8,45,36,80.9,5,79.31,Low,False
STU13960,DB401,Fall 2024,2,67.6,66.0,67.1,2.68,4,19,Female,Low,0.4,Moderate,Bachelors,20,18.7,3,12,64.2,50,46,91.0,0,88.34,Low,False
STU13961,CS101,Fall 2024,2,67.6,61.9,65.9,2.64,4,23,Male,Low,17.3,Moderate,High School,14,14.2,3,5,97.6,50,35,69.4,4,75.22,Low,False
STU13962,DS201,Fall 2023,0,53.1,53.5,53.2,2.13,4,21,Male,Medium,1.8,Moderate,Doctorate,14,6.9,2,2,84.5,40,27,67.4,4,71.6,Low,False
STU13963,CS101,Fall 2025,4,60.6,60.6,60.6,2.42,4,18,Female,Medium,11.4,High-Speed,High School,7,10.8,8,5,79.8,50,29,57.5,4,55.21,Medium,False
STU13964,CS101,Fall 2023,0,48.0,55.0,50.1,2.0,3,25,Male,Medium,2.4,High-Speed,High School,12,12.7,10,8,70.2,40,25,62.5,3,63.29,Low,False
STU13965,SE501,Spring 2025,3,52.4,58.9,54.3,2.17,4,18,Female,Low,0.7,Limited,High School,7,13.1,8,4,42.4,45,24,54.4,2,46.18,High,False
STU13966,DS201,Spring 2026,5,72.2,69.9,71.5,2.86,4,23,Male,Low,6.2,High-Speed,High School,13,11.9,1,13,82.4,45,35,76.8,0,74.38,Medium,False
STU13967,AI301,Fall 2025,4,59.9,60.1,59.9,2.4,3,18,Male,Medium,1.8,High-Speed,Doctorate,15,15.2,4,6,64.6,45,36,80.0,5,75.42,Medium,False
STU13968,SE501,Fall 2024,2,52.8,48.4,51.5,2.06,3,19,Female,Low,12.4,Moderate,High School,11,10.7,4,9,63.2,40,30,74.1,4,66.19,Medium,False
STU13969,DB401,Spring 2025,3,47.0,43.8,46.1,1.84,3,18,Male,High,2.6,High-Speed,Bachelors,18,25.8,6,12,67.8,45,36,78.9,3,80.01,Medium,False
STU13970,CS101,Spring 2024,1,60.1,52.4,57.8,2.31,3,24,Female,Low,4.0,High-Speed,Masters,10,8.2,4,4,55.6,50,29,58.1,4,55.17,High,False
STU13971,DS201,Spring 2024,1,47.0,49.8,47.8,1.91,3,22,Female,Low,8.0,High-Speed,Bachelors,10,19.4,3,4,59.8,40,28,69.5,2,61.71,Medium,False
STU13972,DS201,Spring 2026,5,75.9,72.2,74.8,2.99,4,24,Male,High,3.2,Moderate,High School,16,13.7,3,12,80.9,50,38,75.6,4,77.98,Low,False
STU13973,SE501,Fall 2024,2,36.4,32.7,35.3,1.41,3,22,Female,Medium,4.5,Limited,Masters,5,17.3,4,9,78.4,45,26,56.8,4,51.58,High,False
STU13974,SE501,Fall 2024,2,57.1,54.7,56.4,2.26,4,18,Male,Medium,16.1,High-Speed,Bachelors,12,17.5,5,4,75.0,40,28,69.2,2,67.6,Medium,False
STU13975,CS101,Fall 2023,0,47.4,45.0,46.7,1.87,3,25,Female,Low,1.9,High-Speed,High School,13,15.8,3,3,52.2,40,31,77.7,2,68.79,Low,False
STU13976,DS201,Spring 2025,3,61.1,56.7,59.8,2.39,3,25,Male,Medium,0.8,High-Speed,Bachelors,16,9.3,5,3,87.4,40,34,85.0,5,83.98,Low,False
STU13977,DB401,Fall 2023,0,54.8,58.7,56.0,2.24,3,23,Female,Medium,3.8,High-Speed,Masters,13,13.3,1,13,78.6,45,23,51.8,2,61.12,Medium,False
STU13978,SE501,Spring 2024,1,56.0,56.3,56.1,2.24,4,25,Male,Medium,5.2,High-Speed,Bachelors,12,15.8,6,9,52.1,40,22,55.3,3,56.07,Medium,False
STU13979,DB401,Spring 2026,5,62.1,58.7,61.1,2.44,3,22,Male,High,7.4,High-Speed,Bachelors,19,15.5,2,7,81.7,40,33,81.4,1,85.54,Low,False
STU13980,DS201,Fall 2023,0,54.0,53.6,53.9,2.16,4,21,Female,Medium,4.4,High-Speed,Doctorate,11,9.9,4,11,65.7,45,29,64.8,4,62.04,Medium,False
STU13981,CS101,Fall 2024,2,49.8,48.8,49.5,1.98,3,22,Female,Medium,14.8,High-Speed,Bachelors,13,21.5,3,4,78.6,45,27,61.1,4,65.77,Medium,False
STU13982,DS201,Fall 2024,2,40.3,39.4,40.0,1.6,3,24,Male,Medium,0.4,High-Speed,High School,12,2.5,6,12,51.9,50,34,67.1,3,61.93,Medium,True
STU13983,CS101,Spring 2026,5,39.7,42.6,40.6,1.62,4,18,Male,Medium,5.4,Moderate,High School,17,13.7,5,12,65.6,50,38,76.8,2,77.02,Low,True
STU13984,CS101,Spring 2025,3,43.1,44.9,43.6,1.74,4,23,Female,Low,4.6,Moderate,Bachelors,14,10.4,2,11,42.7,50,39,78.7,1,68.89,Medium,True
STU13985,SE501,Spring 2025,3,51.5,61.1,54.4,2.18,4,20,Female,Medium,9.9,Limited,High School,11,15.9,4,11,70.8,40,25,62.5,4,61.91,Medium,False
STU13986,AI301,Fall 2023,0,49.3,44.4,47.8,1.91,3,23,Male,Medium,32.2,Moderate,Doctorate,12,20.1,6,2,78.8,45,33,73.1,4,70.31,Low,False
STU13987,DB401,Fall 2023,0,68.2,76.7,70.8,2.83,4,23,Male,Medium,6.8,High-Speed,Bachelors,11,8.0,3,12,63.0,50,35,70.0,2,64.1,Low,False
STU13988,SE501,Fall 2025,4,64.3,66.0,64.8,2.59,4,23,Male,Medium,41.2,Moderate,Bachelors,12,26.8,3,7,74.2,50,38,76.5,3,71.09,Low,False
STU13989,CS101,Fall 2025,4,44.9,44.4,44.7,1.79,4,21,Female,Medium,3.4,High-Speed,Bachelors,6,16.0,7,10,56.5,45,18,41.1,1,40.85,High,False
STU13990,AI301,Spring 2024,1,38.4,33.8,37.0,1.48,3,19,Male,High,0.3,Moderate,Bachelors,10,16.9,6,7,71.1,40,22,54.4,3,56.42,Medium,True
STU13991,CS101,Spring 2025,3,66.3,63.4,65.4,2.62,3,24,Male,Low,1.7,Moderate,High School,9,7.8,6,2,88.8,45,31,68.1,2,65.31,Low,False
STU13992,DS201,Fall 2024,2,57.3,57.9,57.5,2.3,4,18,Female,Medium,4.8,Moderate,High School,9,14.8,2,7,69.9,45,19,42.7,2,48.83,Medium,False
STU13993,DS201,Spring 2026,5,69.4,64.1,67.8,2.71,4,19,Male,Medium,3.6,Limited,Bachelors,19,19.9,5,10,83.6,45,41,91.6,5,91.02,Low,False
STU13994,SE501,Fall 2024,2,48.8,48.3,48.6,1.94,3,20,Female,Medium,1.0,Moderate,Masters,5,16.0,9,7,80.1,40,14,34.9,3,40.97,High,False
STU13995,SE501,Spring 2025,3,59.3,68.7,62.1,2.48,4,19,Male,Medium,5.4,Moderate,Bachelors,13,15.7,4,4,83.3,50,35,70.0,3,71.16,Low,False
STU13996,CS101,Spring 2024,1,46.1,47.4,46.5,1.86,3,18,Male,Low,3.9,High-Speed,High School,5,14.7,3,3,53.5,50,26,52.9,2,44.65,High,False
STU13997,SE501,Spring 2026,5,60.4,62.6,61.1,2.44,4,24,Male,Medium,1.2,Limited,High School,18,8.1,5,12,82.1,40,27,68.7,6,77.77,Low,False
STU13998,SE501,Spring 2025,3,53.5,48.3,51.9,2.08,4,24,Female,Low,3.3,High-Speed,Masters,11,8.1,4,9,89.3,45,22,50.0,4,59.36,Medium,False
STU13999,DS201,Spring 2024,1,64.5,66.9,65.2,2.61,3,18,Male,High,20.7,Limited,Masters,7,20.8,3,3,92.3,45,27,60.8,2,59.36,Low,False
STU14000,DS201,Fall 2023,0,53.6,45.8,51.3,2.05,3,20,Female,Medium,3.4,High-Speed,High School,18,19.4,5,8,61.5,50,36,72.6,4,75.6,Low,False
STU14001,AI301,Spring 2024,1,56.5,45.1,53.1,2.12,3,18,Female,High,11.9,High-Speed,Bachelors,11,20.2,4,4,72.9,50,31,61.6,1,61.88,Medium,False
STU14002,SE501,Spring 2024,1,51.5,53.8,52.2,2.09,3,20,Female,Medium,9.0,Moderate,Bachelors,13,10.9,0,14,56.2,45,33,74.0,0,67.74,Medium,False
STU14003,DS201,Spring 2026,5,63.7,64.3,63.9,2.56,3,20,Male,Medium,5.3,High-Speed,Bachelors,14,14.2,5,6,65.9,40,29,71.5,3,69.93,Medium,False
STU14004,DS201,Fall 2023,0,63.4,70.3,65.5,2.62,3,18,Male,Medium,2.6,Moderate,Masters,11,21.2,3,12,57.6,50,32,63.1,2,59.57,High,False
STU14005,DS201,Fall 2024,2,52.7,43.8,50.0,2.0,4,22,Male,High,4.4,High-Speed,High School,7,8.9,6,4,84.7,40,17,41.8,2,48.34,High,False
STU14006,AI301,Fall 2024,2,68.6,72.7,69.8,2.79,4,24,Male,High,8.5,Moderate,Bachelors,15,20.6,6,4,84.3,40,31,76.8,3,77.76,Low,False
STU14007,SE501,Fall 2025,4,56.8,55.6,56.4,2.26,3,20,Male,Low,4.1,Moderate,High School,11,12.1,2,14,79.2,45,32,70.8,3,67.74,Low,False
STU14008,DB401,Spring 2026,5,65.6,69.1,66.7,2.67,3,18,Female,Medium,2.3,Moderate,High School,18,10.7,7,8,74.7,40,31,76.5,2,80.19,Low,False
STU14009,DS201,Fall 2025,4,44.4,37.3,42.3,1.69,3,25,Male,Medium,1.2,High-Speed,Bachelors,15,14.8,5,8,75.5,45,30,66.6,5,70.9,Medium,True
STU14010,CS101,Fall 2024,2,57.8,60.2,58.5,2.34,3,22,Male,Low,20.1,High-Speed,High School,13,9.4,3,8,70.2,40,26,63.8,1,65.44,Medium,False
STU14011,CS101,Fall 2025,4,46.5,38.7,44.1,1.76,3,24,Male,Medium,5.5,Moderate,Bachelors,8,5.5,0,12,79.7,50,27,54.9,1,55.39,Medium,False
STU14012,DB401,Fall 2023,0,73.9,80.8,76.0,3.04,3,20,Female,High,9.3,High-Speed,High School,16,15.4,6,13,85.3,45,32,72.0,6,77.06,Low,False
STU14013,DS201,Spring 2026,5,66.0,63.2,65.2,2.61,3,24,Male,Medium,6.4,High-Speed,Bachelors,10,17.7,2,13,81.3,45,30,67.1,3,64.81,Low,False
STU14014,DB401,Spring 2026,5,58.4,57.4,58.1,2.32,4,22,Female,Medium,19.6,Moderate,High School,9,21.1,4,5,87.1,45,28,61.7,2,61.77,Low,False
STU14015,SE501,Fall 2025,4,73.1,74.9,73.7,2.95,4,24,Male,Medium,7.5,High-Speed,Bachelors,11,18.0,6,12,100.0,45,32,70.5,5,71.75,Low,False
STU14016,CS101,Fall 2023,0,73.8,69.2,72.4,2.9,4,21,Female,Medium,6.2,High-Speed,Bachelors,9,24.8,0,9,80.4,50,33,65.9,2,62.53,Low,False
STU14017,DS201,Fall 2025,4,44.8,48.5,45.9,1.84,4,23,Female,Low,24.6,High-Speed,Doctorate,8,21.8,1,10,58.8,45,25,55.1,1,51.31,High,False
STU14018,SE501,Spring 2026,5,43.9,49.7,45.7,1.83,4,21,Male,Medium,12.1,High-Speed,Masters,12,18.7,4,2,59.6,45,20,43.6,4,51.72,High,False
STU14019,SE501,Fall 2025,4,43.5,35.6,41.1,1.64,4,22,Male,High,1.1,Moderate,High School,4,17.3,4,8,58.7,50,20,40.0,2,37.74,High,False
STU14020,SE501,Fall 2024,2,59.4,57.0,58.7,2.35,4,20,Male,Medium,1.9,High-Speed,High School,12,21.2,1,9,69.6,40,27,67.3,3,65.57,Medium,False
STU14021,DB401,Fall 2023,0,48.3,45.3,47.4,1.9,4,18,Male,Low,14.7,Limited,Bachelors,13,3.9,2,3,70.7,50,28,56.2,2,61.74,Low,False
STU14022,SE501,Fall 2024,2,57.6,52.4,56.0,2.24,4,19,Female,Low,17.2,High-Speed,Bachelors,10,12.6,5,7,72.2,40,22,54.9,2,56.89,Medium,False
STU14023,AI301,Spring 2024,1,49.8,49.5,49.7,1.99,4,18,Female,Low,7.5,High-Speed,High School,8,5.7,2,13,72.2,45,23,52.0,3,52.44,High,False
STU14024,AI301,Spring 2026,5,63.9,65.9,64.5,2.58,4,24,Female,Medium,7.7,High-Speed,High School,14,18.3,2,6,76.0,45,36,80.0,4,76.2,Low,False
STU14025,DB401,Spring 2026,5,47.1,42.9,45.9,1.84,4,19,Female,Medium,9.5,High-Speed,Bachelors,11,11.3,6,5,74.1,40,22,54.9,5,58.77,Medium,False
STU14026,DB401,Spring 2025,3,60.8,68.9,63.2,2.53,3,19,Male,Low,5.5,Moderate,Masters,11,30.1,5,5,89.1,45,19,41.5,4,55.07,High,False
STU14027,CS101,Spring 2025,3,57.5,57.4,57.5,2.3,4,24,Male,High,10.8,Moderate,Masters,11,12.4,7,11,88.1,50,37,73.2,2,70.72,Medium,False
STU14028,DS201,Fall 2024,2,37.6,38.3,37.8,1.51,4,24,Female,Medium,1.1,High-Speed,High School,11,15.5,6,7,69.5,50,27,53.9,2,57.35,High,True
STU14029,DB401,Spring 2025,3,43.3,44.3,43.6,1.74,4,20,Male,Medium,30.9,Moderate,High School,11,13.0,2,13,75.3,50,37,74.7,6,68.91,Medium,True
STU14030,AI301,Spring 2024,1,76.9,69.8,74.8,2.99,4,22,Female,High,13.2,High-Speed,High School,15,12.6,5,2,93.1,40,33,82.9,3,82.57,Low,False
STU14031,DS201,Spring 2025,3,51.2,43.3,48.8,1.95,4,25,Male,Low,9.5,High-Speed,Bachelors,14,8.8,0,14,65.3,40,29,72.3,4,70.21,High,False
STU14032,DB401,Fall 2023,0,50.2,56.2,52.0,2.08,4,18,Male,High,3.6,High-Speed,Bachelors,14,8.6,4,2,61.4,40,30,76.1,3,71.33,Medium,False
STU14033,SE501,Fall 2023,0,47.9,54.5,49.9,2.0,3,22,Other,Low,1.7,Limited,Bachelors,9,4.1,3,5,62.9,45,25,56.3,4,54.23,High,False
STU14034,DB401,Fall 2025,4,39.5,44.3,40.9,1.64,3,21,Male,Medium,5.0,High-Speed,Bachelors,11,17.7,3,4,55.6,40,27,67.5,3,61.37,Medium,True
STU14035,AI301,Fall 2025,4,49.8,47.5,49.1,1.96,3,20,Other,High,10.3,Moderate,High School,11,12.9,6,6,64.9,50,26,52.2,6,55.58,Medium,False
STU14036,DS201,Spring 2026,5,68.2,64.4,67.0,2.68,4,20,Female,High,9.5,High-Speed,High School,12,24.7,5,14,52.4,40,29,72.6,2,64.78,Medium,False
STU14037,SE501,Spring 2026,5,57.9,55.1,57.1,2.28,3,25,Female,Medium,4.6,High-Speed,Masters,11,8.8,3,11,62.4,50,34,67.9,4,62.93,Medium,False
STU14038,SE501,Spring 2024,1,65.3,54.9,62.2,2.49,4,21,Female,Medium,9.0,High-Speed,High School,13,22.4,6,11,89.9,45,29,65.3,3,70.13,Low,False
STU14039,AI301,Fall 2025,4,50.3,48.8,49.8,1.99,4,18,Female,Medium,16.0,Moderate,High School,14,22.9,7,14,52.4,40,22,55.3,4,59.13,Medium,False
STU14040,SE501,Spring 2024,1,71.3,70.8,71.2,2.85,4,23,Female,High,0.3,Moderate,Bachelors,11,21.4,2,6,71.1,50,29,57.7,0,59.57,High,False
STU14041,AI301,Spring 2026,5,45.8,45.0,45.5,1.82,4,21,Male,Low,5.7,High-Speed,Bachelors,9,16.2,3,2,62.2,50,30,60.0,1,55.94,Medium,False
STU14042,DB401,Spring 2024,1,54.9,51.4,53.8,2.15,4,18,Male,High,13.5,Moderate,Masters,11,13.3,2,13,73.2,40,29,71.7,5,66.99,Low,False
STU14043,AI301,Fall 2023,0,45.1,46.2,45.4,1.82,3,19,Female,Medium,7.5,High-Speed,High School,12,21.4,2,6,71.0,45,24,52.8,3,58.6,Medium,False
STU14044,AI301,Spring 2024,1,48.7,53.8,50.2,2.01,4,24,Male,Medium,10.0,Limited,Bachelors,13,11.0,4,7,79.7,40,29,71.7,0,71.29,Medium,False
STU14045,DB401,Fall 2023,0,57.3,52.2,55.8,2.23,3,20,Male,Medium,6.9,Moderate,Bachelors,9,16.4,3,12,74.3,45,30,65.8,4,61.26,Low,False
STU14046,CS101,Fall 2025,4,53.5,50.8,52.7,2.11,3,18,Male,Medium,45.7,Moderate,Masters,14,14.8,4,5,55.1,50,39,78.0,6,71.02,Low,False
STU14047,SE501,Spring 2025,3,58.2,39.3,52.5,2.1,3,22,Female,High,0.5,Moderate,Bachelors,7,10.5,2,14,72.7,40,27,66.5,2,58.29,Medium,False
STU14048,AI301,Spring 2024,1,42.2,48.4,44.1,1.76,3,25,Female,Medium,6.4,High-Speed,Masters,13,16.4,5,11,47.3,40,32,78.8,3,68.36,Medium,True
STU14049,DB401,Spring 2026,5,33.6,30.9,32.8,1.31,3,24,Male,High,0.9,Moderate,High School,17,18.7,5,3,48.8,50,37,73.3,3,71.91,Medium,True
STU14050,AI301,Fall 2024,2,46.1,46.6,46.3,1.85,4,22,Female,Low,1.7,High-Speed,Bachelors,11,10.3,3,11,85.7,45,31,68.9,2,68.09,Medium,False
STU14051,AI301,Spring 2025,3,60.7,58.1,59.9,2.4,3,24,Female,Medium,4.6,High-Speed,Bachelors,9,17.3,6,12,77.6,40,27,67.8,3,62.92,Medium,False
STU14052,CS101,Fall 2024,2,62.1,62.6,62.3,2.49,3,20,Female,High,1.6,High-Speed,High School,19,3.9,3,10,63.5,40,34,84.6,3,83.5,Low,False
STU14053,SE501,Spring 2024,1,68.3,70.9,69.1,2.76,4,21,Female,Medium,31.5,High-Speed,High School,11,9.8,8,13,70.1,40,26,65.7,6,63.37,Medium,False
STU14054,DB401,Fall 2025,4,69.5,66.2,68.5,2.74,3,23,Female,Medium,27.9,High-Speed,Bachelors,11,12.7,2,10,83.1,45,30,67.2,4,66.72,Medium,False
STU14055,DS201,Spring 2024,1,47.7,49.9,48.3,1.93,4,21,Male,Medium,3.9,High-Speed,High School,14,16.8,2,10,72.4,50,37,73.3,2,72.13,Medium,False
STU14056,DB401,Fall 2024,2,36.1,30.0,34.3,1.37,3,18,Female,High,9.7,High-Speed,Masters,4,19.3,5,10,62.4,50,25,49.7,2,43.33,High,False
STU14057,DB401,Spring 2025,3,64.5,68.1,65.6,2.62,3,25,Male,High,7.2,High-Speed,Bachelors,18,15.4,1,11,61.5,50,45,89.5,2,84.05,Low,False
STU14058,AI301,Fall 2023,0,42.0,37.6,40.7,1.63,3,21,Female,Low,16.1,Moderate,High School,12,17.8,3,8,51.9,45,24,52.3,1,54.53,High,True
STU14059,SE501,Fall 2023,0,58.8,61.7,59.7,2.39,3,20,Other,High,9.4,High-Speed,Bachelors,12,14.2,8,13,63.5,45,29,64.0,0,62.7,Medium,False
STU14060,CS101,Spring 2025,3,63.1,65.5,63.8,2.55,3,25,Male,Medium,0.0,Moderate,High School,10,17.0,3,3,56.6,50,37,73.7,4,63.17,Medium,False
STU14061,AI301,Spring 2024,1,62.5,75.9,66.5,2.66,4,18,Male,Low,13.7,High-Speed,Bachelors,12,16.8,6,8,80.3,40,27,68.2,3,68.16,Low,False
STU14062,AI301,Fall 2025,4,57.6,62.1,59.0,2.36,4,19,Female,High,13.1,High-Speed,Bachelors,12,12.5,9,2,76.2,45,30,66.6,2,66.54,Medium,False
STU14063,SE501,Fall 2025,4,43.2,49.2,45.0,1.8,4,21,Male,Medium,6.8,High-Speed,Masters,10,13.2,6,7,58.2,50,35,70.1,4,61.69,High,False
STU14064,AI301,Spring 2025,3,38.0,39.4,38.4,1.54,3,21,Female,High,22.2,High-Speed,Bachelors,9,18.0,2,7,61.1,50,27,53.5,3,52.47,High,False
STU14065,CS101,Spring 2025,3,65.2,66.0,65.4,2.62,4,23,Male,Low,22.7,Moderate,Masters,14,24.1,5,6,67.8,40,33,82.3,5,75.71,Medium,False
STU14066,DB401,Fall 2024,2,49.4,39.9,46.6,1.86,3,18,Male,Low,7.1,Moderate,Bachelors,20,21.0,7,8,65.1,40,33,83.0,1,84.52,Low,False
STU14067,CS101,Spring 2024,1,68.2,75.1,70.3,2.81,4,22,Female,Medium,8.9,High-Speed,Bachelors,19,9.4,3,4,85.7,45,42,92.3,6,91.79,Low,False
STU14068,CS101,Fall 2024,2,56.0,65.8,58.9,2.36,3,21,Female,Low,53.8,High-Speed,Bachelors,12,9.4,4,8,97.4,45,30,65.6,3,70.28,Low,False
STU14069,DB401,Spring 2024,1,45.8,45.7,45.8,1.83,4,20,Female,Medium,3.4,Moderate,Bachelors,12,12.3,0,7,59.5,50,37,74.7,1,67.25,Medium,False
STU14070,DS201,Fall 2023,0,59.5,56.0,58.5,2.34,4,21,Male,Low,3.7,High-Speed,High School,11,15.5,3,4,84.2,45,31,68.3,4,67.49,Medium,False
STU14071,DS201,Spring 2026,5,54.7,51.7,53.8,2.15,4,23,Female,Medium,1.9,High-Speed,Masters,15,15.2,6,7,68.7,40,29,73.7,4,73.09,Low,False
STU14072,DS201,Fall 2024,2,59.9,58.9,59.6,2.38,4,19,Female,Low,21.5,Moderate,Bachelors,13,21.2,4,2,71.5,45,30,66.3,1,66.95,Medium,False
STU14073,AI301,Fall 2024,2,61.8,57.9,60.6,2.42,4,23,Female,Low,13.0,High-Speed,High School,8,21.5,2,3,74.1,45,25,55.5,4,54.57,Medium,False
STU14074,SE501,Spring 2026,5,57.7,58.9,58.0,2.32,4,21,Female,Medium,1.1,Limited,Doctorate,16,15.0,6,13,65.2,45,38,83.8,5,78.94,Low,False
STU14075,AI301,Fall 2025,4,35.1,39.9,36.5,1.46,4,25,Female,Low,38.0,Moderate,High School,6,13.9,3,11,62.2,45,22,49.8,2,46.34,Medium,False
STU14076,AI301,Spring 2024,1,41.6,41.0,41.4,1.66,4,22,Male,Medium,12.5,High-Speed,Masters,10,17.6,3,5,65.0,40,18,45.8,3,50.9,High,True
STU14077,CS101,Spring 2025,3,54.6,56.9,55.3,2.21,4,24,Male,High,18.1,High-Speed,High School,9,20.3,3,14,74.9,45,19,42.4,2,49.68,High,False
STU14078,DS201,Fall 2024,2,48.7,53.5,50.1,2.0,4,21,Female,Medium,0.5,High-Speed,Bachelors,17,17.8,1,13,75.8,40,26,65.7,2,73.51,Medium,False
STU14079,CS101,Spring 2025,3,60.6,58.7,60.0,2.4,3,18,Male,High,6.7,High-Speed,Bachelors,15,12.8,5,13,96.2,45,35,76.7,2,80.09,Low,False
STU14080,AI301,Fall 2025,4,44.4,52.6,46.9,1.88,4,21,Female,Low,11.4,Limited,Bachelors,10,11.9,4,6,70.7,50,34,69.0,4,63.64,Medium,False
STU14081,AI301,Fall 2023,0,59.1,68.8,62.0,2.48,4,22,Male,Low,7.4,Moderate,High School,13,9.4,4,4,65.5,45,24,54.2,1,59.7,Medium,False
STU14082,DB401,Fall 2023,0,25.9,32.5,27.9,1.12,3,18,Female,High,10.4,High-Speed,High School,11,16.0,6,13,66.2,40,18,44.0,2,51.74,High,True
STU14083,CS101,Spring 2026,5,43.3,44.6,43.7,1.75,4,20,Female,Medium,16.2,High-Speed,High School,8,18.1,2,14,67.8,40,25,62.2,3,56.66,High,False
STU14084,CS101,Fall 2024,2,48.4,43.3,46.9,1.88,4,25,Male,Medium,4.5,High-Speed,Masters,13,18.7,3,5,70.4,50,36,72.7,3,69.93,Low,False
STU14085,AI301,Spring 2026,5,61.5,64.4,62.4,2.5,3,18,Male,Medium,17.9,High-Speed,High School,18,20.8,1,3,75.4,50,43,86.1,5,85.13,Low,False
STU14086,CS101,Fall 2024,2,58.8,60.7,59.4,2.38,3,23,Male,Medium,1.7,Moderate,Bachelors,15,22.4,5,9,100.0,40,24,59.7,4,72.35,Low,False
STU14087,SE501,Fall 2025,4,55.7,64.9,58.5,2.34,4,19,Female,Low,3.0,Moderate,Masters,11,8.1,4,6,70.4,40,27,66.3,3,63.73,Medium,False
STU14088,DS201,Fall 2024,2,42.0,40.2,41.5,1.66,4,23,Female,Medium,0.4,High-Speed,Masters,10,17.0,1,2,55.4,45,27,60.4,2,56.28,Medium,True
STU14089,AI301,Fall 2024,2,61.0,57.3,59.9,2.4,4,24,Male,Medium,4.3,High-Speed,High School,14,17.2,3,5,90.1,40,33,82.4,1,80.22,Low,False
STU14090,SE501,Fall 2023,0,61.0,70.1,63.7,2.55,4,18,Female,Medium,4.5,Moderate,Masters,15,14.6,2,13,77.6,40,34,84.3,3,80.17,Low,False
STU14091,SE501,Spring 2024,1,46.5,45.3,46.1,1.84,4,20,Male,High,15.5,High-Speed,High School,20,10.9,1,11,52.2,50,44,88.5,2,84.69,Low,False
STU14092,DB401,Fall 2023,0,68.4,68.5,68.4,2.74,4,21,Male,Medium,10.1,Moderate,Bachelors,12,22.2,7,3,74.3,40,30,76.2,2,70.96,Medium,False
STU14093,DS201,Spring 2024,1,69.4,66.2,68.5,2.74,3,25,Female,Low,5.5,High-Speed,Bachelors,14,12.1,4,10,73.7,50,36,72.9,2,72.19,Low,False
STU14094,SE501,Fall 2025,4,44.1,45.1,44.4,1.78,4,18,Male,High,10.0,Moderate,High School,7,4.0,5,6,81.3,45,30,65.9,0,59.71,Medium,False
STU14095,SE501,Spring 2024,1,73.9,73.9,73.9,2.96,3,23,Male,Medium,0.5,Moderate,High School,12,15.1,2,7,100.0,50,38,75.5,6,75.75,Low,False
STU14096,DB401,Spring 2026,5,54.7,54.6,54.7,2.19,4,18,Male,Medium,1.9,Moderate,Bachelors,11,13.8,5,10,71.9,45,28,62.9,4,62.33,Medium,False
STU14097,DB401,Spring 2024,1,56.2,56.9,56.4,2.26,3,18,Male,Low,9.4,Limited,Bachelors,18,24.3,5,10,67.6,50,36,71.0,1,76.02,Low,False
STU14098,SE501,Spring 2026,5,57.7,57.9,57.8,2.31,4,18,Male,Low,9.7,Limited,Masters,15,17.4,4,4,73.1,50,41,81.4,2,77.82,Low,False
STU14099,DS201,Spring 2024,1,38.8,32.5,36.9,1.48,4,20,Male,Medium,14.1,Moderate,High School,13,13.5,5,10,67.5,45,20,43.6,0,54.8,High,True
STU14100,AI301,Spring 2025,3,51.5,57.3,53.2,2.13,4,25,Female,Medium,4.9,Limited,Masters,9,14.0,7,5,55.5,40,22,54.5,4,51.85,High,False
STU14101,CS101,Spring 2024,1,63.2,67.5,64.5,2.58,3,22,Male,High,12.2,Moderate,Bachelors,10,14.0,3,2,80.5,50,29,58.4,3,60.3,Medium,False
STU14102,CS101,Spring 2026,5,41.4,44.2,42.2,1.69,4,22,Female,High,10.9,Moderate,Doctorate,7,26.1,1,9,45.7,40,22,55.4,3,47.34,High,False
STU14103,SE501,Spring 2026,5,39.9,36.3,38.8,1.55,4,18,Male,High,31.4,High-Speed,Bachelors,13,18.4,3,3,55.8,40,30,75.8,3,68.56,Medium,True
STU14104,AI301,Spring 2026,5,42.6,48.2,44.3,1.77,4,20,Male,Medium,2.3,High-Speed,Masters,13,8.0,7,11,54.9,40,20,50.3,6,55.63,High,True
STU14105,DB401,Spring 2024,1,56.6,56.3,56.5,2.26,4,20,Female,Medium,7.6,Moderate,High School,17,13.8,7,5,71.6,45,35,78.1,4,78.87,Low,False
STU14106,CS101,Spring 2026,5,52.1,50.1,51.5,2.06,4,24,Female,Medium,8.7,High-Speed,Bachelors,14,14.9,6,4,64.9,50,33,66.6,4,67.28,Medium,False
STU14107,SE501,Fall 2023,0,60.6,59.7,60.3,2.41,4,18,Male,Low,62.8,Moderate,High School,14,9.5,7,10,82.5,50,33,66.6,8,70.8,Low,True
STU14108,DS201,Spring 2024,1,62.5,61.8,62.3,2.49,4,23,Female,Low,2.1,High-Speed,High School,13,6.1,5,6,85.9,40,29,72.7,3,73.03,Low,False
STU14109,AI301,Fall 2024,2,49.9,44.1,48.2,1.93,4,23,Female,Medium,7.0,High-Speed,Bachelors,8,18.0,2,3,56.0,50,25,49.1,2,47.75,High,False
STU14110,DB401,Spring 2026,5,50.1,54.0,51.3,2.05,4,19,Female,High,4.0,Moderate,Bachelors,17,11.0,5,5,56.3,40,33,82.2,7,77.86,Low,False
STU14111,CS101,Fall 2023,0,64.2,65.0,64.4,2.58,3,25,Female,Low,7.1,Limited,High School,18,21.2,5,6,54.3,45,39,86.7,4,81.21,Low,False
STU14112,AI301,Spring 2024,1,58.3,62.7,59.6,2.38,3,18,Male,Low,2.5,High-Speed,Bachelors,8,15.0,9,7,87.1,45,30,65.7,2,62.27,Medium,False
STU14113,AI301,Fall 2025,4,64.2,61.3,63.3,2.53,4,19,Male,High,0.5,Moderate,Bachelors,10,12.6,4,9,73.3,50,36,71.0,3,65.16,Low,False
STU14114,DS201,Spring 2025,3,60.1,62.1,60.7,2.43,4,23,Female,Low,8.1,Moderate,High School,15,2.9,5,10,61.6,40,28,70.6,3,70.12,Low,False
STU14115,AI301,Spring 2026,5,72.9,72.4,72.7,2.91,4,23,Male,Medium,3.9,High-Speed,Bachelors,22,21.1,5,10,80.0,45,42,93.8,5,92.9,Low,False
STU14116,DS201,Fall 2025,4,39.4,37.3,38.8,1.55,4,18,Female,Medium,1.9,High-Speed,Bachelors,12,16.5,4,2,63.9,50,23,46.3,3,53.93,High,True
STU14117,CS101,Spring 2025,3,50.5,52.2,51.0,2.04,3,19,Male,Low,3.7,High-Speed,High School,18,12.8,1,14,76.6,40,34,85.9,1,85.27,Low,False
STU14118,SE501,Spring 2024,1,59.8,63.2,60.8,2.43,3,19,Male,High,0.5,High-Speed,Bachelors,13,10.5,6,2,66.9,40,29,73.1,4,69.43,Low,False
STU14119,DS201,Fall 2023,0,51.5,48.5,50.6,2.02,3,18,Female,Low,28.5,High-Speed,Bachelors,16,23.0,3,4,57.2,50,40,80.1,3,75.49,Low,False
STU14120,SE501,Fall 2024,2,58.4,66.3,60.8,2.43,4,25,Male,Medium,8.3,High-Speed,Masters,14,9.7,3,9,82.4,40,25,61.7,3,68.33,Medium,False
STU14121,SE501,Fall 2024,2,62.8,61.6,62.4,2.5,3,24,Female,Low,16.0,High-Speed,High School,10,13.2,4,6,67.6,50,35,70.0,0,63.52,Medium,False
STU14122,AI301,Spring 2025,3,57.8,68.7,61.1,2.44,3,19,Female,Low,5.2,Moderate,Masters,15,17.8,1,11,83.3,50,38,75.1,1,76.71,Low,False
STU14123,DB401,Fall 2025,4,66.8,63.1,65.7,2.63,4,24,Female,Low,22.2,High-Speed,High School,16,22.3,3,7,93.6,45,32,70.8,4,78.12,Low,False
STU14124,DS201,Fall 2025,4,39.5,37.8,39.0,1.56,4,21,Female,Low,6.3,Moderate,Bachelors,10,13.9,3,12,81.0,45,23,50.3,4,56.35,Medium,True
STU14125,DS201,Fall 2024,2,58.4,48.0,55.3,2.21,3,25,Female,Low,8.1,High-Speed,High School,13,11.3,4,9,84.2,50,27,54.5,3,63.59,Medium,False
STU14126,DB401,Fall 2023,0,63.3,63.3,63.3,2.53,4,23,Female,Medium,6.4,Moderate,Masters,16,14.5,6,5,81.0,40,36,89.6,3,85.0,Low,False
STU14127,DS201,Fall 2023,0,35.8,41.9,37.6,1.5,3,22,Female,Medium,12.6,Moderate,Bachelors,19,19.5,5,10,66.0,45,31,69.4,2,76.4,Low,True
STU14128,SE501,Spring 2024,1,68.7,63.7,67.2,2.69,4,25,Male,Medium,7.9,High-Speed,High School,16,20.6,8,13,81.1,40,33,82.2,1,81.32,Low,False
STU14129,DB401,Fall 2023,0,75.5,78.7,76.4,3.06,3,24,Male,Medium,3.0,Limited,High School,7,8.1,4,11,71.6,50,32,64.5,4,57.07,Low,False
STU14130,CS101,Spring 2025,3,36.5,33.2,35.5,1.42,4,24,Male,High,1.5,Moderate,High School,4,15.6,1,5,51.0,50,20,40.8,3,36.6,High,False
STU14131,DB401,Spring 2026,5,51.2,52.8,51.7,2.07,3,24,Male,High,8.9,Moderate,High School,13,7.8,3,11,78.1,40,29,71.3,5,70.77,Low,False
STU14132,CS101,Spring 2026,5,58.9,63.2,60.2,2.41,3,20,Female,Medium,6.4,Moderate,Bachelors,10,19.4,4,13,80.5,45,24,54.0,2,58.1,Medium,False
STU14133,SE501,Fall 2024,2,47.6,58.7,50.9,2.04,3,25,Female,High,1.0,High-Speed,Bachelors,9,17.1,6,11,65.1,45,28,61.4,2,57.22,Medium,False
STU14134,AI301,Spring 2026,5,59.7,65.8,61.5,2.46,3,19,Female,Medium,4.8,High-Speed,Masters,17,10.4,2,14,52.3,45,40,87.9,0,79.91,Low,False
STU14135,SE501,Spring 2026,5,47.9,46.3,47.4,1.9,4,19,Male,Medium,6.9,High-Speed,Doctorate,11,22.7,4,6,91.2,45,22,48.3,2,58.89,Medium,False
STU14136,DB401,Fall 2023,0,46.5,38.8,44.2,1.77,3,20,Female,Medium,16.7,High-Speed,Bachelors,13,16.7,2,7,75.7,40,29,71.3,3,70.29,Low,True
STU14137,DB401,Fall 2024,2,64.4,66.9,65.2,2.61,4,19,Male,Medium,0.8,High-Speed,High School,16,16.1,2,7,84.7,45,31,69.7,3,75.79,Low,False
STU14138,AI301,Fall 2025,4,55.3,62.5,57.4,2.3,3,20,Female,Medium,4.1,Moderate,High School,17,14.1,3,13,67.7,40,33,81.9,3,79.99,Low,False
STU14139,DS201,Fall 2024,2,54.8,55.1,54.9,2.2,3,24,Female,Medium,16.4,High-Speed,Bachelors,14,15.0,2,12,70.1,45,36,80.7,4,75.37,Medium,False
STU14140,DS201,Spring 2026,5,62.0,59.9,61.4,2.46,4,18,Male,High,9.9,Limited,Bachelors,12,13.1,12,9,59.6,45,34,76.1,7,67.97,Low,False
STU14141,AI301,Fall 2025,4,51.2,55.2,52.4,2.1,3,25,Male,High,3.3,High-Speed,Bachelors,6,11.3,5,12,92.4,40,18,44.9,2,49.93,High,False
STU14142,DS201,Spring 2024,1,69.1,68.3,68.9,2.76,3,21,Male,Medium,17.7,High-Speed,Doctorate,14,21.1,1,14,100.0,40,26,64.0,2,73.0,Low,False
STU14143,DB401,Fall 2024,2,44.2,42.9,43.8,1.75,4,24,Female,Medium,6.5,High-Speed,Masters,6,12.5,7,10,70.3,40,21,51.5,4,48.81,High,False
STU14144,CS101,Fall 2024,2,72.3,73.9,72.8,2.91,4,21,Female,Low,6.6,High-Speed,High School,16,12.4,3,2,74.5,50,41,82.2,6,80.0,Low,False
STU14145,DS201,Spring 2026,5,77.4,81.2,78.6,3.14,4,23,Female,Low,35.7,Limited,High School,10,14.4,4,4,90.6,40,27,68.0,5,67.12,Low,False
STU14146,DS201,Fall 2025,4,50.0,44.6,48.4,1.94,4,24,Male,Medium,27.9,Moderate,Masters,10,22.1,2,8,48.7,50,31,62.7,0,56.09,High,False
STU14147,DS201,Fall 2023,0,62.3,53.6,59.7,2.39,4,22,Male,Medium,4.2,High-Speed,Masters,12,20.7,2,13,100.0,40,30,74.8,5,75.4,Low,False
STU14148,CS101,Fall 2023,0,76.8,70.9,75.0,3.0,4,19,Female,Low,1.4,Limited,High School,16,13.0,7,4,95.2,40,32,80.4,4,83.24,Low,False
STU14149,AI301,Fall 2025,4,52.2,48.1,51.0,2.04,4,22,Female,High,3.7,Moderate,Bachelors,16,21.1,1,6,58.4,40,29,72.1,1,71.73,Medium,False
STU14150,SE501,Spring 2024,1,51.7,61.5,54.7,2.19,4,18,Male,Medium,0.3,High-Speed,Bachelors,8,15.5,0,5,59.8,50,30,60.8,0,54.36,High,False
STU14151,SE501,Spring 2026,5,44.9,42.6,44.2,1.77,4,21,Male,Medium,0.2,Moderate,Bachelors,12,10.8,4,6,54.3,50,32,64.7,1,61.21,Medium,True
STU14152,AI301,Fall 2025,4,46.3,48.9,47.1,1.88,3,25,Female,Low,4.8,Moderate,High School,16,12.6,3,4,55.2,50,34,68.8,0,69.44,Medium,False
STU14153,DS201,Fall 2024,2,60.8,58.0,60.0,2.4,4,24,Male,Low,26.9,High-Speed,Masters,17,21.9,5,4,79.6,40,27,67.6,3,75.22,Low,False
STU14154,AI301,Spring 2025,3,60.9,57.5,59.9,2.4,4,25,Male,High,19.5,Moderate,Bachelors,9,25.4,3,14,61.9,40,21,52.6,3,52.18,Medium,False
STU14155,CS101,Spring 2024,1,61.9,67.4,63.6,2.54,3,18,Male,Medium,6.8,High-Speed,High School,17,16.6,5,13,76.3,50,36,72.6,3,77.06,Low,False
STU14156,SE501,Fall 2024,2,52.3,43.3,49.6,1.98,3,18,Female,High,7.9,High-Speed,Bachelors,7,12.2,3,13,87.8,50,24,47.3,4,51.71,High,False
STU14157,AI301,Spring 2026,5,50.9,57.4,52.8,2.11,3,19,Female,High,0.1,High-Speed,Bachelors,11,14.4,5,11,82.9,40,23,57.9,2,62.03,Medium,False
STU14158,SE501,Spring 2026,5,58.2,58.2,58.2,2.33,4,18,Female,Medium,2.3,Limited,Masters,11,11.2,7,14,84.1,45,31,68.4,3,67.52,High,False
STU14159,SE501,Fall 2024,2,72.3,72.8,72.4,2.9,4,24,Female,Low,0.2,Moderate,High School,12,11.9,1,9,80.8,50,34,68.8,4,68.56,Medium,False
STU14160,AI301,Spring 2026,5,64.9,70.3,66.5,2.66,3,24,Female,High,13.3,High-Speed,Doctorate,16,11.4,5,4,85.4,40,35,86.7,4,84.43,Low,False
STU14161,DS201,Spring 2024,1,50.5,57.6,52.6,2.1,3,25,Male,High,1.5,High-Speed,High School,14,14.6,2,14,72.6,45,28,62.1,1,66.57,Medium,False
STU14162,CS101,Fall 2024,2,42.8,38.4,41.5,1.66,3,25,Female,Medium,19.3,High-Speed,Bachelors,9,15.6,2,9,64.9,45,29,64.9,2,58.93,Medium,False
STU14163,SE501,Spring 2026,5,55.6,48.0,53.3,2.13,3,21,Male,Medium,9.8,Moderate,Bachelors,13,14.3,2,6,55.8,50,34,68.4,2,64.86,Medium,False
STU14164,SE501,Fall 2024,2,66.3,58.0,63.8,2.55,3,24,Female,Medium,2.5,High-Speed,Bachelors,13,13.9,8,2,82.5,40,29,71.7,2,71.85,Low,False
STU14165,DB401,Spring 2026,5,70.8,70.9,70.8,2.83,4,22,Male,Medium,1.6,Moderate,Bachelors,12,18.8,4,3,84.0,40,26,65.9,5,67.75,Medium,False
STU14166,DS201,Spring 2025,3,56.7,52.1,55.3,2.21,4,21,Male,Medium,9.4,Limited,Masters,6,13.9,2,13,62.9,50,32,63.7,2,53.43,High,False
STU14167,CS101,Spring 2025,3,51.8,45.4,49.9,2.0,4,19,Male,High,22.0,Moderate,Bachelors,12,14.2,6,8,66.7,50,33,65.5,6,64.09,Medium,False
STU14168,SE501,Spring 2026,5,68.9,71.5,69.7,2.79,3,21,Male,Medium,12.0,High-Speed,Bachelors,13,14.1,5,2,71.4,40,28,70.8,5,69.18,Low,False
STU14169,DS201,Fall 2024,2,74.7,77.7,75.6,3.02,4,20,Male,Low,4.1,High-Speed,High School,19,22.7,5,3,69.5,45,41,91.1,1,87.95,Low,False
STU14170,CS101,Spring 2026,5,45.5,44.2,45.1,1.8,3,25,Male,Medium,8.4,High-Speed,High School,6,12.5,3,2,59.9,50,26,51.2,5,46.58,Medium,False
STU14171,DS201,Fall 2025,4,59.6,58.3,59.2,2.37,4,22,Other,Low,3.5,Moderate,High School,6,18.0,2,11,91.3,40,20,49.7,4,52.11,Medium,False
STU14172,CS101,Fall 2025,4,33.0,34.2,33.3,1.33,3,25,Male,Low,67.2,Moderate,Doctorate,11,11.3,5,8,66.0,45,22,49.2,6,54.3,High,True
STU14173,DB401,Spring 2025,3,54.5,48.4,52.7,2.11,3,20,Female,High,13.1,High-Speed,Bachelors,9,16.7,6,3,77.8,45,24,52.7,1,55.41,High,False
STU14174,DB401,Spring 2025,3,59.3,62.1,60.1,2.4,3,20,Female,Low,9.1,High-Speed,Doctorate,18,17.7,4,14,65.6,45,36,80.6,1,80.42,Low,False
STU14175,DB401,Spring 2026,5,52.6,56.4,53.7,2.15,3,23,Other,Low,5.2,Moderate,High School,15,20.4,7,11,63.0,45,31,69.9,4,70.05,Medium,False
STU14176,CS101,Spring 2025,3,57.0,63.6,59.0,2.36,4,24,Female,Medium,9.1,High-Speed,Bachelors,8,13.1,3,4,68.2,45,29,64.9,2,58.09,Medium,False
STU14177,AI301,Spring 2025,3,40.0,30.9,37.3,1.49,3,19,Female,Medium,4.0,High-Speed,High School,13,9.4,3,12,60.3,40,23,58.3,3,60.71,High,True
STU14178,DB401,Spring 2025,3,69.6,72.1,70.3,2.81,4,18,Male,Medium,0.3,Moderate,Bachelors,15,11.1,3,12,53.2,40,30,74.4,3,70.34,Low,False
STU14179,CS101,Spring 2024,1,55.5,58.4,56.4,2.26,3,20,Male,Low,4.8,High-Speed,High School,14,19.8,8,12,69.4,45,24,54.2,2,61.98,Medium,False
STU14180,AI301,Fall 2025,4,60.5,68.5,62.9,2.52,3,21,Male,Low,25.3,Moderate,High School,10,25.4,4,8,76.0,40,24,61.1,3,60.75,Medium,False
STU14181,SE501,Fall 2023,0,56.1,55.2,55.8,2.23,4,18,Female,Low,9.4,Moderate,Bachelors,9,19.2,2,2,78.6,40,19,47.6,1,53.02,High,False
STU14182,DB401,Spring 2026,5,58.8,57.9,58.5,2.34,3,21,Female,Medium,0.8,Moderate,High School,11,8.7,1,13,71.3,40,22,55.9,3,58.71,Low,False
STU14183,SE501,Fall 2023,0,45.1,43.9,44.7,1.79,3,25,Male,Low,20.5,High-Speed,Bachelors,5,19.0,5,5,66.7,50,22,43.4,2,42.54,High,False
STU14184,AI301,Spring 2026,5,52.9,50.9,52.3,2.09,3,21,Male,High,3.0,High-Speed,Bachelors,11,10.3,5,8,76.3,45,30,67.4,3,65.46,Medium,False
STU14185,CS101,Fall 2023,0,38.6,34.1,37.2,1.49,3,18,Female,Medium,2.7,High-Speed,Bachelors,16,13.3,3,3,60.7,45,30,66.8,2,69.54,Medium,True
STU14186,AI301,Spring 2024,1,63.1,58.0,61.6,2.46,4,18,Male,Low,3.3,High-Speed,Doctorate,9,15.9,6,5,88.7,40,19,47.8,2,55.14,Medium,False
STU14187,DS201,Fall 2025,4,60.9,57.5,59.9,2.4,4,24,Female,Medium,8.2,Limited,High School,11,16.8,1,10,71.6,40,28,69.3,2,65.47,Medium,False
STU14188,DB401,Fall 2023,0,47.6,49.9,48.3,1.93,3,21,Female,Medium,7.5,Moderate,Bachelors,12,15.3,2,8,83.5,40,24,60.1,1,64.75,Medium,False
STU14189,AI301,Fall 2023,0,51.7,47.2,50.3,2.01,3,19,Female,Medium,6.4,High-Speed,Masters,14,12.0,2,4,78.7,50,38,76.5,1,74.99,Medium,False
STU14190,SE501,Fall 2023,0,44.9,48.0,45.8,1.83,3,24,Female,Low,12.0,Limited,Bachelors,17,20.3,5,4,70.2,50,39,78.3,3,78.69,Low,False
STU14191,AI301,Fall 2025,4,51.5,51.3,51.4,2.06,4,22,Female,Medium,3.6,Moderate,High School,10,12.4,7,12,74.1,45,27,60.5,8,60.07,Medium,True
STU14192,AI301,Spring 2026,5,58.1,60.9,59.0,2.36,4,23,Female,Medium,14.5,High-Speed,Masters,16,21.3,9,5,58.1,45,29,64.1,5,67.67,Medium,False
STU14193,DB401,Spring 2026,5,41.3,44.8,42.4,1.7,4,22,Female,High,1.8,High-Speed,High School,8,8.2,3,5,75.4,50,29,57.3,4,55.73,Medium,False
STU14194,DS201,Spring 2024,1,53.3,51.9,52.9,2.12,4,19,Female,Low,14.5,High-Speed,High School,14,16.1,3,14,62.6,50,35,69.1,4,68.07,Medium,False
STU14195,CS101,Fall 2024,2,44.7,50.6,46.5,1.86,3,24,Male,Medium,10.4,Limited,High School,14,8.9,2,14,63.1,50,40,79.1,3,73.17,Medium,False
STU14196,DS201,Spring 2026,5,50.2,55.9,51.9,2.08,4,23,Male,Medium,10.9,High-Speed,High School,15,10.8,4,13,86.1,45,31,68.4,6,73.92,Low,False
STU14197,DB401,Fall 2025,4,48.8,43.0,47.1,1.88,4,24,Male,High,6.2,Moderate,High School,15,12.4,4,9,64.8,45,32,71.0,6,70.96,Medium,False
STU14198,DS201,Spring 2025,3,73.2,69.7,72.2,2.89,3,18,Male,High,10.4,High-Speed,High School,14,22.6,7,7,85.5,45,28,61.4,2,68.8,Medium,False
STU14199,AI301,Spring 2025,3,46.3,44.7,45.8,1.83,4,23,Female,Low,0.8,Moderate,Bachelors,9,21.5,3,7,61.9,40,28,69.9,5,60.83,Medium,False
STU14200,CS101,Spring 2024,1,49.1,54.2,50.6,2.02,3,25,Female,Low,18.1,High-Speed,High School,11,19.4,1,9,83.6,45,30,67.1,2,66.77,Medium,False
STU14201,AI301,Spring 2024,1,44.3,50.8,46.3,1.85,3,21,Male,Medium,0.5,Limited,High School,8,15.2,4,12,61.5,40,24,60.2,2,54.4,High,False
STU14202,CS101,Spring 2026,5,56.5,58.0,56.9,2.28,4,22,Male,Low,1.5,Limited,Bachelors,13,15.9,7,9,72.2,45,36,79.6,3,73.74,Low,False
STU14203,CS101,Fall 2025,4,54.9,62.0,57.0,2.28,3,23,Female,Medium,8.2,High-Speed,High School,13,21.3,2,9,75.0,45,30,67.3,2,68.15,Low,False
STU14204,DS201,Fall 2024,2,58.9,57.2,58.4,2.34,4,21,Male,Low,12.8,Moderate,High School,16,18.5,5,13,77.4,45,37,83.2,1,81.08,Low,False
STU14205,DB401,Fall 2025,4,48.0,55.5,50.3,2.01,3,24,Male,Medium,0.8,Moderate,Bachelors,13,15.1,6,2,72.4,40,24,59.0,2,63.48,Low,False
STU14206,SE501,Spring 2024,1,49.3,54.0,50.7,2.03,4,19,Female,High,24.1,Limited,High School,14,22.4,3,9,57.4,50,29,57.8,5,61.38,High,False
STU14207,DS201,Spring 2026,5,49.4,50.3,49.7,1.99,3,23,Female,High,34.5,High-Speed,High School,11,19.1,2,6,52.2,40,29,72.0,1,62.94,Medium,False
STU14208,SE501,Spring 2025,3,48.1,51.4,49.1,1.96,4,21,Male,Medium,8.8,High-Speed,Bachelors,12,16.2,7,4,71.2,45,31,69.1,3,66.79,Medium,False
STU14209,DB401,Spring 2025,3,68.2,74.2,70.0,2.8,3,24,Male,Medium,6.2,Moderate,Bachelors,16,12.7,2,8,95.2,50,32,63.9,3,74.99,Low,False
STU14210,AI301,Spring 2026,5,69.0,66.8,68.3,2.73,4,24,Male,High,12.8,Moderate,Bachelors,9,12.3,5,14,66.3,40,25,61.9,2,57.71,Medium,False
STU14211,DB401,Spring 2026,5,63.2,60.0,62.2,2.49,3,24,Female,Low,3.8,High-Speed,Masters,8,13.3,4,3,89.2,50,30,60.5,2,60.09,Medium,False
STU14212,DB401,Fall 2025,4,73.6,76.4,74.5,2.98,3,19,Female,Medium,6.5,Moderate,Bachelors,12,17.3,4,11,84.7,40,30,75.8,1,72.84,Low,False
STU14213,DS201,Fall 2023,0,55.3,54.3,55.0,2.2,3,18,Male,Medium,23.5,High-Speed,Bachelors,8,19.2,6,11,80.9,50,34,68.3,0,62.33,Medium,False
STU14214,DB401,Spring 2025,3,52.4,52.4,52.4,2.1,4,19,Female,Low,29.6,Moderate,High School,10,7.8,7,7,58.1,45,32,71.3,6,62.27,Medium,False
STU14215,DB401,Fall 2025,4,44.1,51.9,46.5,1.86,3,19,Female,Medium,24.9,High-Speed,Bachelors,9,5.3,1,5,78.7,40,22,53.9,4,56.19,High,False
STU14216,DS201,Fall 2023,0,38.4,34.4,37.2,1.49,4,25,Male,Low,2.9,High-Speed,High School,11,10.2,3,14,78.3,40,26,65.5,3,64.91,Medium,True
STU14217,AI301,Spring 2026,5,52.1,56.5,53.4,2.14,4,22,Female,Medium,2.5,High-Speed,Bachelors,15,13.0,3,2,72.2,40,29,72.7,2,73.29,Low,False
STU14218,SE501,Fall 2025,4,55.3,56.7,55.7,2.23,3,24,Female,Low,3.4,High-Speed,Bachelors,14,21.0,2,14,75.7,50,36,71.3,4,71.79,Low,False
STU14219,DS201,Fall 2023,0,39.1,33.5,37.4,1.5,3,21,Male,Medium,5.5,High-Speed,Bachelors,14,13.6,4,7,64.8,45,25,56.0,2,61.96,High,True
STU14220,DB401,Spring 2025,3,51.5,45.1,49.6,1.98,3,23,Male,Low,3.6,High-Speed,Masters,6,16.3,5,4,79.8,45,24,53.4,4,51.66,Medium,False
STU14221,DS201,Fall 2025,4,55.0,43.4,51.5,2.06,4,22,Female,High,4.5,High-Speed,Masters,14,17.1,5,13,84.9,45,35,77.4,5,76.68,Low,False
STU14222,SE501,Fall 2023,0,61.7,59.5,61.1,2.44,4,24,Female,Medium,9.2,High-Speed,High School,10,9.9,2,14,47.7,40,28,69.0,5,59.04,Low,False
STU14223,CS101,Fall 2025,4,43.2,37.8,41.6,1.66,3,20,Female,Medium,13.7,Moderate,High School,13,22.3,3,5,72.9,40,24,60.6,6,64.38,Medium,True
STU14224,SE501,Fall 2024,2,40.2,40.4,40.3,1.61,3,19,Female,Medium,12.6,High-Speed,Masters,10,11.7,4,5,54.1,50,32,63.6,3,57.62,Medium,True
STU14225,AI301,Spring 2024,1,48.9,49.9,49.2,1.97,3,20,Female,Medium,16.0,High-Speed,Bachelors,13,22.8,3,9,63.4,40,29,71.7,0,68.03,Medium,False
STU14226,DB401,Fall 2023,0,62.9,54.3,60.3,2.41,3,24,Male,Low,0.3,Moderate,Bachelors,16,14.4,5,8,76.1,45,28,62.6,2,70.52,Low,False
STU14227,SE501,Spring 2026,5,57.5,47.1,54.4,2.18,3,22,Female,Medium,0.5,Limited,Bachelors,5,13.3,6,10,75.7,40,22,54.2,5,49.74,High,False
STU14228,DS201,Spring 2026,5,56.8,59.6,57.6,2.3,3,21,Male,Low,14.8,Moderate,Bachelors,13,9.4,3,12,65.8,45,34,75.6,0,70.46,Medium,False
STU14229,CS101,Spring 2025,3,58.3,56.3,57.7,2.31,4,22,Male,Low,7.2,High-Speed,Doctorate,12,16.0,5,8,95.5,45,29,63.4,3,68.8,Low,False
STU14230,CS101,Fall 2023,0,32.3,30.0,31.6,1.26,4,25,Female,Medium,8.2,Moderate,Bachelors,10,26.3,6,10,74.9,50,30,60.1,3,60.03,Medium,True
STU14231,SE501,Fall 2025,4,47.3,46.0,46.9,1.88,4,21,Female,Low,0.5,Limited,Bachelors,16,17.1,4,2,64.8,45,32,71.1,0,72.51,Low,False
STU14232,CS101,Spring 2024,1,48.3,50.5,49.0,1.96,3,21,Male,Medium,2.8,High-Speed,Bachelors,6,16.4,5,5,76.2,45,20,43.8,2,46.14,High,False
STU14233,AI301,Fall 2025,4,53.6,58.5,55.1,2.2,3,24,Female,Medium,9.7,Limited,Masters,19,11.7,5,13,52.0,50,45,90.3,1,84.05,Low,False
STU14234,SE501,Fall 2023,0,62.0,61.9,62.0,2.48,4,18,Male,Medium,18.6,High-Speed,Bachelors,9,18.0,4,2,76.9,45,25,56.1,1,56.93,Medium,False
STU14235,SE501,Spring 2026,5,57.9,59.1,58.3,2.33,4,24,Male,Medium,23.6,High-Speed,Bachelors,8,15.8,4,7,68.4,50,33,66.9,4,59.13,Medium,False
STU14236,DB401,Spring 2026,5,61.4,66.0,62.8,2.51,4,19,Male,Medium,6.6,High-Speed,Doctorate,16,14.7,4,3,88.0,40,32,79.2,6,81.2,Low,False
STU14237,DS201,Spring 2025,3,46.7,51.2,48.1,1.92,3,22,Female,Medium,7.5,Moderate,Bachelors,7,17.5,8,11,59.1,40,18,44.3,7,44.47,High,False
STU14238,DB401,Spring 2024,1,54.2,59.9,55.9,2.24,4,21,Female,Medium,17.0,High-Speed,High School,15,5.9,5,10,82.4,40,33,83.0,4,80.48,Low,False
STU14239,DS201,Fall 2024,2,67.1,60.6,65.1,2.6,3,24,Male,Low,7.3,High-Speed,Bachelors,18,14.5,4,13,71.8,45,41,90.4,3,86.56,Low,False
STU14240,DS201,Spring 2026,5,66.6,52.6,62.4,2.5,4,24,Female,Medium,6.9,High-Speed,Bachelors,7,9.0,1,5,81.9,40,26,64.9,3,59.33,Medium,False
STU14241,DB401,Fall 2024,2,61.4,57.5,60.2,2.41,3,22,Male,Medium,22.4,High-Speed,High School,10,15.1,4,12,84.4,40,23,57.7,3,60.73,High,False
STU14242,DS201,Fall 2024,2,50.5,55.2,51.9,2.08,3,22,Female,Medium,14.8,High-Speed,Bachelors,12,11.4,5,5,77.3,40,24,60.8,2,63.86,Medium,False
STU14243,AI301,Spring 2024,1,64.6,64.3,64.5,2.58,3,25,Male,High,22.8,High-Speed,Bachelors,11,11.7,3,7,83.9,50,31,61.6,2,64.08,Medium,False
STU14244,DB401,Spring 2025,3,39.5,45.8,41.4,1.66,3,21,Male,High,2.3,High-Speed,Bachelors,11,8.3,9,6,76.0,45,26,57.7,1,60.55,Medium,True
STU14245,DS201,Fall 2023,0,42.3,36.1,40.5,1.62,3,23,Female,Low,7.1,Limited,Bachelors,10,20.6,8,7,64.2,45,29,64.8,3,60.24,Medium,True
STU14246,CS101,Fall 2023,0,54.1,50.3,53.0,2.12,4,25,Male,Low,17.6,High-Speed,Bachelors,12,11.6,2,14,93.0,50,31,61.4,3,67.3,Low,False
STU14247,DB401,Spring 2025,3,35.0,37.2,35.7,1.43,3,20,Male,Low,1.1,High-Speed,Doctorate,13,11.9,5,13,47.5,45,34,76.6,3,67.3,Low,True
STU14248,SE501,Spring 2025,3,43.4,44.5,43.7,1.75,3,19,Female,Low,15.0,High-Speed,High School,6,22.7,5,10,57.7,45,14,30.0,3,35.54,High,False
STU14249,SE501,Spring 2026,5,65.9,67.0,66.2,2.65,3,19,Female,Low,1.9,High-Speed,High School,10,17.8,2,7,68.0,40,27,67.1,3,62.15,Medium,False
STU14250,CS101,Fall 2024,2,50.2,49.4,50.0,2.0,4,23,Male,Medium,15.7,High-Speed,Bachelors,10,4.8,7,7,63.2,40,27,66.7,1,60.99,Medium,False
STU14251,SE501,Fall 2024,2,67.7,67.1,67.5,2.7,4,18,Male,High,9.0,High-Speed,Bachelors,18,21.9,6,14,71.7,45,33,73.2,1,77.94,Low,False
STU14252,CS101,Spring 2026,5,45.9,54.2,48.4,1.94,4,25,Male,Medium,2.0,Moderate,High School,8,23.2,4,5,72.6,50,31,62.4,2,57.72,High,False
STU14253,CS101,Spring 2024,1,52.4,51.8,52.2,2.09,3,23,Female,Low,6.1,High-Speed,High School,12,22.8,7,8,64.0,50,38,75.8,4,68.7,Low,False
STU14254,DS201,Fall 2023,0,54.9,60.3,56.5,2.26,3,18,Male,Medium,10.9,High-Speed,Bachelors,11,18.3,1,5,77.3,40,27,67.5,4,65.71,Low,False
STU14255,AI301,Spring 2025,3,45.1,44.9,45.0,1.8,4,18,Female,Medium,9.5,High-Speed,High School,15,9.5,2,6,58.2,40,31,77.1,1,72.69,Low,False
STU14256,CS101,Spring 2026,5,53.3,58.7,54.9,2.2,4,23,Other,High,5.3,Moderate,Bachelors,8,14.8,4,5,78.3,45,20,45.1,6,50.21,Medium,False
STU14257,CS101,Fall 2023,0,48.3,47.8,48.2,1.93,3,19,Male,High,21.8,Moderate,Bachelors,8,7.8,1,10,65.6,50,28,57.0,3,53.62,High,False
STU14258,DB401,Spring 2024,1,50.1,49.0,49.8,1.99,4,20,Male,High,7.0,High-Speed,Bachelors,9,10.7,6,7,69.8,50,33,65.3,4,60.11,Low,False
STU14259,DS201,Fall 2025,4,44.8,44.2,44.6,1.78,3,19,Male,Medium,6.7,High-Speed,High School,8,9.4,4,11,58.3,40,21,52.0,4,49.66,Medium,False
STU14260,CS101,Spring 2024,1,77.6,81.7,78.8,3.15,4,24,Male,Medium,0.6,Limited,Bachelors,15,11.9,2,7,99.2,50,39,77.2,1,80.94,Low,False
STU14261,AI301,Spring 2026,5,52.1,44.6,49.8,1.99,3,19,Female,Low,24.2,High-Speed,Bachelors,15,15.8,1,14,64.2,50,37,73.9,2,72.29,Medium,False
STU14262,AI301,Spring 2025,3,77.9,75.8,77.3,3.09,4,19,Male,Medium,1.9,High-Speed,Masters,9,12.8,3,6,92.3,40,23,57.6,1,60.76,Medium,False
STU14263,DB401,Fall 2025,4,62.9,66.2,63.9,2.56,4,25,Male,Low,7.1,High-Speed,Masters,15,12.6,5,13,59.3,50,42,84.1,4,76.41,Low,False
STU14264,DS201,Fall 2023,0,58.5,57.9,58.3,2.33,3,23,Female,Medium,15.5,High-Speed,High School,12,13.5,2,10,66.5,40,29,73.7,1,68.15,High,False
STU14265,DB401,Spring 2025,3,58.2,54.3,57.0,2.28,3,23,Male,Medium,2.3,Limited,High School,8,22.5,5,6,75.9,50,34,68.1,6,61.23,Medium,False
STU14266,SE501,Fall 2023,0,70.2,69.6,70.0,2.8,4,24,Female,Low,7.1,Limited,High School,13,25.8,4,13,74.6,40,25,63.5,2,66.17,Medium,False
STU14267,DS201,Fall 2025,4,64.5,68.1,65.6,2.62,4,24,Male,Low,2.6,Moderate,High School,18,12.7,0,13,65.8,45,40,88.9,2,84.61,Low,False
STU14268,DB401,Spring 2026,5,50.4,56.3,52.2,2.09,3,25,Female,Low,13.5,High-Speed,Bachelors,9,16.7,8,9,71.2,50,29,57.2,3,56.34,High,False
STU14269,DS201,Fall 2025,4,61.7,56.3,60.1,2.4,4,23,Female,Low,7.9,High-Speed,Bachelors,17,10.8,7,7,86.1,50,43,86.2,2,85.82,Low,False
STU14270,CS101,Fall 2025,4,53.4,61.9,55.9,2.24,4,19,Female,Low,18.4,High-Speed,High School,15,18.8,2,7,54.9,45,32,72.1,6,69.53,Low,False
STU14271,SE501,Fall 2025,4,66.9,63.4,65.9,2.64,3,20,Female,Low,21.4,Limited,Bachelors,12,12.6,6,13,83.2,50,36,72.7,6,70.99,Low,False
STU14272,DS201,Spring 2025,3,70.9,70.3,70.7,2.83,3,18,Male,Low,9.9,Moderate,Masters,12,11.4,2,12,75.9,40,27,66.9,2,66.63,Medium,False
STU14273,DS201,Spring 2025,3,53.4,48.2,51.8,2.07,3,22,Male,Low,12.3,High-Speed,Bachelors,15,25.0,4,4,77.4,50,30,60.2,1,68.08,Low,False
STU14274,SE501,Spring 2025,3,50.3,51.4,50.6,2.02,4,18,Female,High,7.6,High-Speed,High School,9,8.2,3,10,51.7,45,31,69.3,2,58.49,Medium,False
STU14275,CS101,Spring 2026,5,60.2,57.7,59.4,2.38,3,24,Female,Medium,4.6,High-Speed,Bachelors,16,2.7,3,11,81.1,40,30,75.1,6,77.77,Medium,False
STU14276,AI301,Spring 2026,5,55.3,52.5,54.5,2.18,4,24,Male,Low,9.9,Limited,Bachelors,12,18.7,3,4,51.6,40,30,74.9,3,65.77,Low,False
STU14277,SE501,Fall 2023,0,59.3,61.4,59.9,2.4,3,18,Male,Medium,22.7,High-Speed,Masters,10,13.2,3,10,66.3,50,35,69.2,2,62.86,Medium,False
STU14278,SE501,Fall 2024,2,39.3,38.6,39.1,1.56,3,22,Male,High,5.1,High-Speed,High School,9,11.8,2,13,64.7,45,20,44.2,5,48.54,High,False
STU14279,DB401,Spring 2025,3,56.7,53.4,55.7,2.23,4,19,Male,Medium,3.6,High-Speed,Bachelors,12,28.7,2,13,70.9,50,35,69.8,4,67.08,Low,False
STU14280,CS101,Spring 2025,3,54.6,52.1,53.8,2.15,4,20,Male,Low,4.7,High-Speed,Bachelors,14,18.7,2,3,69.6,50,32,64.8,5,67.32,Medium,False
STU14281,CS101,Fall 2025,4,46.6,49.6,47.5,1.9,4,20,Female,Medium,5.4,Limited,Bachelors,9,14.7,7,14,68.6,50,21,41.3,4,47.87,High,False
STU14282,CS101,Fall 2024,2,63.7,57.3,61.8,2.47,4,18,Male,Medium,0.7,Limited,Bachelors,15,11.5,4,9,71.1,45,30,67.3,2,70.37,Medium,False
STU14283,DB401,Fall 2023,0,72.2,73.7,72.6,2.9,3,22,Male,Medium,6.6,Limited,High School,12,17.2,6,12,82.9,40,27,67.1,2,68.13,Medium,False
STU14284,SE501,Spring 2025,3,54.6,49.1,52.9,2.12,4,25,Female,Medium,6.5,Moderate,Bachelors,12,6.3,1,8,100.0,45,29,65.1,0,70.55,Low,False
STU14285,CS101,Fall 2025,4,62.0,64.8,62.9,2.52,4,24,Female,High,8.4,High-Speed,High School,17,12.4,2,4,50.0,45,39,86.2,3,78.6,Low,False
STU14286,CS101,Fall 2023,0,40.2,47.0,42.2,1.69,3,21,Female,High,4.3,High-Speed,High School,15,14.8,6,8,61.6,40,23,57.7,1,63.67,Medium,True
STU14287,CS101,Spring 2025,3,53.1,48.9,51.8,2.07,3,19,Female,Medium,9.0,High-Speed,Bachelors,6,16.1,3,9,72.0,50,25,49.4,4,48.1,Medium,False
STU14288,AI301,Spring 2025,3,51.2,46.8,49.9,2.0,4,25,Male,Medium,20.0,Moderate,High School,11,14.3,3,5,66.2,50,28,55.7,3,57.59,High,False
STU14289,CS101,Fall 2023,0,46.0,55.8,48.9,1.96,3,18,Female,Medium,29.6,High-Speed,High School,15,11.5,5,10,69.6,45,26,57.9,5,65.37,Medium,False
STU14290,DS201,Fall 2023,0,67.9,71.9,69.1,2.76,3,20,Female,High,8.3,Moderate,Bachelors,13,19.6,3,9,69.7,45,31,69.4,6,68.14,Medium,False
STU14291,AI301,Spring 2025,3,56.9,55.4,56.5,2.26,4,24,Male,Low,0.4,High-Speed,Bachelors,13,6.7,8,11,75.2,40,31,76.3,3,72.69,Medium,False
STU14292,AI301,Fall 2024,2,65.5,65.1,65.4,2.62,4,25,Female,High,33.1,High-Speed,High School,9,13.6,6,3,90.3,45,24,53.8,1,58.46,Medium,False
STU14293,CS101,Fall 2025,4,63.2,57.4,61.5,2.46,4,25,Female,Low,11.6,Moderate,Bachelors,15,12.4,2,14,89.7,50,34,67.7,3,74.29,Low,False
STU14294,DB401,Spring 2026,5,45.1,34.6,42.0,1.68,4,23,Male,Medium,3.9,Limited,High School,15,20.1,4,14,61.1,40,34,84.4,2,76.92,Low,True
STU14295,SE501,Spring 2026,5,49.7,49.5,49.6,1.98,4,23,Male,High,1.5,High-Speed,High School,14,12.7,0,7,60.4,50,33,66.3,2,66.23,Medium,False
STU14296,DB401,Fall 2023,0,52.6,50.1,51.8,2.07,3,22,Male,Low,1.5,High-Speed,Bachelors,12,17.2,2,2,57.4,50,30,60.5,1,59.73,Medium,False
STU14297,DB401,Fall 2024,2,44.7,47.9,45.6,1.82,3,22,Male,Medium,1.7,Limited,High School,7,16.7,5,2,55.8,40,25,61.9,4,52.61,Medium,False
STU14298,SE501,Spring 2025,3,41.0,41.0,41.0,1.64,3,18,Male,Low,0.4,Moderate,Doctorate,15,5.8,5,11,51.0,40,28,70.0,4,67.7,Medium,True
STU14299,AI301,Fall 2025,4,58.3,56.6,57.8,2.31,4,25,Female,Medium,22.1,High-Speed,High School,11,14.7,3,13,89.2,50,22,44.6,2,56.64,Medium,False
STU14300,AI301,Fall 2025,4,62.0,60.1,61.4,2.46,4,21,Male,Low,7.4,High-Speed,Bachelors,17,6.3,3,2,82.3,40,31,78.1,0,81.01,Low,False
STU14301,DB401,Fall 2024,2,53.5,45.1,51.0,2.04,3,20,Female,Medium,11.4,High-Speed,Masters,13,16.8,6,8,65.6,40,28,69.9,9,67.57,Low,True
STU14302,SE501,Spring 2024,1,47.3,41.6,45.6,1.82,4,18,Female,Medium,16.7,High-Speed,Doctorate,12,11.3,6,8,70.3,45,33,74.2,2,69.16,Low,False
STU14303,AI301,Spring 2024,1,57.9,52.4,56.2,2.25,4,21,Female,High,14.9,Moderate,Bachelors,8,20.9,2,2,61.8,45,24,53.7,2,51.21,High,False
STU14304,CS101,Fall 2023,0,62.6,66.3,63.7,2.55,4,24,Female,High,20.4,High-Speed,Masters,12,14.1,2,6,57.7,50,34,67.3,3,63.19,Medium,False
STU14305,DS201,Fall 2025,4,62.2,65.2,63.1,2.52,4,22,Male,Low,32.5,High-Speed,Doctorate,18,11.1,5,6,81.5,50,41,82.7,4,84.65,Low,False
STU14306,DS201,Spring 2026,5,45.9,47.0,46.2,1.85,3,23,Male,Medium,5.5,High-Speed,High School,10,21.0,6,7,76.5,40,21,52.4,4,56.5,High,False
STU14307,SE501,Spring 2026,5,76.9,85.5,79.5,3.18,4,19,Female,Low,28.5,High-Speed,Bachelors,18,10.6,8,14,61.3,40,33,82.9,3,80.71,Low,False
STU14308,AI301,Spring 2025,3,66.2,67.5,66.6,2.66,4,25,Female,Low,12.2,High-Speed,High School,11,19.5,1,5,91.9,45,31,68.3,1,69.03,Low,False
STU14309,DB401,Fall 2024,2,59.6,59.9,59.7,2.39,4,24,Female,Low,0.7,High-Speed,Bachelors,12,17.3,3,3,88.6,40,31,76.7,4,74.07,Low,False
STU14310,CS101,Fall 2023,0,48.1,45.5,47.3,1.89,3,23,Male,High,10.9,High-Speed,Bachelors,11,13.2,4,5,58.7,50,28,56.3,3,56.39,High,False
STU14311,DB401,Spring 2026,5,46.8,45.5,46.4,1.86,3,20,Female,High,11.0,High-Speed,High School,14,8.3,6,6,55.4,45,27,61.0,2,62.58,Medium,False
STU14312,DB401,Fall 2024,2,62.1,57.7,60.8,2.43,3,20,Male,Low,22.4,High-Speed,Bachelors,7,21.2,5,12,76.6,50,27,54.9,4,53.27,Medium,False
STU14313,DS201,Fall 2025,4,80.8,86.8,82.6,3.3,3,23,Female,Low,4.4,High-Speed,High School,4,17.5,6,4,99.1,50,28,56.8,0,54.22,Medium,False
STU14314,SE501,Fall 2023,0,48.8,51.2,49.5,1.98,4,24,Female,Low,8.4,Moderate,Masters,13,11.1,5,3,61.2,50,31,61.4,2,62.44,Medium,False
STU14315,DS201,Spring 2024,1,62.7,61.8,62.4,2.5,4,23,Male,Medium,0.1,High-Speed,High School,8,16.2,4,14,81.0,50,31,61.6,5,59.0,Medium,False
STU14316,SE501,Spring 2024,1,52.3,51.3,52.0,2.08,3,21,Female,Medium,3.8,High-Speed,Bachelors,11,20.0,6,7,66.4,50,37,73.3,6,66.43,High,False
STU14317,DS201,Spring 2025,3,50.2,56.6,52.1,2.08,3,18,Male,Low,0.6,High-Speed,High School,9,15.6,3,14,80.2,45,32,70.5,6,64.79,Medium,False
STU14318,DB401,Fall 2025,4,46.2,49.7,47.3,1.89,4,22,Male,Medium,7.0,Limited,High School,12,16.2,6,13,46.9,50,34,67.3,4,61.03,High,False
STU14319,SE501,Fall 2025,4,42.0,38.1,40.8,1.63,3,21,Female,Medium,16.2,Limited,Bachelors,18,20.2,5,11,62.1,50,40,80.3,4,79.57,Low,True
STU14320,DB401,Spring 2025,3,74.9,67.6,72.7,2.91,3,19,Female,High,2.2,High-Speed,High School,9,22.7,7,5,75.4,50,30,61.0,5,59.08,Medium,False
STU14321,SE501,Spring 2025,3,64.4,63.3,64.1,2.56,4,23,Female,Medium,7.1,Moderate,Bachelors,12,14.4,5,8,75.7,50,32,64.4,1,65.34,Low,False
STU14322,DS201,Spring 2026,5,56.3,57.6,56.7,2.27,4,19,Female,Medium,2.2,High-Speed,Masters,16,8.3,3,7,47.9,40,35,86.4,3,76.78,Low,False
STU14323,DS201,Fall 2023,0,41.4,32.9,38.9,1.56,3,19,Male,Medium,1.2,High-Speed,High School,14,8.5,1,9,62.1,45,35,77.0,2,71.92,Low,True
STU14324,DS201,Spring 2024,1,55.8,47.1,53.2,2.13,3,21,Female,High,6.8,High-Speed,Masters,11,11.5,2,6,64.2,45,33,73.2,3,65.94,Medium,False
STU14325,SE501,Fall 2025,4,50.4,48.4,49.8,1.99,4,22,Female,Low,0.8,High-Speed,High School,15,10.3,3,7,79.8,40,30,74.6,1,75.76,Medium,False
STU14326,AI301,Spring 2025,3,58.0,61.8,59.1,2.36,3,24,Male,Medium,8.4,High-Speed,High School,9,6.6,3,10,70.0,50,30,59.5,3,57.25,Medium,False
STU14327,CS101,Fall 2023,0,69.2,70.3,69.5,2.78,3,20,Other,High,0.3,Moderate,High School,16,24.2,5,12,76.8,45,32,72.0,2,75.36,Low,False
STU14328,SE501,Fall 2025,4,57.6,58.1,57.8,2.31,4,18,Male,Low,1.1,Moderate,Doctorate,11,17.6,6,6,88.5,50,27,54.7,3,61.55,Low,False
STU14329,SE501,Fall 2024,2,33.6,31.9,33.1,1.32,4,25,Female,Low,7.6,High-Speed,High School,6,12.4,5,10,70.0,40,19,46.7,0,46.35,High,False
STU14330,AI301,Fall 2025,4,47.7,52.4,49.1,1.96,3,20,Male,Medium,8.5,High-Speed,Masters,14,14.8,3,4,79.8,45,32,70.3,3,72.11,Low,False
STU14331,DS201,Fall 2024,2,40.6,44.2,41.7,1.67,3,22,Male,High,0.3,High-Speed,Doctorate,10,6.1,1,10,83.9,45,23,50.6,4,57.08,Medium,True
STU14332,DB401,Spring 2024,1,51.6,60.9,54.4,2.18,4,25,Male,Medium,8.1,High-Speed,High School,15,20.8,5,3,68.3,50,38,76.7,3,74.51,Low,False
STU14333,CS101,Fall 2023,0,46.4,45.7,46.2,1.85,3,20,Female,High,17.3,Limited,Bachelors,12,5.3,2,9,66.4,40,29,73.4,4,67.98,Low,False
STU14334,AI301,Spring 2024,1,49.0,55.0,50.8,2.03,4,23,Male,Medium,12.2,Moderate,Bachelors,10,17.6,7,2,80.7,45,24,54.2,1,58.24,Medium,False
STU14335,DB401,Spring 2024,1,67.1,65.2,66.5,2.66,4,23,Male,Low,1.3,Limited,High School,8,5.8,2,10,77.2,50,30,61.0,3,57.94,Medium,False
STU14336,DB401,Spring 2026,5,47.2,45.5,46.7,1.87,3,21,Female,Medium,8.5,Moderate,High School,10,12.9,6,8,85.8,50,22,44.7,2,54.51,Medium,False
STU14337,SE501,Fall 2025,4,44.8,46.5,45.3,1.81,4,19,Female,Medium,10.6,High-Speed,Bachelors,10,21.2,4,11,77.2,50,24,48.3,3,54.59,Medium,False
STU14338,CS101,Fall 2025,4,59.8,58.8,59.5,2.38,3,25,Male,Low,0.4,High-Speed,Bachelors,13,6.8,2,2,68.7,50,39,78.5,5,72.49,Low,False
STU14339,CS101,Spring 2024,1,66.5,64.2,65.8,2.63,3,22,Male,Low,18.4,High-Speed,Bachelors,15,14.3,3,12,74.4,40,32,78.9,4,76.83,Low,False
STU14340,CS101,Fall 2023,0,56.1,58.9,57.0,2.28,3,22,Male,Low,22.5,High-Speed,High School,9,18.1,6,2,65.5,45,24,52.7,3,52.95,High,False
STU14341,AI301,Spring 2026,5,65.9,63.1,65.1,2.6,4,20,Male,Medium,18.1,Moderate,High School,16,17.3,5,9,47.4,50,40,80.1,2,73.53,Low,False
STU14342,AI301,Spring 2026,5,60.5,70.8,63.6,2.54,4,21,Female,High,16.5,High-Speed,Masters,18,15.4,5,10,82.3,40,33,82.9,5,84.91,Low,False
STU14343,SE501,Fall 2025,4,53.7,55.8,54.3,2.17,3,20,Female,Medium,13.0,High-Speed,High School,13,17.5,3,3,58.4,45,36,79.7,1,71.03,Low,False
STU14344,CS101,Fall 2024,2,37.6,40.3,38.4,1.54,4,20,Female,High,9.5,Moderate,Bachelors,10,11.9,3,4,76.2,45,26,57.9,1,59.19,Medium,True
STU14345,DB401,Spring 2024,1,42.3,44.2,42.9,1.72,3,22,Male,Low,10.8,Moderate,High School,7,24.7,7,3,72.5,50,29,57.1,1,53.55,Medium,False
STU14346,DS201,Fall 2025,4,50.6,60.0,53.4,2.14,3,20,Female,High,15.6,High-Speed,Masters,12,6.9,6,2,75.0,45,26,56.9,2,61.45,Medium,False
STU14347,SE501,Fall 2023,0,48.6,55.7,50.7,2.03,4,19,Female,High,10.3,Moderate,Masters,14,20.8,6,3,56.4,50,40,79.9,1,72.23,Low,False
STU14348,DS201,Fall 2025,4,37.0,42.4,38.6,1.54,3,20,Female,Medium,3.8,High-Speed,High School,9,15.9,2,9,54.1,40,22,55.3,1,51.97,High,False
STU14349,DS201,Fall 2025,4,51.0,58.5,53.3,2.13,3,25,Female,High,4.5,High-Speed,High School,14,18.1,4,3,71.9,45,34,75.2,0,72.98,Medium,False
STU14350,SE501,Spring 2025,3,67.9,67.8,67.9,2.72,3,19,Female,Low,21.6,High-Speed,Bachelors,16,19.0,9,10,73.3,50,40,79.5,4,78.41,Low,False
STU14351,CS101,Fall 2023,0,49.1,54.6,50.7,2.03,4,22,Female,High,0.2,High-Speed,High School,13,17.8,2,2,75.6,40,30,75.9,3,72.57,Low,False
STU14352,AI301,Fall 2025,4,66.9,68.5,67.4,2.7,4,21,Male,High,11.4,Moderate,Bachelors,12,10.9,6,7,64.0,50,37,73.4,2,67.5,Low,False
STU14353,SE501,Spring 2025,3,35.3,41.4,37.1,1.48,3,23,Female,Medium,29.4,High-Speed,Bachelors,8,13.6,7,7,58.7,45,23,51.7,1,49.59,High,False
STU14354,DB401,Spring 2024,1,64.4,65.0,64.6,2.58,4,25,Female,Medium,11.6,Moderate,High School,10,7.7,4,7,80.5,40,20,49.7,4,55.95,High,False
STU14355,DB401,Spring 2026,5,55.2,56.3,55.5,2.22,4,19,Female,Low,48.5,Moderate,High School,10,13.5,1,8,94.2,45,32,71.5,2,69.59,Medium,False
STU14356,SE501,Fall 2025,4,50.3,45.1,48.7,1.95,3,21,Male,Medium,11.1,High-Speed,Bachelors,13,16.6,1,14,78.2,45,33,73.2,2,71.74,Low,False
STU14357,SE501,Fall 2023,0,58.5,51.6,56.4,2.26,4,21,Female,Medium,0.3,Moderate,Bachelors,12,18.0,8,2,83.9,50,29,58.2,3,63.88,Medium,False
STU14358,DS201,Fall 2024,2,46.3,51.4,47.8,1.91,3,19,Female,Medium,16.7,High-Speed,High School,12,17.0,2,10,50.2,50,33,66.4,0,61.24,Low,False
STU14359,AI301,Spring 2024,1,66.8,67.8,67.1,2.68,3,22,Male,Medium,3.2,High-Speed,Bachelors,10,6.2,1,14,82.4,40,27,68.6,2,65.78,Medium,False
STU14360,CS101,Spring 2025,3,48.5,50.8,49.2,1.97,3,18,Male,High,5.6,Moderate,Bachelors,13,12.2,3,12,65.1,50,38,75.5,3,70.27,Low,False
STU14361,DB401,Fall 2023,0,51.0,52.5,51.5,2.06,3,21,Female,Low,3.6,Moderate,Bachelors,9,11.7,4,6,68.5,40,27,66.5,1,60.45,Medium,False
STU14362,AI301,Fall 2025,4,61.9,58.0,60.7,2.43,4,21,Female,High,3.0,High-Speed,High School,10,8.4,2,9,88.0,45,30,67.6,0,66.4,Medium,False
STU14363,DS201,Spring 2026,5,62.9,57.2,61.2,2.45,3,22,Female,High,5.4,Limited,High School,13,10.8,2,3,66.6,45,36,80.0,4,72.82,Low,False
STU14364,AI301,Spring 2025,3,61.4,66.9,63.1,2.52,3,22,Male,Medium,4.5,High-Speed,Masters,11,15.0,4,14,79.6,45,29,64.9,4,64.87,Medium,False
STU14365,CS101,Fall 2023,0,60.5,62.9,61.2,2.45,3,20,Female,Low,9.5,Limited,Masters,13,22.1,4,6,67.7,45,30,67.7,6,66.89,Low,False
STU14366,SE501,Spring 2024,1,57.6,64.0,59.5,2.38,3,22,Male,Low,15.9,High-Speed,Bachelors,13,10.2,5,8,52.3,40,26,66.1,2,63.01,High,False
STU14367,SE501,Fall 2024,2,63.0,57.7,61.4,2.46,4,21,Male,Low,3.3,High-Speed,High School,14,9.4,4,4,81.3,40,31,78.6,7,76.56,Medium,False
STU14368,SE501,Spring 2024,1,62.5,62.9,62.6,2.5,4,19,Male,Medium,2.3,High-Speed,Bachelors,7,12.0,2,13,72.9,45,24,53.8,6,51.98,High,False
STU14369,DS201,Fall 2024,2,43.5,47.4,44.7,1.79,4,18,Male,Medium,10.4,High-Speed,Masters,7,16.7,1,8,73.9,50,19,37.9,2,44.23,High,False
STU14370,CS101,Fall 2024,2,58.3,67.3,61.0,2.44,3,24,Male,High,10.5,High-Speed,High School,12,21.1,5,8,75.8,45,30,67.4,8,66.86,Low,True
STU14371,AI301,Fall 2025,4,72.6,74.9,73.3,2.93,3,20,Male,Medium,22.0,Moderate,High School,23,14.6,1,12,89.3,40,34,85.0,5,90.36,Low,False
STU14372,DB401,Fall 2023,0,63.0,65.0,63.6,2.54,4,24,Male,Medium,0.2,High-Speed,Bachelors,17,7.8,3,14,72.0,50,42,84.4,1,82.1,Low,False
STU14373,DS201,Fall 2025,4,47.1,43.7,46.1,1.84,4,19,Male,Medium,18.2,High-Speed,Masters,15,8.8,7,11,42.5,45,27,60.6,4,61.3,High,False
STU14374,CS101,Fall 2023,0,58.5,57.6,58.2,2.33,4,18,Female,High,7.0,High-Speed,High School,6,15.9,3,3,89.9,45,22,49.2,3,51.58,Medium,False
STU14375,DB401,Fall 2025,4,49.9,43.3,47.9,1.92,3,18,Male,High,9.2,High-Speed,Bachelors,18,20.0,6,9,75.5,40,32,78.9,5,81.55,Low,False
STU14376,SE501,Fall 2023,0,32.3,30.0,31.6,1.26,3,18,Male,High,0.9,Moderate,Bachelors,7,24.1,0,13,60.6,40,21,53.7,4,49.47,High,False
STU14377,CS101,Fall 2025,4,64.7,69.9,66.3,2.65,4,23,Female,Medium,5.4,Moderate,Bachelors,15,9.1,4,10,82.7,40,29,72.5,3,75.29,Low,False
STU14378,AI301,Fall 2023,0,41.6,37.8,40.5,1.62,4,19,Male,Medium,2.4,Limited,Bachelors,10,15.7,4,7,56.3,40,26,65.1,2,58.81,High,True
STU14379,DS201,Spring 2026,5,43.7,43.9,43.7,1.75,3,25,Female,High,2.8,High-Speed,Bachelors,11,9.9,7,7,45.6,50,27,54.2,2,52.72,High,True
STU14380,CS101,Fall 2023,0,48.8,46.3,48.1,1.92,3,20,Male,Medium,6.7,High-Speed,High School,10,10.5,5,9,85.1,50,35,69.8,6,66.92,Medium,False
STU14381,SE501,Fall 2025,4,57.4,58.9,57.9,2.32,3,20,Male,Low,15.9,High-Speed,High School,15,10.1,5,6,85.9,40,24,59.4,3,69.38,Medium,False
STU14382,DS201,Spring 2024,1,43.8,40.8,42.9,1.72,3,18,Female,Low,12.9,Limited,Bachelors,6,13.3,4,2,86.1,50,19,38.0,7,45.22,High,False
STU14383,DB401,Spring 2026,5,59.5,61.4,60.1,2.4,4,19,Female,Low,8.5,Moderate,High School,13,10.6,1,11,66.5,45,33,72.6,7,69.1,Medium,False
STU14384,SE501,Fall 2025,4,42.5,44.5,43.1,1.72,4,23,Female,Medium,7.4,High-Speed,Bachelors,14,27.4,7,10,68.2,50,31,61.3,3,65.29,Medium,True
STU14385,DB401,Spring 2026,5,59.8,56.5,58.8,2.35,4,18,Female,Low,5.3,High-Speed,Bachelors,13,12.7,4,4,66.6,45,32,72.1,9,68.87,Low,True
STU14386,SE501,Fall 2023,0,61.8,55.8,60.0,2.4,3,22,Female,Low,34.2,Moderate,High School,13,19.9,3,8,54.9,40,31,78.2,2,69.58,Medium,False
STU14387,AI301,Fall 2023,0,53.5,48.5,52.0,2.08,4,25,Male,Low,7.8,Moderate,Bachelors,8,11.7,10,7,67.4,45,26,57.3,6,54.13,High,False
STU14388,DS201,Spring 2024,1,57.7,61.2,58.8,2.35,3,24,Male,Medium,2.8,Moderate,Bachelors,14,26.2,8,12,68.2,40,28,70.0,0,69.64,Medium,False
STU14389,CS101,Spring 2024,1,60.6,52.4,58.1,2.32,3,20,Male,Medium,2.5,High-Speed,High School,11,16.7,5,5,57.6,40,30,74.7,7,65.37,Medium,False
STU14390,DB401,Fall 2023,0,68.4,64.3,67.2,2.69,3,24,Male,Medium,9.0,Limited,Bachelors,12,19.2,4,8,89.3,40,26,65.1,6,68.41,Medium,False
STU14391,DB401,Fall 2023,0,34.9,35.0,34.9,1.4,4,21,Female,Low,7.0,High-Speed,Masters,10,12.0,1,10,63.2,50,31,61.3,5,58.29,Medium,True
STU14392,DB401,Spring 2026,5,69.7,75.9,71.5,2.86,3,18,Female,Low,0.1,Limited,Bachelors,10,19.9,2,5,90.2,45,28,62.4,6,64.24,Medium,False
STU14393,AI301,Fall 2023,0,70.5,74.2,71.6,2.86,3,22,Male,Medium,16.8,Moderate,Bachelors,11,16.7,2,12,83.1,50,31,62.5,3,64.37,Medium,False
STU14394,AI301,Fall 2024,2,61.1,58.8,60.4,2.42,4,20,Female,Medium,11.6,Moderate,High School,11,13.1,2,7,74.6,40,27,66.5,2,64.67,Low,False
STU14395,AI301,Spring 2024,1,40.8,37.9,39.9,1.6,4,24,Female,Low,10.3,Moderate,High School,13,9.6,2,4,55.4,50,37,74.1,1,67.63,Medium,True
STU14396,SE501,Fall 2025,4,50.3,49.6,50.1,2.0,4,25,Male,Low,0.7,High-Speed,High School,9,13.8,6,13,80.7,40,28,69.8,1,64.54,Medium,False
STU14397,AI301,Spring 2024,1,45.4,52.6,47.6,1.9,3,23,Male,High,4.3,High-Speed,Bachelors,6,13.4,8,4,96.4,45,28,61.8,6,59.18,High,False
STU14398,DS201,Fall 2024,2,57.5,51.5,55.7,2.23,3,19,Male,Medium,26.0,High-Speed,High School,12,19.3,3,8,64.2,40,23,58.6,1,60.14,Medium,False
STU14399,DS201,Spring 2024,1,66.8,60.9,65.0,2.6,3,20,Male,Low,18.9,High-Speed,High School,9,13.8,3,10,77.3,40,26,63.8,2,60.86,Medium,False
STU14400,SE501,Fall 2023,0,54.0,53.6,53.9,2.16,4,25,Male,Low,3.2,High-Speed,Bachelors,15,5.4,2,14,68.1,50,29,57.9,6,65.07,Medium,False
STU14401,DB401,Fall 2025,4,58.2,60.3,58.8,2.35,3,24,Female,High,1.6,High-Speed,High School,16,18.2,3,6,51.1,40,31,78.5,9,73.47,Low,True
STU14402,AI301,Spring 2026,5,49.6,45.0,48.2,1.93,4,19,Male,Medium,5.7,Moderate,High School,5,21.5,3,4,72.7,45,26,57.6,3,50.84,High,False
STU14403,AI301,Fall 2023,0,60.1,64.1,61.3,2.45,4,24,Male,Medium,4.2,High-Speed,Bachelors,10,6.7,3,14,69.0,45,32,70.7,7,64.15,Medium,False
STU14404,AI301,Spring 2025,3,52.8,56.8,54.0,2.16,4,19,Other,Medium,10.9,Moderate,High School,16,24.0,7,14,56.5,40,30,76.2,1,73.4,Low,False
STU14405,DB401,Fall 2025,4,57.0,56.8,56.9,2.28,4,23,Female,Medium,32.2,Moderate,Bachelors,10,22.0,3,14,83.6,45,24,53.7,3,58.57,High,False
STU14406,DS201,Fall 2025,4,50.5,48.3,49.8,1.99,4,23,Female,Medium,4.3,High-Speed,High School,13,11.8,2,7,62.4,40,24,59.2,3,61.58,Medium,False
STU14407,DB401,Spring 2025,3,52.8,53.7,53.1,2.12,4,18,Male,Medium,0.6,High-Speed,High School,12,9.4,1,9,64.7,40,22,53.8,3,57.84,High,False
STU14408,DS201,Spring 2024,1,52.9,42.3,49.7,1.99,4,18,Male,Medium,21.7,High-Speed,Masters,10,20.3,5,12,79.4,45,32,71.0,1,66.38,Medium,False
STU14409,DB401,Spring 2025,3,41.1,31.7,38.3,1.53,3,20,Female,Low,0.4,Moderate,Masters,13,8.2,1,14,57.9,50,35,69.4,2,65.78,Medium,True
STU14410,SE501,Spring 2024,1,69.2,71.3,69.8,2.79,3,23,Male,High,29.0,High-Speed,Masters,10,11.7,6,13,81.2,40,25,63.1,2,62.79,Medium,False
STU14411,DB401,Fall 2023,0,70.2,62.8,68.0,2.72,4,22,Male,Medium,10.4,High-Speed,Masters,15,8.4,6,5,74.3,50,40,79.9,2,77.31,Low,False
STU14412,CS101,Spring 2025,3,58.5,54.7,57.3,2.29,3,24,Female,Low,27.0,Moderate,Bachelors,11,15.0,5,8,75.4,50,29,58.0,3,60.58,Medium,False
STU14413,DB401,Fall 2024,2,64.9,65.9,65.2,2.61,3,24,Female,High,2.1,High-Speed,Bachelors,12,22.3,5,8,86.7,40,30,74.1,3,72.39,Low,False
STU14414,AI301,Fall 2025,4,41.3,45.7,42.6,1.7,4,24,Male,High,0.4,Moderate,Bachelors,4,16.9,5,6,66.0,45,26,57.2,1,47.8,High,False
STU14415,DS201,Spring 2026,5,61.7,63.6,62.3,2.49,3,20,Male,High,6.4,High-Speed,Bachelors,18,20.1,6,11,60.7,40,34,84.2,3,81.24,Medium,False
STU14416,DB401,Spring 2025,3,25.0,30.0,26.5,1.06,3,24,Male,High,5.7,Moderate,Bachelors,9,13.2,5,3,41.2,45,18,39.3,1,41.39,High,False
STU14417,DS201,Spring 2024,1,59.9,59.8,59.9,2.4,4,21,Male,High,3.8,Limited,High School,15,15.5,4,5,62.7,40,27,66.4,5,68.24,Medium,False
STU14418,CS101,Spring 2024,1,55.3,53.2,54.7,2.19,3,19,Male,Low,30.0,Moderate,Masters,19,8.9,2,13,69.8,50,47,93.5,6,89.21,Low,False
STU14419,CS101,Spring 2025,3,52.0,52.0,52.0,2.08,3,24,Male,High,16.4,High-Speed,Bachelors,11,14.5,1,6,65.2,40,26,64.7,3,61.89,Medium,False
STU14420,CS101,Fall 2025,4,59.4,58.8,59.2,2.37,4,25,Male,High,10.3,High-Speed,Masters,7,11.3,2,4,75.7,45,27,59.9,0,55.59,High,False
STU14421,DB401,Fall 2024,2,51.9,56.2,53.2,2.13,3,19,Female,Low,1.7,Moderate,High School,18,14.2,6,5,56.5,45,29,64.8,5,70.7,Medium,False
STU14422,AI301,Spring 2025,3,53.4,53.4,53.4,2.14,3,18,Female,Low,12.6,High-Speed,High School,7,13.9,4,14,67.0,40,19,47.4,6,47.6,Medium,False
STU14423,CS101,Spring 2026,5,61.3,59.4,60.7,2.43,4,24,Female,High,12.3,High-Speed,High School,18,13.4,7,13,79.6,45,42,92.4,6,89.12,Low,False
STU14424,AI301,Fall 2024,2,63.9,68.2,65.2,2.61,4,25,Male,Low,5.3,Moderate,Bachelors,11,25.5,7,13,82.8,40,26,64.9,4,65.51,Medium,False
STU14425,AI301,Fall 2025,4,61.3,62.1,61.6,2.46,3,22,Male,High,24.6,High-Speed,High School,9,23.8,1,14,91.0,50,34,68.7,3,66.05,Medium,False
STU14426,DB401,Fall 2023,0,46.7,48.6,47.3,1.89,4,25,Male,Low,1.7,High-Speed,High School,7,22.1,6,6,65.0,40,20,48.8,3,47.9,Medium,False
STU14427,CS101,Spring 2024,1,31.2,30.0,30.8,1.23,3,23,Male,Low,3.0,Limited,High School,10,24.0,7,2,57.0,40,23,58.4,0,55.6,Medium,True
STU14428,CS101,Fall 2023,0,70.2,65.4,68.8,2.75,4,23,Male,Medium,0.6,High-Speed,High School,13,22.1,3,4,82.3,45,32,72.2,3,72.06,Low,False
STU14429,DS201,Spring 2026,5,45.8,46.2,45.9,1.84,4,18,Female,Low,15.1,High-Speed,Bachelors,9,14.9,2,10,73.2,40,24,61.2,5,58.74,High,False
STU14430,DB401,Fall 2024,2,53.3,57.8,54.6,2.18,4,21,Female,Medium,9.2,Moderate,Masters,11,14.4,5,10,65.7,50,31,61.2,0,60.24,Medium,False
STU14431,AI301,Fall 2025,4,59.4,62.9,60.5,2.42,4,20,Female,Medium,3.6,Moderate,High School,13,16.2,5,10,59.3,50,31,62.3,6,62.51,Medium,False
STU14432,CS101,Spring 2025,3,68.8,65.2,67.7,2.71,4,20,Male,Low,1.7,High-Speed,Bachelors,13,13.9,5,10,59.8,40,27,68.0,5,65.46,Low,False
STU14433,DB401,Spring 2026,5,68.0,69.8,68.5,2.74,3,22,Female,Low,0.4,Moderate,High School,18,9.8,5,10,68.1,45,39,86.5,2,83.87,Low,False
STU14434,DS201,Fall 2024,2,65.4,71.0,67.1,2.68,3,18,Male,Medium,1.7,Moderate,High School,11,16.5,8,5,100.0,50,26,52.4,4,62.7,Medium,False
STU14435,DS201,Fall 2023,0,65.2,63.1,64.6,2.58,3,18,Male,Low,5.7,High-Speed,Bachelors,12,7.2,4,8,72.3,40,29,73.3,2,69.11,Low,False
STU14436,AI301,Fall 2025,4,52.5,49.7,51.6,2.06,3,21,Male,Medium,2.7,High-Speed,Bachelors,12,15.7,4,2,82.5,40,23,58.4,3,63.7,Low,False
STU14437,AI301,Fall 2025,4,55.3,58.7,56.3,2.25,4,24,Female,Medium,2.8,High-Speed,Masters,17,10.0,4,6,60.0,50,39,78.1,2,76.55,Low,False
STU14438,CS101,Spring 2024,1,49.7,56.3,51.7,2.07,3,20,Other,Low,19.8,Moderate,Bachelors,7,14.6,6,12,46.1,45,27,61.0,3,50.22,Medium,False
STU14439,CS101,Spring 2024,1,54.2,55.0,54.4,2.18,4,24,Male,Medium,6.9,Moderate,Masters,7,16.0,7,3,80.0,40,24,59.7,2,56.35,Medium,False
STU14440,DS201,Fall 2024,2,29.7,30.0,29.8,1.19,4,18,Female,Low,12.4,High-Speed,High School,6,13.2,4,11,59.8,50,26,52.1,1,47.01,High,False
STU14441,CS101,Spring 2024,1,54.2,56.7,54.9,2.2,4,24,Female,Low,0.3,Moderate,High School,10,6.8,7,5,60.0,40,20,50.7,3,52.35,High,False
STU14442,DB401,Fall 2025,4,56.0,58.5,56.8,2.27,3,23,Male,Low,4.3,Moderate,High School,9,9.1,3,10,71.9,50,27,53.9,3,54.83,Medium,False
STU14443,AI301,Fall 2024,2,48.4,50.6,49.0,1.96,3,22,Male,High,6.2,High-Speed,Bachelors,11,17.3,3,6,89.7,40,22,54.3,4,61.59,Medium,False
STU14444,DS201,Fall 2023,0,43.5,40.7,42.7,1.71,4,20,Male,High,2.0,Moderate,High School,8,12.2,5,3,82.9,45,22,49.3,3,53.23,Medium,False
STU14445,CS101,Spring 2024,1,59.2,70.1,62.5,2.5,3,21,Female,High,1.2,High-Speed,High School,13,17.8,11,2,63.8,45,35,77.6,2,71.06,Low,False
STU14446,DB401,Fall 2025,4,87.3,95.4,89.7,3.59,3,22,Male,Medium,19.4,Limited,Bachelors,11,15.0,5,3,75.8,50,35,70.5,2,66.91,Medium,False
STU14447,CS101,Spring 2024,1,56.4,55.7,56.2,2.25,4,19,Female,Low,26.6,High-Speed,High School,8,14.0,7,11,78.0,40,25,61.8,3,58.5,Medium,False
STU14448,SE501,Spring 2025,3,51.9,46.5,50.3,2.01,3,23,Male,Medium,0.8,Moderate,High School,8,16.7,0,2,78.4,45,28,62.6,5,58.98,High,False
STU14449,AI301,Spring 2025,3,43.9,41.0,43.0,1.72,3,21,Female,Medium,4.1,Moderate,High School,17,11.6,5,4,68.2,50,39,77.7,2,77.99,Medium,True
STU14450,DS201,Fall 2025,4,66.2,69.6,67.2,2.69,4,25,Male,High,30.2,High-Speed,High School,14,17.0,7,12,78.1,45,36,80.2,4,76.72,Low,False
STU14451,DS201,Spring 2026,5,71.9,74.3,72.6,2.9,4,22,Female,Low,0.8,Moderate,Bachelors,16,12.9,3,9,78.4,45,40,87.8,2,83.58,Low,False
STU14452,DS201,Fall 2024,2,57.7,60.7,58.6,2.34,3,18,Female,Low,9.8,Moderate,Bachelors,16,27.7,3,13,76.9,40,30,74.2,3,76.48,Low,False
STU14453,DS201,Fall 2025,4,46.2,48.0,46.7,1.87,4,19,Female,Medium,34.0,Limited,High School,10,9.3,5,8,58.2,40,24,60.6,3,56.94,High,False
STU14454,DB401,Fall 2024,2,61.0,65.4,62.3,2.49,3,21,Female,High,36.4,High-Speed,High School,20,13.2,4,14,72.1,45,39,86.4,2,87.62,Low,False
STU14455,SE501,Spring 2025,3,53.1,49.6,52.1,2.08,4,18,Male,High,6.1,High-Speed,Masters,15,13.4,6,2,83.3,45,31,69.5,3,73.91,Low,False
STU14456,AI301,Fall 2023,0,35.1,31.1,33.9,1.36,3,23,Female,Medium,1.7,Limited,Bachelors,11,8.2,4,11,45.9,45,27,61.1,0,56.23,Medium,True
STU14457,AI301,Fall 2024,2,37.0,38.1,37.3,1.49,4,25,Male,High,2.1,Moderate,Bachelors,12,18.6,2,4,86.6,45,27,61.0,2,65.82,Medium,True
STU14458,CS101,Fall 2025,4,40.5,35.2,38.9,1.56,4,19,Male,Medium,20.9,Moderate,Bachelors,12,12.9,4,8,82.3,50,20,40.4,5,54.66,High,True
STU14459,CS101,Fall 2024,2,62.0,54.3,59.7,2.39,4,20,Female,High,23.1,Limited,High School,12,3.1,3,6,76.9,50,35,70.3,1,68.53,Low,False
STU14460,DS201,Fall 2025,4,47.5,48.4,47.8,1.91,4,25,Male,High,8.9,High-Speed,Doctorate,11,18.5,3,7,78.1,45,27,59.5,2,61.87,Low,False
STU14461,CS101,Spring 2024,1,62.5,59.2,61.5,2.46,3,18,Female,High,13.8,High-Speed,Bachelors,14,11.8,3,6,72.1,40,30,75.8,1,73.32,Medium,False
STU14462,CS101,Fall 2025,4,41.8,42.3,41.9,1.68,3,22,Other,Medium,12.8,High-Speed,High School,15,14.5,3,9,60.4,40,31,78.4,3,73.78,Low,True
STU14463,DS201,Spring 2024,1,61.1,62.3,61.4,2.46,4,24,Male,Low,10.3,Moderate,Bachelors,13,18.4,6,2,69.1,50,38,76.1,4,71.37,Low,False
STU14464,DS201,Spring 2024,1,42.8,38.9,41.6,1.66,3,21,Female,Medium,16.7,Moderate,High School,7,13.2,6,8,72.5,45,21,46.8,1,48.4,High,False
STU14465,CS101,Fall 2023,0,54.0,54.1,54.0,2.16,3,19,Male,Medium,11.0,Limited,High School,15,13.1,8,10,69.0,40,32,79.1,2,75.85,Medium,False
STU14466,AI301,Spring 2025,3,67.6,64.8,66.8,2.67,3,18,Male,High,7.3,High-Speed,Masters,10,27.3,5,10,76.5,45,30,66.3,2,63.45,Medium,False
STU14467,AI301,Fall 2024,2,41.8,34.3,39.6,1.58,4,20,Male,Low,2.6,Moderate,Masters,15,4.2,11,4,76.1,50,38,75.3,3,75.37,Medium,True
STU14468,CS101,Spring 2025,3,59.5,61.9,60.2,2.41,3,24,Female,Low,12.9,Limited,High School,7,8.6,6,5,72.4,50,33,65.4,3,57.68,Low,False
STU14469,DB401,Fall 2025,4,66.8,72.9,68.6,2.74,3,21,Female,Medium,6.1,Moderate,High School,13,9.5,1,5,78.5,40,29,72.7,1,71.55,Medium,False
STU14470,SE501,Spring 2026,5,51.0,52.2,51.4,2.06,3,21,Female,Low,3.3,High-Speed,Bachelors,9,23.9,6,9,79.8,45,24,54.1,4,56.51,High,False
STU14471,AI301,Spring 2025,3,39.3,46.2,41.4,1.66,4,18,Other,Medium,15.4,Moderate,High School,12,11.8,2,13,59.3,50,34,67.2,4,63.46,Medium,True
STU14472,CS101,Spring 2025,3,53.9,57.0,54.8,2.19,4,20,Male,Medium,11.3,Limited,Bachelors,6,16.2,2,8,86.1,40,19,47.3,4,49.87,Medium,False
STU14473,DS201,Spring 2025,3,52.2,49.0,51.3,2.05,4,23,Male,Medium,26.3,Limited,Bachelors,15,12.6,5,9,64.4,45,34,75.4,4,73.08,Medium,False
STU14474,SE501,Spring 2026,5,59.2,59.5,59.3,2.37,3,24,Female,Low,1.7,Moderate,Bachelors,6,18.0,3,6,76.2,45,23,51.2,6,49.84,Medium,False
STU14475,AI301,Fall 2024,2,58.8,68.2,61.6,2.46,3,23,Male,High,10.0,Moderate,Bachelors,12,14.9,2,14,69.2,50,30,60.4,1,62.04,Medium,False
STU14476,DB401,Fall 2025,4,58.0,54.7,57.0,2.28,3,19,Male,Medium,2.7,High-Speed,Bachelors,13,16.3,5,4,72.2,40,29,72.9,3,70.39,Low,False
STU14477,SE501,Fall 2023,0,49.1,49.5,49.2,1.97,3,18,Male,High,22.2,High-Speed,Doctorate,12,21.4,9,10,86.8,45,26,57.3,1,64.01,Medium,False
STU14478,CS101,Spring 2024,1,51.3,56.3,52.8,2.11,4,24,Female,Medium,1.0,Limited,High School,11,17.2,4,10,69.9,40,24,60.7,2,60.83,Medium,False
STU14479,DB401,Fall 2025,4,58.0,62.3,59.3,2.37,3,19,Female,Low,10.1,High-Speed,Masters,10,11.3,1,11,76.4,45,30,65.6,2,63.08,High,False
STU14480,DB401,Fall 2023,0,61.0,57.9,60.1,2.4,4,25,Male,Low,14.9,High-Speed,High School,16,16.6,4,11,84.7,45,32,70.6,4,76.24,Low,False
STU14481,SE501,Fall 2023,0,50.7,60.4,53.6,2.14,4,23,Male,Low,4.2,High-Speed,High School,5,27.1,2,3,81.7,45,22,49.8,4,48.74,High,False
STU14482,AI301,Fall 2023,0,64.0,64.2,64.1,2.56,4,25,Female,Medium,29.3,High-Speed,High School,24,17.8,6,9,78.1,40,38,94.0,3,92.62,Low,False
STU14483,DS201,Fall 2024,2,51.2,50.5,51.0,2.04,3,25,Female,Low,18.1,Moderate,Bachelors,6,15.8,8,14,97.3,50,28,56.0,2,56.46,High,False
STU14484,CS101,Fall 2023,0,52.8,49.5,51.8,2.07,3,24,Male,Medium,3.3,High-Speed,High School,9,8.1,4,13,73.1,45,29,63.7,7,59.97,Medium,False
STU14485,DS201,Fall 2023,0,68.1,74.8,70.1,2.8,4,21,Female,Medium,0.1,Limited,Masters,16,18.6,2,4,84.4,50,42,83.1,1,82.43,Low,False
STU14486,CS101,Fall 2025,4,71.4,65.4,69.6,2.78,4,19,Male,Low,3.3,Limited,Bachelors,14,19.4,7,13,100.0,45,35,76.9,3,79.45,Low,False
STU14487,DB401,Fall 2023,0,51.2,49.6,50.7,2.03,3,25,Male,Low,3.1,High-Speed,High School,12,16.6,4,10,65.2,50,32,63.7,4,62.89,Medium,False
STU14488,DB401,Spring 2026,5,50.1,56.1,51.9,2.08,4,20,Female,Medium,21.0,High-Speed,Bachelors,15,15.6,4,3,91.7,40,29,71.6,3,76.64,Low,False
STU14489,CS101,Spring 2024,1,50.3,53.5,51.3,2.05,3,22,Female,High,32.4,Moderate,Masters,11,29.2,4,13,78.1,45,29,63.6,2,63.92,Low,False
STU14490,DB401,Fall 2025,4,78.3,86.8,80.9,3.24,3,23,Male,Low,0.7,Moderate,Bachelors,16,19.3,4,10,92.8,45,36,79.2,2,82.16,Low,False
STU14491,SE501,Spring 2025,3,60.0,65.8,61.7,2.47,4,23,Female,Low,6.1,High-Speed,High School,8,21.2,1,3,74.2,50,31,61.7,4,57.69,High,False
STU14492,SE501,Spring 2024,1,54.4,49.7,53.0,2.12,4,20,Female,High,7.6,High-Speed,Masters,10,15.3,2,8,82.3,50,28,56.8,2,59.86,Medium,False
STU14493,DS201,Fall 2023,0,50.0,52.6,50.8,2.03,3,24,Female,Low,0.9,High-Speed,Bachelors,19,14.3,2,8,55.6,50,34,68.1,6,73.67,Medium,False
STU14494,AI301,Fall 2023,0,43.3,37.4,41.5,1.66,3,24,Female,High,4.5,High-Speed,High School,16,18.2,1,9,58.1,40,29,72.5,2,71.87,Low,True
STU14495,AI301,Fall 2025,4,54.5,57.7,55.5,2.22,3,24,Female,Low,3.6,High-Speed,High School,14,14.3,3,13,79.7,45,35,78.0,1,75.94,Low,False
STU14496,DS201,Spring 2025,3,48.4,43.2,46.8,1.87,4,19,Male,High,7.3,Moderate,Bachelors,12,14.7,10,5,80.1,40,22,54.8,3,61.42,Medium,False
STU14497,DS201,Fall 2023,0,40.4,40.5,40.4,1.62,3,18,Male,Medium,10.3,Moderate,Masters,5,17.3,4,5,62.7,40,18,44.7,1,42.39,High,False
STU14498,SE501,Spring 2025,3,54.9,48.7,53.1,2.12,4,25,Male,High,11.5,Moderate,High School,9,12.4,4,9,80.7,50,34,67.4,2,63.34,Low,False
STU14499,CS101,Fall 2024,2,57.8,55.4,57.1,2.28,4,21,Male,Medium,1.4,High-Speed,High School,11,16.1,3,7,77.0,50,32,64.8,5,64.3,Low,False
STU14500,SE501,Spring 2024,1,51.9,49.5,51.2,2.05,3,22,Female,Medium,15.9,Moderate,Masters,6,15.4,4,7,79.0,45,22,49.6,1,49.6,High,False
STU14501,AI301,Spring 2026,5,65.8,65.2,65.6,2.62,3,18,Female,Low,10.8,High-Speed,High School,14,19.8,1,11,84.9,45,34,75.5,3,75.73,Low,False
STU14502,AI301,Spring 2024,1,35.0,39.4,36.3,1.45,3,18,Male,Low,20.9,High-Speed,Masters,14,11.9,2,6,56.1,45,31,69.9,4,67.17,Medium,True
STU14503,DS201,Spring 2024,1,75.1,71.6,74.1,2.96,3,20,Male,Medium,5.7,Moderate,High School,9,5.0,7,11,82.0,50,27,54.6,1,57.2,Medium,False
STU14504,SE501,Fall 2025,4,67.4,61.8,65.7,2.63,4,19,Female,Medium,21.3,Moderate,Bachelors,15,13.4,6,4,78.1,50,42,84.6,9,80.42,Medium,True
STU14505,DS201,Spring 2024,1,52.4,53.1,52.6,2.1,4,23,Male,High,19.1,High-Speed,High School,13,17.0,8,3,63.5,40,30,74.6,3,69.5,Low,False
STU14506,SE501,Spring 2026,5,45.1,49.0,46.3,1.85,4,23,Female,Medium,5.5,Moderate,Masters,10,19.8,5,9,57.8,45,28,63.0,3,58.06,Medium,False
STU14507,DB401,Fall 2023,0,57.8,56.7,57.5,2.3,3,20,Male,High,4.6,Limited,Bachelors,13,11.5,5,13,66.5,40,31,78.0,4,71.8,Medium,False
STU14508,SE501,Spring 2025,3,49.1,52.1,50.0,2.0,3,19,Female,Medium,25.7,High-Speed,Masters,14,17.7,1,2,67.9,45,29,64.2,4,66.68,Low,False
STU14509,DB401,Fall 2024,2,42.8,42.3,42.7,1.71,3,20,Female,High,11.9,Moderate,Bachelors,7,20.7,5,2,66.9,45,25,55.6,4,51.68,High,False
STU14510,SE501,Spring 2026,5,45.5,44.6,45.2,1.81,3,23,Male,High,25.0,Limited,High School,10,18.8,5,13,73.9,45,19,41.6,3,50.58,High,False
STU14511,CS101,Fall 2023,0,64.0,67.7,65.1,2.6,3,18,Male,Medium,15.1,Moderate,High School,13,11.0,5,6,85.9,40,23,57.1,2,65.23,Medium,False
STU14512,AI301,Fall 2024,2,57.1,62.9,58.8,2.35,3,21,Male,High,8.9,High-Speed,Bachelors,13,11.6,5,6,76.5,40,27,68.0,6,68.8,Medium,False
STU14513,DS201,Spring 2026,5,51.8,54.9,52.7,2.11,4,25,Female,High,1.2,High-Speed,Bachelors,11,17.2,8,3,59.8,40,26,66.2,2,61.56,Medium,False
STU14514,CS101,Fall 2023,0,64.1,64.7,64.3,2.57,3,24,Female,Low,3.3,High-Speed,Masters,14,23.1,8,11,76.3,50,32,64.3,1,68.41,Low,False
STU14515,AI301,Fall 2025,4,58.5,51.9,56.5,2.26,4,19,Male,Medium,33.0,High-Speed,High School,6,15.1,3,8,67.9,50,31,62.2,0,53.68,Medium,False
STU14516,DB401,Fall 2024,2,64.5,64.6,64.5,2.58,3,25,Female,Low,3.7,Moderate,Bachelors,12,14.2,3,2,67.3,40,24,60.1,2,61.51,High,False
STU14517,DS201,Spring 2026,5,37.1,32.3,35.7,1.43,4,22,Female,High,0.9,High-Speed,Doctorate,8,8.2,1,5,65.8,50,29,57.4,4,53.86,High,False
STU14518,AI301,Spring 2025,3,45.5,47.2,46.0,1.84,4,22,Male,Low,11.7,Limited,High School,12,13.2,4,5,75.2,50,28,56.9,4,61.49,Medium,False
STU14519,DS201,Fall 2025,4,42.2,39.9,41.5,1.66,4,18,Male,Low,12.6,High-Speed,Masters,11,11.4,7,3,73.0,40,20,49.6,4,55.9,Medium,True
STU14520,CS101,Spring 2024,1,43.2,51.0,45.6,1.82,3,20,Female,Medium,3.2,Moderate,Bachelors,13,15.1,5,4,64.8,45,35,78.3,2,71.61,Medium,False
STU14521,AI301,Fall 2025,4,45.1,51.2,46.9,1.88,3,20,Female,Medium,3.4,High-Speed,Bachelors,8,7.4,4,3,76.5,50,26,51.9,5,53.25,High,False
STU14522,DS201,Spring 2025,3,63.3,66.3,64.2,2.57,4,23,Female,High,6.0,High-Speed,High School,12,13.4,9,7,69.9,40,30,74.9,3,69.43,Low,False
STU14523,DB401,Fall 2024,2,55.5,48.5,53.4,2.14,3,18,Female,High,0.2,Moderate,High School,9,10.0,8,3,67.8,45,20,43.6,2,48.86,High,False
STU14524,DB401,Fall 2025,4,58.9,54.7,57.6,2.3,4,23,Female,Medium,14.8,High-Speed,High School,11,19.7,3,14,73.8,50,33,65.6,4,64.06,Low,False
STU14525,SE501,Spring 2024,1,72.9,78.4,74.6,2.98,3,23,Male,Low,3.6,High-Speed,Doctorate,16,10.7,4,8,69.9,40,30,74.7,6,75.33,Low,False
STU14526,SE501,Spring 2025,3,51.0,50.3,50.8,2.03,3,22,Female,Medium,18.3,High-Speed,Masters,15,12.1,4,7,66.4,45,35,77.6,2,74.58,Low,False
STU14527,DS201,Spring 2024,1,71.5,74.1,72.3,2.89,4,23,Female,Medium,15.4,High-Speed,High School,13,16.4,2,11,84.0,50,39,78.8,2,75.7,Low,False
STU14528,DB401,Spring 2026,5,63.1,56.8,61.2,2.45,3,25,Female,Medium,10.3,Moderate,Doctorate,8,12.7,5,3,84.5,40,24,60.0,0,58.9,Medium,False
STU14529,AI301,Spring 2025,3,52.4,44.6,50.1,2.0,4,24,Male,Medium,3.7,Limited,Bachelors,13,26.8,3,4,65.5,40,25,61.6,2,63.4,Medium,False
STU14530,AI301,Fall 2023,0,50.1,48.7,49.7,1.99,4,23,Male,Medium,6.9,High-Speed,Masters,8,19.7,3,9,76.1,50,26,51.2,3,52.82,High,False
STU14531,CS101,Fall 2023,0,56.7,59.8,57.6,2.3,3,22,Male,Medium,5.6,High-Speed,High School,15,15.1,6,2,67.7,40,32,79.6,3,75.84,Low,False
STU14532,SE501,Fall 2024,2,49.3,42.1,47.1,1.88,3,24,Male,Medium,3.9,Moderate,High School,7,16.8,1,10,68.6,45,17,38.1,2,43.27,High,False
STU14533,DB401,Fall 2023,0,52.9,56.4,53.9,2.16,4,20,Male,Medium,17.9,Limited,Bachelors,11,3.2,5,3,65.2,40,23,57.4,6,58.24,High,False
STU14534,CS101,Spring 2026,5,45.9,48.6,46.7,1.87,4,19,Female,High,6.3,Limited,High School,13,21.2,5,9,59.4,50,24,48.8,4,55.78,High,False
STU14535,DS201,Spring 2024,1,60.5,66.0,62.2,2.49,3,21,Female,Medium,17.0,Moderate,Bachelors,14,17.6,6,9,72.1,45,31,68.4,1,69.62,Low,False
STU14536,SE501,Spring 2026,5,59.4,56.3,58.5,2.34,4,23,Male,Low,1.1,High-Speed,Bachelors,14,14.6,4,9,69.9,40,32,80.0,1,74.98,Low,False
STU14537,DB401,Spring 2026,5,63.1,70.0,65.2,2.61,4,25,Female,High,1.4,High-Speed,High School,12,17.8,1,5,68.1,40,30,73.9,3,68.57,Medium,False
STU14538,DB401,Fall 2023,0,53.7,49.5,52.4,2.1,4,24,Male,Medium,36.0,High-Speed,High School,16,18.4,3,3,87.2,45,27,60.8,4,71.84,Low,False
STU14539,DS201,Spring 2025,3,59.9,50.3,57.0,2.28,4,19,Male,Low,8.4,High-Speed,Doctorate,11,12.9,5,14,76.2,45,32,71.4,7,67.44,Medium,False
STU14540,DB401,Fall 2025,4,49.7,50.1,49.8,1.99,4,22,Male,Medium,6.8,Moderate,High School,10,16.9,5,12,76.2,50,24,48.7,1,54.59,Medium,False
STU14541,CS101,Fall 2025,4,56.9,61.0,58.1,2.32,3,19,Female,Medium,7.0,Moderate,High School,12,20.2,2,3,92.3,40,22,54.0,5,63.46,Low,False
STU14542,SE501,Spring 2026,5,63.2,59.9,62.2,2.49,3,21,Male,High,2.3,Moderate,Bachelors,14,17.3,3,8,77.7,45,35,78.7,2,75.89,Low,False
STU14543,CS101,Fall 2023,0,59.2,60.4,59.5,2.38,4,25,Male,Medium,12.0,High-Speed,Bachelors,8,13.7,5,2,96.6,40,25,63.0,6,62.82,Medium,False
STU14544,AI301,Spring 2025,3,73.1,78.4,74.7,2.99,4,19,Male,Medium,0.8,Moderate,Bachelors,10,16.5,4,3,67.9,40,25,63.5,2,60.33,High,False
STU14545,DB401,Spring 2026,5,63.4,70.5,65.5,2.62,3,25,Female,Low,8.1,High-Speed,Bachelors,8,21.9,3,4,72.3,40,25,62.6,2,57.76,High,False
STU14546,DB401,Spring 2024,1,71.3,75.3,72.5,2.9,4,24,Male,Medium,8.0,High-Speed,High School,10,18.9,1,8,84.5,50,35,70.3,4,67.05,Low,False
STU14547,DB401,Spring 2025,3,46.9,45.8,46.6,1.86,4,19,Female,High,23.3,High-Speed,High School,12,9.2,4,12,47.2,40,23,57.5,4,56.19,High,False
STU14548,DS201,Fall 2024,2,65.0,64.1,64.7,2.59,3,25,Female,High,7.1,Moderate,Bachelors,13,17.9,8,13,74.5,50,34,68.9,4,68.85,Low,False
STU14549,AI301,Spring 2024,1,74.7,72.8,74.1,2.96,3,19,Female,Low,1.4,High-Speed,Masters,15,17.3,3,9,100.0,40,27,67.8,1,76.4,Low,False
STU14550,AI301,Spring 2026,5,54.8,55.1,54.9,2.2,4,19,Female,Low,8.1,Moderate,Bachelors,14,20.8,1,5,60.6,50,41,81.7,4,73.97,Low,False
STU14551,CS101,Spring 2024,1,60.6,64.5,61.8,2.47,3,18,Male,Medium,0.9,High-Speed,High School,9,15.2,6,5,89.2,50,34,68.0,6,65.34,Medium,False
STU14552,DB401,Spring 2024,1,54.4,49.7,53.0,2.12,4,23,Male,Medium,2.2,High-Speed,High School,13,13.2,2,11,70.7,40,32,81.0,3,74.14,Low,False
STU14553,DS201,Spring 2024,1,68.6,65.7,67.7,2.71,3,22,Female,Medium,0.3,Limited,High School,10,8.2,6,2,100.0,50,29,57.3,3,63.65,Medium,False
STU14554,CS101,Spring 2024,1,41.3,44.9,42.4,1.7,3,21,Male,Medium,6.8,High-Speed,Bachelors,15,11.5,5,14,63.0,50,37,74.1,3,72.15,Medium,True
STU14555,DB401,Spring 2025,3,54.8,54.1,54.6,2.18,3,22,Female,Medium,0.8,High-Speed,High School,8,21.0,2,2,63.5,50,33,65.7,0,57.55,High,False
STU14556,AI301,Fall 2025,4,43.6,44.5,43.9,1.76,3,18,Female,High,6.0,High-Speed,High School,14,16.0,2,8,61.0,40,22,54.5,4,60.45,High,True
STU14557,DB401,Fall 2024,2,46.9,50.1,47.9,1.92,3,18,Female,Medium,25.7,Limited,Bachelors,16,14.5,5,12,74.3,45,34,75.6,1,76.66,Low,False
STU14558,DB401,Spring 2026,5,55.7,55.0,55.5,2.22,3,24,Female,Low,12.1,High-Speed,Bachelors,12,21.5,1,10,67.2,45,30,66.5,4,64.69,Medium,False
STU14559,AI301,Spring 2026,5,55.0,50.8,53.8,2.15,3,18,Other,Medium,0.8,High-Speed,Bachelors,13,20.4,3,3,65.1,40,31,77.9,3,71.47,Medium,False
STU14560,DB401,Spring 2026,5,60.2,68.4,62.7,2.51,3,23,Female,High,2.4,High-Speed,Bachelors,11,11.3,7,13,76.2,50,33,66.2,3,64.84,Medium,False
STU14561,AI301,Spring 2025,3,54.3,56.3,54.9,2.2,3,18,Male,Medium,10.6,High-Speed,Bachelors,12,21.0,2,10,79.8,40,27,66.3,2,67.11,Medium,False
STU14562,CS101,Spring 2025,3,36.2,41.0,37.7,1.51,4,19,Female,Medium,21.4,High-Speed,High School,10,6.7,6,12,47.4,45,32,72.1,1,60.53,Medium,True
STU14563,SE501,Fall 2024,2,47.1,46.0,46.8,1.87,4,22,Male,Medium,0.3,Moderate,Bachelors,10,17.3,1,8,82.8,45,17,38.1,2,50.61,Medium,False
STU14564,AI301,Spring 2024,1,45.0,46.6,45.5,1.82,3,20,Male,High,15.9,Moderate,High School,18,16.7,1,12,57.5,50,36,72.5,4,74.75,Medium,False
STU14565,CS101,Fall 2024,2,38.2,44.3,40.0,1.6,3,21,Female,Medium,7.8,High-Speed,High School,11,20.7,4,9,68.3,40,26,64.5,0,62.41,Medium,True
STU14566,DS201,Fall 2023,0,61.0,62.6,61.5,2.46,3,18,Male,Medium,7.5,Moderate,Bachelors,11,16.9,5,6,67.7,45,30,67.7,3,63.89,Low,False
STU14567,CS101,Spring 2024,1,54.9,55.1,55.0,2.2,4,22,Male,High,30.1,Moderate,Bachelors,11,13.8,4,2,76.7,40,29,72.7,3,68.19,Low,False
STU14568,AI301,Fall 2023,0,47.2,42.1,45.7,1.83,4,24,Male,High,13.1,Limited,Bachelors,11,14.2,3,9,62.6,45,26,58.3,2,58.17,Medium,False
STU14569,DB401,Fall 2025,4,43.9,33.9,40.9,1.64,3,18,Female,Medium,18.0,High-Speed,Bachelors,10,28.5,4,11,81.4,45,33,72.6,4,67.58,Medium,True
STU14570,AI301,Spring 2024,1,56.0,65.1,58.7,2.35,4,23,Female,Medium,4.2,High-Speed,Masters,16,15.4,1,4,62.4,45,39,86.0,3,79.48,Low,False
STU14571,CS101,Fall 2024,2,54.0,54.1,54.0,2.16,3,18,Female,Medium,7.7,Moderate,Bachelors,9,18.0,6,6,84.6,40,15,36.4,3,48.62,Medium,False
STU14572,CS101,Fall 2023,0,32.2,44.4,35.8,1.43,4,18,Male,Low,9.1,High-Speed,Bachelors,14,4.9,7,8,70.2,40,20,51.0,3,60.54,Medium,True
STU14573,DS201,Spring 2025,3,48.3,51.2,49.2,1.97,4,25,Female,High,3.7,High-Speed,Bachelors,9,10.9,6,8,74.1,50,25,49.5,3,53.07,Medium,False
STU14574,SE501,Fall 2023,0,50.6,47.6,49.7,1.99,3,25,Female,Medium,8.0,Moderate,High School,13,17.6,5,8,84.3,40,23,56.5,0,64.61,Medium,False
STU14575,CS101,Spring 2025,3,54.8,54.0,54.6,2.18,3,18,Male,High,2.6,High-Speed,High School,9,6.9,4,12,69.9,40,21,52.5,2,53.73,Medium,False
STU14576,CS101,Spring 2026,5,64.6,72.5,67.0,2.68,4,24,Male,Low,1.5,High-Speed,Bachelors,14,17.7,3,14,98.3,45,33,72.7,6,77.01,Low,False
STU14577,AI301,Fall 2023,0,58.7,65.8,60.8,2.43,3,25,Male,Medium,4.4,High-Speed,High School,13,11.4,4,12,69.7,50,34,67.6,1,67.24,Low,False
STU14578,DS201,Fall 2024,2,53.6,58.2,55.0,2.2,4,18,Female,Low,12.8,Moderate,Bachelors,12,9.8,4,3,74.6,50,23,46.8,1,56.32,Medium,False
STU14579,DS201,Spring 2026,5,53.8,46.3,51.6,2.06,3,21,Female,Medium,23.6,High-Speed,Bachelors,10,11.4,3,3,91.4,40,20,49.9,3,58.23,Medium,False
STU14580,DB401,Spring 2026,5,59.9,52.2,57.6,2.3,4,22,Female,Medium,5.8,Moderate,Doctorate,10,22.6,2,4,78.0,40,25,61.9,1,61.55,Medium,False
STU14581,CS101,Spring 2025,3,57.9,64.3,59.8,2.39,4,25,Male,Medium,9.8,Moderate,Masters,13,16.7,2,7,82.8,40,27,67.0,3,69.56,Medium,False
STU14582,CS101,Fall 2025,4,51.3,54.4,52.2,2.09,3,25,Female,Low,1.0,High-Speed,High School,10,10.4,1,13,67.7,40,22,53.8,0,55.44,High,False
STU14583,SE501,Spring 2026,5,37.2,45.1,39.6,1.58,4,23,Female,Low,22.3,High-Speed,Bachelors,9,18.9,3,11,47.6,40,26,64.5,6,55.27,Medium,False
STU14584,AI301,Spring 2026,5,41.3,41.0,41.2,1.65,3,18,Female,Low,8.0,High-Speed,High School,7,19.1,3,3,64.9,50,29,57.3,2,52.13,High,False
STU14585,CS101,Spring 2024,1,48.8,44.0,47.3,1.89,4,18,Female,Low,14.4,Moderate,High School,16,13.1,1,14,71.6,50,37,73.6,2,75.12,Low,False
STU14586,SE501,Fall 2023,0,54.8,56.4,55.3,2.21,4,18,Male,Medium,15.0,High-Speed,Bachelors,12,19.8,3,8,63.1,50,34,68.6,2,64.92,High,False
STU14587,DS201,Fall 2025,4,53.5,55.8,54.2,2.17,3,18,Male,Medium,2.8,Limited,High School,7,20.0,2,14,72.7,45,17,36.8,1,43.44,High,False
STU14588,AI301,Fall 2024,2,58.7,54.8,57.5,2.3,3,25,Female,Medium,7.2,High-Speed,High School,13,19.3,5,10,54.1,45,33,73.4,2,67.02,Low,False
STU14589,CS101,Fall 2024,2,56.8,50.6,55.0,2.2,4,19,Female,Medium,30.7,High-Speed,Masters,11,11.6,7,10,73.0,40,30,73.9,3,68.05,Medium,False
STU14590,CS101,Fall 2023,0,50.3,53.7,51.3,2.05,4,19,Female,Low,0.9,High-Speed,Masters,10,9.1,4,3,63.3,45,30,65.8,3,60.56,Medium,False
STU14591,AI301,Fall 2023,0,64.8,60.6,63.6,2.54,4,20,Male,Low,10.9,Moderate,Bachelors,21,6.5,6,9,52.4,50,47,93.3,5,87.13,Low,False
STU14592,SE501,Fall 2023,0,66.9,77.0,69.9,2.8,4,18,Female,Low,31.1,High-Speed,Masters,13,11.7,3,9,73.4,40,27,67.5,1,67.93,Low,False
STU14593,DS201,Spring 2025,3,36.7,44.9,39.1,1.56,4,20,Male,High,3.4,High-Speed,Bachelors,15,13.2,2,9,72.3,45,28,62.5,1,68.21,Medium,True
STU14594,SE501,Fall 2023,0,55.9,59.8,57.1,2.28,4,21,Male,Medium,18.8,Moderate,High School,15,13.6,4,3,68.2,50,41,81.7,4,76.99,Low,False
STU14595,DB401,Fall 2024,2,47.6,56.1,50.2,2.01,4,20,Female,Low,25.8,High-Speed,Bachelors,11,14.8,6,4,60.8,40,22,55.2,1,56.26,High,False
STU14596,CS101,Spring 2025,3,58.1,61.0,59.0,2.36,3,22,Female,Low,13.1,High-Speed,Bachelors,16,23.7,4,5,59.6,40,35,86.4,1,79.12,Low,False
STU14597,DB401,Spring 2025,3,63.2,62.1,62.9,2.52,3,19,Male,High,2.5,Moderate,High School,12,13.3,3,12,89.8,50,35,69.7,10,70.81,Low,True
STU14598,AI301,Fall 2025,4,78.1,86.2,80.5,3.22,3,19,Male,Medium,3.9,Moderate,Masters,12,14.8,4,7,80.4,50,38,76.7,2,72.43,Low,False
STU14599,CS101,Fall 2023,0,36.3,39.0,37.1,1.48,4,18,Male,Medium,0.3,High-Speed,Bachelors,8,5.9,5,3,65.1,45,19,42.5,7,46.27,Medium,False
STU14600,CS101,Fall 2023,0,42.7,40.7,42.1,1.68,3,25,Male,Medium,16.9,High-Speed,High School,7,26.1,2,6,65.4,50,27,53.8,4,50.48,High,False
STU14601,AI301,Spring 2026,5,37.4,32.4,35.9,1.44,3,18,Female,Low,18.0,Moderate,High School,12,8.4,2,10,59.4,50,27,53.3,5,56.53,Medium,True
STU14602,DB401,Spring 2026,5,38.0,34.6,37.0,1.48,4,21,Female,High,9.5,High-Speed,High School,12,11.5,8,7,70.3,50,28,56.4,1,60.26,High,True
STU14603,SE501,Spring 2026,5,54.6,60.4,56.3,2.25,3,23,Male,Medium,4.1,Moderate,Masters,8,18.5,2,13,86.9,40,25,62.9,3,60.83,Medium,False
STU14604,DB401,Spring 2024,1,53.5,53.1,53.4,2.14,3,21,Female,Medium,0.8,High-Speed,Bachelors,11,16.2,3,14,77.8,50,38,75.0,11,69.56,Medium,True
STU14605,DS201,Fall 2023,0,51.8,60.8,54.5,2.18,3,22,Female,High,13.3,High-Speed,Bachelors,7,23.2,4,9,82.8,50,26,52.7,1,53.41,High,False
STU14606,DB401,Spring 2025,3,51.6,54.8,52.5,2.1,4,18,Female,Medium,12.3,High-Speed,Bachelors,3,18.6,2,3,57.8,40,21,53.7,3,42.91,High,False
STU14607,SE501,Fall 2025,4,53.1,57.2,54.3,2.17,3,18,Male,Low,23.2,High-Speed,Bachelors,15,14.6,5,5,65.0,40,33,81.5,0,76.25,Low,False
STU14608,DS201,Spring 2025,3,55.3,52.1,54.3,2.17,4,21,Female,Medium,12.5,Moderate,Bachelors,5,20.2,3,7,75.5,40,18,46.0,1,45.6,High,False
STU14609,AI301,Spring 2024,1,48.8,46.5,48.1,1.92,3,21,Male,Low,16.8,High-Speed,Bachelors,11,20.8,4,5,45.2,40,23,58.1,2,54.59,Medium,False
STU14610,CS101,Spring 2025,3,48.6,41.7,46.5,1.86,4,21,Male,Low,13.0,High-Speed,Masters,14,11.7,3,10,64.3,40,24,59.1,1,63.41,Medium,False
STU14611,DS201,Fall 2023,0,59.3,55.5,58.2,2.33,4,19,Male,Medium,9.5,Limited,Doctorate,19,19.8,3,13,61.8,50,38,76.5,5,79.11,Low,False
STU14612,DS201,Fall 2023,0,65.8,63.0,65.0,2.6,3,20,Male,Low,5.3,High-Speed,Doctorate,11,13.9,1,3,87.9,50,30,60.0,3,64.08,Medium,False
STU14613,DS201,Spring 2026,5,60.2,59.3,59.9,2.4,3,20,Male,High,22.1,Moderate,Bachelors,12,14.5,5,8,82.4,45,34,75.3,1,72.13,Medium,False
STU14614,CS101,Fall 2025,4,56.2,66.1,59.2,2.37,4,18,Male,High,10.0,Limited,Masters,9,15.7,3,10,77.8,50,34,67.0,5,62.56,High,False
STU14615,SE501,Spring 2025,3,59.9,57.1,59.0,2.36,4,19,Male,Low,4.8,Limited,Bachelors,13,13.1,3,3,71.5,40,28,70.8,5,69.2,Medium,False
STU14616,DS201,Spring 2024,1,62.1,68.7,64.1,2.56,4,21,Female,Medium,0.8,Moderate,Masters,12,12.8,5,13,78.6,50,34,67.5,5,67.47,Medium,False
STU14617,AI301,Fall 2023,0,49.4,43.9,47.7,1.91,4,18,Female,High,3.3,High-Speed,Masters,7,19.9,5,7,68.9,50,28,55.7,4,52.13,High,False
STU14618,SE501,Spring 2025,3,63.5,60.8,62.7,2.51,4,19,Male,Medium,7.5,Limited,Masters,14,7.4,3,3,83.3,45,27,60.5,3,67.91,Medium,False
STU14619,AI301,Fall 2024,2,49.8,50.9,50.1,2.0,3,22,Female,Medium,3.1,Moderate,Masters,15,9.7,2,6,61.2,40,27,66.9,3,68.19,Medium,False
STU14620,CS101,Fall 2025,4,57.9,62.9,59.4,2.38,4,23,Female,Medium,2.4,Moderate,Bachelors,11,18.4,3,13,59.2,50,37,74.6,3,65.64,Low,False
STU14621,AI301,Fall 2023,0,69.6,69.7,69.6,2.78,4,19,Female,Medium,7.1,High-Speed,High School,20,14.6,1,12,71.2,45,43,95.1,3,91.79,Low,False
STU14622,DB401,Fall 2025,4,57.9,57.0,57.6,2.3,4,24,Male,Medium,1.8,Limited,High School,18,20.0,5,9,75.1,50,41,82.2,5,83.12,Low,False
STU14623,DB401,Fall 2024,2,61.0,64.8,62.1,2.48,4,18,Female,High,15.3,Moderate,Bachelors,7,16.8,4,4,86.3,50,19,38.8,3,47.16,High,False
STU14624,CS101,Fall 2025,4,65.6,66.6,65.9,2.64,3,25,Female,Medium,6.3,Moderate,High School,16,8.3,4,6,62.1,50,42,83.2,1,78.02,Low,False
STU14625,SE501,Spring 2024,1,43.3,36.1,41.2,1.65,4,20,Female,High,8.1,High-Speed,Bachelors,11,15.3,7,4,71.5,45,26,57.8,2,59.7,Medium,True
STU14626,CS101,Spring 2025,3,60.8,68.6,63.1,2.52,4,24,Male,Low,1.5,High-Speed,Bachelors,12,17.7,1,4,73.5,50,33,65.1,2,65.25,Low,False
STU14627,SE501,Spring 2025,3,48.0,49.8,48.6,1.94,3,21,Female,High,3.7,Limited,Bachelors,14,16.2,3,2,64.0,50,31,62.5,6,65.05,Medium,False
STU14628,DB401,Spring 2024,1,53.5,54.5,53.8,2.15,4,23,Female,Medium,5.0,High-Speed,Masters,6,12.7,6,3,78.8,45,18,39.5,3,44.51,High,False
STU14629,DB401,Spring 2026,5,64.8,65.9,65.1,2.6,3,25,Female,Medium,15.7,High-Speed,Bachelors,16,13.6,2,8,59.9,40,32,80.5,5,76.23,Low,False
STU14630,DB401,Spring 2024,1,58.5,51.5,56.4,2.26,3,22,Male,Medium,14.0,Moderate,Bachelors,11,12.2,4,5,70.5,40,26,64.9,1,63.05,Medium,False
STU14631,DS201,Spring 2026,5,70.3,62.9,68.1,2.72,3,25,Male,Low,2.4,High-Speed,Bachelors,16,8.4,4,12,76.7,50,38,75.4,4,77.04,Low,False
STU14632,DB401,Fall 2024,2,50.6,59.7,53.3,2.13,4,23,Female,Low,9.1,High-Speed,Masters,7,7.7,1,13,76.7,45,17,38.4,2,45.04,Medium,False
STU14633,AI301,Fall 2025,4,48.5,46.9,48.0,1.92,4,25,Female,Low,2.7,High-Speed,High School,9,17.0,4,14,74.7,50,27,54.8,2,55.84,Medium,False
STU14634,CS101,Spring 2025,3,34.7,34.3,34.6,1.38,3,23,Male,Low,42.2,High-Speed,High School,11,10.6,4,12,57.8,50,35,70.9,6,63.51,Medium,True
STU14635,SE501,Spring 2026,5,54.0,52.5,53.5,2.14,3,19,Female,Medium,28.9,High-Speed,Masters,14,17.9,3,2,84.8,45,33,73.3,4,74.61,Low,False
STU14636,DB401,Spring 2026,5,54.0,55.1,54.3,2.17,3,18,Male,Medium,7.9,High-Speed,Bachelors,13,12.0,7,5,71.5,40,30,75.4,2,71.5,Low,False
STU14637,CS101,Fall 2024,2,47.2,44.0,46.2,1.85,4,25,Female,Medium,11.4,High-Speed,Bachelors,11,8.4,6,14,53.6,45,25,54.7,2,54.57,High,False
STU14638,DS201,Fall 2024,2,50.3,48.3,49.7,1.99,3,25,Female,Low,15.4,Moderate,Bachelors,18,13.0,3,10,58.1,45,42,93.1,1,85.17,Low,False
STU14639,DB401,Spring 2024,1,44.9,44.1,44.7,1.79,3,18,Female,High,12.1,Limited,High School,15,25.5,1,9,55.3,50,42,84.8,1,75.96,Low,True
STU14640,CS101,Fall 2023,0,52.4,54.6,53.0,2.12,3,23,Female,Medium,11.4,High-Speed,Bachelors,14,14.5,7,7,58.8,45,36,81.0,2,73.26,Low,False
STU14641,SE501,Spring 2024,1,47.0,50.1,47.9,1.92,4,21,Male,High,30.2,High-Speed,High School,9,18.2,5,7,69.2,45,25,54.8,1,54.74,High,False
STU14642,DB401,Fall 2024,2,39.4,39.3,39.4,1.58,4,18,Female,Medium,8.6,High-Speed,Bachelors,9,15.8,6,3,43.6,50,27,53.4,4,48.92,High,False
STU14643,AI301,Spring 2025,3,73.7,64.7,71.0,2.84,3,23,Male,Low,9.6,Moderate,Bachelors,12,8.0,5,6,81.8,45,35,77.5,4,73.11,Low,False
STU14644,DB401,Fall 2023,0,51.6,56.4,53.0,2.12,4,18,Female,Medium,18.0,Limited,Bachelors,13,22.2,4,10,87.1,45,24,52.4,5,63.12,Medium,False
STU14645,CS101,Fall 2023,0,61.1,64.3,62.1,2.48,4,21,Female,Medium,10.5,High-Speed,Bachelors,16,13.8,5,9,84.8,45,32,71.4,0,76.66,Medium,False
STU14646,DS201,Fall 2025,4,52.5,45.7,50.5,2.02,4,22,Female,Low,12.5,High-Speed,Doctorate,12,8.4,12,5,56.6,40,23,57.7,3,58.17,Medium,False
STU14647,DB401,Spring 2026,5,50.3,49.9,50.2,2.01,4,24,Male,Low,2.5,Moderate,Bachelors,11,12.4,1,8,79.3,45,29,65.2,3,64.96,Medium,False
STU14648,AI301,Fall 2024,2,74.3,72.7,73.8,2.95,4,23,Female,Low,4.4,Moderate,Masters,15,14.0,1,10,84.5,45,35,78.5,5,78.65,Low,False
STU14649,DS201,Spring 2024,1,56.5,62.2,58.2,2.33,4,20,Male,Low,1.5,High-Speed,Bachelors,10,18.7,5,6,96.2,45,29,65.4,3,66.94,Low,False
STU14650,AI301,Fall 2025,4,42.2,45.5,43.2,1.73,4,20,Male,Medium,6.7,Moderate,Bachelors,11,11.6,0,3,56.3,50,29,58.4,1,56.96,High,True
STU14651,DS201,Spring 2025,3,60.7,54.8,58.9,2.36,3,23,Female,Medium,5.8,Moderate,High School,20,28.1,5,3,80.6,50,43,86.0,2,89.12,Low,False
STU14652,DB401,Spring 2025,3,68.7,78.9,71.7,2.87,3,19,Male,Low,55.7,Limited,High School,12,10.3,4,9,68.1,50,36,72.8,4,68.02,Low,False
STU14653,CS101,Fall 2024,2,59.8,59.7,59.8,2.39,4,22,Female,Medium,9.0,High-Speed,Bachelors,11,18.1,3,9,77.7,50,35,69.9,2,66.99,Medium,False
STU14654,DS201,Fall 2023,0,47.3,51.0,48.4,1.94,3,19,Male,Medium,14.7,Limited,High School,9,5.1,4,9,65.7,40,23,56.7,3,54.99,Medium,False
STU14655,DS201,Fall 2025,4,44.6,43.8,44.4,1.78,3,24,Male,Low,3.9,High-Speed,Bachelors,13,14.4,2,6,76.3,50,30,59.4,2,64.46,Low,True
STU14656,SE501,Spring 2025,3,77.5,73.3,76.3,3.05,4,20,Female,Low,16.9,Moderate,Bachelors,14,16.8,3,13,96.0,50,38,75.0,2,77.7,Low,False
STU14657,DB401,Spring 2026,5,58.9,56.4,58.1,2.32,3,21,Female,Low,9.1,High-Speed,Masters,18,9.4,3,3,62.1,45,31,69.2,3,74.02,Low,False
STU14658,DB401,Spring 2024,1,54.0,44.8,51.2,2.05,3,23,Male,Medium,11.3,High-Speed,Doctorate,18,22.5,3,12,56.4,45,42,92.4,0,84.48,Low,False
STU14659,AI301,Spring 2026,5,51.3,41.7,48.4,1.94,4,24,Female,Low,3.3,Moderate,High School,7,17.2,5,12,64.0,50,32,64.2,3,55.4,High,False
STU14660,CS101,Fall 2024,2,54.6,53.3,54.2,2.17,4,25,Female,Medium,7.6,High-Speed,High School,9,13.4,3,11,78.9,50,25,50.2,7,54.38,High,False
STU14661,CS101,Spring 2024,1,61.3,58.0,60.3,2.41,3,25,Female,Medium,9.5,High-Speed,Bachelors,18,17.1,0,13,78.5,45,31,68.6,1,77.0,Low,False
STU14662,DB401,Fall 2023,0,39.3,37.8,38.8,1.55,3,18,Male,Medium,8.4,High-Speed,High School,10,12.0,6,13,49.3,50,29,58.9,4,54.31,High,True
STU14663,SE501,Spring 2024,1,66.8,62.2,65.4,2.62,4,20,Female,Low,23.4,High-Speed,High School,10,21.3,2,9,69.4,40,27,67.6,5,62.68,Medium,False
STU14664,CS101,Fall 2025,4,57.7,69.1,61.1,2.44,3,22,Female,Medium,21.7,High-Speed,Masters,11,20.1,3,13,78.8,45,32,70.2,3,67.36,Low,False
STU14665,AI301,Spring 2026,5,48.5,50.2,49.0,1.96,3,20,Female,Medium,33.6,Limited,Doctorate,15,16.9,8,5,75.6,50,25,49.6,2,62.42,Medium,False
STU14666,DB401,Fall 2024,2,64.6,64.8,64.7,2.59,3,22,Male,High,10.5,High-Speed,Bachelors,10,18.1,2,13,75.3,45,30,66.9,3,63.51,Medium,False
STU14667,SE501,Spring 2025,3,66.0,72.6,68.0,2.72,3,22,Female,Medium,33.9,High-Speed,Bachelors,11,7.6,3,10,88.3,50,31,62.2,0,65.26,Low,False
STU14668,CS101,Fall 2025,4,63.9,74.8,67.2,2.69,3,23,Female,Medium,17.0,High-Speed,Bachelors,12,22.3,4,11,69.3,40,29,72.5,1,68.11,Low,False
STU14669,SE501,Fall 2024,2,67.5,61.1,65.6,2.62,4,22,Female,Medium,3.0,High-Speed,Bachelors,13,14.5,2,14,76.6,40,22,54.6,2,62.12,Medium,False
STU14670,DS201,Spring 2025,3,50.3,52.1,50.8,2.03,4,19,Male,Medium,5.3,High-Speed,Bachelors,13,20.1,2,7,60.0,40,32,79.3,3,71.15,Low,False
STU14671,SE501,Spring 2024,1,67.2,65.2,66.6,2.66,4,25,Female,High,2.6,High-Speed,Bachelors,12,18.7,5,12,89.7,45,34,75.4,1,73.64,Low,False
STU14672,DS201,Spring 2025,3,47.1,50.0,48.0,1.92,3,24,Female,Low,0.0,High-Speed,High School,12,20.0,2,11,57.4,50,38,76.5,2,67.73,Low,False
STU14673,AI301,Spring 2026,5,48.6,49.5,48.9,1.96,3,21,Male,High,2.0,High-Speed,Masters,14,9.8,6,8,65.2,45,30,67.0,2,67.54,Medium,False
STU14674,CS101,Fall 2023,0,48.1,43.9,46.9,1.88,4,20,Male,Medium,0.0,Moderate,Bachelors,20,10.4,4,4,72.3,45,29,64.1,4,76.51,Medium,False
STU14675,DS201,Spring 2025,3,64.1,69.1,65.6,2.62,3,21,Female,Medium,12.1,Moderate,Bachelors,22,26.2,4,3,66.8,45,43,95.3,6,91.01,Low,False
STU14676,DS201,Spring 2025,3,70.7,70.4,70.6,2.82,4,24,Male,Low,5.3,High-Speed,Masters,16,7.4,4,3,77.7,40,33,83.0,1,81.04,Low,False
STU14677,DB401,Fall 2024,2,43.0,44.8,43.5,1.74,4,18,Female,Medium,3.6,High-Speed,High School,9,9.5,5,4,54.8,40,24,59.9,1,54.41,Medium,False
STU14678,CS101,Fall 2024,2,44.6,48.9,45.9,1.84,4,24,Female,Medium,13.6,Moderate,High School,8,15.2,2,8,50.3,50,29,58.3,2,51.21,High,False
STU14679,CS101,Fall 2025,4,45.1,49.3,46.4,1.86,4,20,Female,Low,17.0,High-Speed,Masters,11,15.2,4,9,60.8,40,28,69.9,2,63.61,Low,False
STU14680,DS201,Spring 2026,5,44.7,42.0,43.9,1.76,4,25,Male,Low,35.2,Limited,Doctorate,4,12.3,2,5,85.7,50,20,40.9,1,43.59,High,False
STU14681,DS201,Fall 2025,4,41.7,40.3,41.3,1.65,4,21,Male,High,9.8,High-Speed,Bachelors,15,18.1,4,4,49.0,50,41,82.9,3,73.75,Low,True
STU14682,DB401,Spring 2026,5,54.4,52.8,53.9,2.16,3,21,Female,Medium,5.9,High-Speed,High School,9,19.5,1,12,77.8,40,26,65.4,4,61.76,Low,False
STU14683,DS201,Spring 2026,5,59.9,54.2,58.2,2.33,4,23,Male,Medium,3.5,Moderate,Bachelors,12,14.9,3,8,83.5,40,28,69.4,8,69.4,Low,True
STU14684,AI301,Spring 2026,5,51.8,51.2,51.6,2.06,4,23,Female,Low,2.4,Moderate,High School,10,13.7,2,4,74.0,40,23,56.5,6,58.05,Medium,False
STU14685,DB401,Fall 2024,2,42.1,44.5,42.8,1.71,3,24,Male,Medium,2.3,High-Speed,Bachelors,14,14.9,6,9,60.5,50,30,60.1,1,63.15,Medium,True
STU14686,DB401,Fall 2025,4,54.1,49.2,52.6,2.1,4,24,Male,Medium,5.0,High-Speed,High School,9,12.5,6,5,63.1,45,30,66.0,5,59.12,Medium,False
STU14687,DS201,Fall 2024,2,56.5,57.0,56.6,2.26,4,18,Male,Medium,45.6,High-Speed,Masters,8,6.5,9,9,84.7,50,30,60.8,2,59.34,Medium,False
STU14688,SE501,Spring 2025,3,54.3,59.0,55.7,2.23,3,22,Female,Medium,0.0,Limited,Bachelors,15,16.5,6,3,71.2,50,41,81.4,2,77.44,Low,False
STU14689,DS201,Fall 2023,0,63.7,69.1,65.3,2.61,4,20,Female,Medium,2.1,Moderate,Masters,15,18.8,4,14,73.6,45,38,83.5,3,78.97,Low,False
STU14690,DS201,Spring 2024,1,58.7,50.1,56.1,2.24,4,23,Male,Medium,2.0,High-Speed,High School,18,14.2,3,9,70.6,50,37,74.9,3,78.57,Low,False
STU14691,DS201,Fall 2025,4,54.1,41.1,50.2,2.01,3,20,Male,Low,12.0,High-Speed,High School,17,3.7,9,9,74.0,50,32,64.0,1,72.3,Medium,False
STU14692,AI301,Fall 2023,0,60.0,59.3,59.8,2.39,3,18,Male,High,4.1,High-Speed,Masters,7,12.1,5,14,73.5,40,22,54.6,2,52.5,Medium,False
STU14693,SE501,Spring 2025,3,55.5,53.4,54.9,2.2,4,23,Female,Medium,5.8,High-Speed,High School,8,19.5,7,11,83.2,40,19,48.0,2,52.64,High,False
STU14694,SE501,Spring 2026,5,84.0,77.7,82.1,3.28,3,23,Male,Medium,1.5,High-Speed,Bachelors,20,7.8,3,4,65.3,45,41,92.0,0,89.06,Low,False
STU14695,DB401,Spring 2025,3,45.2,43.8,44.8,1.79,3,22,Female,Medium,4.9,Moderate,High School,13,18.5,4,3,60.3,40,25,61.5,2,62.31,Medium,True
STU14696,AI301,Fall 2025,4,59.5,56.2,58.5,2.34,4,20,Female,High,1.0,High-Speed,Bachelors,12,12.8,6,8,71.9,40,30,75.4,2,70.08,Low,False
STU14697,CS101,Spring 2024,1,42.4,38.2,41.1,1.64,3,25,Female,Low,7.2,High-Speed,High School,9,14.9,1,10,70.6,40,23,58.5,2,56.87,Low,False
STU14698,CS101,Spring 2026,5,57.7,53.7,56.5,2.26,4,20,Male,Low,1.0,Moderate,Bachelors,17,11.6,5,11,72.1,45,37,82.1,2,80.97,Low,False
STU14699,AI301,Fall 2023,0,48.7,48.8,48.7,1.95,3,20,Other,Medium,14.8,High-Speed,Bachelors,7,9.3,7,2,95.3,45,29,64.4,4,61.76,Low,False
STU14700,DS201,Fall 2024,2,55.0,43.8,51.6,2.06,3,22,Male,Medium,7.9,High-Speed,Bachelors,13,22.2,3,14,63.9,40,26,64.0,3,64.28,Low,False
STU14701,CS101,Fall 2025,4,62.6,61.8,62.4,2.5,4,23,Male,Medium,12.2,High-Speed,High School,13,19.1,1,6,81.9,50,28,55.7,0,63.73,High,False
STU14702,DS201,Fall 2025,4,39.4,53.8,43.7,1.75,3,18,Female,Low,5.2,High-Speed,Bachelors,6,18.2,8,14,67.7,45,16,36.5,1,40.79,High,False
STU14703,AI301,Spring 2024,1,43.1,47.2,44.3,1.77,3,20,Female,Medium,4.6,Moderate,Bachelors,12,19.5,7,4,80.0,45,27,60.9,3,64.45,Low,True
STU14704,DS201,Spring 2025,3,71.1,68.9,70.4,2.82,4,21,Male,Low,1.0,Moderate,High School,10,17.5,1,10,73.7,50,31,61.2,4,60.34,Medium,False
STU14705,AI301,Fall 2023,0,55.5,60.9,57.1,2.28,4,25,Male,Low,7.0,High-Speed,Bachelors,15,19.7,3,9,77.4,50,35,70.2,3,73.08,Low,False
STU14706,DB401,Fall 2025,4,59.9,67.1,62.1,2.48,4,25,Female,High,6.9,High-Speed,Masters,17,11.7,8,10,79.2,40,32,80.3,2,81.49,Low,False
STU14707,CS101,Fall 2023,0,61.1,62.6,61.6,2.46,3,22,Male,Medium,6.0,High-Speed,High School,10,21.9,5,10,64.1,50,37,73.5,1,64.57,High,False
STU14708,DS201,Fall 2025,4,40.3,34.4,38.5,1.54,3,19,Female,Medium,12.8,High-Speed,Bachelors,13,21.4,3,11,43.4,50,38,77.0,3,66.68,Medium,True
STU14709,DB401,Fall 2025,4,58.0,54.0,56.8,2.27,3,18,Female,Low,17.0,High-Speed,Bachelors,14,16.9,1,4,82.8,50,38,76.8,6,75.96,Low,False
STU14710,CS101,Fall 2023,0,41.9,37.5,40.6,1.62,3,21,Male,Medium,13.2,High-Speed,High School,8,13.6,6,8,43.1,40,19,48.2,5,44.72,High,False
STU14711,AI301,Spring 2026,5,65.5,57.5,63.1,2.52,4,20,Male,Medium,1.5,High-Speed,High School,16,8.9,4,6,64.0,40,30,74.0,2,73.8,Medium,False
STU14712,AI301,Fall 2023,0,47.5,52.6,49.0,1.96,4,19,Male,High,9.2,High-Speed,Bachelors,11,16.1,5,7,59.8,40,26,64.2,2,60.56,Medium,False
STU14713,AI301,Fall 2024,2,40.0,50.5,43.2,1.73,3,18,Female,High,0.8,Moderate,Bachelors,5,23.4,7,9,82.5,40,18,46.1,6,47.05,High,False
STU14714,CS101,Spring 2026,5,75.3,75.5,75.4,3.02,3,22,Female,Medium,11.3,Moderate,High School,16,9.2,5,11,91.6,45,35,78.0,3,81.32,Low,False
STU14715,DB401,Fall 2024,2,35.9,32.4,34.9,1.4,3,19,Male,Medium,4.6,Limited,Masters,16,20.1,5,12,72.9,40,26,63.9,1,70.53,Medium,True
STU14716,AI301,Fall 2023,0,52.1,55.5,53.1,2.12,4,23,Female,Medium,1.4,High-Speed,Bachelors,7,12.6,4,9,66.7,40,21,53.7,2,50.69,Medium,False
STU14717,SE501,Fall 2023,0,39.4,45.2,41.1,1.64,4,24,Other,Medium,18.8,Moderate,High School,8,13.1,2,8,62.9,50,31,62.4,6,55.78,Medium,False
STU14718,DB401,Spring 2025,3,50.6,47.1,49.5,1.98,4,19,Male,Low,9.0,Moderate,Bachelors,8,9.1,2,14,76.2,40,23,57.6,3,56.04,Medium,False
STU14719,AI301,Spring 2026,5,50.8,52.2,51.2,2.05,4,24,Female,Medium,4.2,Limited,Doctorate,13,11.2,4,2,55.1,40,26,65.9,3,63.47,High,False
STU14720,DB401,Spring 2025,3,36.0,30.0,34.2,1.37,3,25,Male,Low,0.3,High-Speed,High School,8,18.2,3,2,51.3,50,29,58.2,5,51.36,High,False
STU14721,AI301,Fall 2023,0,45.8,46.5,46.0,1.84,3,21,Male,Low,7.3,Moderate,Bachelors,12,18.9,4,7,61.6,40,25,62.1,4,61.37,Medium,False
STU14722,CS101,Spring 2025,3,39.7,34.7,38.2,1.53,3,18,Male,Low,24.4,High-Speed,Bachelors,8,16.2,4,10,66.4,50,21,41.8,6,46.18,High,False
STU14723,SE501,Fall 2025,4,45.2,46.7,45.7,1.83,3,21,Male,Medium,8.6,Moderate,High School,12,12.5,2,9,45.9,45,31,69.6,4,61.98,Medium,False
STU14724,DS201,Fall 2024,2,69.6,66.8,68.7,2.75,3,21,Male,Medium,33.8,High-Speed,High School,13,9.5,4,13,92.1,50,39,78.5,2,77.17,Low,False
STU14725,AI301,Spring 2024,1,54.9,54.9,54.9,2.2,3,20,Male,Medium,1.4,Moderate,High School,15,15.3,9,2,64.0,50,37,73.2,0,71.9,Medium,False
STU14726,CS101,Spring 2026,5,46.4,57.2,49.6,1.98,3,22,Female,Medium,8.0,Moderate,High School,6,13.2,3,9,60.5,45,25,55.0,3,48.6,Medium,False
STU14727,DB401,Spring 2026,5,68.6,69.1,68.8,2.75,4,19,Female,Low,15.2,High-Speed,High School,13,16.1,5,6,80.7,50,35,69.4,5,70.34,Low,False
STU14728,AI301,Spring 2026,5,58.8,61.2,59.5,2.38,4,18,Female,Medium,7.1,High-Speed,Masters,11,13.4,4,3,54.9,50,32,63.4,3,59.18,Medium,False
STU14729,DS201,Fall 2025,4,56.3,55.4,56.0,2.24,3,25,Male,Low,0.9,High-Speed,Doctorate,13,13.5,8,8,67.1,45,29,64.2,3,65.02,Medium,False
STU14730,SE501,Spring 2026,5,66.9,58.1,64.3,2.57,4,23,Male,Medium,8.3,High-Speed,High School,16,15.8,3,3,74.6,50,44,87.0,3,82.42,Low,False
STU14731,DS201,Spring 2024,1,42.9,39.8,42.0,1.68,4,22,Male,High,9.0,High-Speed,Bachelors,14,16.8,5,13,60.3,45,35,77.7,3,71.91,Medium,True
STU14732,SE501,Fall 2024,2,35.0,32.3,34.2,1.37,3,22,Female,Low,12.4,High-Speed,High School,9,21.1,3,5,70.3,45,29,64.9,2,60.01,Medium,False
STU14733,DS201,Fall 2025,4,55.2,58.1,56.1,2.24,4,18,Female,Low,13.6,Moderate,High School,12,13.3,1,14,77.9,45,30,67.0,2,67.08,Medium,False
STU14734,DB401,Fall 2023,0,64.0,65.9,64.6,2.58,3,22,Male,Medium,14.0,High-Speed,High School,9,17.7,0,12,65.9,40,25,63.4,5,58.38,Medium,False
STU14735,SE501,Fall 2024,2,66.8,68.4,67.3,2.69,4,20,Male,High,10.3,Moderate,High School,15,24.0,8,13,95.2,45,35,76.8,4,79.94,Medium,False
STU14736,AI301,Fall 2025,4,57.8,62.3,59.2,2.37,4,22,Female,Medium,2.3,Moderate,Masters,9,17.9,2,5,69.4,50,30,60.9,2,57.83,Medium,False
STU14737,DB401,Fall 2023,0,51.1,45.4,49.4,1.98,4,25,Male,High,4.9,Limited,High School,18,20.8,2,6,71.7,40,24,60.2,6,71.44,Low,False
STU14738,DB401,Fall 2024,2,50.7,60.9,53.7,2.15,4,25,Male,Medium,14.2,Moderate,Bachelors,10,11.9,3,7,69.8,50,27,53.7,3,55.81,High,False
STU14739,CS101,Fall 2024,2,51.6,43.2,49.1,1.96,4,20,Female,High,29.1,High-Speed,High School,10,11.4,9,3,71.8,45,31,70.0,3,64.36,Low,False
STU14740,DB401,Fall 2023,0,67.1,60.5,65.1,2.6,4,19,Female,Low,0.8,Moderate,High School,17,14.2,2,9,65.5,40,35,87.2,0,82.2,Low,False
STU14741,AI301,Fall 2025,4,62.6,64.5,63.2,2.53,3,19,Male,Low,7.3,High-Speed,Masters,14,14.7,2,14,86.5,50,35,69.6,4,73.1,Low,False
STU14742,SE501,Fall 2023,0,57.2,51.8,55.6,2.22,3,21,Male,High,3.6,Limited,High School,12,20.4,3,10,88.3,40,28,70.4,2,70.86,Low,False
STU14743,DS201,Fall 2023,0,52.2,52.4,52.2,2.09,4,25,Other,High,2.4,Moderate,Doctorate,20,11.4,2,4,79.0,40,33,83.1,4,87.35,Low,False
STU14744,DS201,Spring 2026,5,60.9,57.3,59.8,2.39,4,20,Male,Low,6.7,Moderate,High School,12,14.6,4,8,72.2,45,29,64.7,2,64.79,Low,False
STU14745,CS101,Spring 2026,5,56.4,58.9,57.1,2.28,3,23,Male,Low,8.9,High-Speed,Bachelors,14,20.4,2,5,66.3,40,27,67.2,1,67.86,Medium,False
STU14746,DS201,Fall 2023,0,47.2,47.0,47.1,1.88,4,19,Male,Low,0.1,High-Speed,Doctorate,9,16.1,2,12,66.5,50,24,47.4,4,50.5,High,False
STU14747,CS101,Spring 2025,3,65.1,62.2,64.2,2.57,3,22,Male,Low,14.4,Moderate,High School,14,14.9,5,14,98.4,40,33,81.7,1,81.53,Low,False
STU14748,CS101,Spring 2024,1,54.6,54.4,54.5,2.18,4,18,Male,Low,16.3,Moderate,Bachelors,15,16.2,6,11,67.7,40,21,53.5,3,62.79,Medium,False
STU14749,DB401,Fall 2025,4,44.5,54.6,47.5,1.9,4,18,Female,High,32.0,High-Speed,Bachelors,16,9.4,5,12,49.3,45,34,76.3,2,72.01,Medium,False
STU14750,DB401,Spring 2024,1,72.0,71.6,71.9,2.88,3,24,Male,Medium,1.9,Limited,High School,9,9.3,2,5,90.8,45,32,71.0,3,67.16,Medium,False
STU14751,DB401,Spring 2025,3,37.2,30.3,35.1,1.4,3,25,Male,Medium,8.6,High-Speed,Bachelors,10,7.1,4,2,54.0,45,26,57.8,2,54.7,Low,True
STU14752,CS101,Fall 2024,2,42.5,33.4,39.8,1.59,3,20,Female,Medium,5.3,Moderate,High School,15,16.0,5,12,58.9,45,32,72.2,3,70.38,Medium,True
STU14753,SE501,Spring 2026,5,49.8,46.5,48.8,1.95,4,23,Female,Medium,3.9,Moderate,High School,11,19.6,7,6,70.9,45,24,54.1,5,57.73,Medium,False
STU14754,DS201,Spring 2025,3,63.0,64.2,63.3,2.53,3,21,Female,Medium,7.9,High-Speed,High School,15,18.8,6,7,71.6,40,29,72.5,3,73.07,Low,False
STU14755,DS201,Spring 2025,3,69.2,76.5,71.4,2.86,4,22,Female,Medium,14.5,High-Speed,Masters,18,20.7,5,14,71.3,45,39,86.0,1,84.26,Low,False
STU14756,SE501,Fall 2023,0,63.4,67.8,64.7,2.59,3,20,Male,Medium,0.2,Moderate,High School,15,22.3,7,12,74.0,40,32,80.6,3,77.6,Medium,False
STU14757,DB401,Spring 2024,1,57.3,53.4,56.1,2.24,3,24,Female,Medium,33.1,High-Speed,High School,8,15.7,4,6,63.8,45,25,56.5,3,53.01,Medium,False
STU14758,DS201,Fall 2023,0,47.7,41.0,45.7,1.83,3,18,Male,Medium,15.8,High-Speed,Bachelors,9,14.7,3,7,52.6,45,28,61.3,2,54.67,High,False
STU14759,DS201,Fall 2025,4,46.0,45.0,45.7,1.83,3,20,Other,High,13.2,Moderate,High School,8,22.4,3,4,67.6,50,23,45.6,9,48.32,High,True
STU14760,AI301,Spring 2024,1,29.8,30.0,29.9,1.2,4,22,Male,High,13.6,Moderate,Bachelors,7,11.5,6,12,57.8,45,29,63.4,2,53.76,High,False
STU14761,DB401,Fall 2025,4,49.0,47.0,48.4,1.94,3,23,Other,Medium,4.7,High-Speed,High School,14,9.1,5,3,81.5,45,28,61.9,5,68.25,Medium,False
STU14762,DS201,Fall 2024,2,55.5,58.7,56.5,2.26,3,25,Female,Medium,13.2,High-Speed,Bachelors,10,13.3,6,6,65.2,40,21,52.5,2,54.29,Medium,False
STU14763,SE501,Spring 2024,1,39.7,34.9,38.2,1.53,3,23,Male,Low,4.6,High-Speed,Bachelors,5,12.7,2,7,69.3,40,19,48.7,3,45.71,High,False
STU14764,CS101,Spring 2024,1,67.8,66.9,67.5,2.7,3,19,Female,Medium,21.8,Moderate,High School,17,15.2,3,11,88.5,45,39,86.7,1,86.55,Low,False
STU14765,SE501,Spring 2025,3,49.1,50.5,49.5,1.98,3,22,Other,Medium,1.9,High-Speed,High School,14,10.7,6,7,74.6,45,25,56.2,2,64.02,Low,False
STU14766,CS101,Fall 2025,4,43.1,35.3,40.8,1.63,4,24,Female,Low,3.3,Moderate,Bachelors,13,16.8,3,6,62.1,50,33,66.4,5,65.12,Medium,True
STU14767,DB401,Spring 2024,1,53.2,54.8,53.7,2.15,4,19,Male,Medium,7.6,Moderate,Bachelors,14,12.2,3,3,68.2,50,39,77.2,2,73.24,Low,False
STU14768,SE501,Spring 2025,3,49.0,53.8,50.4,2.02,4,19,Female,Medium,3.7,High-Speed,High School,11,21.1,1,2,72.2,40,21,51.3,2,56.59,Medium,False
STU14769,AI301,Fall 2023,0,37.0,40.8,38.1,1.52,3,19,Male,Low,5.2,High-Speed,High School,8,9.0,3,14,79.4,40,15,36.5,2,46.13,Medium,False
STU14770,DS201,Spring 2024,1,53.7,53.6,53.7,2.15,4,20,Male,High,6.4,Limited,High School,12,14.3,0,11,71.9,40,28,69.5,3,67.13,Low,False
STU14771,AI301,Spring 2025,3,47.8,42.3,46.2,1.85,3,24,Male,Low,18.4,High-Speed,Bachelors,14,13.3,4,7,61.3,40,29,72.4,3,69.46,Low,False
STU14772,SE501,Fall 2023,0,57.8,53.4,56.5,2.26,3,18,Male,High,7.0,Moderate,Doctorate,14,16.2,2,2,85.8,40,23,56.6,3,66.46,Medium,False
STU14773,CS101,Fall 2024,2,56.7,55.7,56.4,2.26,4,23,Female,Medium,4.3,Limited,High School,15,19.6,4,2,57.9,50,33,66.2,4,67.18,Medium,False
STU14774,AI301,Spring 2025,3,71.2,71.9,71.4,2.86,3,25,Male,Medium,2.7,Limited,High School,14,16.3,2,7,78.9,50,36,71.6,2,72.58,Low,False
STU14775,AI301,Fall 2025,4,50.6,45.7,49.1,1.96,4,20,Female,Medium,5.0,High-Speed,High School,7,14.4,3,2,75.5,40,20,49.4,2,50.3,High,False
STU14776,CS101,Fall 2023,0,56.7,58.4,57.2,2.29,3,18,Male,Medium,6.9,High-Speed,High School,18,18.5,5,3,70.9,50,46,91.0,3,86.68,Low,False
STU14777,DS201,Fall 2023,0,63.2,60.0,62.2,2.49,4,23,Male,Medium,13.0,Limited,Bachelors,10,19.2,8,2,60.3,50,35,69.3,6,61.71,Medium,False
STU14778,DB401,Spring 2025,3,48.4,46.8,47.9,1.92,4,25,Male,Medium,1.2,Moderate,Masters,13,16.3,3,8,40.2,40,29,73.1,2,64.09,Medium,False
STU14779,SE501,Spring 2025,3,45.6,48.9,46.6,1.86,4,24,Male,Medium,2.4,High-Speed,High School,12,16.9,5,5,52.8,45,33,72.5,2,64.81,Medium,False
STU14780,DB401,Fall 2025,4,53.4,41.0,49.7,1.99,4,25,Male,Medium,4.5,High-Speed,Bachelors,9,18.2,2,14,76.5,40,25,63.6,2,60.6,Medium,False
STU14781,AI301,Fall 2023,0,57.5,57.2,57.4,2.3,4,24,Male,High,4.2,High-Speed,High School,14,6.8,5,5,77.0,40,32,80.0,2,76.4,Low,False
STU14782,DS201,Fall 2024,2,66.7,65.5,66.3,2.65,4,22,Female,Low,4.7,Moderate,Masters,11,13.2,3,5,90.3,40,25,62.0,6,65.56,Low,False
STU14783,AI301,Spring 2024,1,70.5,65.2,68.9,2.76,3,25,Male,Medium,15.0,High-Speed,Bachelors,18,16.9,5,6,72.5,50,42,84.2,6,83.6,Low,False
STU14784,SE501,Fall 2025,4,59.9,69.2,62.7,2.51,3,23,Male,Low,3.7,Moderate,High School,16,13.5,3,13,72.6,40,28,70.4,4,73.72,Low,False
STU14785,SE501,Fall 2023,0,58.7,53.5,57.2,2.29,4,23,Male,Medium,6.6,Moderate,Masters,15,13.6,10,10,63.6,45,28,61.4,1,65.92,Medium,False
STU14786,DS201,Fall 2025,4,61.8,65.7,63.0,2.52,4,24,Female,Medium,9.3,Moderate,High School,17,16.9,7,12,67.5,40,35,88.3,7,83.15,Low,False
STU14787,SE501,Spring 2025,3,68.3,71.7,69.3,2.77,4,23,Female,Low,2.5,Moderate,Bachelors,8,17.0,3,13,72.0,40,21,51.7,3,52.25,Medium,False
STU14788,CS101,Spring 2024,1,62.8,64.7,63.4,2.54,3,21,Female,Low,12.0,Moderate,Masters,14,17.3,2,6,92.0,45,30,67.6,3,73.2,Low,False
STU14789,SE501,Spring 2024,1,42.6,37.0,40.9,1.64,4,22,Male,Low,7.5,High-Speed,High School,9,11.0,7,11,76.2,50,34,68.9,7,63.19,Medium,False
STU14790,AI301,Spring 2026,5,62.8,66.5,63.9,2.56,4,20,Male,Medium,5.6,High-Speed,Bachelors,11,7.9,3,3,67.0,50,36,71.8,3,65.8,Medium,False
STU14791,DS201,Fall 2025,4,51.0,47.4,49.9,2.0,4,25,Female,Medium,15.8,Moderate,Masters,16,19.0,1,9,63.7,40,29,71.8,4,72.64,Medium,False
STU14792,SE501,Fall 2024,2,51.8,40.6,48.4,1.94,4,20,Male,High,2.7,High-Speed,Doctorate,12,11.3,6,9,45.9,45,28,62.1,3,58.23,High,False
STU14793,DS201,Fall 2024,2,46.7,46.2,46.5,1.86,3,18,Male,Medium,20.4,High-Speed,Bachelors,6,10.9,2,10,56.2,50,27,54.6,3,47.54,High,False
STU14794,AI301,Fall 2025,4,47.7,48.3,47.9,1.92,3,20,Male,Low,7.8,High-Speed,High School,8,10.5,3,5,67.6,50,33,65.3,7,58.17,High,False
STU14795,DB401,Spring 2024,1,56.4,60.1,57.5,2.3,4,19,Male,High,8.9,High-Speed,Bachelors,15,20.8,4,4,72.0,45,32,70.9,5,72.35,Low,False
STU14796,SE501,Spring 2026,5,46.7,43.1,45.6,1.82,3,23,Male,Medium,19.8,Moderate,Bachelors,16,16.1,7,11,61.5,45,38,84.6,6,78.6,Low,False
STU14797,DS201,Spring 2025,3,46.9,56.0,49.6,1.98,4,20,Female,Medium,16.2,Moderate,Bachelors,8,16.7,3,12,85.5,45,21,46.9,3,52.55,High,False
STU14798,SE501,Spring 2025,3,69.7,69.5,69.6,2.78,3,18,Male,Low,8.7,High-Speed,Masters,17,18.4,3,7,81.4,50,43,86.3,5,84.93,Low,False
STU14799,DB401,Spring 2025,3,63.1,67.8,64.5,2.58,3,18,Female,Medium,13.3,Moderate,High School,10,14.8,2,2,77.3,40,26,65.3,1,63.11,Medium,False
STU14800,AI301,Spring 2026,5,68.3,71.7,69.3,2.77,3,19,Male,High,5.4,High-Speed,High School,10,20.1,4,7,85.3,45,31,69.5,4,66.81,Medium,False
STU14801,DB401,Spring 2025,3,48.1,50.5,48.8,1.95,3,18,Male,Medium,7.5,Moderate,Bachelors,10,9.0,5,14,86.5,40,18,46.2,5,55.4,Medium,False
STU14802,SE501,Fall 2023,0,70.7,76.7,72.5,2.9,3,24,Female,Medium,0.6,High-Speed,Doctorate,22,9.6,4,6,65.9,45,40,89.5,4,87.93,Low,False
STU14803,DS201,Fall 2023,0,56.8,55.5,56.4,2.26,4,21,Male,Medium,0.9,Moderate,Bachelors,13,9.3,4,2,66.2,45,34,75.2,3,70.34,Medium,False
STU14804,AI301,Spring 2026,5,66.5,69.4,67.4,2.7,3,24,Female,High,16.8,High-Speed,Doctorate,14,17.1,4,7,70.7,45,38,83.8,2,77.04,Low,False
STU14805,CS101,Spring 2024,1,57.3,56.9,57.2,2.29,3,23,Female,Low,0.6,High-Speed,Masters,6,17.5,4,4,67.1,45,25,54.6,3,49.72,Medium,False
STU14806,DB401,Fall 2023,0,49.1,48.7,49.0,1.96,3,23,Male,Medium,1.8,Moderate,Masters,8,12.6,8,9,52.4,40,26,65.5,0,55.23,Medium,False
STU14807,AI301,Spring 2025,3,51.2,47.9,50.2,2.01,3,23,Female,High,15.1,High-Speed,Masters,13,13.8,5,4,77.4,50,34,69.0,4,69.48,Medium,False
STU14808,DS201,Fall 2023,0,72.8,72.4,72.7,2.91,3,22,Male,Low,0.0,Limited,Masters,18,21.3,3,4,72.3,50,43,86.0,1,84.46,Low,False
STU14809,DS201,Spring 2024,1,71.6,78.4,73.6,2.94,3,20,Female,Medium,3.2,Moderate,Masters,15,11.5,6,8,85.7,40,34,84.6,1,81.94,Low,False
STU14810,SE501,Spring 2024,1,53.1,56.5,54.1,2.16,4,21,Male,Medium,8.3,High-Speed,Bachelors,11,16.5,10,2,55.2,45,31,69.2,2,62.14,Medium,False
STU14811,CS101,Spring 2024,1,48.1,50.2,48.7,1.95,3,20,Female,Medium,8.6,Moderate,High School,10,11.6,4,11,82.3,45,28,61.9,2,62.41,Medium,False
STU14812,SE501,Fall 2023,0,72.7,69.7,71.8,2.87,4,21,Male,Medium,14.3,High-Speed,High School,7,20.5,4,11,97.1,50,30,60.8,5,60.32,Medium,False
STU14813,DB401,Fall 2024,2,54.7,51.5,53.7,2.15,4,20,Female,Medium,6.7,High-Speed,High School,9,18.1,3,9,62.1,40,26,66.0,4,58.92,Medium,False
STU14814,DS201,Fall 2025,4,34.7,31.0,33.6,1.34,3,19,Female,Medium,6.8,Limited,High School,9,8.0,7,5,65.3,40,19,48.6,6,50.86,High,False
STU14815,AI301,Spring 2024,1,50.0,56.5,51.9,2.08,4,25,Female,Low,12.3,High-Speed,High School,12,13.7,1,6,74.3,50,28,55.0,5,60.36,Medium,False
STU14816,DB401,Fall 2024,2,63.4,67.7,64.7,2.59,4,24,Female,Medium,6.6,Moderate,Masters,17,4.6,0,6,77.5,45,37,82.6,1,82.3,Low,False
STU14817,DS201,Spring 2026,5,43.0,35.4,40.7,1.63,4,18,Female,Low,8.9,High-Speed,Bachelors,8,19.5,5,5,46.5,45,27,60.0,2,51.3,High,False
STU14818,CS101,Fall 2025,4,57.5,62.4,59.0,2.36,3,18,Female,Low,21.7,Moderate,High School,11,25.2,2,12,82.4,45,29,65.5,5,65.73,Low,False
STU14819,DB401,Fall 2025,4,49.4,55.4,51.2,2.05,3,24,Male,High,4.9,High-Speed,Bachelors,15,4.1,4,2,50.2,50,36,72.9,0,68.99,Medium,False
STU14820,DS201,Fall 2023,0,58.4,59.6,58.8,2.35,3,19,Male,Medium,4.6,High-Speed,Bachelors,8,7.9,4,14,81.8,50,23,45.1,4,50.91,Medium,False
STU14821,AI301,Spring 2024,1,43.3,51.3,45.7,1.83,3,21,Male,High,0.0,Limited,High School,9,15.8,3,4,49.3,50,30,60.4,3,53.56,High,False
STU14822,DB401,Fall 2024,2,51.8,46.6,50.3,2.01,3,24,Male,Low,9.0,High-Speed,Masters,16,14.9,5,9,63.5,45,35,77.2,3,75.3,Low,False
STU14823,SE501,Fall 2025,4,57.8,59.0,58.2,2.33,3,22,Male,Medium,0.3,Moderate,High School,11,12.9,6,3,83.5,40,23,58.1,2,62.25,Low,False
STU14824,DB401,Spring 2024,1,55.6,62.5,57.7,2.31,4,21,Female,Low,6.7,High-Speed,Bachelors,6,6.3,4,9,63.9,45,24,53.1,3,48.33,High,False
STU14825,DB401,Spring 2026,5,67.6,70.9,68.6,2.74,4,18,Male,Medium,15.5,High-Speed,High School,13,16.6,5,12,84.7,50,35,69.5,2,71.19,Low,False
STU14826,DB401,Fall 2023,0,38.9,48.4,41.8,1.67,3,22,Female,Medium,7.6,Moderate,Bachelors,12,19.4,6,5,72.3,50,36,71.3,3,68.11,Low,True
STU14827,SE501,Fall 2024,2,49.1,45.9,48.1,1.92,3,20,Male,Low,3.0,High-Speed,Masters,12,29.2,3,10,73.3,50,38,75.5,1,70.41,Medium,False
STU14828,DS201,Spring 2026,5,40.9,36.1,39.5,1.58,3,22,Male,High,14.7,High-Speed,High School,14,21.5,2,9,66.3,50,36,71.9,4,70.21,Medium,True
STU14829,DS201,Spring 2026,5,46.1,42.9,45.1,1.8,4,21,Female,Low,3.0,Limited,Doctorate,9,8.5,2,14,60.4,50,23,46.3,3,48.73,High,False
STU14830,DS201,Fall 2023,0,82.0,80.6,81.6,3.26,3,19,Female,Medium,12.5,Moderate,High School,16,14.9,3,9,93.6,40,36,89.5,2,87.47,Low,False
STU14831,DS201,Spring 2025,3,57.6,68.6,60.9,2.44,4,20,Female,High,9.0,High-Speed,Bachelors,13,18.0,2,5,73.2,50,36,72.0,5,70.14,High,False
STU14832,DB401,Spring 2026,5,58.7,55.5,57.8,2.31,3,21,Female,High,1.8,High-Speed,Masters,22,11.6,7,3,53.7,40,36,90.6,4,86.04,Low,False
STU14833,AI301,Fall 2023,0,51.1,49.8,50.7,2.03,3,20,Male,High,22.4,Moderate,Masters,11,18.9,3,9,79.0,50,34,68.3,7,66.45,Medium,False
STU14834,DB401,Fall 2024,2,62.5,56.6,60.7,2.43,3,22,Female,Medium,2.1,Limited,High School,15,18.5,2,8,54.0,40,32,80.3,3,73.45,Low,False
STU14835,DS201,Spring 2025,3,40.1,37.0,39.2,1.57,4,18,Male,Low,43.4,Limited,High School,11,21.2,6,3,70.5,45,20,45.2,3,53.2,High,True
STU14836,DS201,Spring 2025,3,57.3,58.1,57.5,2.3,3,21,Male,Low,0.1,Moderate,Bachelors,10,19.0,2,8,56.2,45,29,65.1,3,58.79,Medium,False
STU14837,SE501,Fall 2025,4,46.6,35.5,43.3,1.73,3,25,Male,Medium,2.9,High-Speed,High School,13,16.4,5,2,60.9,45,30,67.6,0,65.48,Medium,True
STU14838,DB401,Spring 2026,5,76.5,75.5,76.2,3.05,3,19,Male,Medium,2.1,Limited,Bachelors,17,11.8,2,7,73.8,40,34,85.0,2,82.76,Low,False
STU14839,DS201,Spring 2026,5,40.8,36.3,39.4,1.58,3,25,Male,Low,0.1,Moderate,Bachelors,17,8.5,3,8,74.5,40,22,55.7,1,68.25,Medium,True
STU14840,DB401,Fall 2024,2,33.6,34.7,33.9,1.36,3,25,Female,Medium,12.5,High-Speed,Bachelors,10,16.1,2,14,56.5,50,24,48.5,3,50.55,High,True
STU14841,CS101,Fall 2023,0,67.8,73.5,69.5,2.78,4,24,Female,Medium,11.2,High-Speed,High School,15,13.0,4,3,73.5,45,33,72.5,4,73.45,Low,False
STU14842,CS101,Fall 2024,2,62.4,60.2,61.7,2.47,3,22,Male,Medium,14.9,High-Speed,Bachelors,17,13.5,2,13,51.2,50,41,81.8,3,76.64,Low,False
STU14843,AI301,Spring 2024,1,59.2,59.9,59.4,2.38,4,21,Male,Medium,2.8,Moderate,Masters,11,20.6,3,3,85.4,45,31,68.0,4,67.58,Medium,False
STU14844,AI301,Fall 2023,0,47.9,45.4,47.1,1.88,3,19,Male,Medium,5.6,High-Speed,Bachelors,12,21.8,3,14,72.1,50,37,74.7,3,69.77,Low,False
STU14845,AI301,Fall 2024,2,34.3,39.1,35.8,1.43,3,21,Male,High,10.2,High-Speed,Bachelors,10,8.8,3,12,71.7,45,29,64.1,5,61.39,Medium,True
STU14846,CS101,Spring 2025,3,55.1,53.8,54.7,2.19,3,22,Female,Low,5.5,High-Speed,High School,9,13.9,3,9,61.9,45,22,47.9,1,49.83,High,False
STU14847,SE501,Spring 2026,5,56.7,61.9,58.3,2.33,4,21,Male,Medium,11.4,High-Speed,High School,11,12.8,6,3,62.7,40,28,70.7,3,64.39,Medium,False
STU14848,DB401,Fall 2023,0,63.0,64.1,63.3,2.53,3,20,Female,Low,9.5,High-Speed,High School,16,16.6,5,11,82.0,40,29,72.3,4,76.55,Low,False
STU14849,AI301,Spring 2024,1,51.3,59.2,53.7,2.15,3,22,Male,Low,1.2,Moderate,Bachelors,13,3.7,0,3,76.4,40,26,65.8,3,67.68,Low,False
STU14850,DB401,Spring 2025,3,56.1,58.6,56.8,2.27,4,21,Other,Medium,14.4,High-Speed,High School,14,7.7,4,12,83.1,50,32,64.8,6,70.02,Medium,False
STU14851,DS201,Fall 2025,4,59.3,59.7,59.4,2.38,3,24,Male,High,12.1,Limited,Bachelors,15,14.4,4,6,63.3,50,34,67.6,2,68.96,Low,False
STU14852,DS201,Fall 2023,0,37.7,42.5,39.2,1.57,4,18,Female,Low,10.1,Moderate,Bachelors,10,18.9,6,5,69.2,50,24,47.6,3,52.64,High,True
STU14853,AI301,Spring 2024,1,60.7,69.3,63.3,2.53,3,21,Male,Medium,1.6,Limited,Bachelors,10,15.4,13,14,75.7,50,30,59.0,9,59.64,High,True
STU14854,CS101,Spring 2024,1,52.7,60.6,55.1,2.2,4,20,Female,Medium,3.0,Moderate,High School,9,18.4,2,2,69.3,50,25,49.6,3,52.16,High,False
STU14855,DB401,Spring 2024,1,70.5,82.3,74.1,2.96,4,19,Male,Low,4.7,High-Speed,Bachelors,8,16.0,3,9,77.3,40,27,67.3,2,61.11,Low,False
STU14856,DS201,Fall 2024,2,60.3,59.9,60.2,2.41,3,24,Male,High,3.1,High-Speed,Bachelors,15,21.4,5,5,64.8,50,38,75.3,7,73.11,Medium,False
STU14857,DS201,Spring 2024,1,56.5,57.9,56.9,2.28,3,19,Female,Medium,2.5,High-Speed,High School,11,22.4,3,12,57.4,45,30,66.4,4,61.18,Medium,False
STU14858,SE501,Spring 2024,1,46.6,45.1,46.1,1.84,4,25,Female,Low,15.5,Limited,High School,20,11.2,3,10,76.7,50,34,68.2,1,79.44,Low,False
STU14859,DB401,Fall 2023,0,36.7,32.2,35.4,1.42,3,24,Female,Medium,9.7,High-Speed,Bachelors,7,19.4,4,3,54.4,45,19,42.1,5,42.43,High,False
STU14860,SE501,Spring 2025,3,62.1,65.1,63.0,2.52,3,19,Female,Medium,7.9,High-Speed,High School,9,17.5,1,3,96.5,40,24,60.8,0,63.2,Medium,False
STU14861,DB401,Fall 2023,0,57.2,44.9,53.5,2.14,3,18,Female,Medium,2.4,Moderate,High School,17,27.5,8,7,68.1,50,34,67.4,4,72.82,Medium,False
STU14862,AI301,Fall 2025,4,49.8,51.8,50.4,2.02,4,20,Male,Medium,23.8,Limited,High School,9,11.0,8,14,67.2,50,28,55.1,5,54.49,Medium,False
STU14863,AI301,Fall 2024,2,68.2,75.1,70.3,2.81,3,25,Male,Low,2.0,Moderate,High School,21,14.4,5,12,74.6,45,34,75.9,5,82.87,Low,False
STU14864,DS201,Spring 2025,3,52.1,56.2,53.3,2.13,4,22,Male,Medium,15.1,Moderate,Doctorate,8,9.8,4,12,76.9,40,20,50.5,0,52.63,High,False
STU14865,DB401,Fall 2025,4,53.4,57.2,54.5,2.18,4,19,Female,Low,32.3,High-Speed,Bachelors,21,10.1,6,3,66.1,40,34,84.7,4,85.57,Low,False
STU14866,DS201,Spring 2025,3,46.7,37.5,43.9,1.76,4,24,Male,High,12.3,Moderate,Bachelors,9,16.9,1,3,74.3,45,28,62.8,2,59.76,Medium,False
STU14867,AI301,Spring 2024,1,64.2,72.5,66.7,2.67,3,20,Male,Medium,46.9,High-Speed,Masters,9,16.0,4,7,65.7,40,26,64.4,4,58.84,High,False
STU14868,DB401,Fall 2024,2,71.3,69.4,70.7,2.83,3,21,Female,Low,10.0,Moderate,Bachelors,18,17.7,1,7,86.7,50,43,85.8,4,87.24,Low,False
STU14869,AI301,Fall 2023,0,67.9,70.7,68.8,2.75,3,18,Female,High,2.3,High-Speed,Bachelors,17,17.6,4,9,82.1,40,34,85.2,7,84.52,Low,False
STU14870,AI301,Spring 2026,5,45.4,43.2,44.7,1.79,3,20,Male,Low,2.2,High-Speed,High School,10,13.8,2,12,65.8,40,17,42.5,5,49.41,High,True
STU14871,CS101,Fall 2025,4,49.4,48.5,49.1,1.96,3,20,Male,Medium,3.7,Limited,Bachelors,11,13.8,2,12,67.0,50,26,52.6,1,56.2,Medium,False
STU14872,DB401,Fall 2023,0,54.2,58.2,55.4,2.22,3,22,Male,Medium,0.1,High-Speed,High School,12,10.1,4,14,65.1,45,34,76.5,3,69.27,Low,False
STU14873,DB401,Spring 2024,1,59.6,65.7,61.4,2.46,4,20,Male,Low,10.9,Moderate,Bachelors,14,11.5,2,11,71.2,40,26,65.6,2,68.04,Medium,False
STU14874,SE501,Spring 2024,1,62.0,60.9,61.7,2.47,3,22,Male,High,3.0,Moderate,High School,9,14.7,7,12,77.8,50,28,57.0,7,57.56,Medium,False
STU14875,DS201,Spring 2025,3,62.3,63.1,62.5,2.5,4,18,Female,Medium,16.0,Moderate,High School,6,16.0,4,2,80.0,50,29,58.7,2,54.35,Medium,False
STU14876,DB401,Spring 2026,5,54.9,49.2,53.2,2.13,4,18,Female,Low,4.2,High-Speed,High School,8,18.6,4,2,73.5,50,32,64.6,3,59.0,Low,False
STU14877,SE501,Fall 2024,2,45.6,50.9,47.2,1.89,3,21,Female,Medium,6.2,High-Speed,High School,9,18.0,5,8,74.4,45,27,60.6,3,58.68,Medium,False
STU14878,SE501,Spring 2025,3,43.2,32.5,40.0,1.6,3,22,Male,Medium,32.0,Moderate,Masters,10,22.8,1,10,71.1,40,25,62.7,2,60.57,Medium,True
STU14879,DB401,Fall 2024,2,65.5,58.4,63.4,2.54,4,22,Female,High,2.6,Moderate,High School,13,10.1,2,8,83.2,40,25,61.4,5,66.84,Low,False
STU14880,AI301,Spring 2024,1,44.7,33.0,41.2,1.65,4,19,Male,Medium,12.1,High-Speed,Masters,11,13.8,4,5,68.0,45,24,53.5,3,56.85,High,True
STU14881,DS201,Fall 2023,0,58.8,57.3,58.4,2.34,3,19,Male,Medium,13.4,High-Speed,Bachelors,8,10.6,8,10,95.2,45,22,48.8,2,55.44,High,False
STU14882,DB401,Fall 2023,0,52.3,51.7,52.1,2.08,3,21,Female,Medium,2.4,High-Speed,Bachelors,11,21.4,7,12,88.3,50,30,59.9,7,64.11,Medium,False
STU14883,SE501,Fall 2023,0,57.2,59.1,57.8,2.31,3,18,Male,Medium,6.6,Limited,High School,15,12.5,5,13,68.6,45,32,70.4,3,71.42,Medium,False
STU14884,AI301,Fall 2025,4,74.3,79.7,75.9,3.04,4,23,Male,Medium,4.1,High-Speed,Masters,19,20.8,4,7,70.9,45,42,92.6,2,88.98,Low,False
STU14885,AI301,Spring 2025,3,48.0,46.2,47.4,1.9,4,19,Female,Low,14.0,High-Speed,High School,12,22.3,0,11,35.8,40,23,58.1,2,54.21,Medium,False
STU14886,DS201,Spring 2024,1,27.6,30.0,28.3,1.13,3,20,Male,Medium,9.3,Moderate,Bachelors,8,17.1,6,12,57.1,40,16,39.6,0,43.22,High,False
STU14887,AI301,Spring 2026,5,70.3,63.1,68.1,2.72,4,18,Female,Medium,6.1,High-Speed,Bachelors,20,16.5,3,2,66.6,40,38,95.1,4,90.87,Low,False
STU14888,SE501,Spring 2026,5,42.0,45.0,42.9,1.72,3,23,Male,High,14.4,Limited,Bachelors,12,15.2,7,7,67.0,50,28,55.9,4,59.35,Medium,True
STU14889,DB401,Fall 2023,0,73.1,71.2,72.5,2.9,4,25,Female,Low,2.5,High-Speed,High School,12,13.4,3,11,78.3,50,35,69.3,1,68.31,Low,False
STU14890,DS201,Spring 2024,1,70.9,69.2,70.4,2.82,4,20,Male,Medium,13.3,High-Speed,Bachelors,12,12.8,2,7,81.2,50,29,57.2,1,62.84,Medium,False
STU14891,DB401,Spring 2025,3,46.1,45.8,46.0,1.84,4,24,Male,High,19.0,High-Speed,Masters,11,14.3,3,2,52.2,50,28,55.3,3,54.59,Medium,False
STU14892,AI301,Fall 2025,4,55.8,52.1,54.7,2.19,3,22,Female,Medium,20.0,High-Speed,Masters,12,24.1,2,9,58.3,40,32,79.3,4,69.31,Medium,False
STU14893,AI301,Spring 2026,5,49.4,48.4,49.1,1.96,4,18,Male,High,14.5,High-Speed,Masters,14,9.8,3,6,55.7,40,29,71.5,1,67.89,Medium,False
STU14894,DB401,Spring 2024,1,58.5,65.0,60.5,2.42,3,24,Male,High,5.0,High-Speed,High School,11,16.0,5,5,55.1,45,28,61.6,2,58.32,Low,False
STU14895,AI301,Spring 2024,1,61.2,67.1,63.0,2.52,3,21,Male,Medium,38.1,High-Speed,High School,12,18.6,5,11,71.7,50,39,78.2,4,71.44,Low,False
STU14896,SE501,Spring 2026,5,66.6,67.7,66.9,2.68,4,22,Male,Medium,4.5,Moderate,High School,17,13.6,7,2,83.4,45,35,77.3,4,80.83,Low,False
STU14897,DB401,Spring 2026,5,52.9,51.7,52.6,2.1,4,22,Male,Low,9.7,High-Speed,Masters,10,17.1,5,6,87.5,50,25,49.5,3,57.25,Medium,False
STU14898,SE501,Fall 2024,2,59.4,55.9,58.4,2.34,3,20,Male,Medium,1.7,Limited,High School,15,7.5,5,13,86.2,50,31,61.5,5,70.49,Low,False
STU14899,AI301,Spring 2025,3,49.9,45.0,48.4,1.94,3,24,Female,Low,37.4,Moderate,Bachelors,13,21.6,4,2,49.5,50,32,64.8,3,61.8,Medium,False
STU14900,DS201,Fall 2025,4,51.3,57.1,53.0,2.12,4,22,Male,Medium,11.6,High-Speed,Masters,9,20.7,2,4,66.3,40,21,53.2,2,53.36,High,False
STU14901,SE501,Fall 2025,4,61.3,61.2,61.3,2.45,4,19,Male,Medium,13.3,High-Speed,Bachelors,15,14.5,9,14,74.2,50,30,61.0,4,67.84,Medium,False
STU14902,AI301,Fall 2025,4,57.7,48.1,54.8,2.19,4,18,Male,Medium,0.6,High-Speed,Bachelors,8,10.6,6,11,81.1,45,26,58.3,0,57.37,High,False
STU14903,CS101,Spring 2024,1,38.4,31.8,36.4,1.46,3,19,Male,Low,13.7,High-Speed,High School,11,19.0,5,2,41.5,45,26,57.3,2,53.45,Medium,True
STU14904,AI301,Fall 2025,4,59.0,53.9,57.5,2.3,3,20,Female,High,14.2,High-Speed,Bachelors,13,9.3,4,11,62.7,40,31,78.4,2,71.24,Medium,False
STU14905,SE501,Fall 2025,4,60.0,45.2,55.5,2.22,3,23,Male,Low,10.6,High-Speed,Masters,15,10.0,7,4,89.5,50,28,55.8,2,68.3,Medium,False
STU14906,CS101,Spring 2025,3,51.2,47.5,50.1,2.0,4,25,Female,Low,3.3,Moderate,Bachelors,12,14.7,4,3,70.9,40,29,71.3,2,67.83,Low,False
STU14907,DS201,Fall 2024,2,36.1,30.0,34.3,1.37,4,20,Male,Low,6.4,High-Speed,High School,10,22.6,5,14,88.6,45,20,43.8,2,54.62,Medium,True
STU14908,CS101,Spring 2025,3,46.0,47.3,46.4,1.86,3,18,Female,High,1.1,High-Speed,High School,6,18.2,3,5,80.1,50,27,54.2,0,52.12,High,False
STU14909,AI301,Spring 2026,5,48.1,48.1,48.1,1.92,3,22,Female,High,6.1,High-Speed,High School,14,11.8,3,8,64.8,40,32,80.5,2,74.21,Low,False
STU14910,AI301,Spring 2025,3,66.8,71.7,68.3,2.73,4,24,Female,Medium,2.7,Moderate,Bachelors,17,6.6,3,2,78.3,50,35,70.8,4,76.56,Low,False
STU14911,SE501,Spring 2025,3,55.7,57.5,56.2,2.25,4,24,Female,High,4.1,High-Speed,High School,17,15.2,3,8,85.1,45,33,72.8,0,78.92,Low,False
STU14912,DB401,Fall 2025,4,63.7,76.8,67.6,2.7,4,21,Female,Low,1.7,Moderate,Bachelors,7,16.3,4,7,67.6,50,32,63.1,3,55.57,Low,False
STU14913,SE501,Fall 2023,0,50.4,48.7,49.9,2.0,4,20,Male,High,2.5,High-Speed,Bachelors,13,14.6,3,5,63.6,50,39,77.4,3,70.92,Medium,False
STU14914,DS201,Spring 2024,1,51.4,48.5,50.5,2.02,4,18,Male,Low,0.8,Limited,Bachelors,13,24.0,7,10,59.4,40,23,57.0,2,59.88,Low,False
STU14915,SE501,Spring 2025,3,81.1,86.5,82.7,3.31,3,21,Female,Low,24.0,High-Speed,High School,17,14.3,2,8,82.3,40,33,82.2,7,83.06,Low,False
STU14916,AI301,Fall 2023,0,70.8,72.0,71.2,2.85,3,22,Male,Low,7.2,Limited,Bachelors,15,3.6,6,11,82.8,50,41,82.1,3,80.11,Low,False
STU14917,CS101,Fall 2023,0,70.5,70.6,70.5,2.82,3,23,Male,Medium,4.8,Moderate,Bachelors,12,13.0,3,11,61.6,50,38,76.0,1,68.32,Medium,False
STU14918,DB401,Fall 2023,0,39.4,44.4,40.9,1.64,3,20,Female,Medium,7.3,High-Speed,High School,8,17.3,7,6,57.0,45,27,60.3,0,53.55,Medium,False
STU14919,DB401,Fall 2023,0,55.4,60.7,57.0,2.28,4,23,Male,Medium,9.4,High-Speed,Doctorate,10,16.9,5,3,64.9,45,22,49.6,1,52.78,High,False
STU14920,DB401,Spring 2024,1,47.3,38.2,44.6,1.78,4,18,Female,High,24.2,High-Speed,High School,9,14.1,5,12,69.0,45,29,63.4,3,59.0,Medium,False
STU14921,AI301,Spring 2026,5,54.7,54.0,54.5,2.18,3,23,Female,Medium,1.9,Limited,Bachelors,9,13.3,5,14,80.5,40,15,36.5,3,47.85,High,False
STU14922,SE501,Fall 2025,4,64.3,66.6,65.0,2.6,3,23,Female,Low,3.3,Moderate,High School,13,5.0,3,2,91.0,45,32,71.0,1,73.2,Low,False
STU14923,AI301,Fall 2025,4,52.1,39.1,48.2,1.93,3,18,Female,Medium,35.3,High-Speed,Bachelors,10,15.4,7,3,63.8,40,25,61.6,1,58.56,Medium,False
STU14924,DB401,Fall 2024,2,61.6,57.6,60.4,2.42,3,18,Male,Medium,4.4,High-Speed,Bachelors,11,13.3,3,10,91.8,45,28,62.7,3,66.21,Medium,False
STU14925,CS101,Fall 2023,0,47.9,50.5,48.7,1.95,3,20,Male,High,0.2,High-Speed,High School,12,16.2,3,3,58.9,45,30,67.1,4,63.33,Medium,False
STU14926,AI301,Fall 2023,0,55.8,60.7,57.3,2.29,3,23,Male,Medium,1.5,Moderate,Bachelors,10,17.5,4,6,79.7,45,26,57.2,4,59.54,Medium,False
STU14927,SE501,Spring 2026,5,65.9,64.1,65.4,2.62,4,21,Male,Medium,0.3,Moderate,Bachelors,13,21.2,4,9,87.0,50,34,69.0,1,71.4,Low,False
STU14928,DS201,Fall 2025,4,43.6,38.1,41.9,1.68,3,25,Female,Low,43.7,High-Speed,Bachelors,17,10.2,5,9,59.9,50,40,79.0,3,76.98,Low,True
STU14929,DS201,Fall 2025,4,44.0,44.6,44.2,1.77,3,18,Female,Medium,3.1,High-Speed,High School,9,8.5,9,12,58.7,45,26,57.0,4,53.74,High,False
STU14930,DS201,Spring 2025,3,66.4,65.8,66.2,2.65,3,22,Male,High,24.4,High-Speed,High School,13,12.1,2,10,74.3,50,39,78.7,5,73.71,Low,False
STU14931,AI301,Spring 2025,3,62.0,58.9,61.1,2.44,4,23,Male,Low,52.2,High-Speed,Bachelors,11,11.3,2,5,85.1,40,27,66.8,1,66.92,Medium,False
STU14932,DS201,Fall 2025,4,64.1,56.8,61.9,2.48,3,18,Female,High,8.7,High-Speed,High School,11,10.9,2,11,69.9,40,28,70.9,4,65.93,Low,False
STU14933,AI301,Spring 2026,5,49.5,47.1,48.8,1.95,4,21,Male,Medium,0.3,High-Speed,Bachelors,11,22.2,5,14,82.5,50,35,70.8,3,68.4,Medium,False
STU14934,AI301,Fall 2023,0,57.0,49.1,54.6,2.18,3,24,Male,Low,0.8,High-Speed,High School,12,15.7,3,8,80.1,45,25,56.3,6,62.17,Medium,False
STU14935,DS201,Fall 2024,2,59.4,55.7,58.3,2.33,4,20,Male,High,6.2,Limited,High School,18,24.9,3,10,54.4,50,39,78.8,1,77.28,Medium,False
STU14936,CS101,Fall 2025,4,54.3,53.9,54.2,2.17,3,23,Female,Medium,5.0,Moderate,Masters,10,15.0,4,8,72.0,50,35,69.5,4,64.15,Low,False
STU14937,AI301,Fall 2023,0,56.4,53.1,55.4,2.22,3,24,Female,Medium,8.9,Limited,Bachelors,9,9.1,4,14,84.0,40,26,64.8,1,62.7,Low,False
STU14938,DB401,Spring 2024,1,68.0,77.5,70.8,2.83,3,18,Female,Low,5.5,High-Speed,Bachelors,14,11.0,3,2,61.1,45,37,81.9,2,74.17,Low,False
STU14939,DB401,Spring 2024,1,26.2,30.0,27.3,1.09,3,18,Female,Low,25.8,Moderate,Masters,9,20.1,3,12,63.3,40,24,60.6,4,56.46,Medium,False
STU14940,SE501,Fall 2025,4,55.3,59.8,56.6,2.26,3,22,Male,High,7.3,Moderate,Bachelors,14,9.3,1,7,85.7,50,31,62.4,0,69.34,Medium,False
STU14941,AI301,Fall 2023,0,57.4,57.9,57.5,2.3,3,22,Male,Medium,11.2,High-Speed,Bachelors,19,17.8,4,3,70.0,50,42,84.7,0,84.85,Low,False
STU14942,DS201,Fall 2025,4,60.8,54.9,59.0,2.36,4,23,Female,High,21.5,High-Speed,Doctorate,17,13.2,4,8,77.3,45,28,62.4,2,72.16,Medium,False
STU14943,SE501,Fall 2025,4,55.3,52.1,54.3,2.17,4,24,Male,Low,1.5,Moderate,Bachelors,10,10.4,6,10,51.0,45,30,67.0,4,58.7,High,False
STU14944,SE501,Spring 2026,5,66.6,65.8,66.4,2.66,3,25,Female,Low,2.5,Limited,Bachelors,12,21.9,5,8,78.5,40,27,66.7,3,67.05,Medium,False
STU14945,CS101,Spring 2024,1,47.1,43.9,46.2,1.85,4,24,Female,Low,1.1,High-Speed,Bachelors,12,12.1,3,13,63.3,45,30,66.9,0,64.11,Medium,False
STU14946,CS101,Spring 2025,3,52.7,52.6,52.7,2.11,3,18,Female,Medium,1.4,High-Speed,Masters,12,10.9,1,9,53.1,45,33,73.5,0,65.37,Low,False
STU14947,CS101,Fall 2024,2,51.7,48.4,50.7,2.03,3,25,Female,High,6.8,Moderate,High School,9,14.6,5,3,69.0,50,35,70.8,0,62.7,Medium,False
STU14948,AI301,Spring 2025,3,65.4,65.9,65.6,2.62,3,23,Female,Medium,3.7,Limited,High School,9,12.5,5,11,81.9,50,30,60.8,3,60.28,Medium,False
STU14949,SE501,Fall 2023,0,62.1,66.9,63.5,2.54,3,18,Female,Medium,5.2,Moderate,High School,8,26.1,4,6,83.0,50,33,66.7,1,61.95,Low,False
STU14950,AI301,Spring 2026,5,55.0,59.1,56.2,2.25,3,22,Male,High,38.4,High-Speed,High School,11,20.3,3,11,71.3,45,30,67.6,1,64.56,Medium,False
STU14951,CS101,Fall 2023,0,62.8,64.5,63.3,2.53,3,21,Male,Medium,1.6,High-Speed,High School,15,12.0,4,2,66.1,45,39,87.1,3,79.27,Medium,False
STU14952,CS101,Fall 2025,4,51.8,52.6,52.0,2.08,3,19,Male,Low,7.4,High-Speed,Masters,11,12.6,4,4,53.9,50,28,57.0,5,55.78,Medium,False
STU14953,DB401,Spring 2025,3,58.0,52.6,56.4,2.26,3,25,Female,High,1.0,Moderate,Bachelors,11,4.9,4,2,78.9,45,27,59.7,2,62.13,Low,False
STU14954,CS101,Fall 2023,0,52.4,57.9,54.0,2.16,3,19,Male,Medium,3.6,Moderate,High School,12,15.7,3,3,70.8,50,33,66.1,6,65.21,Medium,False
STU14955,CS101,Spring 2024,1,47.1,38.1,44.4,1.78,4,18,Female,Low,7.1,High-Speed,Bachelors,13,11.3,7,13,69.5,45,23,52.1,1,59.45,Medium,True
STU14956,DB401,Spring 2026,5,47.5,45.8,47.0,1.88,4,24,Male,Low,27.8,High-Speed,Bachelors,8,15.4,5,5,67.5,50,18,36.7,2,43.85,High,False
STU14957,AI301,Fall 2024,2,49.2,44.7,47.9,1.92,3,22,Female,Medium,4.7,Limited,Bachelors,9,5.2,6,7,82.3,40,25,61.3,2,60.61,Medium,False
STU14958,DS201,Fall 2024,2,66.2,69.2,67.1,2.68,3,20,Male,Medium,0.6,Moderate,High School,9,14.9,0,2,80.2,45,30,66.2,5,62.64,Medium,False
STU14959,AI301,Spring 2025,3,39.6,48.2,42.2,1.69,3,20,Female,Low,4.7,Limited,Masters,9,23.5,3,10,83.7,40,22,54.1,1,57.29,Medium,False
STU14960,CS101,Spring 2026,5,65.8,64.1,65.3,2.61,4,19,Female,Low,1.5,High-Speed,High School,17,15.3,6,2,80.5,50,41,82.6,5,82.9,Low,False
STU14961,AI301,Spring 2024,1,51.3,59.4,53.7,2.15,3,21,Male,Medium,2.5,Moderate,High School,15,11.1,9,9,67.4,40,30,74.1,1,73.03,Low,False
STU14962,SE501,Fall 2024,2,77.4,74.9,76.7,3.07,3,19,Male,High,9.1,Moderate,High School,15,14.9,3,2,65.8,45,32,70.8,2,71.06,Low,False
STU14963,SE501,Fall 2023,0,37.8,34.7,36.9,1.48,3,18,Female,Medium,0.7,High-Speed,Bachelors,13,14.7,1,14,70.2,40,28,70.8,3,68.94,Low,True
STU14964,AI301,Fall 2023,0,56.1,52.7,55.1,2.2,4,21,Male,Low,5.9,Limited,Bachelors,13,26.0,3,2,71.0,50,38,75.7,2,71.55,Low,False
STU14965,DS201,Spring 2025,3,63.4,69.5,65.2,2.61,3,20,Male,Low,8.9,High-Speed,High School,18,13.3,8,9,81.2,40,36,91.0,2,88.74,Low,False
STU14966,SE501,Spring 2024,1,62.3,68.2,64.1,2.56,3,24,Female,Low,5.2,Moderate,High School,13,9.0,3,14,71.3,50,34,67.8,4,67.66,Medium,False
STU14967,SE501,Fall 2025,4,68.6,67.0,68.1,2.72,4,22,Female,Low,0.2,Limited,Bachelors,15,15.1,3,3,70.5,50,38,76.0,2,74.6,Low,False
STU14968,CS101,Fall 2024,2,62.2,65.2,63.1,2.52,4,25,Female,Medium,40.2,High-Speed,Bachelors,14,16.0,3,2,76.4,40,32,81.0,3,76.78,Medium,False
STU14969,CS101,Spring 2024,1,32.5,30.0,31.8,1.27,4,22,Male,Medium,4.3,Moderate,High School,7,17.8,6,8,77.5,50,28,57.0,3,54.5,High,False
STU14970,DS201,Fall 2024,2,63.1,68.6,64.8,2.59,3,18,Male,Medium,14.3,High-Speed,Masters,7,18.8,5,2,63.0,50,28,56.6,3,51.4,Medium,False
STU14971,DS201,Spring 2026,5,60.0,57.5,59.2,2.37,4,19,Female,Medium,3.7,Moderate,Doctorate,12,24.8,3,5,67.1,45,28,62.9,1,62.87,Medium,False
STU14972,DS201,Fall 2025,4,61.2,65.8,62.6,2.5,3,18,Female,Low,6.1,Moderate,High School,7,12.0,4,11,60.7,50,28,56.1,2,50.69,High,False
STU14973,SE501,Fall 2024,2,46.0,50.0,47.2,1.89,3,25,Female,Medium,4.7,Moderate,Bachelors,13,11.6,3,11,64.4,40,21,53.7,1,59.23,High,False
STU14974,DS201,Fall 2024,2,67.0,69.3,67.7,2.71,4,22,Male,Medium,4.0,Moderate,High School,11,5.7,5,10,85.8,50,37,74.9,7,71.11,Low,False
STU14975,SE501,Fall 2023,0,57.9,47.0,54.6,2.18,4,25,Male,Medium,0.2,High-Speed,Bachelors,12,18.3,4,11,80.7,45,34,74.7,1,71.49,Medium,False
STU14976,AI301,Fall 2025,4,42.8,46.7,44.0,1.76,4,20,Male,Low,4.2,High-Speed,Bachelors,10,10.6,7,4,79.5,50,35,70.5,3,66.15,Low,True
STU14977,CS101,Spring 2026,5,50.6,56.6,52.4,2.1,3,22,Male,Medium,20.9,High-Speed,High School,13,19.5,1,7,81.0,50,27,53.7,5,62.55,Low,False
STU14978,DS201,Fall 2024,2,36.6,37.8,37.0,1.48,4,21,Male,Low,11.1,Moderate,Bachelors,19,12.5,4,13,42.4,50,34,67.0,3,70.48,Medium,True
STU14979,SE501,Spring 2025,3,56.3,60.9,57.7,2.31,3,24,Male,Low,1.5,High-Speed,Masters,11,23.6,5,11,69.3,50,37,73.3,2,67.01,Medium,False
STU14980,DS201,Spring 2026,5,36.3,36.0,36.2,1.45,3,25,Female,High,8.5,Moderate,High School,7,7.8,3,12,74.1,45,22,48.3,0,49.47,High,False
STU14981,AI301,Fall 2023,0,53.4,49.5,52.2,2.09,4,24,Male,High,21.2,High-Speed,High School,14,20.1,3,10,61.3,50,30,59.5,3,63.01,Low,False
STU14982,DB401,Spring 2025,3,54.1,53.6,53.9,2.16,3,23,Female,Low,11.4,Moderate,High School,15,19.5,2,5,53.0,50,38,75.3,4,70.75,Low,False
STU14983,DB401,Spring 2024,1,38.4,46.2,40.7,1.63,4,22,Female,Low,1.5,High-Speed,Bachelors,11,17.6,6,13,68.5,50,35,70.0,4,65.2,Medium,True
STU14984,DS201,Spring 2025,3,32.0,34.0,32.6,1.3,3,22,Female,Medium,19.2,Moderate,Bachelors,15,9.4,5,13,79.6,40,20,49.2,2,63.02,High,True
STU14985,DS201,Fall 2023,0,48.2,44.6,47.1,1.88,3,24,Male,Low,3.4,Moderate,Bachelors,11,17.7,6,4,82.9,50,27,54.6,2,60.38,Medium,False
STU14986,SE501,Fall 2025,4,57.0,61.6,58.4,2.34,4,23,Female,Medium,5.8,Limited,Bachelors,11,15.6,3,6,55.7,45,32,70.5,6,62.89,Medium,False
STU14987,CS101,Spring 2025,3,75.7,79.7,76.9,3.08,3,21,Female,Low,7.1,Moderate,Bachelors,16,5.8,6,13,75.7,50,35,70.8,3,74.54,Low,False
STU14988,DB401,Spring 2026,5,34.5,41.0,36.4,1.46,3,19,Female,Low,18.1,Moderate,Bachelors,12,22.8,3,12,55.5,45,23,51.3,4,54.75,High,True
STU14989,DB401,Fall 2023,0,58.2,52.7,56.5,2.26,4,25,Female,Medium,25.5,Limited,Bachelors,17,13.3,4,8,75.9,40,32,80.7,5,81.03,Low,False
STU14990,DB401,Spring 2024,1,34.7,31.3,33.7,1.35,4,25,Female,High,25.2,Moderate,Bachelors,5,22.4,5,6,62.8,45,22,49.5,2,44.81,High,False
STU14991,CS101,Spring 2025,3,56.9,64.2,59.1,2.36,4,22,Female,Low,0.1,High-Speed,Masters,14,14.7,5,12,78.5,50,34,68.1,1,70.75,Low,False
STU14992,DB401,Fall 2024,2,49.1,47.9,48.8,1.95,3,24,Male,Medium,24.2,Moderate,High School,7,19.9,3,12,75.4,45,23,51.4,2,51.28,Medium,False
STU14993,CS101,Spring 2025,3,67.7,54.4,63.7,2.55,3,18,Female,Low,0.5,Moderate,High School,15,10.7,9,12,92.1,40,23,57.7,3,69.77,Medium,False
STU14994,DB401,Fall 2025,4,52.5,44.7,50.2,2.01,3,22,Male,Low,2.9,High-Speed,High School,19,16.1,6,5,71.6,50,45,89.2,3,87.42,Low,False
STU14995,DB401,Fall 2023,0,65.0,69.3,66.3,2.65,3,18,Female,High,6.9,Moderate,Masters,10,15.7,4,2,77.1,40,26,65.5,5,63.17,Medium,False
STU14996,SE501,Spring 2025,3,67.3,64.8,66.5,2.66,4,21,Male,Medium,6.2,Moderate,Bachelors,10,13.4,3,7,79.5,50,37,73.4,4,67.6,Low,False
STU14997,SE501,Fall 2024,2,54.1,50.8,53.1,2.12,3,22,Male,Medium,8.8,Limited,High School,17,10.7,6,5,66.2,40,32,80.6,5,79.04,Low,False
STU14998,AI301,Spring 2026,5,57.2,65.5,59.7,2.39,4,25,Female,Medium,6.2,Limited,Doctorate,15,1.0,2,7,85.2,50,37,73.2,1,76.14,Medium,False
STU14999,SE501,Fall 2025,4,59.9,61.0,60.2,2.41,4,24,Female,High,25.9,High-Speed,Masters,11,10.8,6,7,100.0,40,22,54.6,1,63.8,Medium,False
