student_id,course_id,term,term_index,midterm_score,assignment_score,final_score,gpa,credits
STU10000,DS201,Spring 2025,3,53.1,49.3,52.0,2.08,3
STU10001,SE501,Spring 2025,3,73.6,71.8,73.1,2.92,4
STU10002,AI301,Fall 2024,2,80.0,70.8,77.2,3.09,3
STU10003,SE501,Fall 2024,2,63.1,61.5,62.6,2.5,4
STU10004,CS101,Spring 2024,1,47.3,45.2,46.7,1.87,3
STU10005,CS101,Fall 2025,4,44.1,44.9,44.3,1.77,3
STU10006,AI301,Fall 2023,0,43.5,49.8,45.4,1.82,4
STU10007,AI301,Fall 2023,0,58.1,57.1,57.8,2.31,3
STU10008,SE501,Spring 2024,1,52.5,47.6,51.0,2.04,3
STU10009,SE501,Spring 2026,5,49.2,40.6,46.6,1.86,3
STU10010,AI301,Fall 2023,0,53.6,56.4,54.4,2.18,3
STU10011,CS101,Spring 2024,1,52.4,53.5,52.7,2.11,4
STU10012,DB401,Fall 2024,2,54.3,53.8,54.2,2.17,4
STU10013,DB401,Spring 2025,3,50.9,51.7,51.1,2.04,4
STU10014,DS201,Fall 2024,2,35.4,39.6,36.7,1.47,3
STU10015,CS101,Fall 2023,0,75.3,76.9,75.8,3.03,3
STU10016,CS101,Fall 2025,4,58.4,59.9,58.8,2.35,4
STU10017,CS101,Spring 2026,5,58.9,66.0,61.0,2.44,3
STU10018,DS201,Fall 2023,0,67.4,67.7,67.5,2.7,4
STU10019,AI301,Fall 2025,4,51.1,47.7,50.1,2.0,3
STU10020,SE501,Fall 2023,0,72.2,78.7,74.1,2.96,3
STU10021,DS201,Fall 2023,0,48.9,46.1,48.1,1.92,3
STU10022,AI301,Spring 2024,1,40.7,34.6,38.9,1.56,3
STU10023,SE501,Spring 2026,5,74.0,76.1,74.6,2.98,4
STU10024,AI301,Fall 2023,0,53.2,56.4,54.2,2.17,3
STU10025,AI301,Spring 2026,5,79.3,75.3,78.1,3.12,4
STU10026,DB401,Fall 2023,0,71.0,75.2,72.3,2.89,3
STU10027,CS101,Fall 2025,4,68.7,68.7,68.7,2.75,3
STU10028,DB401,Fall 2024,2,44.0,41.7,43.3,1.73,4
STU10029,DS201,Spring 2024,1,65.0,65.2,65.1,2.6,4
STU10030,SE501,Fall 2024,2,82.8,79.7,81.9,3.28,4
STU10031,DB401,Fall 2024,2,40.2,40.1,40.2,1.61,4
STU10032,DB401,Spring 2026,5,63.9,72.2,66.4,2.66,4
STU10033,AI301,Fall 2023,0,44.5,42.9,44.0,1.76,3
STU10034,DB401,Fall 2025,4,55.6,53.8,55.1,2.2,4
STU10035,DS201,Spring 2026,5,60.9,56.6,59.6,2.38,3
STU10036,CS101,Spring 2025,3,68.4,66.2,67.8,2.71,4
STU10037,DB401,Fall 2024,2,46.0,39.7,44.1,1.76,4
STU10038,SE501,Fall 2023,0,64.5,62.2,63.8,2.55,4
STU10039,SE501,Fall 2024,2,55.4,51.9,54.3,2.17,3
STU10040,AI301,Spring 2026,5,43.6,42.3,43.2,1.73,4
STU10041,DB401,Fall 2024,2,59.6,54.4,58.0,2.32,3
STU10042,DS201,Fall 2023,0,50.3,62.6,54.0,2.16,4
STU10043,SE501,Fall 2025,4,53.1,49.0,51.9,2.08,3
STU10044,DS201,Fall 2024,2,68.4,66.4,67.8,2.71,3
STU10045,DB401,Spring 2026,5,46.5,47.8,46.9,1.88,4
STU10046,CS101,Fall 2024,2,65.4,67.4,66.0,2.64,4
STU10047,DB401,Fall 2024,2,45.2,48.8,46.3,1.85,4
STU10048,SE501,Fall 2023,0,39.8,38.5,39.4,1.58,4
STU10049,SE501,Spring 2025,3,71.4,67.2,70.1,2.8,4
STU10050,AI301,Spring 2026,5,66.1,73.5,68.3,2.73,4
STU10051,DB401,Spring 2025,3,40.0,35.6,38.7,1.55,4
STU10052,DB401,Spring 2024,1,52.9,51.8,52.6,2.1,4
STU10053,SE501,Spring 2024,1,48.2,48.5,48.3,1.93,3
STU10054,AI301,Spring 2025,3,56.4,59.5,57.3,2.29,4
STU10055,DB401,Fall 2025,4,52.7,54.9,53.4,2.14,4
STU10056,CS101,Fall 2024,2,50.8,47.9,49.9,2.0,3
STU10057,AI301,Spring 2025,3,67.0,68.1,67.3,2.69,4
STU10058,CS101,Fall 2025,4,56.7,48.9,54.4,2.18,4
STU10059,DS201,Fall 2024,2,41.4,52.4,44.7,1.79,4
STU10060,DB401,Spring 2026,5,35.5,31.5,34.3,1.37,4
STU10061,DB401,Fall 2025,4,50.0,54.5,51.4,2.06,4
STU10062,CS101,Spring 2025,3,78.8,73.9,77.3,3.09,4
STU10063,AI301,Spring 2026,5,57.1,60.3,58.1,2.32,3
STU10064,DS201,Fall 2025,4,70.1,65.1,68.6,2.74,3
STU10065,DB401,Fall 2025,4,44.1,48.6,45.5,1.82,3
STU10066,DS201,Spring 2025,3,59.1,68.6,61.9,2.48,4
STU10067,CS101,Fall 2024,2,60.3,60.7,60.4,2.42,4
STU10068,SE501,Spring 2024,1,78.5,81.3,79.3,3.17,4
STU10069,AI301,Fall 2024,2,51.3,56.2,52.8,2.11,4
STU10070,AI301,Spring 2026,5,55.2,52.3,54.3,2.17,4
STU10071,AI301,Fall 2023,0,45.0,49.8,46.4,1.86,4
STU10072,DS201,Spring 2026,5,58.0,55.7,57.3,2.29,3
STU10073,DB401,Spring 2026,5,69.3,80.1,72.5,2.9,4
STU10074,AI301,Spring 2024,1,53.4,47.3,51.6,2.06,4
STU10075,CS101,Spring 2026,5,49.9,50.7,50.1,2.0,3
STU10076,DB401,Spring 2024,1,51.7,46.6,50.2,2.01,4
STU10077,CS101,Spring 2024,1,50.9,56.9,52.7,2.11,3
STU10078,DB401,Fall 2023,0,66.6,79.0,70.3,2.81,4
STU10079,DS201,Fall 2023,0,62.1,63.5,62.5,2.5,3
STU10080,SE501,Fall 2023,0,52.1,61.8,55.0,2.2,3
STU10081,AI301,Spring 2026,5,42.5,46.7,43.8,1.75,3
STU10082,CS101,Spring 2024,1,59.6,67.9,62.1,2.48,3
STU10083,CS101,Spring 2025,3,60.5,64.6,61.7,2.47,4
STU10084,DS201,Spring 2025,3,51.9,60.7,54.6,2.18,4
STU10085,DS201,Fall 2024,2,77.5,85.6,79.9,3.2,3
STU10086,SE501,Fall 2023,0,70.6,68.2,69.9,2.8,3
STU10087,CS101,Fall 2023,0,62.7,60.4,62.0,2.48,4
STU10088,DB401,Spring 2024,1,58.3,57.3,58.0,2.32,3
STU10089,SE501,Spring 2025,3,49.3,46.2,48.4,1.94,4
STU10090,CS101,Fall 2024,2,51.3,54.1,52.1,2.08,3
STU10091,DB401,Spring 2026,5,65.3,72.7,67.5,2.7,3
STU10092,SE501,Spring 2025,3,39.3,41.9,40.1,1.6,3
STU10093,AI301,Spring 2026,5,61.3,59.8,60.9,2.44,4
STU10094,DB401,Spring 2026,5,57.9,59.1,58.3,2.33,4
STU10095,CS101,Fall 2023,0,66.4,56.7,63.5,2.54,3
STU10096,SE501,Fall 2025,4,60.6,55.0,58.9,2.36,4
STU10097,AI301,Fall 2025,4,67.8,66.3,67.4,2.7,4
STU10098,DS201,Fall 2025,4,49.5,52.1,50.3,2.01,3
STU10099,DS201,Fall 2024,2,27.1,30.0,28.0,1.12,4
STU10100,SE501,Fall 2025,4,55.0,56.0,55.3,2.21,3
STU10101,AI301,Spring 2024,1,52.8,51.6,52.4,2.1,4
STU10102,SE501,Fall 2024,2,53.2,51.3,52.6,2.1,4
STU10103,AI301,Fall 2025,4,46.9,41.2,45.2,1.81,4
STU10104,AI301,Fall 2025,4,43.5,45.8,44.2,1.77,4
STU10105,DS201,Fall 2023,0,57.4,55.2,56.7,2.27,3
STU10106,DB401,Spring 2026,5,49.5,50.2,49.7,1.99,3
STU10107,SE501,Fall 2023,0,57.1,53.9,56.1,2.24,4
STU10108,AI301,Fall 2024,2,52.3,55.3,53.2,2.13,3
STU10109,CS101,Fall 2024,2,56.3,56.9,56.5,2.26,3
STU10110,DS201,Fall 2024,2,63.6,65.0,64.0,2.56,3
STU10111,CS101,Fall 2024,2,55.8,52.0,54.7,2.19,3
STU10112,AI301,Fall 2023,0,51.4,47.3,50.2,2.01,4
STU10113,AI301,Fall 2025,4,52.5,54.0,52.9,2.12,4
STU10114,DB401,Spring 2025,3,59.9,52.8,57.8,2.31,4
STU10115,DS201,Fall 2024,2,60.9,65.3,62.2,2.49,3
STU10116,DS201,Spring 2026,5,44.2,43.6,44.0,1.76,3
STU10117,DS201,Spring 2024,1,69.6,64.8,68.2,2.73,3
STU10118,SE501,Spring 2026,5,57.2,49.7,55.0,2.2,4
STU10119,DS201,Fall 2024,2,57.1,62.1,58.6,2.34,4
STU10120,DB401,Spring 2026,5,72.0,60.7,68.6,2.74,4
STU10121,SE501,Fall 2025,4,63.1,65.4,63.8,2.55,3
STU10122,CS101,Fall 2024,2,53.1,53.8,53.3,2.13,3
STU10123,SE501,Spring 2026,5,53.8,57.0,54.8,2.19,4
STU10124,CS101,Fall 2025,4,59.7,54.3,58.1,2.32,3
STU10125,AI301,Spring 2024,1,61.4,58.0,60.4,2.42,4
STU10126,CS101,Spring 2025,3,43.3,45.0,43.8,1.75,3
STU10127,DS201,Fall 2025,4,46.1,46.4,46.2,1.85,3
STU10128,CS101,Fall 2025,4,65.1,69.5,66.4,2.66,3
STU10129,DS201,Fall 2024,2,41.3,41.1,41.3,1.65,4
STU10130,SE501,Fall 2025,4,41.8,48.8,43.9,1.76,4
STU10131,CS101,Fall 2025,4,47.9,48.6,48.1,1.92,3
STU10132,AI301,Fall 2025,4,52.5,60.6,54.9,2.2,3
STU10133,DS201,Spring 2026,5,47.7,56.3,50.3,2.01,3
STU10134,CS101,Spring 2024,1,41.6,50.4,44.2,1.77,3
STU10135,SE501,Spring 2024,1,45.4,41.8,44.3,1.77,4
STU10136,DS201,Fall 2025,4,60.3,66.4,62.1,2.48,3
STU10137,CS101,Spring 2025,3,47.0,46.9,47.0,1.88,3
STU10138,DS201,Fall 2023,0,52.8,52.7,52.8,2.11,4
STU10139,DB401,Spring 2024,1,64.4,68.5,65.6,2.62,3
STU10140,DB401,Fall 2025,4,60.8,59.0,60.3,2.41,3
STU10141,SE501,Fall 2023,0,46.4,38.0,43.9,1.76,3
STU10142,AI301,Fall 2023,0,64.6,64.7,64.6,2.58,4
STU10143,DB401,Spring 2026,5,54.4,63.8,57.2,2.29,4
STU10144,SE501,Fall 2024,2,59.0,57.3,58.5,2.34,3
STU10145,DB401,Spring 2025,3,56.0,55.6,55.9,2.24,3
STU10146,SE501,Fall 2024,2,39.6,41.6,40.2,1.61,4
STU10147,AI301,Fall 2025,4,52.5,50.6,51.9,2.08,3
STU10148,DB401,Fall 2023,0,59.2,58.2,58.9,2.36,3
STU10149,DB401,Spring 2026,5,46.3,46.9,46.5,1.86,4
STU10150,CS101,Fall 2023,0,50.5,48.4,49.9,2.0,4
STU10151,SE501,Fall 2023,0,43.1,49.6,45.0,1.8,4
STU10152,DS201,Fall 2024,2,48.1,58.7,51.3,2.05,4
STU10153,SE501,Spring 2024,1,50.2,52.5,50.9,2.04,4
STU10154,SE501,Spring 2025,3,46.2,43.7,45.4,1.82,3
STU10155,DB401,Fall 2023,0,42.2,44.7,42.9,1.72,4
STU10156,DB401,Spring 2025,3,60.6,54.9,58.9,2.36,4
STU10157,SE501,Spring 2026,5,57.6,50.7,55.5,2.22,3
STU10158,SE501,Fall 2023,0,42.7,42.3,42.6,1.7,4
STU10159,SE501,Fall 2024,2,51.9,58.2,53.8,2.15,3
STU10160,AI301,Fall 2025,4,43.0,50.0,45.1,1.8,4
STU10161,DB401,Spring 2024,1,40.9,42.9,41.5,1.66,3
STU10162,DS201,Fall 2025,4,41.9,45.4,43.0,1.72,4
STU10163,DS201,Fall 2024,2,71.1,72.2,71.4,2.86,4
STU10164,DS201,Fall 2023,0,67.4,66.9,67.3,2.69,3
STU10165,DS201,Spring 2026,5,60.0,53.9,58.2,2.33,4
STU10166,DS201,Spring 2025,3,40.8,46.8,42.6,1.7,3
STU10167,DS201,Spring 2026,5,60.6,58.5,60.0,2.4,4
STU10168,AI301,Fall 2024,2,63.8,68.0,65.1,2.6,3
STU10169,CS101,Spring 2026,5,58.4,58.2,58.3,2.33,4
STU10170,DS201,Fall 2025,4,57.7,52.9,56.3,2.25,3
STU10171,AI301,Fall 2025,4,52.1,48.0,50.9,2.04,4
STU10172,AI301,Fall 2025,4,62.0,59.1,61.1,2.44,4
STU10173,AI301,Spring 2026,5,56.2,56.7,56.3,2.25,4
STU10174,DS201,Fall 2023,0,43.5,49.4,45.3,1.81,3
STU10175,DB401,Fall 2025,4,57.6,61.2,58.7,2.35,4
STU10176,CS101,Fall 2025,4,55.9,51.9,54.7,2.19,4
STU10177,CS101,Fall 2023,0,55.2,48.6,53.2,2.13,4
STU10178,CS101,Fall 2023,0,61.9,65.3,62.9,2.52,3
STU10179,DS201,Fall 2024,2,51.9,61.6,54.8,2.19,4
STU10180,DS201,Fall 2023,0,58.2,63.0,59.6,2.38,4
STU10181,SE501,Spring 2026,5,65.2,75.4,68.3,2.73,4
STU10182,AI301,Spring 2025,3,57.4,54.9,56.6,2.26,3
STU10183,DS201,Spring 2025,3,62.7,62.7,62.7,2.51,3
STU10184,CS101,Spring 2024,1,25.0,30.9,26.5,1.06,3
STU10185,CS101,Fall 2023,0,74.3,66.1,71.8,2.87,4
STU10186,DS201,Fall 2025,4,55.6,57.5,56.2,2.25,3
STU10187,DS201,Spring 2024,1,46.3,47.9,46.8,1.87,4
STU10188,DB401,Spring 2025,3,42.9,49.9,45.0,1.8,4
STU10189,SE501,Spring 2026,5,42.7,37.9,41.3,1.65,4
STU10190,DS201,Fall 2024,2,69.4,68.3,69.1,2.76,4
STU10191,DS201,Spring 2026,5,67.6,64.2,66.6,2.66,3
STU10192,SE501,Spring 2026,5,59.5,59.0,59.3,2.37,3
STU10193,SE501,Spring 2026,5,69.4,63.2,67.5,2.7,4
STU10194,CS101,Spring 2026,5,33.4,36.1,34.2,1.37,3
STU10195,AI301,Fall 2024,2,40.5,41.3,40.7,1.63,4
STU10196,DS201,Spring 2024,1,49.0,47.6,48.6,1.94,3
STU10197,DS201,Fall 2025,4,49.0,50.4,49.4,1.98,3
STU10198,DB401,Fall 2023,0,62.1,64.3,62.7,2.51,3
STU10199,DB401,Fall 2024,2,60.7,68.1,62.9,2.52,3
STU10200,SE501,Fall 2025,4,39.6,39.1,39.5,1.58,3
STU10201,SE501,Fall 2023,0,73.6,80.3,75.6,3.02,4
STU10202,SE501,Spring 2024,1,59.3,55.2,58.1,2.32,3
STU10203,CS101,Fall 2023,0,51.3,48.2,50.4,2.02,3
STU10204,SE501,Spring 2025,3,45.4,53.4,47.8,1.91,3
STU10205,DB401,Fall 2025,4,51.4,57.5,53.2,2.13,3
STU10206,CS101,Fall 2024,2,60.6,52.1,58.1,2.32,4
STU10207,AI301,Fall 2025,4,65.1,54.2,61.8,2.47,4
STU10208,CS101,Fall 2025,4,31.8,39.4,34.1,1.36,3
STU10209,DB401,Fall 2024,2,59.0,58.4,58.8,2.35,4
STU10210,CS101,Spring 2024,1,59.0,55.9,58.1,2.32,3
STU10211,DS201,Spring 2024,1,58.4,59.7,58.8,2.35,3
STU10212,DS201,Fall 2023,0,70.0,67.0,69.1,2.76,4
STU10213,DS201,Fall 2025,4,55.4,55.5,55.4,2.22,4
STU10214,CS101,Spring 2024,1,50.1,48.6,49.6,1.98,3
STU10215,AI301,Spring 2026,5,72.1,70.2,71.5,2.86,3
STU10216,CS101,Spring 2024,1,56.5,46.9,53.6,2.14,4
STU10217,AI301,Spring 2025,3,57.4,52.3,55.9,2.24,4
STU10218,DB401,Spring 2026,5,58.7,64.3,60.4,2.42,4
STU10219,AI301,Fall 2023,0,59.1,62.9,60.2,2.41,4
STU10220,DB401,Fall 2025,4,69.3,70.4,69.6,2.78,3
STU10221,DB401,Fall 2025,4,62.0,66.0,63.2,2.53,3
STU10222,AI301,Fall 2024,2,43.5,43.9,43.6,1.74,4
STU10223,DB401,Fall 2024,2,58.7,50.1,56.1,2.24,3
STU10224,DB401,Fall 2023,0,44.5,38.9,42.8,1.71,3
STU10225,DB401,Spring 2025,3,69.0,71.5,69.8,2.79,4
STU10226,DS201,Spring 2025,3,46.6,37.9,44.0,1.76,3
STU10227,SE501,Spring 2024,1,41.7,37.7,40.5,1.62,4
STU10228,CS101,Spring 2024,1,51.8,48.2,50.7,2.03,4
STU10229,DB401,Fall 2025,4,66.5,67.8,66.9,2.68,4
STU10230,AI301,Spring 2026,5,77.5,76.4,77.2,3.09,4
STU10231,CS101,Fall 2025,4,58.5,59.4,58.8,2.35,3
STU10232,DS201,Spring 2025,3,57.2,59.5,57.9,2.32,3
STU10233,SE501,Spring 2026,5,47.0,48.8,47.5,1.9,4
STU10234,SE501,Spring 2026,5,48.3,52.6,49.6,1.98,3
STU10235,SE501,Spring 2026,5,55.1,55.9,55.3,2.21,3
STU10236,SE501,Fall 2023,0,40.9,36.0,39.4,1.58,4
STU10237,AI301,Spring 2025,3,55.0,48.7,53.1,2.12,4
STU10238,SE501,Spring 2024,1,52.7,54.7,53.3,2.13,4
STU10239,DB401,Spring 2026,5,53.4,52.9,53.3,2.13,3
STU10240,DB401,Fall 2025,4,32.1,32.0,32.1,1.28,4
STU10241,AI301,Spring 2025,3,58.6,55.3,57.6,2.3,4
STU10242,AI301,Spring 2025,3,50.2,49.9,50.1,2.0,3
STU10243,CS101,Spring 2026,5,42.4,34.8,40.1,1.6,3
STU10244,DS201,Fall 2023,0,43.2,36.1,41.1,1.64,3
STU10245,DB401,Fall 2025,4,44.1,58.7,48.5,1.94,3
STU10246,CS101,Spring 2024,1,55.8,45.0,52.5,2.1,3
STU10247,CS101,Fall 2023,0,44.0,38.8,42.4,1.7,3
STU10248,DB401,Spring 2025,3,45.9,40.0,44.1,1.76,4
STU10249,DB401,Fall 2024,2,63.6,57.7,61.8,2.47,4
STU10250,SE501,Spring 2025,3,44.2,41.9,43.5,1.74,3
STU10251,CS101,Spring 2026,5,55.0,48.4,53.0,2.12,3
STU10252,DB401,Spring 2025,3,53.0,56.4,54.0,2.16,3
STU10253,DS201,Spring 2026,5,42.0,42.4,42.1,1.68,4
STU10254,DS201,Spring 2026,5,40.0,42.2,40.6,1.62,4
STU10255,DB401,Spring 2024,1,41.3,42.5,41.6,1.66,4
STU10256,DB401,Fall 2025,4,66.5,63.0,65.5,2.62,4
STU10257,SE501,Fall 2025,4,62.7,58.7,61.5,2.46,4
STU10258,DB401,Spring 2026,5,41.0,47.6,43.0,1.72,3
STU10259,DB401,Spring 2025,3,59.1,59.7,59.3,2.37,3
STU10260,AI301,Fall 2024,2,72.2,72.8,72.4,2.9,3
STU10261,AI301,Fall 2025,4,43.3,43.8,43.4,1.74,4
STU10262,CS101,Fall 2023,0,62.0,62.5,62.2,2.49,3
STU10263,AI301,Fall 2025,4,53.6,46.3,51.4,2.06,4
STU10264,SE501,Spring 2026,5,48.5,50.4,49.1,1.96,4
STU10265,DS201,Spring 2025,3,52.7,65.5,56.5,2.26,4
STU10266,DB401,Spring 2025,3,43.3,43.7,43.4,1.74,3
STU10267,DB401,Spring 2025,3,50.2,58.9,52.8,2.11,3
STU10268,SE501,Fall 2024,2,59.2,59.9,59.4,2.38,4
STU10269,AI301,Fall 2025,4,52.5,54.0,53.0,2.12,3
STU10270,DB401,Spring 2026,5,52.0,53.6,52.5,2.1,3
STU10271,CS101,Fall 2024,2,59.2,49.5,56.3,2.25,4
STU10272,CS101,Fall 2023,0,59.9,52.3,57.6,2.3,4
STU10273,DB401,Spring 2024,1,75.4,74.5,75.1,3.0,3
STU10274,SE501,Fall 2024,2,54.9,63.6,57.5,2.3,3
STU10275,AI301,Fall 2024,2,38.0,35.7,37.3,1.49,4
STU10276,AI301,Fall 2023,0,48.6,51.2,49.4,1.98,3
STU10277,DS201,Fall 2025,4,69.0,64.3,67.6,2.7,4
STU10278,CS101,Spring 2024,1,81.2,86.0,82.6,3.3,4
STU10279,AI301,Spring 2026,5,50.9,43.6,48.7,1.95,4
STU10280,DS201,Fall 2024,2,44.1,49.5,45.7,1.83,3
STU10281,DB401,Fall 2024,2,52.2,52.0,52.1,2.08,4
STU10282,SE501,Fall 2025,4,57.8,56.8,57.5,2.3,3
STU10283,DS201,Spring 2025,3,51.5,55.0,52.6,2.1,4
STU10284,DB401,Spring 2026,5,52.2,58.9,54.2,2.17,4
STU10285,DB401,Fall 2025,4,55.1,47.3,52.8,2.11,4
STU10286,CS101,Fall 2025,4,48.2,51.6,49.2,1.97,3
STU10287,DS201,Fall 2025,4,33.7,30.0,32.6,1.3,4
STU10288,CS101,Spring 2024,1,60.6,57.3,59.6,2.38,3
STU10289,DS201,Spring 2024,1,47.5,34.9,43.7,1.75,4
STU10290,DS201,Spring 2024,1,52.6,51.2,52.2,2.09,4
STU10291,CS101,Spring 2026,5,52.6,53.6,52.9,2.12,3
STU10292,AI301,Spring 2025,3,40.6,45.4,42.0,1.68,3
STU10293,CS101,Spring 2026,5,64.3,65.9,64.8,2.59,3
STU10294,SE501,Spring 2024,1,51.1,51.3,51.2,2.05,3
STU10295,CS101,Fall 2024,2,57.4,62.0,58.8,2.35,3
STU10296,CS101,Spring 2025,3,63.3,70.0,65.3,2.61,4
STU10297,DS201,Spring 2026,5,64.6,69.9,66.2,2.65,3
STU10298,CS101,Fall 2024,2,58.9,69.3,62.0,2.48,4
STU10299,AI301,Fall 2024,2,57.9,55.3,57.1,2.28,4
STU10300,CS101,Spring 2026,5,60.7,67.1,62.6,2.5,4
STU10301,SE501,Spring 2024,1,62.3,55.0,60.1,2.4,3
STU10302,AI301,Fall 2023,0,56.7,50.5,54.9,2.2,3
STU10303,DB401,Spring 2025,3,37.3,37.2,37.3,1.49,4
STU10304,CS101,Spring 2026,5,54.7,52.3,54.0,2.16,4
STU10305,DS201,Spring 2024,1,67.1,70.7,68.2,2.73,3
STU10306,AI301,Fall 2024,2,56.4,58.7,57.1,2.28,4
STU10307,DB401,Spring 2026,5,68.1,76.0,70.5,2.82,3
STU10308,SE501,Fall 2024,2,52.1,54.8,52.9,2.12,4
STU10309,SE501,Spring 2026,5,37.4,39.8,38.1,1.52,4
STU10310,AI301,Fall 2024,2,58.4,52.7,56.7,2.27,4
STU10311,DB401,Fall 2024,2,39.5,38.3,39.2,1.57,4
STU10312,SE501,Spring 2026,5,40.7,45.4,42.1,1.68,4
STU10313,AI301,Spring 2025,3,71.6,86.3,76.0,3.04,4
STU10314,AI301,Fall 2023,0,62.4,58.2,61.1,2.44,3
STU10315,DS201,Fall 2025,4,68.7,74.6,70.5,2.82,3
STU10316,DS201,Spring 2026,5,60.6,60.7,60.6,2.42,4
STU10317,CS101,Spring 2024,1,63.8,64.4,64.0,2.56,4
STU10318,AI301,Spring 2025,3,61.0,56.9,59.8,2.39,3
STU10319,SE501,Spring 2026,5,58.0,55.6,57.3,2.29,3
STU10320,CS101,Fall 2025,4,63.9,63.5,63.8,2.55,4
STU10321,CS101,Spring 2026,5,60.2,64.6,61.5,2.46,3
STU10322,SE501,Spring 2026,5,57.1,64.6,59.3,2.37,4
STU10323,SE501,Spring 2025,3,67.3,64.9,66.6,2.66,3
STU10324,AI301,Spring 2025,3,61.5,58.7,60.7,2.43,4
STU10325,CS101,Fall 2025,4,38.1,41.9,39.2,1.57,3
STU10326,DB401,Spring 2025,3,48.1,46.9,47.7,1.91,3
STU10327,DB401,Fall 2024,2,52.6,57.9,54.2,2.17,3
STU10328,AI301,Spring 2026,5,44.8,48.0,45.7,1.83,4
STU10329,AI301,Spring 2025,3,64.1,61.1,63.2,2.53,3
STU10330,SE501,Spring 2025,3,52.1,56.7,53.5,2.14,4
STU10331,SE501,Fall 2025,4,63.3,65.8,64.1,2.56,4
STU10332,AI301,Spring 2024,1,53.9,52.8,53.6,2.14,3
STU10333,DB401,Spring 2025,3,70.5,72.8,71.2,2.85,4
STU10334,CS101,Spring 2024,1,39.3,34.4,37.8,1.51,4
STU10335,DS201,Fall 2023,0,46.1,44.1,45.5,1.82,4
STU10336,CS101,Fall 2023,0,48.3,52.3,49.5,1.98,3
STU10337,DS201,Fall 2024,2,49.0,47.6,48.6,1.94,4
STU10338,DS201,Fall 2024,2,49.8,52.0,50.4,2.02,4
STU10339,DB401,Fall 2025,4,45.8,38.5,43.6,1.74,3
STU10340,DB401,Spring 2026,5,49.0,48.7,48.9,1.96,4
STU10341,CS101,Fall 2024,2,68.4,69.6,68.8,2.75,3
STU10342,AI301,Spring 2025,3,57.2,54.1,56.3,2.25,3
STU10343,DB401,Spring 2024,1,67.6,68.2,67.8,2.71,4
STU10344,CS101,Spring 2025,3,68.9,70.0,69.2,2.77,3
STU10345,SE501,Spring 2025,3,55.3,50.2,53.8,2.15,3
STU10346,DB401,Fall 2025,4,62.4,48.2,58.1,2.32,3
STU10347,DB401,Fall 2024,2,56.7,52.2,55.3,2.21,4
STU10348,SE501,Spring 2026,5,59.7,49.2,56.6,2.26,3
STU10349,SE501,Spring 2025,3,56.9,60.5,58.0,2.32,3
STU10350,DS201,Fall 2025,4,37.9,43.6,39.6,1.58,3
STU10351,DS201,Spring 2025,3,54.6,48.7,52.8,2.11,3
STU10352,DS201,Fall 2023,0,53.2,47.9,51.6,2.06,3
STU10353,CS101,Fall 2025,4,84.9,83.0,84.3,3.37,4
STU10354,DS201,Fall 2023,0,32.7,30.0,31.9,1.28,4
STU10355,DS201,Fall 2025,4,57.9,54.2,56.8,2.27,4
STU10356,DB401,Spring 2026,5,48.8,40.2,46.2,1.85,3
STU10357,SE501,Fall 2024,2,51.4,51.2,51.4,2.06,3
STU10358,CS101,Spring 2026,5,51.5,46.9,50.1,2.0,4
STU10359,SE501,Spring 2024,1,34.0,30.0,32.8,1.31,3
STU10360,DS201,Spring 2024,1,32.2,30.0,31.5,1.26,4
STU10361,AI301,Spring 2024,1,45.3,45.9,45.5,1.82,3
STU10362,DS201,Spring 2025,3,68.6,67.5,68.3,2.73,3
STU10363,DS201,Fall 2023,0,61.2,63.7,62.0,2.48,4
STU10364,DS201,Spring 2024,1,58.4,68.1,61.3,2.45,4
STU10365,DS201,Spring 2024,1,58.8,58.6,58.7,2.35,4
STU10366,SE501,Spring 2024,1,55.3,62.3,57.4,2.3,4
STU10367,CS101,Spring 2024,1,39.6,32.5,37.5,1.5,3
STU10368,DB401,Spring 2026,5,58.5,41.9,53.5,2.14,3
STU10369,DB401,Fall 2023,0,58.7,54.4,57.4,2.3,3
STU10370,DS201,Fall 2023,0,54.8,52.8,54.2,2.17,4
STU10371,DS201,Spring 2026,5,35.6,30.0,33.9,1.36,4
STU10372,AI301,Fall 2024,2,47.6,50.7,48.5,1.94,3
STU10373,AI301,Spring 2025,3,42.3,39.2,41.4,1.66,4
STU10374,DB401,Fall 2025,4,62.1,61.2,61.8,2.47,3
STU10375,CS101,Fall 2024,2,60.0,59.8,60.0,2.4,4
STU10376,DS201,Spring 2024,1,48.4,54.5,50.2,2.01,3
STU10377,SE501,Spring 2024,1,48.7,45.6,47.8,1.91,4
STU10378,DB401,Fall 2023,0,71.1,68.6,70.3,2.81,3
STU10379,AI301,Fall 2025,4,51.1,57.3,53.0,2.12,4
STU10380,CS101,Spring 2026,5,64.7,72.0,66.9,2.68,4
STU10381,SE501,Fall 2023,0,67.0,74.3,69.2,2.77,4
STU10382,CS101,Spring 2025,3,51.3,58.4,53.4,2.14,4
STU10383,CS101,Fall 2023,0,48.7,37.0,45.2,1.81,3
STU10384,DB401,Spring 2025,3,65.3,60.3,63.8,2.55,3
STU10385,CS101,Fall 2024,2,47.9,58.1,51.0,2.04,3
STU10386,AI301,Spring 2025,3,41.4,44.2,42.2,1.69,4
STU10387,CS101,Fall 2025,4,45.6,54.4,48.2,1.93,3
STU10388,CS101,Spring 2026,5,52.7,57.2,54.1,2.16,4
STU10389,DS201,Spring 2024,1,49.4,52.0,50.2,2.01,3
STU10390,AI301,Fall 2023,0,54.0,56.8,54.8,2.19,4
STU10391,DB401,Fall 2024,2,49.0,48.2,48.8,1.95,4
STU10392,AI301,Spring 2026,5,56.1,56.3,56.2,2.25,4
STU10393,SE501,Spring 2026,5,56.3,50.6,54.6,2.18,3
STU10394,CS101,Fall 2023,0,65.7,63.0,64.9,2.6,4
STU10395,DS201,Fall 2024,2,72.1,69.9,71.4,2.86,3
STU10396,CS101,Spring 2026,5,42.6,44.4,43.1,1.72,4
STU10397,DS201,Spring 2024,1,49.7,53.4,50.8,2.03,3
STU10398,DS201,Spring 2026,5,67.2,71.9,68.6,2.74,3
STU10399,DS201,Spring 2026,5,52.5,62.0,55.3,2.21,3
STU10400,SE501,Fall 2025,4,47.8,52.5,49.2,1.97,3
STU10401,DB401,Fall 2025,4,53.7,57.6,54.9,2.2,4
STU10402,AI301,Spring 2026,5,42.8,36.1,40.8,1.63,4
STU10403,DB401,Spring 2025,3,48.5,40.4,46.1,1.84,3
STU10404,DS201,Spring 2025,3,69.3,71.1,69.9,2.8,3
STU10405,AI301,Fall 2023,0,49.5,47.9,49.0,1.96,3
STU10406,DB401,Spring 2025,3,63.6,64.3,63.8,2.55,3
STU10407,CS101,Fall 2025,4,70.9,65.4,69.3,2.77,4
STU10408,SE501,Spring 2026,5,59.4,59.4,59.4,2.38,4
STU10409,CS101,Fall 2023,0,50.7,48.2,49.9,2.0,4
STU10410,DB401,Spring 2026,5,54.5,56.9,55.2,2.21,3
STU10411,AI301,Spring 2024,1,54.9,57.9,55.8,2.23,3
STU10412,CS101,Spring 2024,1,52.8,54.4,53.3,2.13,3
STU10413,SE501,Spring 2024,1,53.5,47.8,51.8,2.07,3
STU10414,CS101,Spring 2024,1,62.5,61.8,62.3,2.49,3
STU10415,AI301,Fall 2024,2,63.5,71.9,66.0,2.64,4
STU10416,AI301,Spring 2026,5,79.4,76.9,78.7,3.15,4
STU10417,SE501,Fall 2025,4,54.5,51.2,53.5,2.14,4
STU10418,AI301,Fall 2023,0,59.3,63.1,60.4,2.42,4
STU10419,DS201,Fall 2024,2,52.1,49.3,51.3,2.05,3
STU10420,SE501,Fall 2024,2,52.4,47.9,51.0,2.04,3
STU10421,SE501,Spring 2024,1,61.0,57.6,60.0,2.4,4
STU10422,AI301,Spring 2024,1,41.9,46.7,43.3,1.73,3
STU10423,DB401,Spring 2024,1,67.1,66.1,66.8,2.67,4
STU10424,DS201,Spring 2026,5,62.8,66.8,64.0,2.56,3
STU10425,AI301,Fall 2023,0,58.5,64.4,60.3,2.41,3
STU10426,SE501,Fall 2025,4,61.7,59.5,61.0,2.44,3
STU10427,DB401,Spring 2024,1,63.3,62.5,63.1,2.52,3
STU10428,DS201,Spring 2025,3,59.0,57.8,58.6,2.34,3
STU10429,DB401,Fall 2025,4,49.3,45.3,48.1,1.92,4
STU10430,CS101,Spring 2026,5,57.0,62.0,58.5,2.34,4
STU10431,AI301,Fall 2024,2,48.3,46.2,47.7,1.91,3
STU10432,DS201,Spring 2026,5,49.0,43.8,47.4,1.9,3
STU10433,DB401,Spring 2024,1,71.9,80.4,74.4,2.98,3
STU10434,DS201,Fall 2023,0,79.9,78.7,79.5,3.18,4
STU10435,SE501,Spring 2024,1,67.9,67.6,67.8,2.71,3
STU10436,SE501,Fall 2024,2,57.7,54.9,56.9,2.28,4
STU10437,AI301,Fall 2023,0,56.4,50.6,54.7,2.19,4
STU10438,SE501,Fall 2025,4,55.2,47.7,52.9,2.12,4
STU10439,DS201,Fall 2023,0,56.2,60.6,57.5,2.3,4
STU10440,DS201,Fall 2023,0,40.1,37.3,39.3,1.57,3
STU10441,DS201,Spring 2026,5,47.9,37.4,44.8,1.79,3
STU10442,CS101,Spring 2024,1,54.1,50.0,52.9,2.12,3
STU10443,AI301,Spring 2025,3,50.4,49.0,50.0,2.0,4
STU10444,CS101,Spring 2024,1,69.7,66.0,68.6,2.74,4
STU10445,DS201,Spring 2024,1,53.8,56.3,54.5,2.18,3
STU10446,CS101,Spring 2026,5,48.7,46.6,48.1,1.92,4
STU10447,AI301,Fall 2025,4,51.3,55.6,52.6,2.1,3
STU10448,SE501,Fall 2025,4,53.1,57.5,54.4,2.18,4
STU10449,CS101,Spring 2025,3,41.2,36.1,39.7,1.59,3
STU10450,AI301,Fall 2025,4,56.0,52.3,54.9,2.2,3
STU10451,DS201,Fall 2023,0,71.2,76.4,72.7,2.91,3
STU10452,AI301,Fall 2024,2,65.1,66.5,65.5,2.62,4
STU10453,SE501,Spring 2024,1,58.0,61.5,59.1,2.36,3
STU10454,CS101,Fall 2024,2,60.3,63.8,61.4,2.46,4
STU10455,AI301,Spring 2025,3,34.6,31.2,33.6,1.34,4
STU10456,DB401,Spring 2024,1,51.4,63.9,55.2,2.21,4
STU10457,CS101,Fall 2025,4,59.1,64.0,60.6,2.42,4
STU10458,CS101,Spring 2025,3,51.0,48.9,50.4,2.02,4
STU10459,CS101,Fall 2025,4,58.1,63.2,59.6,2.38,4
STU10460,CS101,Spring 2024,1,58.5,58.0,58.4,2.34,3
STU10461,SE501,Fall 2025,4,62.8,63.4,63.0,2.52,4
STU10462,DS201,Spring 2024,1,59.0,55.9,58.1,2.32,3
STU10463,CS101,Fall 2025,4,61.7,57.3,60.4,2.42,3
STU10464,DB401,Fall 2025,4,53.2,57.0,54.3,2.17,4
STU10465,DB401,Spring 2026,5,64.5,61.0,63.4,2.54,4
STU10466,DB401,Fall 2024,2,52.6,48.7,51.4,2.06,4
STU10467,SE501,Spring 2025,3,60.3,58.7,59.8,2.39,4
STU10468,AI301,Fall 2025,4,70.8,65.4,69.2,2.77,4
STU10469,CS101,Spring 2024,1,46.7,47.0,46.8,1.87,4
STU10470,DB401,Fall 2023,0,45.7,43.1,44.9,1.8,4
STU10471,DS201,Spring 2026,5,53.8,58.8,55.3,2.21,4
STU10472,DB401,Fall 2025,4,41.1,46.2,42.6,1.7,4
STU10473,AI301,Fall 2023,0,51.5,51.4,51.5,2.06,3
STU10474,DS201,Spring 2025,3,54.3,50.1,53.0,2.12,3
STU10475,CS101,Fall 2024,2,65.1,64.1,64.8,2.59,3
STU10476,DB401,Spring 2026,5,37.1,35.2,36.5,1.46,4
STU10477,DS201,Spring 2025,3,36.4,44.3,38.8,1.55,4
STU10478,CS101,Fall 2025,4,57.6,56.0,57.1,2.28,3
STU10479,SE501,Spring 2026,5,54.9,56.0,55.2,2.21,4
STU10480,DB401,Fall 2025,4,48.5,51.8,49.5,1.98,4
STU10481,DB401,Spring 2025,3,47.1,54.4,49.3,1.97,3
STU10482,SE501,Fall 2024,2,58.2,56.5,57.7,2.31,3
STU10483,DB401,Spring 2026,5,38.4,31.0,36.2,1.45,4
STU10484,DB401,Spring 2025,3,84.9,85.5,85.1,3.4,3
STU10485,CS101,Fall 2025,4,39.6,45.2,41.3,1.65,3
STU10486,DS201,Spring 2025,3,58.0,59.9,58.6,2.34,3
STU10487,DB401,Fall 2025,4,70.1,67.3,69.3,2.77,4
STU10488,CS101,Spring 2024,1,54.6,52.9,54.1,2.16,3
STU10489,DB401,Spring 2026,5,40.3,36.1,39.1,1.56,4
STU10490,AI301,Fall 2024,2,47.1,45.9,46.7,1.87,4
STU10491,AI301,Spring 2025,3,62.4,58.0,61.1,2.44,4
STU10492,CS101,Spring 2025,3,54.7,56.6,55.3,2.21,4
STU10493,DB401,Fall 2023,0,56.0,58.5,56.8,2.27,3
STU10494,CS101,Fall 2024,2,55.6,56.1,55.8,2.23,4
STU10495,DB401,Spring 2026,5,52.9,57.2,54.2,2.17,3
STU10496,CS101,Fall 2023,0,60.4,66.6,62.3,2.49,4
STU10497,DB401,Fall 2023,0,55.9,63.1,58.1,2.32,4
STU10498,AI301,Fall 2025,4,53.8,54.4,54.0,2.16,4
STU10499,CS101,Spring 2026,5,65.5,62.8,64.7,2.59,4
STU10500,CS101,Fall 2023,0,51.9,41.0,48.6,1.94,3
STU10501,AI301,Spring 2024,1,56.8,54.5,56.1,2.24,3
STU10502,DS201,Fall 2023,0,50.3,44.0,48.4,1.94,4
STU10503,CS101,Spring 2025,3,69.9,70.1,70.0,2.8,3
STU10504,AI301,Fall 2023,0,54.0,58.1,55.2,2.21,4
STU10505,DB401,Spring 2024,1,65.8,69.5,66.9,2.68,4
STU10506,CS101,Spring 2026,5,67.3,71.4,68.5,2.74,3
STU10507,DS201,Fall 2024,2,55.7,48.3,53.5,2.14,3
STU10508,DS201,Fall 2025,4,52.6,45.2,50.4,2.02,3
STU10509,AI301,Spring 2024,1,46.7,53.2,48.7,1.95,3
STU10510,AI301,Spring 2025,3,59.7,49.6,56.7,2.27,3
STU10511,SE501,Spring 2025,3,60.2,63.7,61.3,2.45,4
STU10512,CS101,Fall 2023,0,64.2,63.3,63.9,2.56,4
STU10513,DS201,Fall 2023,0,63.6,62.0,63.1,2.52,3
STU10514,AI301,Fall 2023,0,39.8,40.7,40.1,1.6,4
STU10515,DB401,Fall 2023,0,40.5,49.6,43.2,1.73,3
STU10516,DS201,Spring 2026,5,63.1,59.2,61.9,2.48,3
STU10517,SE501,Fall 2025,4,37.8,35.8,37.2,1.49,4
STU10518,SE501,Fall 2023,0,69.5,75.1,71.2,2.85,4
STU10519,DS201,Spring 2026,5,53.8,49.4,52.5,2.1,4
STU10520,SE501,Fall 2024,2,49.1,53.4,50.4,2.02,3
STU10521,DB401,Fall 2025,4,71.7,71.5,71.6,2.86,4
STU10522,DB401,Fall 2025,4,40.2,30.0,37.2,1.49,4
STU10523,CS101,Fall 2024,2,70.1,70.7,70.3,2.81,4
STU10524,DS201,Spring 2026,5,66.1,66.5,66.2,2.65,4
STU10525,DS201,Fall 2025,4,64.1,65.1,64.4,2.58,4
STU10526,DB401,Fall 2025,4,52.7,56.2,53.7,2.15,3
STU10527,DS201,Fall 2025,4,64.9,67.9,65.8,2.63,4
STU10528,SE501,Spring 2026,5,65.0,65.0,65.0,2.6,3
STU10529,AI301,Fall 2025,4,39.8,45.5,41.5,1.66,4
STU10530,AI301,Spring 2026,5,39.0,37.2,38.5,1.54,4
STU10531,AI301,Fall 2023,0,52.5,53.9,52.9,2.12,3
STU10532,DS201,Fall 2023,0,55.3,50.9,54.0,2.16,4
STU10533,DB401,Spring 2024,1,63.0,52.7,59.9,2.4,4
STU10534,DS201,Spring 2024,1,61.3,57.4,60.1,2.4,4
STU10535,SE501,Fall 2024,2,57.3,57.8,57.4,2.3,4
STU10536,SE501,Spring 2024,1,50.6,42.6,48.2,1.93,4
STU10537,DS201,Fall 2023,0,56.5,52.1,55.2,2.21,3
STU10538,SE501,Fall 2024,2,73.1,81.7,75.7,3.03,4
STU10539,AI301,Fall 2023,0,53.4,52.0,53.0,2.12,3
STU10540,DS201,Fall 2025,4,62.4,64.6,63.0,2.52,4
STU10541,DS201,Spring 2025,3,35.2,30.9,33.9,1.36,4
STU10542,SE501,Spring 2025,3,40.8,33.9,38.7,1.55,4
STU10543,CS101,Spring 2026,5,46.7,41.6,45.2,1.81,3
STU10544,DB401,Spring 2024,1,54.4,59.7,56.0,2.24,3
STU10545,DB401,Fall 2023,0,59.6,58.2,59.2,2.37,3
STU10546,CS101,Fall 2023,0,43.7,44.3,43.9,1.76,3
STU10547,DS201,Spring 2026,5,60.7,57.1,59.6,2.38,3
STU10548,SE501,Fall 2024,2,65.7,69.5,66.9,2.68,3
STU10549,SE501,Spring 2025,3,59.0,66.0,61.1,2.44,4
STU10550,AI301,Spring 2024,1,47.6,58.8,51.0,2.04,3
STU10551,DB401,Spring 2024,1,59.8,63.0,60.7,2.43,3
STU10552,AI301,Spring 2024,1,43.4,38.6,42.0,1.68,3
STU10553,DB401,Spring 2024,1,49.3,40.0,46.5,1.86,3
STU10554,CS101,Fall 2023,0,57.0,63.6,59.0,2.36,3
STU10555,DS201,Fall 2025,4,53.7,44.4,50.9,2.04,4
STU10556,SE501,Fall 2024,2,69.1,68.8,69.0,2.76,3
STU10557,CS101,Spring 2024,1,59.3,64.4,60.8,2.43,4
STU10558,SE501,Fall 2024,2,63.4,71.8,65.9,2.64,4
STU10559,SE501,Spring 2025,3,25.2,30.0,26.6,1.06,3
STU10560,DB401,Spring 2026,5,58.5,59.3,58.7,2.35,4
STU10561,CS101,Spring 2026,5,58.8,58.2,58.6,2.34,4
STU10562,DS201,Spring 2024,1,56.4,52.8,55.3,2.21,3
STU10563,CS101,Spring 2024,1,51.4,57.7,53.3,2.13,3
STU10564,AI301,Spring 2025,3,51.0,53.9,51.9,2.08,3
STU10565,DS201,Spring 2024,1,48.1,42.1,46.3,1.85,4
STU10566,DB401,Spring 2024,1,52.3,51.3,52.0,2.08,3
STU10567,CS101,Spring 2025,3,42.1,40.2,41.5,1.66,4
STU10568,CS101,Spring 2025,3,46.3,48.5,47.0,1.88,3
STU10569,AI301,Fall 2023,0,33.1,42.6,35.9,1.44,4
STU10570,CS101,Fall 2024,2,63.8,65.5,64.3,2.57,4
STU10571,DB401,Spring 2024,1,58.4,57.0,58.0,2.32,4
STU10572,SE501,Spring 2025,3,76.9,76.4,76.7,3.07,4
STU10573,DS201,Spring 2025,3,66.7,68.7,67.3,2.69,3
STU10574,DB401,Fall 2025,4,60.6,51.9,58.0,2.32,3
STU10575,AI301,Fall 2024,2,42.3,47.9,44.0,1.76,3
STU10576,CS101,Fall 2025,4,45.3,46.1,45.5,1.82,4
STU10577,AI301,Spring 2024,1,47.8,47.2,47.6,1.9,4
STU10578,DB401,Spring 2025,3,61.5,59.5,60.9,2.44,4
STU10579,SE501,Spring 2024,1,47.9,47.6,47.8,1.91,4
STU10580,SE501,Spring 2026,5,55.2,50.4,53.8,2.15,4
STU10581,DS201,Spring 2026,5,61.9,53.8,59.5,2.38,3
STU10582,DB401,Fall 2023,0,66.0,68.6,66.8,2.67,4
STU10583,AI301,Fall 2024,2,56.3,52.5,55.1,2.2,4
STU10584,DB401,Spring 2024,1,57.1,58.2,57.4,2.3,3
STU10585,DB401,Spring 2026,5,49.9,49.0,49.6,1.98,3
STU10586,CS101,Fall 2024,2,62.8,69.3,64.8,2.59,4
STU10587,DS201,Spring 2025,3,53.1,55.5,53.8,2.15,4
STU10588,DS201,Spring 2026,5,69.7,75.2,71.3,2.85,3
STU10589,DB401,Spring 2024,1,57.3,61.1,58.4,2.34,3
STU10590,AI301,Fall 2025,4,34.3,43.1,36.9,1.48,4
STU10591,DS201,Fall 2023,0,52.7,44.9,50.4,2.02,4
STU10592,AI301,Spring 2026,5,26.7,34.0,28.9,1.16,4
STU10593,DB401,Fall 2025,4,60.3,56.4,59.1,2.36,4
STU10594,DS201,Fall 2023,0,64.2,58.8,62.6,2.5,4
STU10595,AI301,Fall 2023,0,59.1,52.8,57.2,2.29,3
STU10596,DS201,Fall 2024,2,71.0,68.9,70.4,2.82,3
STU10597,CS101,Spring 2024,1,72.0,74.1,72.6,2.9,3
STU10598,DB401,Spring 2024,1,63.0,69.9,65.1,2.6,4
STU10599,AI301,Spring 2025,3,34.8,30.0,33.3,1.33,3
STU10600,DS201,Spring 2026,5,45.1,46.6,45.5,1.82,3
STU10601,DB401,Spring 2026,5,42.8,37.9,41.3,1.65,4
STU10602,DB401,Fall 2023,0,37.6,31.3,35.7,1.43,4
STU10603,DB401,Fall 2025,4,35.0,32.2,34.2,1.37,4
STU10604,SE501,Fall 2025,4,50.5,50.9,50.6,2.02,4
STU10605,SE501,Spring 2024,1,42.2,38.9,41.2,1.65,4
STU10606,DB401,Fall 2025,4,42.2,36.1,40.4,1.62,4
STU10607,AI301,Spring 2025,3,62.6,60.5,62.0,2.48,4
STU10608,DB401,Spring 2026,5,50.4,53.3,51.3,2.05,4
STU10609,SE501,Spring 2026,5,55.7,57.7,56.3,2.25,4
STU10610,AI301,Spring 2026,5,60.0,57.5,59.3,2.37,4
STU10611,AI301,Fall 2025,4,63.2,62.3,62.9,2.52,3
STU10612,DB401,Spring 2026,5,54.6,50.7,53.4,2.14,4
STU10613,AI301,Spring 2026,5,44.4,45.5,44.7,1.79,4
STU10614,DS201,Fall 2023,0,59.1,63.4,60.4,2.42,3
STU10615,CS101,Spring 2025,3,68.2,64.2,67.0,2.68,4
STU10616,CS101,Fall 2024,2,62.3,59.8,61.6,2.46,4
STU10617,DB401,Fall 2025,4,61.4,64.2,62.2,2.49,4
STU10618,DS201,Spring 2026,5,57.4,70.1,61.2,2.45,4
STU10619,DB401,Fall 2023,0,62.4,65.8,63.4,2.54,4
STU10620,SE501,Fall 2025,4,45.6,44.7,45.3,1.81,4
STU10621,CS101,Spring 2025,3,65.6,60.4,64.1,2.56,4
STU10622,DS201,Spring 2024,1,56.0,61.3,57.6,2.3,3
STU10623,DB401,Fall 2024,2,50.9,46.9,49.7,1.99,4
STU10624,CS101,Fall 2023,0,56.3,55.3,56.0,2.24,3
STU10625,DB401,Fall 2023,0,45.2,43.3,44.6,1.78,3
STU10626,AI301,Spring 2025,3,61.5,61.1,61.4,2.46,3
STU10627,AI301,Fall 2024,2,57.6,52.8,56.1,2.24,4
STU10628,AI301,Fall 2024,2,35.7,40.5,37.1,1.48,3
STU10629,CS101,Fall 2023,0,60.1,62.3,60.8,2.43,3
STU10630,AI301,Fall 2025,4,65.4,63.9,64.9,2.6,3
STU10631,SE501,Spring 2024,1,38.0,36.8,37.6,1.5,4
STU10632,DS201,Spring 2026,5,52.2,50.5,51.7,2.07,4
STU10633,CS101,Fall 2024,2,76.0,76.6,76.2,3.05,4
STU10634,DS201,Fall 2025,4,61.4,57.5,60.2,2.41,3
STU10635,DB401,Spring 2026,5,50.8,45.6,49.2,1.97,4
STU10636,DB401,Fall 2024,2,59.7,58.6,59.4,2.38,4
STU10637,CS101,Fall 2025,4,59.1,62.4,60.1,2.4,4
STU10638,CS101,Spring 2024,1,61.2,68.8,63.5,2.54,4
STU10639,SE501,Spring 2024,1,55.0,55.9,55.3,2.21,3
STU10640,AI301,Fall 2023,0,38.5,42.5,39.7,1.59,4
STU10641,SE501,Spring 2026,5,55.4,59.4,56.6,2.26,3
STU10642,DS201,Spring 2026,5,50.4,52.0,50.9,2.04,3
STU10643,SE501,Spring 2026,5,60.5,62.8,61.2,2.45,3
STU10644,AI301,Spring 2026,5,56.0,54.0,55.4,2.22,3
STU10645,CS101,Fall 2024,2,63.0,59.4,61.9,2.48,3
STU10646,DS201,Fall 2025,4,33.1,30.0,32.2,1.29,4
STU10647,AI301,Spring 2026,5,43.4,42.4,43.1,1.72,4
STU10648,AI301,Fall 2024,2,37.9,39.2,38.3,1.53,4
STU10649,CS101,Spring 2026,5,70.3,68.6,69.8,2.79,4
STU10650,AI301,Fall 2024,2,42.2,41.9,42.1,1.68,3
STU10651,DB401,Spring 2026,5,55.8,48.3,53.5,2.14,3
STU10652,AI301,Spring 2024,1,39.8,51.2,43.2,1.73,3
STU10653,SE501,Spring 2025,3,50.2,58.2,52.6,2.1,3
STU10654,DB401,Spring 2024,1,39.6,38.8,39.4,1.58,4
STU10655,AI301,Fall 2023,0,70.1,71.6,70.6,2.82,4
STU10656,DS201,Spring 2026,5,71.9,80.2,74.4,2.98,3
STU10657,CS101,Fall 2025,4,58.9,62.8,60.1,2.4,4
STU10658,DB401,Spring 2025,3,50.7,47.8,49.8,1.99,4
STU10659,DB401,Spring 2025,3,60.1,62.6,60.8,2.43,3
STU10660,DB401,Spring 2025,3,51.6,44.7,49.5,1.98,3
STU10661,AI301,Spring 2026,5,49.6,50.9,50.0,2.0,4
STU10662,SE501,Fall 2025,4,48.3,49.8,48.7,1.95,4
STU10663,AI301,Fall 2025,4,71.0,61.7,68.2,2.73,4
STU10664,DB401,Spring 2026,5,46.0,51.2,47.6,1.9,4
STU10665,CS101,Spring 2026,5,51.3,53.5,52.0,2.08,3
STU10666,DB401,Spring 2024,1,51.9,50.3,51.4,2.06,3
STU10667,DB401,Fall 2023,0,52.2,50.9,51.8,2.07,4
STU10668,DS201,Spring 2026,5,67.5,71.7,68.8,2.75,4
STU10669,DS201,Fall 2025,4,33.0,30.1,32.1,1.28,3
STU10670,SE501,Fall 2025,4,61.9,58.8,61.0,2.44,4
STU10671,DS201,Spring 2025,3,67.5,63.7,66.3,2.65,4
STU10672,CS101,Spring 2026,5,62.6,66.6,63.8,2.55,4
STU10673,SE501,Fall 2025,4,39.4,42.6,40.4,1.62,3
STU10674,AI301,Fall 2024,2,62.5,56.8,60.8,2.43,3
STU10675,DB401,Spring 2025,3,68.0,68.8,68.2,2.73,4
STU10676,SE501,Spring 2025,3,54.5,56.0,55.0,2.2,4
STU10677,DB401,Spring 2025,3,36.1,42.1,37.9,1.52,4
STU10678,DS201,Fall 2023,0,53.1,51.1,52.5,2.1,3
STU10679,AI301,Spring 2024,1,49.5,46.9,48.7,1.95,3
STU10680,SE501,Fall 2023,0,62.4,65.0,63.2,2.53,4
STU10681,DS201,Spring 2024,1,50.8,48.1,50.0,2.0,3
STU10682,DS201,Spring 2026,5,62.8,66.2,63.8,2.55,3
STU10683,AI301,Spring 2026,5,51.2,52.4,51.6,2.06,4
STU10684,SE501,Fall 2023,0,35.8,30.0,34.0,1.36,4
STU10685,DB401,Spring 2026,5,57.3,56.1,56.9,2.28,3
STU10686,CS101,Spring 2024,1,59.4,60.5,59.7,2.39,4
STU10687,CS101,Fall 2024,2,55.2,58.7,56.2,2.25,3
STU10688,AI301,Spring 2026,5,51.1,48.6,50.4,2.02,4
STU10689,DB401,Spring 2024,1,58.4,54.3,57.2,2.29,3
STU10690,DS201,Fall 2025,4,54.5,50.2,53.2,2.13,4
STU10691,CS101,Spring 2024,1,34.6,35.5,34.9,1.4,4
STU10692,SE501,Fall 2024,2,58.2,58.4,58.3,2.33,3
STU10693,DB401,Fall 2024,2,65.7,62.2,64.6,2.58,4
STU10694,DS201,Fall 2024,2,46.2,48.5,46.9,1.88,4
STU10695,DS201,Fall 2023,0,39.0,40.0,39.3,1.57,4
STU10696,CS101,Spring 2026,5,52.8,49.9,51.9,2.08,3
STU10697,CS101,Spring 2026,5,60.0,57.1,59.1,2.36,4
STU10698,AI301,Fall 2024,2,77.1,85.8,79.7,3.19,3
STU10699,DS201,Spring 2026,5,47.2,36.4,44.0,1.76,3
STU10700,SE501,Spring 2026,5,62.8,55.1,60.5,2.42,4
STU10701,DB401,Fall 2025,4,64.5,63.5,64.2,2.57,3
STU10702,CS101,Spring 2024,1,61.6,66.5,63.1,2.52,4
STU10703,DS201,Fall 2025,4,32.9,30.0,32.0,1.28,4
STU10704,CS101,Spring 2024,1,59.1,62.0,60.0,2.4,4
STU10705,AI301,Fall 2024,2,41.0,32.2,38.4,1.54,3
STU10706,CS101,Spring 2024,1,66.7,65.4,66.3,2.65,4
STU10707,DB401,Fall 2023,0,50.4,51.9,50.8,2.03,3
STU10708,DB401,Spring 2025,3,59.0,63.3,60.3,2.41,4
STU10709,AI301,Fall 2023,0,39.5,42.5,40.4,1.62,4
STU10710,SE501,Fall 2025,4,45.2,35.7,42.3,1.69,3
STU10711,AI301,Fall 2024,2,52.4,52.5,52.4,2.1,4
STU10712,CS101,Spring 2025,3,78.2,74.6,77.1,3.08,4
STU10713,AI301,Spring 2026,5,50.9,50.4,50.8,2.03,4
STU10714,DB401,Fall 2023,0,55.7,54.1,55.2,2.21,4
STU10715,SE501,Fall 2024,2,65.3,68.8,66.4,2.66,3
STU10716,AI301,Spring 2025,3,49.4,49.3,49.4,1.98,3
STU10717,DS201,Fall 2025,4,61.0,62.2,61.4,2.46,4
STU10718,CS101,Fall 2023,0,34.2,34.5,34.3,1.37,4
STU10719,SE501,Fall 2024,2,62.5,51.4,59.2,2.37,4
STU10720,CS101,Spring 2025,3,52.8,53.0,52.9,2.12,3
STU10721,SE501,Spring 2025,3,50.8,50.6,50.7,2.03,3
STU10722,CS101,Spring 2025,3,42.2,44.7,43.0,1.72,3
STU10723,DS201,Fall 2023,0,65.4,67.7,66.1,2.64,4
STU10724,SE501,Fall 2025,4,42.9,33.8,40.2,1.61,3
STU10725,CS101,Fall 2025,4,48.4,43.0,46.8,1.87,4
STU10726,DB401,Spring 2026,5,54.9,55.3,55.0,2.2,4
STU10727,AI301,Spring 2024,1,42.5,45.2,43.3,1.73,3
STU10728,DB401,Spring 2024,1,54.6,53.1,54.2,2.17,4
STU10729,DB401,Fall 2025,4,49.9,52.5,50.7,2.03,4
STU10730,DS201,Fall 2024,2,67.3,77.0,70.2,2.81,3
STU10731,CS101,Spring 2025,3,69.9,72.4,70.6,2.82,3
STU10732,DB401,Fall 2024,2,62.1,69.0,64.2,2.57,4
STU10733,DB401,Fall 2024,2,57.8,56.5,57.4,2.3,4
STU10734,AI301,Fall 2024,2,62.2,65.3,63.1,2.52,4
STU10735,SE501,Spring 2026,5,52.3,57.4,53.8,2.15,3
STU10736,DS201,Spring 2025,3,59.4,64.6,60.9,2.44,4
STU10737,CS101,Fall 2024,2,46.0,35.8,43.0,1.72,3
STU10738,DS201,Fall 2023,0,58.4,55.5,57.5,2.3,4
STU10739,DS201,Fall 2024,2,58.6,62.9,59.9,2.4,4
STU10740,CS101,Fall 2025,4,47.6,40.3,45.4,1.82,4
STU10741,SE501,Fall 2023,0,54.3,50.2,53.1,2.12,4
STU10742,DB401,Spring 2024,1,58.0,60.8,58.8,2.35,3
STU10743,DS201,Fall 2024,2,53.8,50.1,52.7,2.11,4
STU10744,CS101,Fall 2025,4,54.0,48.3,52.3,2.09,4
STU10745,SE501,Spring 2026,5,66.9,73.8,69.0,2.76,3
STU10746,AI301,Fall 2023,0,51.5,49.0,50.7,2.03,3
STU10747,DB401,Spring 2026,5,52.3,46.8,50.7,2.03,3
STU10748,DS201,Spring 2025,3,42.2,36.7,40.6,1.62,3
STU10749,DS201,Fall 2024,2,63.2,69.4,65.0,2.6,3
STU10750,CS101,Spring 2024,1,53.5,55.1,54.0,2.16,4
STU10751,SE501,Fall 2025,4,27.4,34.0,29.4,1.18,3
STU10752,SE501,Spring 2026,5,45.1,43.9,44.8,1.79,3
STU10753,DS201,Fall 2023,0,50.3,50.8,50.5,2.02,4
STU10754,DS201,Spring 2025,3,62.9,58.4,61.6,2.46,3
STU10755,DS201,Fall 2023,0,42.7,47.3,44.1,1.76,3
STU10756,DS201,Spring 2025,3,55.2,50.0,53.6,2.14,3
STU10757,SE501,Fall 2025,4,46.8,55.9,49.5,1.98,3
STU10758,AI301,Fall 2023,0,52.9,47.3,51.2,2.05,3
STU10759,SE501,Fall 2023,0,64.1,57.4,62.1,2.48,4
STU10760,DS201,Spring 2026,5,39.3,41.0,39.8,1.59,3
STU10761,AI301,Fall 2023,0,60.5,56.7,59.4,2.38,3
STU10762,DS201,Fall 2025,4,59.5,57.0,58.8,2.35,4
STU10763,AI301,Fall 2023,0,56.3,61.5,57.9,2.32,4
STU10764,SE501,Spring 2026,5,36.4,43.9,38.7,1.55,3
STU10765,CS101,Spring 2026,5,58.8,59.2,58.9,2.36,4
STU10766,SE501,Fall 2023,0,59.8,58.3,59.4,2.38,3
STU10767,AI301,Fall 2023,0,58.9,57.2,58.4,2.34,3
STU10768,SE501,Fall 2024,2,42.1,44.3,42.8,1.71,3
STU10769,SE501,Fall 2023,0,49.3,37.6,45.8,1.83,4
STU10770,DS201,Spring 2026,5,52.5,52.0,52.3,2.09,4
STU10771,AI301,Fall 2025,4,60.7,55.4,59.1,2.36,3
STU10772,CS101,Fall 2025,4,40.7,42.0,41.1,1.64,4
STU10773,CS101,Fall 2023,0,64.6,63.5,64.3,2.57,3
STU10774,DS201,Spring 2025,3,52.2,52.7,52.3,2.09,4
STU10775,SE501,Fall 2023,0,84.1,85.0,84.4,3.38,3
STU10776,DS201,Fall 2024,2,45.9,48.0,46.5,1.86,4
STU10777,DB401,Spring 2024,1,68.9,64.9,67.7,2.71,4
STU10778,CS101,Spring 2024,1,58.2,64.1,60.0,2.4,4
STU10779,CS101,Fall 2024,2,49.4,50.1,49.6,1.98,4
STU10780,DS201,Spring 2025,3,66.2,67.2,66.5,2.66,4
STU10781,DB401,Fall 2023,0,60.8,60.6,60.8,2.43,4
STU10782,SE501,Fall 2023,0,71.2,68.4,70.4,2.82,4
STU10783,SE501,Fall 2025,4,61.2,64.1,62.1,2.48,3
STU10784,SE501,Spring 2026,5,44.4,45.5,44.7,1.79,3
STU10785,DB401,Fall 2023,0,35.4,45.7,38.5,1.54,3
STU10786,DS201,Fall 2024,2,53.9,50.2,52.8,2.11,4
STU10787,DS201,Spring 2026,5,60.4,67.4,62.5,2.5,3
STU10788,AI301,Fall 2023,0,59.2,59.1,59.2,2.37,4
STU10789,CS101,Fall 2025,4,47.1,46.8,47.0,1.88,4
STU10790,DB401,Fall 2024,2,51.1,46.7,49.8,1.99,4
STU10791,AI301,Spring 2024,1,68.5,70.3,69.0,2.76,3
STU10792,SE501,Fall 2025,4,49.0,48.2,48.8,1.95,3
STU10793,DS201,Fall 2025,4,39.9,42.3,40.6,1.62,4
STU10794,DB401,Fall 2023,0,58.1,53.4,56.7,2.27,3
STU10795,SE501,Spring 2025,3,68.5,69.6,68.8,2.75,3
STU10796,DB401,Spring 2024,1,62.7,62.8,62.7,2.51,4
STU10797,AI301,Fall 2024,2,57.0,54.7,56.3,2.25,3
STU10798,SE501,Fall 2024,2,66.9,67.4,67.0,2.68,3
STU10799,CS101,Fall 2025,4,66.7,66.7,66.7,2.67,3
STU10800,SE501,Spring 2025,3,60.4,63.2,61.3,2.45,3
STU10801,AI301,Fall 2023,0,39.7,44.1,41.0,1.64,4
STU10802,AI301,Spring 2024,1,64.8,67.3,65.5,2.62,4
STU10803,CS101,Fall 2024,2,53.3,54.1,53.6,2.14,4
STU10804,SE501,Spring 2024,1,63.7,58.5,62.1,2.48,3
STU10805,DB401,Spring 2026,5,52.5,49.1,51.5,2.06,3
STU10806,CS101,Fall 2024,2,44.6,49.0,45.9,1.84,3
STU10807,DS201,Fall 2024,2,63.2,65.3,63.8,2.55,4
STU10808,AI301,Fall 2024,2,74.0,72.0,73.4,2.94,4
STU10809,CS101,Spring 2026,5,40.4,44.8,41.7,1.67,4
STU10810,CS101,Fall 2024,2,56.7,53.4,55.7,2.23,4
STU10811,DB401,Fall 2025,4,51.7,47.5,50.5,2.02,3
STU10812,AI301,Spring 2024,1,37.3,42.3,38.8,1.55,3
STU10813,AI301,Fall 2023,0,44.0,50.7,46.0,1.84,4
STU10814,DB401,Fall 2024,2,46.3,43.8,45.6,1.82,3
STU10815,AI301,Fall 2025,4,55.9,59.5,57.0,2.28,4
STU10816,AI301,Fall 2025,4,69.6,74.0,70.9,2.84,3
STU10817,AI301,Fall 2024,2,75.0,75.7,75.2,3.01,4
STU10818,CS101,Spring 2026,5,53.4,52.4,53.1,2.12,4
STU10819,SE501,Fall 2023,0,45.2,42.2,44.3,1.77,4
STU10820,SE501,Spring 2025,3,51.9,52.7,52.1,2.08,4
STU10821,AI301,Spring 2024,1,48.8,47.6,48.5,1.94,3
STU10822,SE501,Spring 2025,3,71.7,77.0,73.3,2.93,4
STU10823,SE501,Fall 2025,4,55.5,60.9,57.1,2.28,4
STU10824,CS101,Fall 2023,0,47.1,46.8,47.0,1.88,3
STU10825,SE501,Fall 2025,4,53.5,56.2,54.3,2.17,3
STU10826,DB401,Fall 2024,2,43.8,45.8,44.4,1.78,4
STU10827,DB401,Fall 2023,0,48.6,56.4,50.9,2.04,4
STU10828,DB401,Fall 2023,0,67.7,67.7,67.7,2.71,4
STU10829,SE501,Fall 2025,4,43.8,45.8,44.4,1.78,4
STU10830,DB401,Fall 2023,0,58.3,57.6,58.1,2.32,3
STU10831,AI301,Fall 2024,2,64.9,68.1,65.9,2.64,4
STU10832,DB401,Spring 2025,3,51.5,49.2,50.8,2.03,3
STU10833,CS101,Fall 2025,4,49.2,43.3,47.4,1.9,3
STU10834,AI301,Spring 2024,1,58.5,68.5,61.5,2.46,3
STU10835,SE501,Fall 2025,4,58.5,55.1,57.5,2.3,3
STU10836,CS101,Spring 2026,5,36.4,30.4,34.6,1.38,4
STU10837,SE501,Fall 2025,4,51.8,54.0,52.4,2.1,4
STU10838,DS201,Spring 2025,3,36.1,36.4,36.2,1.45,4
STU10839,AI301,Fall 2024,2,52.9,47.5,51.3,2.05,4
STU10840,AI301,Spring 2024,1,40.7,41.5,40.9,1.64,3
STU10841,DB401,Spring 2026,5,56.2,53.3,55.3,2.21,4
STU10842,SE501,Fall 2025,4,54.6,48.4,52.7,2.11,3
STU10843,DB401,Spring 2024,1,61.3,63.6,62.0,2.48,3
STU10844,AI301,Fall 2024,2,47.9,48.4,48.0,1.92,4
STU10845,DS201,Fall 2025,4,67.3,70.5,68.3,2.73,3
STU10846,CS101,Spring 2025,3,54.9,50.9,53.7,2.15,3
STU10847,DS201,Fall 2024,2,52.8,57.1,54.1,2.16,4
STU10848,DB401,Fall 2024,2,52.3,47.4,50.8,2.03,4
STU10849,SE501,Fall 2023,0,45.6,45.9,45.7,1.83,4
STU10850,SE501,Fall 2023,0,48.3,46.0,47.6,1.9,4
STU10851,AI301,Spring 2026,5,36.0,31.7,34.7,1.39,3
STU10852,CS101,Spring 2024,1,58.6,61.6,59.5,2.38,3
STU10853,DS201,Fall 2023,0,54.9,57.5,55.7,2.23,3
STU10854,CS101,Spring 2025,3,43.7,42.5,43.3,1.73,4
STU10855,AI301,Spring 2024,1,41.2,40.2,40.9,1.64,3
STU10856,DS201,Fall 2023,0,59.9,60.1,59.9,2.4,4
STU10857,CS101,Spring 2024,1,60.4,60.8,60.5,2.42,3
STU10858,SE501,Fall 2023,0,38.8,34.4,37.5,1.5,4
STU10859,AI301,Spring 2026,5,51.0,49.7,50.6,2.02,3
STU10860,SE501,Spring 2026,5,56.7,52.3,55.4,2.22,4
STU10861,CS101,Fall 2025,4,46.8,49.7,47.7,1.91,3
STU10862,SE501,Spring 2026,5,54.5,43.0,51.0,2.04,3
STU10863,AI301,Spring 2026,5,46.8,46.2,46.6,1.86,3
STU10864,CS101,Spring 2026,5,61.4,64.7,62.4,2.5,4
STU10865,SE501,Fall 2025,4,72.9,73.8,73.2,2.93,3
STU10866,DS201,Fall 2024,2,48.8,45.4,47.8,1.91,4
STU10867,DB401,Spring 2026,5,61.0,48.1,57.1,2.28,3
STU10868,AI301,Spring 2025,3,59.2,60.9,59.7,2.39,3
STU10869,SE501,Fall 2024,2,66.4,71.2,67.9,2.72,3
STU10870,DB401,Fall 2024,2,47.1,46.5,46.9,1.88,3
STU10871,CS101,Fall 2024,2,34.9,39.1,36.2,1.45,4
STU10872,CS101,Spring 2025,3,69.0,70.1,69.3,2.77,3
STU10873,AI301,Spring 2025,3,52.7,52.6,52.7,2.11,4
STU10874,DS201,Fall 2024,2,54.4,56.7,55.1,2.2,4
STU10875,DS201,Fall 2025,4,56.6,56.7,56.6,2.26,3
STU10876,CS101,Spring 2026,5,49.1,55.4,51.0,2.04,4
STU10877,SE501,Fall 2025,4,74.2,77.4,75.2,3.01,4
STU10878,AI301,Spring 2024,1,62.6,62.9,62.7,2.51,4
STU10879,DB401,Fall 2025,4,54.7,63.7,57.4,2.3,4
STU10880,AI301,Spring 2024,1,48.5,45.9,47.7,1.91,4
STU10881,SE501,Spring 2025,3,61.6,64.0,62.3,2.49,4
STU10882,DB401,Fall 2025,4,51.1,53.8,51.9,2.08,4
STU10883,SE501,Fall 2024,2,62.5,67.6,64.0,2.56,4
STU10884,DS201,Spring 2026,5,67.1,68.9,67.6,2.7,3
STU10885,SE501,Spring 2024,1,51.5,50.4,51.2,2.05,3
STU10886,SE501,Spring 2026,5,72.2,72.0,72.1,2.88,3
STU10887,CS101,Spring 2025,3,50.9,53.3,51.6,2.06,3
STU10888,SE501,Spring 2025,3,49.8,60.8,53.1,2.12,4
STU10889,CS101,Spring 2024,1,59.1,51.7,56.9,2.28,3
STU10890,CS101,Spring 2026,5,50.5,55.4,52.0,2.08,4
STU10891,DB401,Spring 2024,1,51.8,57.1,53.4,2.14,3
STU10892,DB401,Fall 2023,0,48.7,52.9,50.0,2.0,4
STU10893,AI301,Fall 2023,0,41.5,41.8,41.6,1.66,4
STU10894,CS101,Fall 2023,0,48.8,46.7,48.2,1.93,4
STU10895,DS201,Spring 2024,1,55.1,52.8,54.4,2.18,3
STU10896,SE501,Spring 2025,3,36.5,41.3,37.9,1.52,3
STU10897,CS101,Spring 2025,3,51.7,56.1,53.0,2.12,3
STU10898,SE501,Spring 2024,1,51.8,44.0,49.5,1.98,4
STU10899,DB401,Fall 2023,0,49.5,45.3,48.2,1.93,3
STU10900,DB401,Fall 2024,2,63.4,62.8,63.2,2.53,4
STU10901,DB401,Fall 2023,0,56.9,54.4,56.2,2.25,4
STU10902,SE501,Spring 2025,3,59.1,62.5,60.1,2.4,3
STU10903,SE501,Spring 2024,1,59.0,56.5,58.2,2.33,3
STU10904,SE501,Spring 2024,1,64.2,78.3,68.4,2.74,4
STU10905,SE501,Fall 2025,4,58.5,56.2,57.8,2.31,4
STU10906,DB401,Spring 2025,3,77.8,73.4,76.5,3.06,3
STU10907,AI301,Fall 2024,2,41.7,46.9,43.3,1.73,4
STU10908,CS101,Fall 2024,2,43.6,42.4,43.2,1.73,3
STU10909,CS101,Fall 2024,2,43.3,47.8,44.6,1.78,4
STU10910,SE501,Fall 2025,4,49.5,56.1,51.5,2.06,3
STU10911,SE501,Fall 2025,4,56.5,61.9,58.1,2.32,3
STU10912,SE501,Fall 2023,0,61.3,59.2,60.7,2.43,3
STU10913,AI301,Fall 2024,2,54.8,47.1,52.5,2.1,3
STU10914,DB401,Fall 2024,2,49.4,57.7,51.9,2.08,4
STU10915,DB401,Spring 2024,1,60.2,53.5,58.2,2.33,3
STU10916,DB401,Fall 2024,2,59.6,69.8,62.7,2.51,4
STU10917,AI301,Fall 2023,0,55.1,54.4,54.9,2.2,3
STU10918,SE501,Fall 2025,4,57.4,56.1,57.0,2.28,4
STU10919,SE501,Spring 2026,5,57.2,54.6,56.4,2.26,3
STU10920,DS201,Spring 2025,3,60.7,61.1,60.8,2.43,4
STU10921,CS101,Spring 2025,3,71.7,68.5,70.7,2.83,4
STU10922,DB401,Spring 2025,3,74.2,76.4,74.9,3.0,4
STU10923,CS101,Fall 2023,0,65.0,64.6,64.9,2.6,3
STU10924,SE501,Fall 2023,0,62.5,57.1,60.9,2.44,3
STU10925,CS101,Fall 2025,4,43.2,38.4,41.8,1.67,4
STU10926,AI301,Fall 2025,4,47.7,46.2,47.3,1.89,3
STU10927,AI301,Spring 2024,1,58.2,47.2,54.9,2.2,3
STU10928,DB401,Fall 2023,0,38.1,30.2,35.7,1.43,3
STU10929,DS201,Spring 2026,5,28.8,35.1,30.7,1.23,4
STU10930,SE501,Spring 2024,1,48.5,54.5,50.3,2.01,3
STU10931,DB401,Spring 2025,3,48.2,52.9,49.6,1.98,3
STU10932,CS101,Spring 2025,3,54.6,58.0,55.6,2.22,4
STU10933,DS201,Spring 2026,5,71.5,73.9,72.2,2.89,3
STU10934,CS101,Spring 2025,3,46.8,49.1,47.5,1.9,3
STU10935,DS201,Spring 2024,1,44.1,40.8,43.1,1.72,4
STU10936,SE501,Fall 2024,2,49.3,54.5,50.8,2.03,3
STU10937,SE501,Fall 2025,4,61.3,56.6,59.9,2.4,3
STU10938,SE501,Fall 2025,4,40.7,53.4,44.5,1.78,4
STU10939,CS101,Spring 2026,5,47.7,45.1,46.9,1.88,3
STU10940,CS101,Spring 2024,1,71.5,66.8,70.1,2.8,3
STU10941,CS101,Spring 2024,1,63.4,79.8,68.3,2.73,3
STU10942,SE501,Fall 2024,2,57.5,52.2,55.9,2.24,3
STU10943,SE501,Spring 2025,3,41.2,45.2,42.4,1.7,4
STU10944,SE501,Spring 2026,5,50.2,51.9,50.7,2.03,3
STU10945,SE501,Spring 2024,1,51.7,55.0,52.7,2.11,3
STU10946,SE501,Spring 2025,3,58.3,64.1,60.0,2.4,3
STU10947,DS201,Fall 2024,2,68.9,72.9,70.1,2.8,3
STU10948,DB401,Fall 2025,4,60.9,53.2,58.6,2.34,4
STU10949,CS101,Spring 2024,1,50.4,52.1,50.9,2.04,4
STU10950,AI301,Fall 2024,2,36.5,38.1,37.0,1.48,3
STU10951,AI301,Spring 2024,1,62.8,66.6,63.9,2.56,4
STU10952,SE501,Fall 2023,0,48.5,48.5,48.5,1.94,4
STU10953,CS101,Fall 2023,0,67.2,63.0,65.9,2.64,3
STU10954,SE501,Fall 2025,4,52.0,47.6,50.7,2.03,4
STU10955,SE501,Spring 2025,3,55.0,54.4,54.8,2.19,3
STU10956,DB401,Spring 2026,5,46.2,40.2,44.4,1.78,3
STU10957,CS101,Spring 2026,5,62.7,59.9,61.8,2.47,3
STU10958,AI301,Spring 2024,1,57.1,54.7,56.4,2.26,3
STU10959,DB401,Fall 2024,2,46.5,45.2,46.1,1.84,3
STU10960,DB401,Spring 2025,3,58.2,70.1,61.8,2.47,4
STU10961,CS101,Spring 2024,1,51.6,46.8,50.2,2.01,3
STU10962,SE501,Spring 2025,3,63.0,49.3,58.9,2.36,3
STU10963,DB401,Spring 2024,1,55.1,56.8,55.6,2.22,3
STU10964,SE501,Spring 2025,3,51.0,46.9,49.8,1.99,3
STU10965,DB401,Spring 2024,1,55.1,60.9,56.9,2.28,3
STU10966,DS201,Spring 2026,5,51.2,50.4,51.0,2.04,4
STU10967,DS201,Spring 2025,3,49.5,50.0,49.6,1.98,4
STU10968,SE501,Fall 2023,0,72.1,65.4,70.1,2.8,3
STU10969,AI301,Fall 2024,2,34.7,35.0,34.8,1.39,4
STU10970,CS101,Spring 2025,3,62.1,68.5,64.0,2.56,4
STU10971,SE501,Spring 2026,5,62.8,67.2,64.1,2.56,3
STU10972,AI301,Fall 2025,4,43.8,44.8,44.1,1.76,4
STU10973,DB401,Spring 2025,3,52.7,46.6,50.9,2.04,4
STU10974,SE501,Fall 2024,2,45.5,48.0,46.2,1.85,4
STU10975,SE501,Fall 2024,2,47.6,49.5,48.2,1.93,4
STU10976,AI301,Spring 2024,1,44.4,50.8,46.3,1.85,3
STU10977,DS201,Fall 2025,4,52.7,54.2,53.2,2.13,3
STU10978,DB401,Spring 2024,1,54.8,57.7,55.7,2.23,4
STU10979,DS201,Spring 2026,5,58.2,56.4,57.7,2.31,3
STU10980,SE501,Fall 2023,0,64.7,61.9,63.9,2.56,3
STU10981,DB401,Fall 2023,0,72.4,74.8,73.1,2.92,3
STU10982,DB401,Fall 2023,0,56.3,57.6,56.7,2.27,3
STU10983,CS101,Fall 2025,4,30.4,31.8,30.8,1.23,3
STU10984,SE501,Fall 2025,4,53.2,53.9,53.4,2.14,3
STU10985,SE501,Fall 2025,4,80.9,70.6,77.8,3.11,4
STU10986,SE501,Spring 2025,3,62.5,65.5,63.4,2.54,3
STU10987,SE501,Fall 2024,2,52.4,55.8,53.4,2.14,4
STU10988,SE501,Fall 2023,0,57.2,54.2,56.3,2.25,3
STU10989,DS201,Spring 2026,5,43.0,46.5,44.1,1.76,4
STU10990,CS101,Fall 2024,2,56.2,55.3,55.9,2.24,3
STU10991,CS101,Fall 2024,2,68.2,68.8,68.4,2.74,3
STU10992,AI301,Fall 2024,2,65.2,61.8,64.2,2.57,3
STU10993,AI301,Fall 2023,0,46.0,45.9,46.0,1.84,3
STU10994,SE501,Spring 2024,1,58.9,50.9,56.5,2.26,3
STU10995,CS101,Spring 2026,5,53.4,51.9,52.9,2.12,4
STU10996,AI301,Spring 2026,5,52.5,61.7,55.3,2.21,3
STU10997,DB401,Spring 2024,1,49.2,50.0,49.5,1.98,3
STU10998,AI301,Spring 2025,3,38.5,36.9,38.0,1.52,4
STU10999,CS101,Spring 2026,5,65.5,63.8,65.0,2.6,4
STU11000,DS201,Spring 2025,3,69.9,66.5,68.9,2.76,4
STU11001,AI301,Spring 2024,1,59.5,60.2,59.7,2.39,4
STU11002,DS201,Spring 2024,1,52.0,47.0,50.5,2.02,3
STU11003,CS101,Fall 2023,0,62.2,66.0,63.3,2.53,4
STU11004,DS201,Fall 2023,0,37.6,41.9,38.9,1.56,4
STU11005,DS201,Fall 2024,2,36.4,39.8,37.4,1.5,3
STU11006,DS201,Spring 2024,1,50.3,55.2,51.8,2.07,3
STU11007,AI301,Spring 2026,5,41.0,45.8,42.5,1.7,4
STU11008,SE501,Spring 2024,1,54.3,55.9,54.8,2.19,3
STU11009,CS101,Fall 2025,4,49.6,56.3,51.6,2.06,4
STU11010,CS101,Spring 2025,3,65.0,67.4,65.7,2.63,4
STU11011,AI301,Fall 2024,2,53.9,51.0,53.0,2.12,3
STU11012,CS101,Spring 2025,3,48.5,48.2,48.4,1.94,3
STU11013,DB401,Fall 2025,4,42.4,46.8,43.7,1.75,4
STU11014,CS101,Fall 2025,4,55.6,57.9,56.3,2.25,4
STU11015,DS201,Fall 2025,4,34.9,32.3,34.1,1.36,4
STU11016,DB401,Fall 2024,2,67.5,67.8,67.6,2.7,3
STU11017,SE501,Fall 2025,4,43.7,39.9,42.6,1.7,4
STU11018,AI301,Fall 2025,4,50.9,55.0,52.1,2.08,3
STU11019,SE501,Spring 2024,1,63.0,69.7,65.0,2.6,3
STU11020,DB401,Spring 2024,1,45.6,37.7,43.2,1.73,4
STU11021,AI301,Spring 2024,1,65.2,67.2,65.8,2.63,4
STU11022,CS101,Fall 2025,4,52.3,47.0,50.7,2.03,3
STU11023,DB401,Spring 2026,5,67.9,61.0,65.8,2.63,4
STU11024,DS201,Fall 2025,4,48.1,54.6,50.1,2.0,4
STU11025,DS201,Fall 2023,0,46.8,52.5,48.5,1.94,3
STU11026,SE501,Fall 2024,2,47.6,48.7,47.9,1.92,4
STU11027,SE501,Spring 2026,5,49.9,47.3,49.1,1.96,4
STU11028,DB401,Spring 2025,3,59.7,58.3,59.3,2.37,3
STU11029,SE501,Spring 2024,1,62.0,59.0,61.1,2.44,3
STU11030,DB401,Spring 2026,5,71.9,81.8,74.9,3.0,4
STU11031,CS101,Fall 2024,2,43.8,53.5,46.7,1.87,4
STU11032,DS201,Spring 2025,3,52.4,56.5,53.6,2.14,4
STU11033,DS201,Fall 2023,0,54.0,54.4,54.1,2.16,3
STU11034,DB401,Fall 2024,2,50.5,44.3,48.6,1.94,3
STU11035,SE501,Fall 2023,0,66.5,65.4,66.2,2.65,3
STU11036,CS101,Spring 2025,3,59.2,59.3,59.2,2.37,3
STU11037,DS201,Fall 2024,2,50.6,47.2,49.6,1.98,4
STU11038,SE501,Spring 2024,1,55.3,62.2,57.4,2.3,3
STU11039,DB401,Fall 2025,4,77.6,86.9,80.4,3.22,3
STU11040,DB401,Fall 2025,4,52.0,51.3,51.8,2.07,3
STU11041,AI301,Spring 2025,3,57.6,62.8,59.2,2.37,3
STU11042,SE501,Fall 2023,0,72.3,73.8,72.7,2.91,3
STU11043,SE501,Fall 2024,2,54.5,50.8,53.4,2.14,4
STU11044,AI301,Spring 2025,3,45.4,51.2,47.1,1.88,4
STU11045,DB401,Fall 2025,4,62.5,70.4,64.9,2.6,4
STU11046,SE501,Spring 2025,3,41.6,44.4,42.4,1.7,4
STU11047,DB401,Fall 2023,0,62.4,60.2,61.7,2.47,3
STU11048,SE501,Fall 2025,4,50.3,54.4,51.5,2.06,4
STU11049,CS101,Fall 2025,4,42.9,41.7,42.5,1.7,3
STU11050,DS201,Fall 2024,2,68.0,72.5,69.3,2.77,3
STU11051,SE501,Spring 2025,3,57.9,65.4,60.2,2.41,4
STU11052,AI301,Spring 2026,5,30.3,30.0,30.2,1.21,4
STU11053,AI301,Spring 2025,3,55.1,58.1,56.0,2.24,3
STU11054,CS101,Fall 2024,2,37.9,36.5,37.5,1.5,4
STU11055,DS201,Fall 2024,2,71.8,77.7,73.6,2.94,3
STU11056,DB401,Fall 2025,4,46.0,46.3,46.1,1.84,3
STU11057,CS101,Spring 2024,1,49.9,57.6,52.2,2.09,3
STU11058,DS201,Spring 2024,1,30.0,42.5,33.7,1.35,3
STU11059,DS201,Fall 2023,0,63.9,60.0,62.7,2.51,4
STU11060,AI301,Fall 2023,0,46.9,48.6,47.4,1.9,4
STU11061,DB401,Fall 2024,2,59.2,65.3,61.0,2.44,4
STU11062,DS201,Spring 2025,3,58.9,58.0,58.6,2.34,3
STU11063,CS101,Spring 2026,5,41.9,45.2,42.9,1.72,3
STU11064,SE501,Spring 2024,1,55.6,53.8,55.1,2.2,3
STU11065,CS101,Fall 2024,2,61.5,53.7,59.1,2.36,4
STU11066,AI301,Spring 2026,5,66.1,69.9,67.2,2.69,4
STU11067,CS101,Fall 2025,4,61.3,65.1,62.4,2.5,3
STU11068,DB401,Spring 2026,5,46.4,42.5,45.2,1.81,4
STU11069,SE501,Fall 2025,4,62.8,61.1,62.3,2.49,4
STU11070,DS201,Spring 2026,5,63.5,62.7,63.3,2.53,4
STU11071,DB401,Spring 2024,1,64.7,68.2,65.7,2.63,4
STU11072,CS101,Spring 2026,5,67.4,72.4,68.9,2.76,3
STU11073,AI301,Fall 2025,4,42.3,45.0,43.1,1.72,3
STU11074,CS101,Spring 2025,3,61.6,56.2,60.0,2.4,4
STU11075,DS201,Spring 2024,1,51.6,50.1,51.1,2.04,4
STU11076,CS101,Spring 2024,1,49.9,49.0,49.6,1.98,4
STU11077,DB401,Fall 2023,0,63.3,61.9,62.9,2.52,3
STU11078,SE501,Fall 2024,2,66.8,71.7,68.3,2.73,3
STU11079,DB401,Spring 2024,1,63.8,70.4,65.8,2.63,4
STU11080,CS101,Fall 2023,0,65.8,70.7,67.3,2.69,3
STU11081,DS201,Spring 2026,5,48.3,55.4,50.4,2.02,4
STU11082,AI301,Fall 2024,2,55.2,55.6,55.3,2.21,4
STU11083,SE501,Fall 2023,0,72.5,70.0,71.7,2.87,3
STU11084,DS201,Fall 2024,2,76.5,70.8,74.8,2.99,4
STU11085,CS101,Fall 2023,0,50.6,49.1,50.1,2.0,4
STU11086,DB401,Spring 2025,3,60.3,56.3,59.1,2.36,4
STU11087,CS101,Spring 2026,5,47.5,56.8,50.3,2.01,3
STU11088,CS101,Spring 2025,3,70.0,74.3,71.3,2.85,3
STU11089,AI301,Fall 2024,2,45.5,41.0,44.2,1.77,3
STU11090,CS101,Spring 2024,1,46.5,45.6,46.2,1.85,3
STU11091,SE501,Fall 2025,4,51.9,49.2,51.1,2.04,3
STU11092,DS201,Spring 2024,1,60.9,57.8,60.0,2.4,3
STU11093,DS201,Fall 2024,2,34.9,33.1,34.4,1.38,3
STU11094,AI301,Fall 2025,4,49.8,48.2,49.3,1.97,4
STU11095,AI301,Fall 2025,4,55.8,53.7,55.2,2.21,4
STU11096,DB401,Fall 2023,0,49.2,49.5,49.3,1.97,4
STU11097,SE501,Spring 2024,1,67.6,66.1,67.1,2.68,3
STU11098,AI301,Fall 2024,2,69.7,75.5,71.4,2.86,4
STU11099,AI301,Spring 2024,1,53.3,53.5,53.4,2.14,3
STU11100,CS101,Fall 2023,0,63.5,63.5,63.5,2.54,3
STU11101,AI301,Fall 2023,0,59.6,57.4,58.9,2.36,4
STU11102,DS201,Spring 2024,1,63.2,62.6,63.0,2.52,3
STU11103,AI301,Fall 2023,0,62.4,56.1,60.5,2.42,4
STU11104,AI301,Spring 2025,3,53.0,51.7,52.6,2.1,3
STU11105,CS101,Spring 2026,5,60.2,66.3,62.0,2.48,4
STU11106,AI301,Fall 2025,4,57.0,53.4,55.9,2.24,3
STU11107,SE501,Spring 2026,5,59.0,60.7,59.5,2.38,4
STU11108,AI301,Fall 2025,4,57.4,63.5,59.2,2.37,4
STU11109,SE501,Fall 2025,4,59.9,61.3,60.3,2.41,3
STU11110,AI301,Fall 2025,4,45.2,43.6,44.7,1.79,3
STU11111,DS201,Spring 2025,3,42.7,45.9,43.7,1.75,3
STU11112,SE501,Spring 2026,5,62.1,62.0,62.1,2.48,3
STU11113,SE501,Spring 2024,1,52.1,56.5,53.4,2.14,3
STU11114,DS201,Spring 2026,5,66.8,68.4,67.3,2.69,4
STU11115,CS101,Spring 2024,1,43.4,35.4,41.0,1.64,3
STU11116,CS101,Fall 2024,2,60.3,57.6,59.5,2.38,3
STU11117,DS201,Fall 2025,4,39.3,40.5,39.7,1.59,3
STU11118,AI301,Fall 2025,4,42.2,47.5,43.8,1.75,3
STU11119,AI301,Fall 2025,4,51.4,55.4,52.6,2.1,4
STU11120,DB401,Spring 2026,5,47.1,51.7,48.5,1.94,3
STU11121,DS201,Spring 2025,3,54.2,53.4,54.0,2.16,3
STU11122,DS201,Spring 2024,1,63.3,60.1,62.3,2.49,3
STU11123,DB401,Fall 2025,4,35.3,32.4,34.4,1.38,4
STU11124,SE501,Fall 2023,0,66.5,63.0,65.5,2.62,3
STU11125,CS101,Spring 2026,5,50.1,61.1,53.4,2.14,4
STU11126,DS201,Fall 2023,0,52.9,62.1,55.7,2.23,3
STU11127,DS201,Fall 2024,2,73.1,67.1,71.3,2.85,4
STU11128,DB401,Spring 2024,1,52.8,54.8,53.4,2.14,3
STU11129,CS101,Fall 2023,0,61.0,60.4,60.8,2.43,4
STU11130,DB401,Spring 2026,5,57.1,55.6,56.6,2.26,4
STU11131,DB401,Fall 2024,2,44.0,47.1,44.9,1.8,4
STU11132,DS201,Fall 2023,0,36.0,33.5,35.3,1.41,3
STU11133,AI301,Spring 2024,1,57.1,54.8,56.4,2.26,4
STU11134,SE501,Fall 2023,0,36.4,38.9,37.2,1.49,4
STU11135,DS201,Fall 2024,2,44.6,51.3,46.6,1.86,4
STU11136,DS201,Fall 2023,0,49.5,59.8,52.6,2.1,4
STU11137,CS101,Spring 2026,5,74.0,76.7,74.8,2.99,3
STU11138,SE501,Fall 2024,2,71.8,67.5,70.5,2.82,4
STU11139,CS101,Fall 2024,2,53.7,57.4,54.8,2.19,4
STU11140,CS101,Fall 2025,4,58.8,57.0,58.3,2.33,4
STU11141,DS201,Fall 2025,4,57.9,58.0,57.9,2.32,3
STU11142,SE501,Spring 2025,3,50.5,58.4,52.9,2.12,4
STU11143,SE501,Spring 2024,1,48.3,55.4,50.4,2.02,3
STU11144,DB401,Spring 2025,3,57.3,61.9,58.7,2.35,4
STU11145,DS201,Fall 2024,2,48.6,57.0,51.1,2.04,3
STU11146,SE501,Fall 2023,0,37.8,30.0,35.5,1.42,4
STU11147,AI301,Fall 2024,2,56.8,53.4,55.8,2.23,3
STU11148,DS201,Fall 2025,4,59.7,63.1,60.7,2.43,4
STU11149,SE501,Fall 2025,4,52.0,51.9,52.0,2.08,4
STU11150,DB401,Fall 2023,0,42.6,48.4,44.3,1.77,4
STU11151,CS101,Spring 2024,1,74.3,68.4,72.5,2.9,3
STU11152,DB401,Spring 2026,5,63.6,69.7,65.4,2.62,4
STU11153,SE501,Spring 2024,1,50.4,53.2,51.2,2.05,3
STU11154,CS101,Spring 2025,3,53.4,54.1,53.6,2.14,3
STU11155,DB401,Fall 2025,4,52.0,43.9,49.6,1.98,4
STU11156,CS101,Spring 2024,1,67.7,78.9,71.1,2.84,4
STU11157,DB401,Spring 2025,3,79.1,73.3,77.4,3.1,4
STU11158,SE501,Fall 2024,2,74.2,67.4,72.2,2.89,4
STU11159,AI301,Fall 2025,4,57.2,60.5,58.2,2.33,3
STU11160,CS101,Spring 2025,3,53.3,59.0,55.0,2.2,3
STU11161,DS201,Fall 2024,2,38.9,38.4,38.8,1.55,3
STU11162,DS201,Spring 2024,1,61.2,57.1,60.0,2.4,4
STU11163,AI301,Fall 2024,2,46.6,44.4,46.0,1.84,3
STU11164,AI301,Spring 2025,3,54.6,56.8,55.2,2.21,4
STU11165,DS201,Spring 2026,5,55.2,52.4,54.4,2.18,3
STU11166,DB401,Spring 2026,5,60.2,66.4,62.0,2.48,3
STU11167,CS101,Fall 2023,0,63.0,59.1,61.8,2.47,4
STU11168,CS101,Spring 2026,5,54.0,46.2,51.7,2.07,3
STU11169,CS101,Fall 2024,2,51.8,59.8,54.2,2.17,3
STU11170,SE501,Spring 2025,3,41.3,37.9,40.3,1.61,4
STU11171,DB401,Spring 2025,3,51.6,54.2,52.4,2.1,4
STU11172,DS201,Fall 2024,2,49.2,52.0,50.0,2.0,4
STU11173,SE501,Spring 2026,5,51.2,47.9,50.2,2.01,3
STU11174,DB401,Spring 2026,5,63.4,66.6,64.4,2.58,4
STU11175,AI301,Fall 2023,0,47.9,45.8,47.3,1.89,4
STU11176,AI301,Fall 2025,4,49.1,45.7,48.1,1.92,4
STU11177,SE501,Spring 2024,1,48.0,47.8,48.0,1.92,4
STU11178,CS101,Spring 2026,5,52.8,61.6,55.4,2.22,3
STU11179,DS201,Fall 2025,4,51.2,52.8,51.7,2.07,3
STU11180,DS201,Spring 2024,1,59.5,64.2,60.9,2.44,4
STU11181,AI301,Spring 2025,3,45.7,46.1,45.8,1.83,3
STU11182,DB401,Spring 2024,1,57.1,54.5,56.3,2.25,4
STU11183,AI301,Fall 2024,2,58.5,60.3,59.0,2.36,3
STU11184,DS201,Fall 2024,2,43.2,42.5,43.0,1.72,4
STU11185,DS201,Spring 2025,3,46.1,43.9,45.4,1.82,3
STU11186,DB401,Spring 2024,1,39.7,43.6,40.9,1.64,4
STU11187,SE501,Fall 2023,0,43.2,45.4,43.8,1.75,3
STU11188,AI301,Fall 2024,2,38.3,35.2,37.4,1.5,4
STU11189,SE501,Fall 2024,2,48.4,52.9,49.7,1.99,4
STU11190,DS201,Spring 2025,3,59.2,59.1,59.2,2.37,3
STU11191,CS101,Spring 2024,1,58.4,62.7,59.7,2.39,4
STU11192,DS201,Fall 2023,0,69.7,66.4,68.7,2.75,4
STU11193,DB401,Spring 2024,1,46.0,41.6,44.7,1.79,4
STU11194,AI301,Fall 2024,2,80.4,78.1,79.7,3.19,3
STU11195,SE501,Fall 2025,4,66.3,66.4,66.3,2.65,3
STU11196,DS201,Spring 2026,5,52.2,51.2,51.9,2.08,4
STU11197,DS201,Spring 2025,3,37.5,43.9,39.4,1.58,4
STU11198,DS201,Fall 2023,0,42.5,38.5,41.3,1.65,4
STU11199,AI301,Spring 2026,5,87.2,77.3,84.2,3.37,4
STU11200,CS101,Spring 2024,1,39.4,39.3,39.4,1.58,3
STU11201,AI301,Fall 2024,2,64.6,67.1,65.4,2.62,3
STU11202,AI301,Fall 2025,4,61.1,59.4,60.6,2.42,4
STU11203,DB401,Spring 2026,5,49.1,50.2,49.4,1.98,3
STU11204,AI301,Spring 2025,3,45.4,41.6,44.3,1.77,4
STU11205,DS201,Fall 2023,0,58.3,53.6,56.9,2.28,4
STU11206,CS101,Spring 2024,1,77.8,80.6,78.6,3.14,4
STU11207,SE501,Fall 2023,0,53.2,56.3,54.1,2.16,3
STU11208,AI301,Spring 2025,3,68.9,71.8,69.8,2.79,3
STU11209,SE501,Spring 2024,1,74.9,77.7,75.7,3.03,4
STU11210,DB401,Fall 2024,2,45.6,47.7,46.2,1.85,3
STU11211,CS101,Fall 2024,2,64.3,63.6,64.1,2.56,4
STU11212,DB401,Fall 2025,4,50.7,54.2,51.7,2.07,3
STU11213,SE501,Spring 2024,1,55.1,51.0,53.9,2.16,4
STU11214,CS101,Spring 2026,5,56.4,62.6,58.3,2.33,3
STU11215,CS101,Fall 2023,0,56.8,61.3,58.2,2.33,4
STU11216,AI301,Fall 2025,4,44.6,37.2,42.4,1.7,4
STU11217,AI301,Spring 2024,1,68.6,72.7,69.8,2.79,4
STU11218,DS201,Spring 2026,5,46.0,50.1,47.2,1.89,3
STU11219,AI301,Spring 2024,1,70.7,82.7,74.3,2.97,3
STU11220,AI301,Fall 2024,2,75.9,70.7,74.3,2.97,4
STU11221,AI301,Spring 2024,1,53.1,46.5,51.1,2.04,3
STU11222,DB401,Spring 2024,1,53.7,58.8,55.2,2.21,3
STU11223,SE501,Fall 2024,2,43.7,46.0,44.4,1.78,4
STU11224,SE501,Fall 2025,4,54.9,48.2,52.9,2.12,4
STU11225,SE501,Spring 2026,5,53.6,63.8,56.7,2.27,4
STU11226,SE501,Spring 2026,5,62.6,60.8,62.1,2.48,4
STU11227,CS101,Fall 2025,4,52.2,50.2,51.6,2.06,3
STU11228,DS201,Spring 2026,5,49.2,53.1,50.4,2.02,4
STU11229,DS201,Spring 2024,1,60.2,71.5,63.6,2.54,3
STU11230,DB401,Spring 2025,3,47.3,44.9,46.6,1.86,4
STU11231,SE501,Fall 2024,2,42.0,45.0,42.9,1.72,4
STU11232,DS201,Fall 2025,4,65.6,60.7,64.1,2.56,3
STU11233,DS201,Spring 2025,3,67.7,67.5,67.6,2.7,3
STU11234,DB401,Fall 2024,2,46.5,55.2,49.1,1.96,3
STU11235,SE501,Spring 2024,1,64.5,71.9,66.7,2.67,4
STU11236,AI301,Fall 2024,2,53.8,51.6,53.1,2.12,3
STU11237,CS101,Spring 2025,3,45.6,50.1,46.9,1.88,4
STU11238,SE501,Spring 2026,5,59.0,59.8,59.2,2.37,4
STU11239,DB401,Fall 2024,2,47.5,47.1,47.4,1.9,3
STU11240,CS101,Fall 2023,0,48.6,39.7,45.9,1.84,4
STU11241,CS101,Spring 2024,1,43.6,41.5,43.0,1.72,4
STU11242,DS201,Spring 2026,5,36.5,31.3,35.0,1.4,3
STU11243,DS201,Fall 2024,2,52.5,54.0,52.9,2.12,4
STU11244,AI301,Spring 2025,3,66.7,62.7,65.5,2.62,4
STU11245,CS101,Fall 2023,0,48.5,37.3,45.1,1.8,4
STU11246,DB401,Spring 2024,1,62.5,64.2,63.0,2.52,4
STU11247,DS201,Spring 2026,5,41.5,44.4,42.4,1.7,4
STU11248,AI301,Fall 2023,0,30.2,30.0,30.1,1.2,3
STU11249,DB401,Spring 2026,5,38.4,30.0,35.9,1.44,4
STU11250,DS201,Spring 2026,5,73.0,71.4,72.5,2.9,4
STU11251,AI301,Spring 2026,5,80.8,76.5,79.5,3.18,4
STU11252,SE501,Fall 2023,0,76.2,69.1,74.1,2.96,3
STU11253,CS101,Fall 2025,4,48.9,48.0,48.6,1.94,4
STU11254,AI301,Fall 2025,4,59.3,57.4,58.7,2.35,3
STU11255,DS201,Fall 2025,4,50.4,46.5,49.2,1.97,4
STU11256,CS101,Spring 2024,1,48.8,50.3,49.2,1.97,3
STU11257,AI301,Spring 2024,1,65.0,65.5,65.1,2.6,4
STU11258,DB401,Spring 2026,5,46.8,44.7,46.2,1.85,3
STU11259,AI301,Spring 2025,3,61.1,62.2,61.4,2.46,3
STU11260,DB401,Fall 2024,2,48.9,48.5,48.8,1.95,4
STU11261,DB401,Fall 2024,2,70.2,65.6,68.8,2.75,4
STU11262,AI301,Fall 2023,0,39.1,39.5,39.2,1.57,4
STU11263,DB401,Spring 2026,5,76.5,79.5,77.4,3.1,4
STU11264,AI301,Spring 2025,3,47.1,46.0,46.8,1.87,3
STU11265,AI301,Fall 2025,4,40.9,53.3,44.6,1.78,4
STU11266,SE501,Fall 2024,2,59.1,58.9,59.0,2.36,4
STU11267,SE501,Spring 2024,1,49.6,51.7,50.2,2.01,4
STU11268,SE501,Fall 2025,4,57.2,58.2,57.5,2.3,4
STU11269,CS101,Fall 2024,2,68.5,71.6,69.4,2.78,3
STU11270,DS201,Spring 2024,1,31.8,34.7,32.7,1.31,3
STU11271,DB401,Spring 2024,1,52.4,49.5,51.5,2.06,3
STU11272,CS101,Fall 2025,4,53.4,54.7,53.8,2.15,4
STU11273,DB401,Fall 2025,4,66.0,64.6,65.6,2.62,3
STU11274,AI301,Spring 2024,1,68.1,65.3,67.3,2.69,4
STU11275,DS201,Spring 2025,3,58.3,57.4,58.0,2.32,4
STU11276,AI301,Spring 2026,5,64.0,63.0,63.7,2.55,3
STU11277,CS101,Spring 2024,1,65.2,71.7,67.1,2.68,3
STU11278,CS101,Spring 2024,1,68.2,64.1,67.0,2.68,4
STU11279,DB401,Spring 2024,1,63.9,65.1,64.3,2.57,3
STU11280,AI301,Fall 2025,4,52.4,53.6,52.8,2.11,4
STU11281,SE501,Spring 2026,5,47.3,46.1,46.9,1.88,3
STU11282,SE501,Fall 2025,4,54.3,60.0,56.0,2.24,3
STU11283,DS201,Spring 2026,5,50.4,53.0,51.2,2.05,4
STU11284,CS101,Spring 2024,1,55.0,47.0,52.6,2.1,3
STU11285,SE501,Spring 2024,1,62.0,69.4,64.2,2.57,3
STU11286,DB401,Fall 2023,0,48.2,60.1,51.8,2.07,4
STU11287,DS201,Spring 2025,3,52.3,62.3,55.3,2.21,3
STU11288,SE501,Spring 2024,1,62.6,65.0,63.3,2.53,3
STU11289,AI301,Spring 2024,1,44.4,38.9,42.7,1.71,3
STU11290,SE501,Fall 2023,0,47.4,48.2,47.6,1.9,4
STU11291,DB401,Fall 2025,4,47.2,40.8,45.3,1.81,3
STU11292,SE501,Spring 2026,5,60.3,65.4,61.8,2.47,4
STU11293,DS201,Fall 2024,2,60.6,63.4,61.4,2.46,4
STU11294,SE501,Fall 2023,0,67.5,78.6,70.8,2.83,4
STU11295,CS101,Fall 2025,4,44.3,48.5,45.5,1.82,4
STU11296,DB401,Fall 2025,4,57.4,53.2,56.1,2.24,3
STU11297,CS101,Spring 2026,5,63.2,70.0,65.3,2.61,4
STU11298,AI301,Fall 2023,0,59.2,58.9,59.1,2.36,4
STU11299,CS101,Spring 2025,3,40.8,40.1,40.6,1.62,3
STU11300,AI301,Fall 2025,4,48.8,50.4,49.3,1.97,3
STU11301,CS101,Fall 2024,2,50.3,47.9,49.6,1.98,4
STU11302,DS201,Spring 2026,5,48.6,45.7,47.7,1.91,4
STU11303,DS201,Spring 2025,3,53.6,65.8,57.3,2.29,4
STU11304,DS201,Fall 2023,0,56.0,62.2,57.9,2.32,4
STU11305,AI301,Fall 2025,4,70.1,73.3,71.1,2.84,4
STU11306,SE501,Fall 2025,4,73.5,73.9,73.6,2.94,4
STU11307,AI301,Spring 2024,1,59.4,52.3,57.3,2.29,4
STU11308,DS201,Spring 2025,3,64.9,70.1,66.5,2.66,4
STU11309,DB401,Fall 2024,2,47.9,45.4,47.2,1.89,4
STU11310,DS201,Fall 2025,4,58.6,57.4,58.2,2.33,4
STU11311,CS101,Fall 2024,2,58.6,63.2,60.0,2.4,4
STU11312,CS101,Fall 2024,2,58.4,50.6,56.1,2.24,3
STU11313,CS101,Spring 2024,1,50.5,49.8,50.3,2.01,3
STU11314,DS201,Fall 2024,2,63.7,64.8,64.0,2.56,3
STU11315,SE501,Fall 2024,2,45.2,48.9,46.3,1.85,3
STU11316,CS101,Spring 2024,1,61.2,59.0,60.6,2.42,3
STU11317,DB401,Spring 2025,3,49.0,41.3,46.7,1.87,3
STU11318,DS201,Spring 2025,3,36.1,37.1,36.4,1.46,4
STU11319,AI301,Spring 2025,3,58.4,54.1,57.1,2.28,4
STU11320,AI301,Fall 2023,0,59.2,61.9,60.0,2.4,4
STU11321,AI301,Fall 2023,0,72.2,77.7,73.9,2.96,4
STU11322,AI301,Spring 2026,5,59.3,60.2,59.6,2.38,4
STU11323,DS201,Spring 2024,1,61.9,55.7,60.0,2.4,4
STU11324,CS101,Fall 2024,2,69.8,70.9,70.1,2.8,3
STU11325,DS201,Fall 2023,0,53.0,54.1,53.3,2.13,3
STU11326,DB401,Spring 2025,3,41.8,38.2,40.7,1.63,3
STU11327,DB401,Fall 2024,2,67.8,74.5,69.8,2.79,3
STU11328,AI301,Fall 2025,4,52.0,53.0,52.3,2.09,3
STU11329,DS201,Spring 2025,3,47.8,48.8,48.1,1.92,3
STU11330,AI301,Spring 2025,3,52.6,52.8,52.7,2.11,4
STU11331,DB401,Spring 2026,5,45.7,54.4,48.3,1.93,3
STU11332,CS101,Fall 2024,2,55.6,63.3,57.9,2.32,3
STU11333,DS201,Spring 2025,3,45.6,44.0,45.1,1.8,3
STU11334,AI301,Spring 2024,1,66.7,71.4,68.1,2.72,4
STU11335,AI301,Fall 2024,2,58.1,57.9,58.0,2.32,4
STU11336,CS101,Fall 2024,2,62.8,66.4,63.9,2.56,4
STU11337,DS201,Spring 2026,5,42.2,38.7,41.1,1.64,4
STU11338,SE501,Fall 2023,0,67.4,66.5,67.1,2.68,3
STU11339,SE501,Fall 2025,4,51.2,43.2,48.8,1.95,4
STU11340,SE501,Fall 2024,2,61.0,60.9,61.0,2.44,4
STU11341,AI301,Spring 2026,5,46.4,42.1,45.1,1.8,4
STU11342,AI301,Spring 2025,3,72.2,65.6,70.2,2.81,4
STU11343,DS201,Spring 2025,3,58.3,58.8,58.4,2.34,4
STU11344,DS201,Fall 2025,4,64.3,59.0,62.7,2.51,3
STU11345,DS201,Fall 2023,0,47.3,44.0,46.3,1.85,3
STU11346,SE501,Fall 2024,2,73.3,82.9,76.2,3.05,4
STU11347,DB401,Fall 2023,0,45.5,40.6,44.0,1.76,4
STU11348,CS101,Fall 2023,0,52.2,50.7,51.7,2.07,3
STU11349,CS101,Spring 2026,5,50.9,45.7,49.3,1.97,3
STU11350,SE501,Spring 2025,3,55.2,62.2,57.3,2.29,3
STU11351,DB401,Spring 2024,1,62.1,63.2,62.4,2.5,4
STU11352,AI301,Fall 2023,0,50.6,56.3,52.3,2.09,3
STU11353,SE501,Spring 2026,5,67.4,69.5,68.0,2.72,3
STU11354,CS101,Fall 2024,2,70.1,71.2,70.4,2.82,3
STU11355,DB401,Fall 2023,0,38.8,41.7,39.7,1.59,4
STU11356,AI301,Spring 2026,5,51.4,42.5,48.7,1.95,4
STU11357,DS201,Spring 2025,3,66.6,60.9,64.9,2.6,4
STU11358,CS101,Spring 2026,5,59.9,62.4,60.7,2.43,4
STU11359,DB401,Spring 2026,5,41.4,43.0,41.9,1.68,4
STU11360,CS101,Fall 2023,0,59.3,53.8,57.6,2.3,3
STU11361,SE501,Fall 2025,4,61.9,62.4,62.1,2.48,4
STU11362,SE501,Fall 2023,0,80.6,79.3,80.2,3.21,4
STU11363,AI301,Spring 2025,3,68.6,73.7,70.1,2.8,4
STU11364,SE501,Spring 2024,1,67.0,68.2,67.3,2.69,4
STU11365,DS201,Fall 2023,0,56.5,58.3,57.0,2.28,4
STU11366,DB401,Spring 2024,1,28.6,30.0,29.0,1.16,3
STU11367,SE501,Fall 2025,4,71.3,69.6,70.8,2.83,3
STU11368,CS101,Spring 2026,5,46.1,41.9,44.8,1.79,3
STU11369,AI301,Spring 2024,1,51.9,52.0,51.9,2.08,4
STU11370,DB401,Fall 2023,0,60.0,59.9,60.0,2.4,4
STU11371,AI301,Fall 2023,0,61.4,64.9,62.5,2.5,3
STU11372,SE501,Fall 2023,0,63.0,69.2,64.9,2.6,3
STU11373,DS201,Fall 2024,2,68.2,67.9,68.1,2.72,3
STU11374,CS101,Spring 2025,3,38.4,30.0,35.9,1.44,3
STU11375,DS201,Fall 2023,0,58.4,65.1,60.4,2.42,3
STU11376,SE501,Spring 2024,1,73.1,76.4,74.1,2.96,3
STU11377,SE501,Spring 2024,1,59.4,55.1,58.1,2.32,4
STU11378,DB401,Fall 2025,4,47.2,68.2,53.5,2.14,3
STU11379,CS101,Spring 2024,1,61.0,61.4,61.1,2.44,3
STU11380,SE501,Spring 2026,5,56.7,53.6,55.8,2.23,3
STU11381,SE501,Spring 2024,1,49.4,47.3,48.8,1.95,4
STU11382,DS201,Spring 2024,1,63.5,68.5,65.0,2.6,4
STU11383,DS201,Fall 2024,2,51.0,48.0,50.1,2.0,3
STU11384,DS201,Fall 2023,0,48.1,40.7,45.9,1.84,4
STU11385,CS101,Fall 2025,4,52.6,58.9,54.5,2.18,3
STU11386,CS101,Spring 2025,3,50.0,49.9,50.0,2.0,4
STU11387,DS201,Fall 2024,2,39.7,37.2,38.9,1.56,4
STU11388,AI301,Fall 2025,4,62.9,67.4,64.3,2.57,3
STU11389,DS201,Spring 2025,3,61.7,62.4,61.9,2.48,3
STU11390,CS101,Spring 2025,3,62.6,61.0,62.1,2.48,3
STU11391,CS101,Fall 2025,4,37.2,35.9,36.8,1.47,3
STU11392,AI301,Spring 2026,5,48.8,50.7,49.4,1.98,4
STU11393,CS101,Fall 2025,4,48.9,54.6,50.6,2.02,3
STU11394,AI301,Fall 2023,0,64.0,66.2,64.7,2.59,4
STU11395,SE501,Spring 2025,3,57.7,66.6,60.4,2.42,4
STU11396,AI301,Fall 2023,0,36.8,30.0,34.8,1.39,3
STU11397,DS201,Fall 2023,0,54.1,49.6,52.8,2.11,3
STU11398,CS101,Spring 2025,3,64.5,55.5,61.8,2.47,4
STU11399,DB401,Spring 2026,5,64.3,62.1,63.6,2.54,4
STU11400,SE501,Spring 2026,5,83.5,91.9,86.0,3.44,4
STU11401,DS201,Spring 2025,3,34.3,37.4,35.2,1.41,3
STU11402,DB401,Fall 2025,4,54.9,58.9,56.1,2.24,4
STU11403,SE501,Fall 2024,2,51.1,52.7,51.6,2.06,3
STU11404,CS101,Fall 2025,4,60.0,56.7,59.0,2.36,4
STU11405,SE501,Fall 2025,4,55.0,62.4,57.2,2.29,3
STU11406,CS101,Spring 2025,3,51.5,48.8,50.7,2.03,3
STU11407,AI301,Spring 2025,3,72.1,71.2,71.8,2.87,4
STU11408,DB401,Spring 2026,5,50.0,59.6,52.9,2.12,4
STU11409,DB401,Fall 2023,0,40.1,42.9,40.9,1.64,3
STU11410,DB401,Fall 2023,0,69.6,74.0,70.9,2.84,3
STU11411,DS201,Spring 2025,3,55.4,53.1,54.7,2.19,4
STU11412,AI301,Fall 2024,2,62.8,55.9,60.7,2.43,4
STU11413,SE501,Fall 2023,0,53.8,47.2,51.8,2.07,3
STU11414,DS201,Spring 2024,1,50.9,47.8,50.0,2.0,4
STU11415,DS201,Spring 2024,1,59.1,57.7,58.7,2.35,4
STU11416,DB401,Spring 2025,3,36.6,36.6,36.6,1.46,3
STU11417,DS201,Spring 2026,5,39.5,40.6,39.8,1.59,4
STU11418,DS201,Spring 2026,5,46.2,46.7,46.3,1.85,4
STU11419,DB401,Spring 2024,1,62.0,65.4,63.0,2.52,4
STU11420,DB401,Fall 2024,2,42.1,43.5,42.5,1.7,3
STU11421,CS101,Fall 2023,0,59.2,64.2,60.7,2.43,3
STU11422,SE501,Fall 2024,2,54.4,56.6,55.1,2.2,4
STU11423,DS201,Spring 2026,5,43.7,44.4,43.9,1.76,4
STU11424,DS201,Fall 2023,0,75.5,72.2,74.5,2.98,4
STU11425,SE501,Fall 2023,0,53.8,56.5,54.6,2.18,3
STU11426,CS101,Fall 2025,4,57.8,51.4,55.9,2.24,4
STU11427,AI301,Fall 2024,2,42.7,48.9,44.6,1.78,4
STU11428,CS101,Spring 2024,1,66.3,71.4,67.8,2.71,4
STU11429,CS101,Spring 2025,3,39.3,38.0,38.9,1.56,4
STU11430,AI301,Spring 2026,5,61.9,59.9,61.3,2.45,3
STU11431,DB401,Spring 2026,5,48.8,53.6,50.2,2.01,3
STU11432,SE501,Fall 2025,4,68.1,67.8,68.0,2.72,4
STU11433,CS101,Fall 2023,0,62.8,67.3,64.2,2.57,3
STU11434,DB401,Fall 2024,2,49.4,54.7,51.0,2.04,4
STU11435,AI301,Fall 2024,2,50.8,47.0,49.7,1.99,4
STU11436,SE501,Spring 2024,1,48.9,41.4,46.6,1.86,3
STU11437,DS201,Fall 2025,4,63.8,63.3,63.6,2.54,4
STU11438,AI301,Fall 2024,2,68.0,72.5,69.4,2.78,4
STU11439,DB401,Spring 2026,5,43.6,43.4,43.5,1.74,3
STU11440,CS101,Spring 2025,3,64.3,69.4,65.8,2.63,4
STU11441,DS201,Spring 2025,3,42.3,36.7,40.6,1.62,4
STU11442,CS101,Spring 2024,1,53.0,43.8,50.2,2.01,4
STU11443,CS101,Spring 2024,1,65.4,65.7,65.5,2.62,3
STU11444,DS201,Spring 2024,1,42.9,37.7,41.3,1.65,4
STU11445,DB401,Spring 2025,3,49.0,46.7,48.3,1.93,3
STU11446,DB401,Spring 2025,3,53.9,53.0,53.6,2.14,4
STU11447,AI301,Spring 2025,3,41.5,46.8,43.1,1.72,3
STU11448,DB401,Spring 2024,1,50.1,53.9,51.2,2.05,3
STU11449,DB401,Fall 2023,0,65.1,62.9,64.4,2.58,4
STU11450,DB401,Fall 2023,0,38.2,44.0,40.0,1.6,3
STU11451,CS101,Fall 2023,0,60.8,71.5,64.0,2.56,4
STU11452,CS101,Spring 2024,1,80.0,80.1,80.0,3.2,3
STU11453,DS201,Fall 2024,2,37.8,44.2,39.7,1.59,3
STU11454,SE501,Spring 2024,1,44.7,55.2,47.9,1.92,3
STU11455,DS201,Fall 2025,4,49.7,53.4,50.8,2.03,4
STU11456,CS101,Fall 2024,2,64.5,63.0,64.0,2.56,4
STU11457,SE501,Spring 2024,1,37.4,40.1,38.2,1.53,4
STU11458,DS201,Spring 2024,1,46.7,42.2,45.4,1.82,3
STU11459,DB401,Spring 2025,3,60.9,57.6,59.9,2.4,3
STU11460,DS201,Fall 2025,4,55.0,53.0,54.4,2.18,3
STU11461,AI301,Fall 2024,2,52.4,52.6,52.5,2.1,3
STU11462,AI301,Spring 2026,5,39.1,40.5,39.5,1.58,3
STU11463,AI301,Spring 2024,1,56.7,51.9,55.3,2.21,3
STU11464,CS101,Fall 2025,4,59.6,68.0,62.1,2.48,3
STU11465,SE501,Spring 2025,3,70.8,70.3,70.6,2.82,4
STU11466,DS201,Fall 2023,0,47.7,45.6,47.1,1.88,3
STU11467,SE501,Spring 2024,1,44.6,52.6,47.0,1.88,3
STU11468,DB401,Fall 2025,4,65.4,69.6,66.7,2.67,3
STU11469,CS101,Fall 2023,0,66.3,68.3,66.9,2.68,3
STU11470,AI301,Spring 2024,1,36.3,38.4,36.9,1.48,3
STU11471,DS201,Fall 2023,0,49.4,49.9,49.6,1.98,4
STU11472,DB401,Fall 2025,4,68.1,68.1,68.1,2.72,4
STU11473,DS201,Spring 2026,5,44.0,45.1,44.3,1.77,3
STU11474,AI301,Fall 2025,4,55.9,60.0,57.1,2.28,4
STU11475,CS101,Fall 2025,4,25.0,30.0,24.4,0.98,3
STU11476,AI301,Spring 2025,3,77.0,79.6,77.8,3.11,4
STU11477,DB401,Fall 2025,4,75.4,72.3,74.5,2.98,4
STU11478,DB401,Spring 2024,1,59.5,66.8,61.7,2.47,3
STU11479,CS101,Spring 2026,5,61.8,60.4,61.4,2.46,4
STU11480,SE501,Spring 2026,5,47.8,45.7,47.2,1.89,4
STU11481,CS101,Spring 2025,3,57.7,48.5,54.9,2.2,3
STU11482,CS101,Fall 2025,4,42.3,39.9,41.6,1.66,3
STU11483,DB401,Spring 2026,5,58.1,63.0,59.6,2.38,3
STU11484,AI301,Fall 2025,4,52.8,60.4,55.1,2.2,4
STU11485,DS201,Fall 2025,4,45.4,36.1,42.6,1.7,3
STU11486,CS101,Spring 2024,1,72.2,66.6,70.5,2.82,4
STU11487,DS201,Fall 2023,0,64.9,67.5,65.7,2.63,4
STU11488,DB401,Spring 2025,3,61.1,59.1,60.5,2.42,3
STU11489,DS201,Fall 2025,4,50.4,62.4,54.0,2.16,4
STU11490,SE501,Fall 2024,2,54.8,57.8,55.7,2.23,3
STU11491,DS201,Spring 2025,3,41.7,47.5,43.5,1.74,3
STU11492,DB401,Spring 2025,3,44.0,49.7,45.7,1.83,3
STU11493,DS201,Fall 2023,0,55.5,55.5,55.5,2.22,3
STU11494,SE501,Spring 2025,3,63.8,60.1,62.7,2.51,3
STU11495,CS101,Spring 2024,1,54.6,66.5,58.2,2.33,3
STU11496,SE501,Spring 2026,5,48.5,45.7,47.7,1.91,3
STU11497,CS101,Spring 2025,3,51.0,48.1,50.1,2.0,3
STU11498,SE501,Spring 2026,5,67.3,68.7,67.7,2.71,3
STU11499,DB401,Spring 2024,1,75.2,73.6,74.7,2.99,3
STU11500,SE501,Spring 2024,1,72.4,67.7,71.0,2.84,3
STU11501,DB401,Spring 2026,5,49.2,50.2,49.5,1.98,4
STU11502,DB401,Spring 2024,1,44.8,46.0,45.1,1.8,4
STU11503,SE501,Fall 2025,4,36.1,37.1,36.4,1.46,3
STU11504,DS201,Spring 2025,3,51.7,44.7,49.6,1.98,4
STU11505,DB401,Spring 2026,5,43.1,36.3,41.1,1.64,4
STU11506,AI301,Spring 2026,5,51.5,51.2,51.4,2.06,3
STU11507,DS201,Fall 2023,0,57.7,63.7,59.5,2.38,4
STU11508,DS201,Spring 2026,5,66.8,71.8,68.3,2.73,4
STU11509,SE501,Spring 2026,5,52.0,52.2,52.1,2.08,4
STU11510,DS201,Spring 2024,1,38.3,32.5,36.6,1.46,4
STU11511,AI301,Spring 2024,1,59.5,64.3,60.9,2.44,3
STU11512,SE501,Fall 2024,2,48.5,58.3,51.5,2.06,3
STU11513,AI301,Spring 2026,5,44.7,48.9,46.0,1.84,3
STU11514,CS101,Spring 2026,5,53.0,61.8,55.7,2.23,3
STU11515,CS101,Fall 2023,0,58.1,62.2,59.3,2.37,3
STU11516,DB401,Spring 2024,1,59.5,67.7,62.0,2.48,4
STU11517,DS201,Fall 2023,0,53.3,55.3,53.9,2.16,4
STU11518,AI301,Fall 2025,4,62.9,55.8,60.8,2.43,3
STU11519,SE501,Fall 2024,2,62.2,63.1,62.5,2.5,3
STU11520,CS101,Fall 2024,2,46.5,49.3,47.3,1.89,4
STU11521,SE501,Spring 2024,1,58.7,53.0,57.0,2.28,3
STU11522,AI301,Spring 2026,5,54.3,43.1,51.0,2.04,4
STU11523,DS201,Spring 2024,1,58.6,59.3,58.8,2.35,3
STU11524,CS101,Spring 2025,3,51.1,52.4,51.5,2.06,4
STU11525,DB401,Fall 2025,4,54.4,54.6,54.5,2.18,4
STU11526,AI301,Fall 2023,0,62.3,69.5,64.5,2.58,4
STU11527,SE501,Fall 2024,2,61.1,65.9,62.5,2.5,4
STU11528,DS201,Spring 2025,3,60.9,67.1,62.8,2.51,4
STU11529,CS101,Fall 2023,0,64.9,70.2,66.5,2.66,3
STU11530,AI301,Spring 2024,1,67.1,65.4,66.6,2.66,4
STU11531,CS101,Fall 2023,0,55.6,54.2,55.2,2.21,3
STU11532,AI301,Fall 2025,4,62.4,58.9,61.4,2.46,4
STU11533,CS101,Spring 2025,3,41.5,45.3,42.6,1.7,3
STU11534,CS101,Fall 2025,4,69.5,60.8,66.9,2.68,3
STU11535,DS201,Fall 2023,0,61.1,59.7,60.7,2.43,3
STU11536,SE501,Spring 2025,3,51.6,50.5,51.3,2.05,4
STU11537,DS201,Spring 2026,5,45.9,44.1,45.4,1.82,3
STU11538,AI301,Fall 2025,4,52.9,53.2,53.0,2.12,4
STU11539,DB401,Spring 2026,5,43.7,39.5,42.4,1.7,4
STU11540,SE501,Spring 2025,3,53.4,59.1,55.1,2.2,3
STU11541,DB401,Fall 2024,2,36.2,41.1,37.7,1.51,4
STU11542,CS101,Fall 2023,0,41.4,45.7,42.7,1.71,4
STU11543,CS101,Fall 2023,0,53.8,58.1,55.1,2.2,3
STU11544,DB401,Spring 2024,1,58.0,70.6,61.8,2.47,4
STU11545,DB401,Spring 2024,1,51.5,52.5,51.8,2.07,4
STU11546,SE501,Fall 2025,4,48.4,48.2,48.3,1.93,3
STU11547,SE501,Spring 2026,5,72.2,82.4,75.3,3.01,4
STU11548,AI301,Spring 2024,1,72.3,70.6,71.8,2.87,4
STU11549,AI301,Spring 2025,3,57.3,54.4,56.4,2.26,3
STU11550,DS201,Spring 2024,1,53.3,57.2,54.5,2.18,4
STU11551,DS201,Spring 2025,3,57.5,58.2,57.7,2.31,3
STU11552,CS101,Fall 2023,0,56.4,66.4,59.4,2.38,4
STU11553,CS101,Fall 2023,0,68.3,70.2,68.9,2.76,3
STU11554,CS101,Spring 2024,1,64.8,63.2,64.3,2.57,4
STU11555,DS201,Fall 2024,2,68.6,73.1,69.9,2.8,3
STU11556,SE501,Spring 2025,3,49.3,43.4,47.5,1.9,4
STU11557,DB401,Fall 2023,0,61.7,59.3,61.0,2.44,4
STU11558,AI301,Fall 2024,2,61.4,65.9,62.8,2.51,4
STU11559,AI301,Fall 2025,4,58.8,53.8,57.3,2.29,3
STU11560,DS201,Spring 2024,1,58.5,56.8,58.0,2.32,3
STU11561,DS201,Fall 2024,2,38.1,43.0,39.6,1.58,3
STU11562,DB401,Spring 2026,5,65.2,71.3,67.0,2.68,3
STU11563,DS201,Spring 2024,1,47.4,51.7,48.7,1.95,4
STU11564,AI301,Fall 2024,2,63.4,51.0,59.7,2.39,4
STU11565,DS201,Spring 2024,1,47.8,49.8,48.4,1.94,4
STU11566,AI301,Fall 2024,2,42.0,48.3,43.9,1.76,4
STU11567,CS101,Spring 2025,3,63.4,73.6,66.5,2.66,4
STU11568,CS101,Fall 2025,4,63.7,58.0,62.0,2.48,3
STU11569,DB401,Spring 2026,5,48.1,41.8,46.2,1.85,3
STU11570,DS201,Fall 2025,4,53.1,54.7,53.6,2.14,4
STU11571,CS101,Spring 2025,3,54.4,47.6,52.3,2.09,3
STU11572,AI301,Spring 2025,3,67.4,66.5,67.1,2.68,4
STU11573,DB401,Fall 2025,4,53.2,55.7,54.0,2.16,3
STU11574,SE501,Fall 2025,4,56.0,61.0,57.5,2.3,3
STU11575,AI301,Spring 2026,5,45.2,47.8,46.0,1.84,3
STU11576,SE501,Spring 2025,3,56.5,61.4,58.0,2.32,4
STU11577,CS101,Spring 2026,5,64.0,68.7,65.4,2.62,4
STU11578,AI301,Spring 2025,3,54.8,56.1,55.2,2.21,4
STU11579,AI301,Fall 2024,2,43.9,45.6,44.4,1.78,3
STU11580,SE501,Fall 2025,4,63.8,72.0,66.3,2.65,4
STU11581,SE501,Fall 2023,0,65.2,68.9,66.3,2.65,3
STU11582,DS201,Spring 2026,5,43.0,47.0,44.2,1.77,4
STU11583,DS201,Fall 2025,4,64.4,65.6,64.8,2.59,3
STU11584,SE501,Spring 2026,5,40.8,34.3,38.9,1.56,4
STU11585,SE501,Fall 2025,4,80.3,79.3,80.0,3.2,3
STU11586,SE501,Spring 2026,5,76.8,78.5,77.3,3.09,3
STU11587,SE501,Spring 2026,5,60.2,66.5,62.1,2.48,3
STU11588,DB401,Fall 2023,0,51.5,59.9,54.0,2.16,3
STU11589,AI301,Fall 2023,0,83.7,82.5,83.4,3.34,3
STU11590,DB401,Spring 2026,5,62.4,68.1,64.1,2.56,3
STU11591,AI301,Fall 2023,0,55.3,50.7,53.9,2.16,3
STU11592,CS101,Spring 2024,1,62.0,63.6,62.5,2.5,4
STU11593,CS101,Fall 2025,4,72.3,77.4,73.8,2.95,4
STU11594,SE501,Fall 2024,2,77.1,87.2,80.1,3.2,4
STU11595,DS201,Fall 2023,0,47.5,42.5,46.0,1.84,4
STU11596,SE501,Spring 2024,1,60.2,55.0,58.7,2.35,4
STU11597,DB401,Fall 2023,0,49.1,57.9,51.7,2.07,3
STU11598,DB401,Fall 2025,4,46.8,55.2,49.3,1.97,3
STU11599,AI301,Fall 2025,4,46.7,47.8,47.0,1.88,4
STU11600,AI301,Spring 2024,1,59.7,62.2,60.4,2.42,4
STU11601,DB401,Spring 2024,1,61.0,59.1,60.4,2.42,3
STU11602,AI301,Fall 2025,4,42.5,41.7,42.2,1.69,3
STU11603,DB401,Fall 2023,0,54.0,45.5,51.4,2.06,4
STU11604,DS201,Spring 2025,3,42.9,43.0,42.9,1.72,4
STU11605,DS201,Fall 2024,2,47.5,48.2,47.7,1.91,3
STU11606,SE501,Fall 2024,2,52.4,62.7,55.5,2.22,4
STU11607,CS101,Spring 2025,3,60.2,67.7,62.4,2.5,4
STU11608,DS201,Fall 2024,2,56.0,58.7,56.8,2.27,3
STU11609,DB401,Spring 2026,5,48.9,44.2,47.5,1.9,4
STU11610,SE501,Fall 2023,0,51.0,48.6,50.3,2.01,4
STU11611,AI301,Fall 2025,4,73.9,72.8,73.6,2.94,4
STU11612,DS201,Fall 2025,4,51.7,56.9,53.3,2.13,4
STU11613,AI301,Fall 2023,0,66.6,58.4,64.1,2.56,4
STU11614,CS101,Fall 2024,2,48.7,47.7,48.4,1.94,4
STU11615,SE501,Spring 2024,1,47.6,47.3,47.5,1.9,4
STU11616,AI301,Fall 2025,4,60.0,52.6,57.8,2.31,3
STU11617,DB401,Fall 2024,2,45.3,50.1,46.7,1.87,4
STU11618,AI301,Fall 2025,4,64.7,53.2,61.2,2.45,4
STU11619,DS201,Spring 2025,3,43.5,42.4,43.2,1.73,4
STU11620,SE501,Fall 2025,4,54.6,54.4,54.5,2.18,4
STU11621,AI301,Spring 2024,1,48.5,55.7,50.7,2.03,4
STU11622,SE501,Fall 2023,0,48.2,51.7,49.2,1.97,3
STU11623,CS101,Fall 2025,4,51.8,42.7,49.1,1.96,4
STU11624,DS201,Spring 2026,5,48.4,43.9,47.1,1.88,4
STU11625,AI301,Spring 2025,3,46.2,38.6,43.9,1.76,3
STU11626,DS201,Fall 2025,4,47.9,47.3,47.7,1.91,3
STU11627,SE501,Spring 2025,3,69.4,65.6,68.3,2.73,4
STU11628,DB401,Fall 2023,0,42.6,41.5,42.3,1.69,3
STU11629,CS101,Fall 2023,0,68.2,62.7,66.6,2.66,4
STU11630,CS101,Fall 2025,4,72.3,68.7,71.2,2.85,4
STU11631,DS201,Spring 2024,1,44.1,47.9,45.2,1.81,3
STU11632,AI301,Fall 2023,0,55.3,59.1,56.5,2.26,3
STU11633,DB401,Fall 2023,0,49.9,45.0,48.4,1.94,4
STU11634,DS201,Fall 2023,0,52.9,41.0,49.3,1.97,4
STU11635,DB401,Fall 2024,2,59.9,65.5,61.6,2.46,4
STU11636,AI301,Fall 2024,2,49.6,49.4,49.5,1.98,4
STU11637,CS101,Spring 2025,3,59.4,56.2,58.4,2.34,4
STU11638,DB401,Fall 2025,4,49.7,43.9,47.9,1.92,3
STU11639,SE501,Fall 2024,2,53.1,51.6,52.7,2.11,3
STU11640,AI301,Spring 2024,1,51.0,50.2,50.7,2.03,4
STU11641,AI301,Fall 2023,0,68.3,71.8,69.3,2.77,3
STU11642,DS201,Spring 2026,5,50.8,62.1,54.2,2.17,3
STU11643,DS201,Fall 2025,4,50.1,47.0,49.2,1.97,4
STU11644,SE501,Spring 2025,3,40.7,47.2,42.7,1.71,3
STU11645,AI301,Fall 2023,0,47.9,45.3,47.1,1.88,4
STU11646,DS201,Fall 2023,0,55.7,53.4,55.0,2.2,4
STU11647,DB401,Spring 2024,1,60.9,51.5,58.1,2.32,4
STU11648,CS101,Spring 2026,5,48.1,39.8,45.6,1.82,3
STU11649,AI301,Fall 2025,4,44.1,34.5,41.2,1.65,3
STU11650,SE501,Spring 2024,1,72.0,78.2,73.8,2.95,3
STU11651,DB401,Spring 2025,3,50.9,53.6,51.7,2.07,4
STU11652,AI301,Spring 2026,5,39.0,46.9,41.4,1.66,3
STU11653,CS101,Spring 2025,3,53.1,46.4,51.1,2.04,4
STU11654,DS201,Spring 2026,5,47.9,46.7,47.5,1.9,4
STU11655,SE501,Fall 2023,0,37.3,35.5,36.7,1.47,3
STU11656,CS101,Spring 2025,3,61.4,61.0,61.3,2.45,3
STU11657,DS201,Fall 2025,4,47.3,40.7,45.3,1.81,3
STU11658,CS101,Fall 2023,0,65.7,70.2,67.0,2.68,4
STU11659,AI301,Fall 2025,4,41.3,35.7,39.6,1.58,3
STU11660,DS201,Fall 2024,2,42.4,40.0,41.7,1.67,4
STU11661,DS201,Spring 2024,1,62.4,69.3,64.5,2.58,3
STU11662,DB401,Spring 2026,5,59.7,60.8,60.0,2.4,4
STU11663,CS101,Fall 2025,4,42.5,47.3,43.9,1.76,3
STU11664,SE501,Fall 2023,0,59.1,58.6,58.9,2.36,4
STU11665,DS201,Fall 2025,4,78.9,84.2,80.5,3.22,3
STU11666,DS201,Spring 2026,5,55.3,57.6,56.0,2.24,4
STU11667,CS101,Spring 2025,3,35.6,30.0,33.9,1.36,3
STU11668,DB401,Spring 2025,3,64.9,57.1,62.6,2.5,3
STU11669,AI301,Fall 2023,0,54.1,49.1,52.6,2.1,3
STU11670,SE501,Fall 2025,4,60.2,59.9,60.1,2.4,4
STU11671,DS201,Fall 2024,2,64.4,59.6,63.0,2.52,4
STU11672,DS201,Spring 2025,3,52.0,57.9,53.8,2.15,4
STU11673,DB401,Spring 2024,1,67.1,69.9,68.0,2.72,3
STU11674,SE501,Spring 2026,5,62.8,62.2,62.6,2.5,3
STU11675,CS101,Fall 2025,4,49.5,50.3,49.8,1.99,4
STU11676,DS201,Spring 2026,5,72.0,79.5,74.3,2.97,4
STU11677,CS101,Fall 2025,4,29.2,30.0,29.4,1.18,3
STU11678,DB401,Fall 2025,4,51.5,56.1,52.9,2.12,4
STU11679,DS201,Fall 2025,4,65.0,66.7,65.5,2.62,4
STU11680,AI301,Spring 2024,1,42.1,56.2,46.3,1.85,4
STU11681,DS201,Fall 2025,4,55.5,61.2,57.2,2.29,4
STU11682,AI301,Fall 2023,0,41.8,43.9,42.4,1.7,4
STU11683,CS101,Fall 2023,0,49.9,49.3,49.7,1.99,4
STU11684,CS101,Fall 2025,4,58.6,62.1,59.7,2.39,4
STU11685,AI301,Spring 2025,3,62.0,57.6,60.7,2.43,4
STU11686,CS101,Spring 2025,3,64.6,56.0,62.0,2.48,3
STU11687,SE501,Fall 2025,4,60.3,61.1,60.5,2.42,4
STU11688,DS201,Fall 2025,4,63.7,65.6,64.3,2.57,3
STU11689,DB401,Fall 2025,4,40.8,34.2,38.8,1.55,3
STU11690,SE501,Fall 2025,4,52.7,43.6,50.0,2.0,4
STU11691,SE501,Fall 2024,2,55.8,58.6,56.6,2.26,3
STU11692,DB401,Fall 2023,0,54.6,58.3,55.7,2.23,3
STU11693,CS101,Spring 2025,3,62.1,58.4,61.0,2.44,3
STU11694,CS101,Fall 2023,0,49.8,42.6,47.6,1.9,4
STU11695,DB401,Fall 2025,4,69.3,75.6,71.2,2.85,4
STU11696,SE501,Spring 2026,5,67.8,72.6,69.2,2.77,3
STU11697,DS201,Spring 2025,3,58.9,59.8,59.2,2.37,4
STU11698,SE501,Fall 2023,0,66.0,79.0,69.9,2.8,4
STU11699,DS201,Fall 2023,0,59.0,61.2,59.7,2.39,3
STU11700,DS201,Spring 2024,1,53.5,53.4,53.5,2.14,3
STU11701,CS101,Spring 2026,5,64.3,60.6,63.2,2.53,4
STU11702,DS201,Spring 2025,3,60.9,59.3,60.4,2.42,4
STU11703,AI301,Fall 2024,2,68.8,61.8,66.7,2.67,4
STU11704,AI301,Spring 2026,5,48.5,44.9,47.4,1.9,3
STU11705,SE501,Spring 2024,1,49.6,58.3,52.2,2.09,3
STU11706,SE501,Fall 2023,0,56.6,57.7,56.9,2.28,4
STU11707,AI301,Spring 2025,3,39.7,42.8,40.6,1.62,4
STU11708,SE501,Spring 2025,3,58.1,49.2,55.4,2.22,3
STU11709,CS101,Fall 2023,0,65.2,74.5,68.0,2.72,4
STU11710,AI301,Fall 2024,2,48.2,52.0,49.3,1.97,4
STU11711,DB401,Fall 2024,2,60.0,58.6,59.6,2.38,3
STU11712,CS101,Fall 2023,0,48.1,56.6,50.7,2.03,4
STU11713,SE501,Fall 2025,4,57.6,48.9,55.0,2.2,4
STU11714,AI301,Spring 2026,5,62.3,74.9,66.1,2.64,4
STU11715,SE501,Fall 2023,0,70.9,69.9,70.6,2.82,4
STU11716,SE501,Fall 2025,4,52.3,45.1,50.1,2.0,3
STU11717,SE501,Spring 2026,5,42.6,39.0,41.5,1.66,4
STU11718,SE501,Fall 2024,2,64.0,57.4,62.0,2.48,3
STU11719,DB401,Spring 2026,5,60.1,65.1,61.6,2.46,3
STU11720,DS201,Spring 2024,1,52.9,50.8,52.3,2.09,3
STU11721,CS101,Fall 2024,2,61.9,50.5,58.5,2.34,3
STU11722,DB401,Spring 2024,1,47.5,39.1,45.0,1.8,4
STU11723,SE501,Spring 2025,3,42.7,33.7,40.0,1.6,4
STU11724,AI301,Spring 2025,3,61.6,66.7,63.1,2.52,3
STU11725,SE501,Spring 2025,3,55.8,57.6,56.3,2.25,3
STU11726,AI301,Fall 2025,4,49.7,44.0,48.0,1.92,4
STU11727,CS101,Spring 2026,5,54.5,52.3,53.8,2.15,3
STU11728,DS201,Spring 2026,5,67.4,67.1,67.3,2.69,4
STU11729,SE501,Fall 2024,2,59.7,57.4,59.0,2.36,3
STU11730,DS201,Fall 2025,4,59.5,56.3,58.6,2.34,4
STU11731,CS101,Fall 2023,0,58.5,55.2,57.5,2.3,4
STU11732,DB401,Spring 2024,1,60.3,69.7,63.1,2.52,4
STU11733,SE501,Fall 2025,4,73.3,70.7,72.5,2.9,3
STU11734,DB401,Fall 2023,0,52.5,61.2,55.1,2.2,3
STU11735,CS101,Spring 2025,3,55.8,53.8,55.2,2.21,3
STU11736,DB401,Fall 2023,0,45.5,49.0,46.6,1.86,4
STU11737,DB401,Spring 2026,5,62.1,67.9,63.8,2.55,3
STU11738,AI301,Fall 2024,2,67.1,67.4,67.2,2.69,3
STU11739,AI301,Fall 2023,0,65.0,62.9,64.4,2.58,4
STU11740,AI301,Fall 2025,4,49.8,53.3,50.8,2.03,3
STU11741,SE501,Spring 2025,3,34.3,32.2,33.7,1.35,4
STU11742,CS101,Spring 2026,5,65.1,64.2,64.8,2.59,3
STU11743,AI301,Spring 2026,5,35.0,39.3,36.3,1.45,3
STU11744,CS101,Fall 2025,4,46.1,42.8,45.1,1.8,4
STU11745,CS101,Spring 2024,1,56.4,63.4,58.5,2.34,3
STU11746,CS101,Fall 2023,0,60.6,62.5,61.2,2.45,3
STU11747,CS101,Spring 2024,1,73.6,73.5,73.6,2.94,4
STU11748,AI301,Fall 2024,2,62.5,64.3,63.0,2.52,3
STU11749,DB401,Fall 2023,0,65.2,59.3,63.4,2.54,4
STU11750,CS101,Fall 2025,4,63.1,68.1,64.6,2.58,4
STU11751,SE501,Fall 2025,4,40.4,42.4,41.0,1.64,3
STU11752,SE501,Spring 2024,1,57.2,68.3,60.5,2.42,4
STU11753,SE501,Fall 2023,0,34.6,37.7,35.5,1.42,4
STU11754,DS201,Spring 2026,5,65.7,63.7,65.1,2.6,4
STU11755,DB401,Spring 2026,5,54.6,48.4,52.8,2.11,4
STU11756,CS101,Fall 2023,0,47.8,44.4,46.8,1.87,3
STU11757,CS101,Fall 2023,0,54.3,59.3,55.8,2.23,3
STU11758,AI301,Fall 2024,2,59.1,60.3,59.5,2.38,4
STU11759,DB401,Spring 2026,5,55.3,47.6,53.0,2.12,4
STU11760,DB401,Fall 2025,4,48.5,40.2,46.0,1.84,3
STU11761,SE501,Spring 2024,1,49.8,57.0,51.9,2.08,4
STU11762,CS101,Spring 2025,3,60.2,59.5,60.0,2.4,3
STU11763,DB401,Fall 2023,0,65.5,65.1,65.4,2.62,3
STU11764,DB401,Fall 2023,0,67.6,66.5,67.3,2.69,3
STU11765,SE501,Spring 2026,5,51.1,52.3,51.5,2.06,3
STU11766,CS101,Fall 2025,4,65.6,69.0,66.6,2.66,4
STU11767,SE501,Spring 2024,1,36.8,34.2,36.0,1.44,3
STU11768,SE501,Spring 2025,3,49.2,55.0,50.9,2.04,4
STU11769,SE501,Spring 2024,1,58.8,51.8,56.7,2.27,4
STU11770,SE501,Fall 2025,4,38.3,45.1,40.3,1.61,3
STU11771,CS101,Fall 2023,0,35.3,37.2,35.9,1.44,4
STU11772,AI301,Fall 2025,4,49.1,43.0,47.3,1.89,3
STU11773,SE501,Spring 2025,3,45.5,53.3,47.8,1.91,4
STU11774,CS101,Fall 2024,2,54.4,56.4,55.0,2.2,4
STU11775,CS101,Spring 2024,1,47.2,52.2,48.7,1.95,4
STU11776,DB401,Spring 2024,1,65.3,54.8,62.2,2.49,3
STU11777,DB401,Fall 2023,0,63.7,59.9,62.6,2.5,3
STU11778,AI301,Spring 2024,1,55.9,54.6,55.5,2.22,3
STU11779,DS201,Fall 2025,4,44.9,45.1,44.9,1.8,3
STU11780,CS101,Fall 2025,4,40.3,44.5,41.6,1.66,3
STU11781,AI301,Fall 2024,2,49.9,54.4,51.3,2.05,3
STU11782,DB401,Fall 2024,2,59.7,48.1,56.2,2.25,4
STU11783,AI301,Fall 2023,0,49.4,46.3,48.5,1.94,3
STU11784,CS101,Fall 2025,4,53.2,51.0,52.5,2.1,4
STU11785,AI301,Spring 2026,5,51.9,53.8,52.5,2.1,3
STU11786,DB401,Spring 2025,3,59.4,64.1,60.8,2.43,4
STU11787,DB401,Fall 2025,4,52.5,56.8,53.8,2.15,3
STU11788,SE501,Spring 2026,5,56.0,60.4,57.3,2.29,3
STU11789,AI301,Spring 2026,5,59.9,58.3,59.4,2.38,4
STU11790,DS201,Spring 2026,5,58.2,61.2,59.1,2.36,4
STU11791,DS201,Spring 2025,3,58.3,49.4,55.6,2.22,4
STU11792,DB401,Fall 2024,2,51.4,54.1,52.2,2.09,3
STU11793,AI301,Spring 2026,5,63.4,71.1,65.7,2.63,3
STU11794,CS101,Fall 2024,2,48.7,40.8,46.3,1.85,3
STU11795,DS201,Fall 2025,4,44.0,43.8,43.9,1.76,3
STU11796,DS201,Spring 2024,1,44.9,51.0,46.7,1.87,4
STU11797,SE501,Spring 2024,1,44.5,48.2,45.6,1.82,4
STU11798,DS201,Fall 2024,2,50.7,57.1,52.6,2.1,3
STU11799,SE501,Fall 2023,0,49.7,51.1,50.1,2.0,4
STU11800,AI301,Fall 2025,4,40.6,47.9,42.8,1.71,4
STU11801,DB401,Fall 2024,2,40.2,43.1,41.1,1.64,3
STU11802,DB401,Spring 2025,3,49.5,48.8,49.3,1.97,3
STU11803,AI301,Spring 2026,5,52.8,54.2,53.2,2.13,4
STU11804,DB401,Spring 2026,5,51.6,56.0,52.9,2.12,4
STU11805,DB401,Spring 2026,5,47.1,46.5,46.9,1.88,3
STU11806,AI301,Fall 2024,2,55.2,54.0,54.8,2.19,4
STU11807,CS101,Fall 2023,0,48.3,48.3,48.3,1.93,3
STU11808,DS201,Fall 2025,4,64.7,56.1,62.1,2.48,4
STU11809,SE501,Spring 2026,5,51.7,45.0,49.7,1.99,4
STU11810,DB401,Fall 2023,0,50.3,43.9,48.4,1.94,3
STU11811,AI301,Spring 2024,1,33.3,35.9,34.1,1.36,3
STU11812,CS101,Spring 2024,1,35.9,44.6,38.5,1.54,3
STU11813,CS101,Fall 2023,0,48.5,44.9,47.4,1.9,4
STU11814,DS201,Fall 2023,0,25.0,30.0,26.2,1.05,3
STU11815,AI301,Fall 2023,0,30.5,31.8,30.9,1.24,4
STU11816,DB401,Spring 2024,1,53.5,42.6,50.2,2.01,3
STU11817,SE501,Spring 2025,3,71.2,72.7,71.6,2.86,3
STU11818,AI301,Fall 2024,2,45.4,51.5,47.2,1.89,4
STU11819,SE501,Fall 2024,2,52.1,47.6,50.8,2.03,3
STU11820,AI301,Spring 2025,3,46.0,45.3,45.8,1.83,3
STU11821,DS201,Fall 2024,2,51.9,55.8,53.1,2.12,3
STU11822,DS201,Fall 2025,4,69.7,65.1,68.3,2.73,3
STU11823,DB401,Spring 2025,3,58.9,58.7,58.8,2.35,4
STU11824,SE501,Spring 2024,1,35.4,39.9,36.7,1.47,3
STU11825,DB401,Spring 2024,1,58.0,48.2,55.1,2.2,3
STU11826,AI301,Spring 2024,1,55.5,56.9,55.9,2.24,4
STU11827,CS101,Fall 2023,0,66.8,64.1,66.0,2.64,4
STU11828,AI301,Spring 2024,1,61.1,66.1,62.6,2.5,4
STU11829,DB401,Fall 2024,2,50.9,60.1,53.7,2.15,4
STU11830,DS201,Fall 2024,2,52.7,45.6,50.6,2.02,3
STU11831,DB401,Fall 2025,4,72.8,65.4,70.6,2.82,4
STU11832,DS201,Fall 2023,0,48.2,44.7,47.2,1.89,4
STU11833,AI301,Spring 2024,1,41.5,44.4,42.4,1.7,3
STU11834,CS101,Spring 2026,5,30.1,30.0,30.1,1.2,4
STU11835,DB401,Fall 2025,4,60.1,67.9,62.5,2.5,3
STU11836,DB401,Spring 2026,5,57.9,51.0,55.8,2.23,4
STU11837,DB401,Spring 2026,5,48.0,43.6,46.7,1.87,3
STU11838,AI301,Spring 2024,1,59.1,68.4,61.9,2.48,4
STU11839,DB401,Spring 2024,1,38.7,38.0,38.5,1.54,4
STU11840,DS201,Spring 2025,3,55.4,65.7,58.5,2.34,3
STU11841,AI301,Fall 2023,0,55.0,58.9,56.2,2.25,4
STU11842,DS201,Spring 2024,1,45.5,46.4,45.8,1.83,3
STU11843,CS101,Spring 2024,1,77.3,80.4,78.2,3.13,4
STU11844,CS101,Spring 2025,3,62.4,53.4,59.7,2.39,4
STU11845,AI301,Spring 2025,3,62.8,69.1,64.7,2.59,3
STU11846,DS201,Fall 2023,0,72.0,73.7,72.5,2.9,3
STU11847,CS101,Spring 2025,3,54.8,44.8,51.8,2.07,3
STU11848,CS101,Fall 2025,4,54.2,54.4,54.3,2.17,4
STU11849,DB401,Fall 2025,4,48.5,47.3,48.2,1.93,3
STU11850,CS101,Spring 2026,5,74.4,80.1,76.1,3.04,4
STU11851,DB401,Spring 2026,5,66.0,62.6,65.0,2.6,3
STU11852,SE501,Spring 2025,3,65.4,67.5,66.0,2.64,3
STU11853,DB401,Fall 2024,2,44.1,40.7,43.1,1.72,3
STU11854,SE501,Fall 2024,2,69.8,59.1,66.6,2.66,3
STU11855,DB401,Spring 2025,3,66.8,59.5,64.6,2.58,4
STU11856,CS101,Fall 2025,4,41.9,41.3,41.7,1.67,4
STU11857,AI301,Fall 2023,0,59.9,58.0,59.3,2.37,4
STU11858,CS101,Spring 2026,5,42.2,44.0,42.7,1.71,4
STU11859,DB401,Fall 2024,2,64.6,62.3,63.9,2.56,3
STU11860,DB401,Fall 2023,0,47.7,42.2,46.0,1.84,3
STU11861,DS201,Spring 2025,3,47.8,46.4,47.4,1.9,3
STU11862,SE501,Fall 2025,4,40.6,31.9,38.0,1.52,3
STU11863,SE501,Spring 2026,5,66.2,65.7,66.0,2.64,3
STU11864,DS201,Fall 2025,4,66.3,54.9,62.9,2.52,4
STU11865,AI301,Fall 2024,2,44.1,45.8,44.6,1.78,3
STU11866,SE501,Spring 2026,5,39.9,41.9,40.5,1.62,4
STU11867,CS101,Spring 2025,3,39.8,46.0,41.7,1.67,4
STU11868,AI301,Spring 2026,5,45.6,43.0,44.8,1.79,3
STU11869,SE501,Spring 2024,1,59.3,62.5,60.3,2.41,4
STU11870,DS201,Fall 2024,2,64.9,56.5,62.4,2.5,3
STU11871,AI301,Spring 2026,5,35.9,37.3,36.3,1.45,4
STU11872,SE501,Fall 2023,0,64.0,60.4,62.9,2.52,4
STU11873,CS101,Spring 2026,5,50.5,47.7,49.7,1.99,3
STU11874,DS201,Spring 2025,3,57.1,65.2,59.5,2.38,4
STU11875,SE501,Spring 2026,5,67.8,63.8,66.6,2.66,3
STU11876,CS101,Fall 2023,0,42.8,45.1,43.5,1.74,4
STU11877,AI301,Spring 2024,1,47.9,47.9,47.9,1.92,4
STU11878,DB401,Spring 2024,1,25.0,30.0,22.4,0.9,3
STU11879,AI301,Fall 2024,2,69.6,64.1,68.0,2.72,3
STU11880,DB401,Fall 2023,0,51.8,44.4,49.6,1.98,3
STU11881,AI301,Fall 2023,0,64.8,58.6,62.9,2.52,4
STU11882,CS101,Fall 2023,0,50.2,42.6,47.9,1.92,3
STU11883,DS201,Spring 2024,1,62.9,60.9,62.3,2.49,4
STU11884,DB401,Spring 2026,5,67.5,66.7,67.3,2.69,3
STU11885,AI301,Spring 2026,5,75.4,78.5,76.3,3.05,3
STU11886,AI301,Fall 2023,0,61.0,63.9,61.9,2.48,3
STU11887,AI301,Spring 2025,3,64.3,56.6,62.0,2.48,3
STU11888,DS201,Fall 2024,2,62.0,64.5,62.7,2.51,4
STU11889,AI301,Fall 2023,0,48.9,45.2,47.8,1.91,3
STU11890,SE501,Spring 2024,1,31.7,34.7,32.6,1.3,4
STU11891,SE501,Fall 2023,0,53.1,40.7,49.4,1.98,4
STU11892,DB401,Fall 2025,4,66.9,65.7,66.5,2.66,4
STU11893,AI301,Fall 2024,2,54.2,55.3,54.5,2.18,3
STU11894,DB401,Fall 2024,2,43.5,41.2,42.8,1.71,3
STU11895,DB401,Spring 2025,3,45.1,45.6,45.3,1.81,4
STU11896,DS201,Fall 2025,4,41.3,46.6,42.9,1.72,3
STU11897,DB401,Fall 2023,0,54.0,52.5,53.5,2.14,4
STU11898,AI301,Spring 2025,3,67.1,71.5,68.4,2.74,4
STU11899,AI301,Fall 2024,2,59.4,62.9,60.4,2.42,3
STU11900,CS101,Spring 2024,1,61.1,57.4,60.0,2.4,4
STU11901,DB401,Fall 2025,4,53.2,40.3,49.3,1.97,3
STU11902,DS201,Spring 2024,1,56.0,56.1,56.0,2.24,4
STU11903,AI301,Fall 2024,2,51.5,57.7,53.4,2.14,3
STU11904,DB401,Fall 2024,2,59.7,65.4,61.4,2.46,4
STU11905,AI301,Fall 2024,2,57.6,59.1,58.1,2.32,4
STU11906,AI301,Fall 2024,2,59.3,56.5,58.5,2.34,3
STU11907,DS201,Spring 2026,5,54.6,58.2,55.7,2.23,4
STU11908,CS101,Spring 2026,5,48.5,41.8,46.5,1.86,4
STU11909,SE501,Spring 2025,3,56.5,58.4,57.1,2.28,4
STU11910,DS201,Spring 2024,1,70.6,75.6,72.1,2.88,4
STU11911,DS201,Spring 2026,5,54.3,53.9,54.2,2.17,4
STU11912,AI301,Fall 2025,4,53.7,48.4,52.1,2.08,4
STU11913,CS101,Fall 2025,4,71.3,70.9,71.2,2.85,3
STU11914,CS101,Fall 2024,2,65.7,67.4,66.2,2.65,3
STU11915,SE501,Spring 2026,5,46.1,41.1,44.6,1.78,4
STU11916,CS101,Spring 2024,1,35.3,33.2,34.7,1.39,4
STU11917,DB401,Fall 2024,2,54.4,58.6,55.7,2.23,3
STU11918,SE501,Fall 2024,2,55.8,60.6,57.2,2.29,4
STU11919,SE501,Fall 2025,4,29.9,30.5,30.1,1.2,4
STU11920,SE501,Fall 2025,4,56.4,52.3,55.2,2.21,4
STU11921,DS201,Spring 2024,1,40.5,30.0,37.3,1.49,4
STU11922,SE501,Spring 2025,3,49.5,50.9,49.9,2.0,3
STU11923,CS101,Spring 2025,3,59.4,51.8,57.1,2.28,4
STU11924,DB401,Fall 2025,4,44.1,44.8,44.3,1.77,4
STU11925,CS101,Spring 2024,1,66.2,63.0,65.2,2.61,3
STU11926,DS201,Spring 2024,1,50.2,53.5,51.2,2.05,4
STU11927,SE501,Spring 2024,1,36.5,30.9,34.8,1.39,3
STU11928,CS101,Spring 2025,3,51.0,43.7,48.8,1.95,4
STU11929,SE501,Spring 2026,5,56.4,58.2,56.9,2.28,3
STU11930,DS201,Fall 2023,0,39.6,39.4,39.5,1.58,3
STU11931,DB401,Spring 2024,1,44.9,48.4,46.0,1.84,3
STU11932,DS201,Fall 2023,0,74.1,80.6,76.1,3.04,4
STU11933,CS101,Fall 2025,4,50.0,47.6,49.3,1.97,3
STU11934,DS201,Fall 2025,4,59.9,63.7,61.1,2.44,3
STU11935,CS101,Spring 2025,3,45.1,36.9,42.6,1.7,3
STU11936,AI301,Spring 2024,1,59.2,52.9,57.3,2.29,4
STU11937,CS101,Fall 2023,0,57.9,57.9,57.9,2.32,3
STU11938,SE501,Fall 2024,2,69.8,67.9,69.2,2.77,3
STU11939,AI301,Spring 2024,1,63.3,52.3,60.0,2.4,3
STU11940,DB401,Fall 2025,4,62.1,70.9,64.7,2.59,4
STU11941,SE501,Fall 2025,4,53.5,42.7,50.3,2.01,4
STU11942,CS101,Spring 2025,3,57.9,55.6,57.2,2.29,3
STU11943,AI301,Fall 2025,4,49.1,53.7,50.5,2.02,3
STU11944,SE501,Fall 2025,4,69.9,68.8,69.6,2.78,4
STU11945,DB401,Spring 2026,5,45.8,48.8,46.7,1.87,4
STU11946,DS201,Spring 2024,1,47.9,44.0,46.7,1.87,3
STU11947,CS101,Fall 2023,0,57.7,58.3,57.9,2.32,3
STU11948,AI301,Spring 2024,1,37.2,44.1,39.3,1.57,3
STU11949,DS201,Spring 2025,3,54.3,51.8,53.5,2.14,3
STU11950,DS201,Spring 2025,3,57.2,59.5,57.9,2.32,4
STU11951,AI301,Fall 2025,4,61.8,60.5,61.4,2.46,4
STU11952,AI301,Fall 2025,4,58.2,58.9,58.4,2.34,4
STU11953,DB401,Fall 2024,2,62.5,64.8,63.2,2.53,4
STU11954,AI301,Fall 2025,4,56.8,50.6,54.9,2.2,4
STU11955,AI301,Spring 2026,5,64.9,59.4,63.2,2.53,3
STU11956,DS201,Spring 2024,1,51.6,48.4,50.6,2.02,3
STU11957,CS101,Spring 2025,3,63.7,67.0,64.7,2.59,3
STU11958,DS201,Spring 2024,1,60.1,64.8,61.5,2.46,4
STU11959,DS201,Spring 2026,5,58.4,67.0,61.0,2.44,4
STU11960,DS201,Spring 2025,3,57.6,55.6,57.0,2.28,4
STU11961,DS201,Fall 2024,2,52.0,49.3,51.2,2.05,3
STU11962,CS101,Spring 2026,5,52.7,53.3,52.9,2.12,4
STU11963,CS101,Fall 2023,0,40.0,34.5,38.4,1.54,3
STU11964,SE501,Fall 2025,4,61.1,65.9,62.5,2.5,3
STU11965,SE501,Spring 2026,5,69.8,65.0,68.4,2.74,3
STU11966,SE501,Fall 2023,0,49.8,44.1,48.1,1.92,4
STU11967,DS201,Fall 2024,2,69.6,62.7,67.5,2.7,3
STU11968,AI301,Spring 2024,1,66.3,62.9,65.3,2.61,4
STU11969,DS201,Spring 2026,5,43.9,42.2,43.4,1.74,4
STU11970,CS101,Spring 2024,1,50.2,46.4,49.1,1.96,3
STU11971,AI301,Spring 2025,3,72.4,67.2,70.9,2.84,4
STU11972,DS201,Fall 2025,4,54.5,61.9,56.7,2.27,4
STU11973,AI301,Fall 2024,2,56.7,55.2,56.3,2.25,4
STU11974,DS201,Fall 2025,4,67.6,69.2,68.1,2.72,4
STU11975,CS101,Fall 2023,0,59.2,61.5,59.9,2.4,4
STU11976,AI301,Fall 2023,0,58.0,55.2,57.2,2.29,3
STU11977,DB401,Spring 2025,3,45.8,39.3,43.9,1.76,4
STU11978,AI301,Spring 2025,3,59.0,56.2,58.2,2.33,4
STU11979,DS201,Fall 2025,4,50.6,52.4,51.1,2.04,3
STU11980,DB401,Fall 2025,4,57.7,52.6,56.2,2.25,3
STU11981,CS101,Fall 2024,2,51.8,54.4,52.6,2.1,4
STU11982,DS201,Fall 2024,2,68.1,54.5,64.0,2.56,4
STU11983,CS101,Spring 2026,5,58.0,57.8,57.9,2.32,4
STU11984,CS101,Fall 2024,2,72.3,75.4,73.2,2.93,3
STU11985,AI301,Spring 2024,1,70.7,76.1,72.3,2.89,3
STU11986,DB401,Fall 2025,4,33.1,30.0,32.2,1.29,4
STU11987,SE501,Fall 2025,4,44.3,45.9,44.8,1.79,3
STU11988,CS101,Fall 2023,0,57.8,66.1,60.3,2.41,3
STU11989,DB401,Spring 2024,1,53.1,64.5,56.5,2.26,3
STU11990,DB401,Fall 2023,0,54.9,54.9,54.9,2.2,3
STU11991,SE501,Fall 2023,0,40.6,35.9,39.2,1.57,3
STU11992,SE501,Fall 2023,0,72.4,80.0,74.7,2.99,4
STU11993,DS201,Spring 2025,3,70.7,74.1,71.7,2.87,4
STU11994,CS101,Fall 2023,0,40.6,50.4,43.5,1.74,4
STU11995,SE501,Spring 2024,1,62.1,71.3,64.9,2.6,4
STU11996,SE501,Spring 2026,5,55.9,47.7,53.5,2.14,4
STU11997,AI301,Fall 2025,4,50.7,53.1,51.4,2.06,3
STU11998,CS101,Fall 2025,4,51.7,53.2,52.2,2.09,3
STU11999,DS201,Spring 2025,3,50.1,54.8,51.5,2.06,3
STU12000,DB401,Fall 2024,2,47.0,47.2,47.1,1.88,4
STU12001,CS101,Fall 2023,0,42.6,52.7,45.6,1.82,3
STU12002,SE501,Fall 2024,2,69.3,68.3,69.0,2.76,4
STU12003,CS101,Fall 2025,4,65.9,64.9,65.6,2.62,3
STU12004,AI301,Spring 2026,5,43.0,48.4,44.6,1.78,4
STU12005,SE501,Spring 2025,3,67.3,66.7,67.1,2.68,4
STU12006,DB401,Fall 2025,4,40.5,40.5,40.5,1.62,3
STU12007,DS201,Spring 2026,5,47.9,42.7,46.4,1.86,3
STU12008,AI301,Spring 2025,3,59.8,55.8,58.6,2.34,3
STU12009,AI301,Spring 2026,5,59.3,52.9,57.4,2.3,4
STU12010,AI301,Spring 2026,5,71.1,68.6,70.3,2.81,4
STU12011,DS201,Spring 2026,5,36.4,31.9,35.0,1.4,4
STU12012,SE501,Spring 2024,1,37.7,32.1,36.0,1.44,4
STU12013,AI301,Fall 2025,4,64.8,63.1,64.3,2.57,3
STU12014,AI301,Spring 2024,1,52.2,57.0,53.6,2.14,4
STU12015,DS201,Fall 2025,4,43.3,37.6,41.6,1.66,4
STU12016,CS101,Spring 2026,5,45.5,47.4,46.1,1.84,4
STU12017,DS201,Fall 2023,0,59.8,64.3,61.1,2.44,4
STU12018,DB401,Spring 2026,5,50.9,43.8,48.8,1.95,4
STU12019,DB401,Fall 2024,2,62.8,57.1,61.1,2.44,3
STU12020,SE501,Spring 2026,5,71.4,80.5,74.1,2.96,3
STU12021,DB401,Fall 2024,2,60.4,61.7,60.8,2.43,3
STU12022,AI301,Spring 2024,1,64.1,67.0,65.0,2.6,3
STU12023,DS201,Fall 2025,4,44.1,41.6,43.4,1.74,3
STU12024,DB401,Fall 2024,2,49.4,47.0,48.7,1.95,4
STU12025,AI301,Fall 2025,4,49.6,39.3,46.5,1.86,4
STU12026,SE501,Fall 2025,4,42.0,39.6,41.3,1.65,4
STU12027,DS201,Fall 2025,4,66.8,71.5,68.2,2.73,4
STU12028,DS201,Fall 2024,2,56.5,54.4,55.9,2.24,3
STU12029,CS101,Spring 2026,5,58.0,68.0,61.0,2.44,3
STU12030,SE501,Fall 2024,2,77.0,75.0,76.4,3.06,3
STU12031,DB401,Spring 2026,5,54.8,46.3,52.3,2.09,3
STU12032,SE501,Fall 2024,2,77.7,81.5,78.8,3.15,4
STU12033,DB401,Spring 2026,5,46.8,52.7,48.6,1.94,3
STU12034,AI301,Fall 2024,2,74.9,70.9,73.7,2.95,3
STU12035,DS201,Spring 2024,1,58.9,64.4,60.6,2.42,3
STU12036,SE501,Spring 2026,5,59.6,57.2,58.9,2.36,3
STU12037,AI301,Fall 2024,2,65.5,72.6,67.6,2.7,4
STU12038,AI301,Fall 2025,4,59.2,64.4,60.8,2.43,4
STU12039,AI301,Spring 2026,5,64.3,64.8,64.4,2.58,3
STU12040,SE501,Fall 2025,4,50.7,55.6,52.2,2.09,3
STU12041,SE501,Spring 2024,1,55.8,60.8,57.3,2.29,3
STU12042,SE501,Spring 2025,3,61.0,74.6,65.1,2.6,4
STU12043,SE501,Fall 2024,2,60.6,60.5,60.6,2.42,4
STU12044,SE501,Fall 2024,2,47.2,38.8,44.7,1.79,4
STU12045,DS201,Fall 2025,4,33.3,30.0,32.3,1.29,4
STU12046,CS101,Spring 2026,5,54.1,57.7,55.2,2.21,3
STU12047,SE501,Fall 2025,4,50.6,47.9,49.8,1.99,4
STU12048,DS201,Spring 2025,3,60.5,57.3,59.6,2.38,4
STU12049,DB401,Fall 2025,4,50.6,50.5,50.6,2.02,4
STU12050,DB401,Spring 2024,1,42.1,51.9,45.0,1.8,4
STU12051,DS201,Fall 2024,2,49.6,44.6,48.1,1.92,4
STU12052,DS201,Spring 2024,1,42.6,33.4,39.8,1.59,4
STU12053,DB401,Fall 2024,2,65.7,74.9,68.5,2.74,3
STU12054,DB401,Spring 2026,5,71.6,74.7,72.5,2.9,3
STU12055,SE501,Spring 2026,5,32.7,30.0,31.9,1.28,3
STU12056,CS101,Spring 2025,3,45.6,43.5,45.0,1.8,4
STU12057,CS101,Fall 2023,0,63.4,66.2,64.2,2.57,4
STU12058,AI301,Spring 2025,3,47.1,46.2,46.8,1.87,4
STU12059,DB401,Fall 2025,4,54.7,51.9,53.8,2.15,3
STU12060,CS101,Fall 2024,2,50.9,51.6,51.1,2.04,3
STU12061,CS101,Spring 2024,1,47.5,58.4,50.8,2.03,3
STU12062,SE501,Fall 2023,0,60.0,58.9,59.7,2.39,4
STU12063,SE501,Fall 2023,0,45.8,42.9,44.9,1.8,4
STU12064,DS201,Spring 2025,3,59.1,58.6,59.0,2.36,4
STU12065,SE501,Spring 2025,3,57.8,54.6,56.8,2.27,3
STU12066,DB401,Spring 2024,1,60.4,51.5,57.7,2.31,4
STU12067,SE501,Fall 2023,0,72.6,72.2,72.5,2.9,4
STU12068,DS201,Fall 2023,0,46.7,46.1,46.5,1.86,3
STU12069,SE501,Spring 2026,5,43.6,40.0,42.5,1.7,4
STU12070,DB401,Fall 2025,4,41.5,37.3,40.3,1.61,3
STU12071,SE501,Spring 2026,5,56.7,54.4,56.0,2.24,4
STU12072,SE501,Spring 2026,5,58.8,66.5,61.1,2.44,3
STU12073,AI301,Fall 2023,0,58.4,70.3,62.0,2.48,3
STU12074,SE501,Fall 2023,0,36.7,41.0,38.0,1.52,3
STU12075,AI301,Spring 2025,3,39.7,38.5,39.4,1.58,4
STU12076,DB401,Fall 2023,0,68.4,63.2,66.9,2.68,4
STU12077,DS201,Spring 2025,3,63.4,62.1,63.0,2.52,4
STU12078,DS201,Fall 2023,0,47.8,57.0,50.5,2.02,3
STU12079,CS101,Fall 2024,2,48.3,51.6,49.3,1.97,3
STU12080,AI301,Spring 2024,1,79.8,83.7,81.0,3.24,3
STU12081,CS101,Fall 2025,4,40.9,38.4,40.2,1.61,3
STU12082,AI301,Spring 2024,1,53.8,55.6,54.3,2.17,3
STU12083,DB401,Spring 2025,3,44.6,48.5,45.8,1.83,3
STU12084,SE501,Spring 2025,3,79.5,78.2,79.1,3.16,3
STU12085,AI301,Fall 2025,4,73.1,65.6,70.9,2.84,4
STU12086,AI301,Spring 2026,5,64.6,63.6,64.3,2.57,4
STU12087,AI301,Spring 2026,5,50.4,41.7,47.8,1.91,3
STU12088,CS101,Fall 2023,0,49.7,53.4,50.8,2.03,3
STU12089,DS201,Spring 2024,1,57.4,55.2,56.8,2.27,4
STU12090,DS201,Spring 2025,3,55.1,58.6,56.2,2.25,3
STU12091,DS201,Fall 2023,0,54.5,54.6,54.5,2.18,4
STU12092,DB401,Spring 2024,1,37.2,45.1,39.6,1.58,3
STU12093,AI301,Spring 2024,1,68.0,71.2,68.9,2.76,4
STU12094,DS201,Spring 2025,3,58.0,65.2,60.2,2.41,3
STU12095,AI301,Fall 2024,2,44.3,47.8,45.4,1.82,3
STU12096,SE501,Spring 2026,5,57.7,53.3,56.4,2.26,4
STU12097,DS201,Spring 2025,3,45.1,39.0,43.3,1.73,4
STU12098,DS201,Fall 2025,4,65.7,70.8,67.2,2.69,3
STU12099,DS201,Spring 2025,3,42.7,44.2,43.2,1.73,4
STU12100,AI301,Spring 2024,1,65.8,60.3,64.1,2.56,4
STU12101,SE501,Spring 2024,1,50.1,49.3,49.8,1.99,3
STU12102,DB401,Spring 2025,3,53.7,52.4,53.3,2.13,3
STU12103,DB401,Spring 2024,1,54.2,60.6,56.1,2.24,4
STU12104,AI301,Spring 2025,3,55.8,55.0,55.6,2.22,4
STU12105,CS101,Spring 2026,5,59.6,61.8,60.3,2.41,4
STU12106,DS201,Fall 2025,4,71.1,69.9,70.8,2.83,4
STU12107,DS201,Spring 2024,1,64.3,61.0,63.3,2.53,3
STU12108,SE501,Fall 2023,0,62.5,68.4,64.3,2.57,4
STU12109,AI301,Fall 2024,2,46.4,43.8,45.6,1.82,4
STU12110,DS201,Fall 2024,2,50.0,54.1,51.2,2.05,3
STU12111,DS201,Spring 2026,5,59.0,66.3,61.2,2.45,3
STU12112,AI301,Fall 2023,0,60.7,63.4,61.5,2.46,3
STU12113,CS101,Fall 2025,4,61.9,59.1,61.1,2.44,3
STU12114,SE501,Fall 2025,4,61.8,55.3,59.9,2.4,3
STU12115,AI301,Fall 2025,4,70.6,84.0,74.6,2.98,3
STU12116,DS201,Fall 2023,0,59.9,64.9,61.4,2.46,3
STU12117,DS201,Spring 2026,5,37.9,41.1,38.8,1.55,3
STU12118,CS101,Spring 2025,3,57.0,67.7,60.2,2.41,4
STU12119,CS101,Spring 2024,1,76.7,83.8,78.8,3.15,4
STU12120,SE501,Spring 2024,1,70.7,75.4,72.1,2.88,4
STU12121,CS101,Fall 2024,2,49.5,50.3,49.8,1.99,3
STU12122,AI301,Fall 2024,2,67.5,67.5,67.5,2.7,4
STU12123,CS101,Fall 2023,0,52.4,60.2,54.7,2.19,3
STU12124,SE501,Spring 2025,3,50.2,44.4,48.4,1.94,4
STU12125,DB401,Fall 2024,2,53.4,58.8,55.0,2.2,3
STU12126,DB401,Fall 2023,0,59.3,50.3,56.6,2.26,4
STU12127,CS101,Fall 2023,0,38.5,32.4,36.7,1.47,3
STU12128,AI301,Fall 2025,4,33.1,33.2,33.1,1.32,3
STU12129,CS101,Fall 2023,0,61.6,69.7,64.0,2.56,4
STU12130,DS201,Spring 2024,1,63.2,63.7,63.3,2.53,4
STU12131,CS101,Fall 2025,4,52.7,51.9,52.5,2.1,4
STU12132,SE501,Fall 2023,0,68.1,64.8,67.1,2.68,3
STU12133,DS201,Fall 2024,2,41.0,47.1,42.8,1.71,3
STU12134,SE501,Fall 2023,0,54.5,56.6,55.1,2.2,4
STU12135,SE501,Spring 2025,3,53.9,54.0,53.9,2.16,4
STU12136,DS201,Fall 2023,0,68.5,76.9,71.0,2.84,4
STU12137,SE501,Fall 2024,2,35.5,30.0,33.9,1.36,4
STU12138,CS101,Spring 2026,5,69.5,77.5,71.9,2.88,3
STU12139,DB401,Spring 2026,5,61.1,54.2,59.0,2.36,3
STU12140,CS101,Spring 2025,3,69.2,66.0,68.2,2.73,4
STU12141,CS101,Fall 2023,0,69.8,74.0,71.1,2.84,4
STU12142,DB401,Fall 2025,4,51.0,54.6,52.1,2.08,3
STU12143,SE501,Spring 2024,1,49.0,52.0,49.9,2.0,3
STU12144,CS101,Spring 2025,3,64.4,63.3,64.1,2.56,4
STU12145,AI301,Fall 2024,2,39.1,44.8,40.8,1.63,4
STU12146,DB401,Fall 2023,0,68.4,72.1,69.5,2.78,3
STU12147,SE501,Fall 2023,0,58.3,65.2,60.4,2.42,3
STU12148,DB401,Spring 2025,3,45.7,45.4,45.6,1.82,4
STU12149,SE501,Spring 2026,5,49.9,53.2,50.9,2.04,3
STU12150,DB401,Fall 2023,0,73.7,81.2,75.9,3.04,3
STU12151,DS201,Spring 2024,1,62.3,72.0,65.2,2.61,4
STU12152,DB401,Spring 2026,5,46.5,44.0,45.7,1.83,4
STU12153,DB401,Fall 2025,4,45.1,39.7,43.5,1.74,3
STU12154,AI301,Spring 2024,1,42.4,37.8,41.0,1.64,4
STU12155,DB401,Spring 2024,1,38.9,33.0,37.1,1.48,4
STU12156,CS101,Fall 2024,2,31.6,47.5,36.4,1.46,4
STU12157,SE501,Fall 2025,4,43.0,54.2,46.3,1.85,4
STU12158,AI301,Fall 2025,4,62.0,63.1,62.3,2.49,3
STU12159,DS201,Fall 2023,0,51.5,47.3,50.2,2.01,3
STU12160,AI301,Fall 2025,4,51.1,50.7,51.0,2.04,3
STU12161,CS101,Spring 2026,5,65.1,66.4,65.5,2.62,4
STU12162,SE501,Fall 2024,2,70.9,62.8,68.5,2.74,4
STU12163,AI301,Spring 2026,5,46.4,47.2,46.6,1.86,3
STU12164,SE501,Spring 2026,5,38.3,41.2,39.2,1.57,3
STU12165,DB401,Fall 2023,0,52.3,48.8,51.3,2.05,4
STU12166,DS201,Fall 2023,0,66.5,65.7,66.2,2.65,4
STU12167,DS201,Fall 2023,0,43.1,47.3,44.4,1.78,3
STU12168,AI301,Fall 2025,4,48.1,49.1,48.4,1.94,3
STU12169,AI301,Fall 2025,4,50.9,47.7,49.9,2.0,3
STU12170,CS101,Fall 2024,2,52.8,53.6,53.0,2.12,4
STU12171,CS101,Fall 2025,4,54.9,62.8,57.3,2.29,3
STU12172,DS201,Fall 2023,0,61.2,69.2,63.6,2.54,3
STU12173,SE501,Spring 2024,1,51.2,46.4,49.8,1.99,3
STU12174,AI301,Fall 2025,4,54.2,61.7,56.5,2.26,3
STU12175,AI301,Fall 2024,2,40.2,39.4,40.0,1.6,4
STU12176,DB401,Fall 2025,4,48.5,50.8,49.2,1.97,3
STU12177,SE501,Spring 2026,5,46.9,51.3,48.2,1.93,3
STU12178,AI301,Spring 2024,1,53.4,46.1,51.2,2.05,3
STU12179,AI301,Spring 2025,3,54.4,56.2,54.9,2.2,3
STU12180,SE501,Fall 2024,2,60.0,66.6,62.0,2.48,4
STU12181,AI301,Fall 2025,4,58.1,59.1,58.4,2.34,4
STU12182,SE501,Fall 2025,4,61.4,63.3,62.0,2.48,4
STU12183,CS101,Spring 2024,1,55.5,60.3,56.9,2.28,3
STU12184,SE501,Spring 2026,5,65.1,63.9,64.7,2.59,4
STU12185,DB401,Fall 2025,4,45.6,46.1,45.7,1.83,3
STU12186,DS201,Spring 2026,5,51.0,53.0,51.6,2.06,3
STU12187,SE501,Spring 2026,5,70.4,72.9,71.1,2.84,3
STU12188,DB401,Fall 2025,4,64.7,62.3,64.0,2.56,4
STU12189,DB401,Fall 2024,2,43.5,49.1,45.2,1.81,3
STU12190,AI301,Fall 2025,4,47.2,43.9,46.2,1.85,4
STU12191,DB401,Spring 2025,3,70.1,66.9,69.1,2.76,3
STU12192,DB401,Fall 2024,2,51.7,51.9,51.8,2.07,3
STU12193,CS101,Spring 2024,1,49.6,54.1,51.0,2.04,4
STU12194,DS201,Spring 2025,3,51.9,46.6,50.3,2.01,3
STU12195,CS101,Spring 2024,1,48.6,47.4,48.2,1.93,3
STU12196,DS201,Fall 2023,0,46.1,41.5,44.7,1.79,4
STU12197,CS101,Spring 2024,1,43.8,42.0,43.2,1.73,3
STU12198,DS201,Fall 2024,2,59.0,55.4,57.9,2.32,4
STU12199,CS101,Fall 2023,0,42.0,42.4,42.1,1.68,4
STU12200,SE501,Spring 2026,5,43.8,35.3,41.2,1.65,4
STU12201,DS201,Spring 2025,3,58.0,61.2,59.0,2.36,3
STU12202,SE501,Spring 2024,1,36.5,41.0,37.9,1.52,3
STU12203,AI301,Fall 2025,4,71.9,65.7,70.0,2.8,3
STU12204,DB401,Spring 2026,5,51.6,51.9,51.7,2.07,4
STU12205,AI301,Fall 2024,2,45.8,51.4,47.5,1.9,3
STU12206,SE501,Fall 2023,0,56.9,50.0,54.8,2.19,4
STU12207,DB401,Spring 2026,5,57.8,67.0,60.5,2.42,4
STU12208,DS201,Fall 2023,0,44.5,46.2,45.0,1.8,4
STU12209,AI301,Spring 2025,3,54.3,50.9,53.3,2.13,4
STU12210,AI301,Spring 2026,5,56.8,54.0,56.0,2.24,4
STU12211,SE501,Spring 2025,3,51.9,52.9,52.2,2.09,3
STU12212,SE501,Fall 2025,4,58.5,57.9,58.3,2.33,3
STU12213,SE501,Fall 2025,4,38.9,42.0,39.8,1.59,3
STU12214,DB401,Spring 2025,3,46.7,44.1,45.9,1.84,3
STU12215,DB401,Spring 2025,3,59.5,56.8,58.7,2.35,4
STU12216,DB401,Spring 2026,5,49.5,50.8,49.9,2.0,4
STU12217,CS101,Spring 2024,1,46.1,42.8,45.1,1.8,4
STU12218,DS201,Spring 2026,5,33.2,31.7,32.7,1.31,3
STU12219,DB401,Fall 2025,4,58.3,62.9,59.7,2.39,3
STU12220,AI301,Fall 2024,2,39.2,30.8,36.7,1.47,4
STU12221,DS201,Spring 2025,3,31.1,32.1,31.4,1.26,4
STU12222,AI301,Fall 2024,2,62.4,65.7,63.4,2.54,4
STU12223,DS201,Spring 2026,5,69.3,75.3,71.1,2.84,3
STU12224,DB401,Fall 2024,2,65.9,66.4,66.0,2.64,4
STU12225,DB401,Fall 2023,0,45.9,45.4,45.8,1.83,3
STU12226,CS101,Spring 2026,5,60.0,54.0,58.2,2.33,3
STU12227,SE501,Fall 2023,0,63.6,61.3,62.9,2.52,4
STU12228,DB401,Fall 2023,0,67.6,72.6,69.1,2.76,3
STU12229,AI301,Spring 2026,5,49.8,44.7,48.3,1.93,3
STU12230,AI301,Fall 2025,4,70.6,60.3,67.5,2.7,3
STU12231,SE501,Spring 2024,1,46.9,53.1,48.8,1.95,3
STU12232,SE501,Fall 2024,2,62.8,61.5,62.4,2.5,4
STU12233,AI301,Spring 2026,5,56.6,61.3,58.0,2.32,4
STU12234,DB401,Spring 2026,5,66.2,61.0,64.6,2.58,4
STU12235,SE501,Fall 2025,4,64.4,64.2,64.3,2.57,3
STU12236,DB401,Spring 2026,5,33.1,30.4,32.3,1.29,3
STU12237,CS101,Fall 2023,0,30.2,32.1,30.8,1.23,3
STU12238,AI301,Fall 2025,4,58.6,59.3,58.8,2.35,3
STU12239,AI301,Fall 2025,4,60.8,64.4,61.9,2.48,4
STU12240,AI301,Fall 2024,2,41.3,40.1,40.9,1.64,3
STU12241,CS101,Fall 2025,4,66.9,72.2,68.5,2.74,3
STU12242,AI301,Spring 2024,1,70.6,67.1,69.6,2.78,4
STU12243,CS101,Fall 2024,2,49.0,53.5,50.3,2.01,4
STU12244,AI301,Spring 2026,5,61.1,67.3,62.9,2.52,3
STU12245,CS101,Spring 2025,3,59.4,60.7,59.8,2.39,3
STU12246,CS101,Fall 2024,2,48.8,44.4,47.5,1.9,3
STU12247,AI301,Fall 2025,4,52.2,42.6,49.3,1.97,3
STU12248,CS101,Spring 2024,1,54.4,53.2,54.0,2.16,4
STU12249,DS201,Fall 2025,4,61.1,55.6,59.4,2.38,3
STU12250,CS101,Fall 2025,4,49.9,47.2,49.1,1.96,3
STU12251,CS101,Fall 2024,2,62.9,74.0,66.2,2.65,4
STU12252,DB401,Spring 2024,1,49.3,48.2,49.0,1.96,3
STU12253,DS201,Fall 2023,0,52.4,45.2,50.2,2.01,4
STU12254,DB401,Fall 2023,0,60.7,57.7,59.8,2.39,3
STU12255,SE501,Fall 2023,0,36.0,40.8,37.4,1.5,4
STU12256,DS201,Spring 2026,5,56.5,57.8,56.9,2.28,4
STU12257,DB401,Spring 2025,3,37.8,41.2,38.8,1.55,4
STU12258,SE501,Spring 2026,5,52.9,62.2,55.7,2.23,3
STU12259,CS101,Spring 2026,5,68.7,68.3,68.6,2.74,4
STU12260,DB401,Spring 2026,5,55.3,62.8,57.6,2.3,4
STU12261,DS201,Spring 2024,1,57.5,60.9,58.5,2.34,3
STU12262,AI301,Fall 2025,4,63.1,60.1,62.2,2.49,3
STU12263,DB401,Fall 2023,0,38.8,45.9,40.9,1.64,4
STU12264,AI301,Spring 2025,3,44.5,45.6,44.8,1.79,3
STU12265,SE501,Fall 2025,4,48.6,55.3,50.6,2.02,3
STU12266,DS201,Fall 2023,0,55.2,54.3,54.9,2.2,4
STU12267,CS101,Fall 2023,0,61.8,52.6,59.0,2.36,3
STU12268,CS101,Fall 2024,2,51.6,40.7,48.3,1.93,3
STU12269,SE501,Fall 2024,2,78.4,81.1,79.2,3.17,4
STU12270,DB401,Fall 2025,4,52.8,50.2,52.0,2.08,4
STU12271,DB401,Fall 2025,4,63.0,53.9,60.3,2.41,4
STU12272,AI301,Spring 2024,1,80.6,83.1,81.3,3.25,3
STU12273,AI301,Fall 2025,4,54.3,58.3,55.5,2.22,3
STU12274,AI301,Spring 2026,5,49.0,49.5,49.2,1.97,4
STU12275,AI301,Fall 2025,4,58.8,58.1,58.6,2.34,4
STU12276,CS101,Fall 2023,0,40.4,44.2,41.5,1.66,3
STU12277,DS201,Spring 2026,5,60.3,59.4,60.0,2.4,3
STU12278,DS201,Fall 2025,4,64.7,62.9,64.1,2.56,3
STU12279,CS101,Fall 2024,2,59.5,53.8,57.8,2.31,4
STU12280,AI301,Fall 2025,4,61.7,54.9,59.6,2.38,3
STU12281,DS201,Spring 2024,1,63.7,63.8,63.7,2.55,3
STU12282,DB401,Spring 2026,5,54.5,50.6,53.3,2.13,4
STU12283,CS101,Spring 2025,3,37.0,45.5,39.6,1.58,4
STU12284,DB401,Fall 2024,2,59.1,59.5,59.2,2.37,3
STU12285,DS201,Spring 2025,3,47.4,42.0,45.8,1.83,4
STU12286,SE501,Spring 2026,5,45.8,47.1,46.2,1.85,3
STU12287,DB401,Fall 2024,2,49.5,48.9,49.3,1.97,4
STU12288,DS201,Fall 2025,4,53.5,55.6,54.1,2.16,3
STU12289,DB401,Spring 2024,1,33.9,36.1,34.6,1.38,3
STU12290,DS201,Spring 2024,1,44.2,40.5,43.1,1.72,4
STU12291,CS101,Fall 2025,4,43.1,44.5,43.5,1.74,3
STU12292,CS101,Spring 2025,3,78.1,88.2,81.1,3.24,3
STU12293,AI301,Spring 2025,3,33.5,30.0,32.5,1.3,4
STU12294,AI301,Spring 2025,3,45.5,43.5,44.9,1.8,3
STU12295,DS201,Fall 2025,4,62.6,56.1,60.6,2.42,4
STU12296,DB401,Fall 2023,0,45.1,51.4,47.0,1.88,3
STU12297,AI301,Fall 2023,0,48.9,48.6,48.8,1.95,3
STU12298,AI301,Spring 2024,1,66.2,58.6,63.9,2.56,3
STU12299,CS101,Spring 2025,3,46.8,40.7,45.0,1.8,3
STU12300,CS101,Spring 2026,5,43.5,39.0,42.1,1.68,4
STU12301,SE501,Fall 2025,4,57.7,64.0,59.6,2.38,3
STU12302,CS101,Spring 2025,3,69.9,70.6,70.1,2.8,4
STU12303,SE501,Fall 2025,4,61.1,60.2,60.8,2.43,4
STU12304,AI301,Fall 2025,4,56.2,52.5,55.1,2.2,3
STU12305,DB401,Spring 2025,3,62.5,62.6,62.5,2.5,3
STU12306,CS101,Fall 2023,0,64.0,60.9,63.1,2.52,4
STU12307,AI301,Fall 2024,2,76.2,82.9,78.2,3.13,3
STU12308,CS101,Spring 2026,5,54.3,55.1,54.5,2.18,3
STU12309,AI301,Fall 2024,2,54.0,48.8,52.4,2.1,3
STU12310,SE501,Fall 2023,0,42.8,39.2,41.7,1.67,4
STU12311,DS201,Fall 2025,4,44.3,52.7,46.8,1.87,4
STU12312,DS201,Spring 2024,1,42.2,41.1,41.9,1.68,3
STU12313,SE501,Fall 2023,0,57.4,65.1,59.7,2.39,3
STU12314,DS201,Fall 2023,0,40.4,41.5,40.7,1.63,4
STU12315,DB401,Fall 2024,2,50.3,52.5,51.0,2.04,4
STU12316,DB401,Fall 2025,4,55.5,52.8,54.7,2.19,3
STU12317,SE501,Spring 2026,5,68.9,72.9,70.1,2.8,3
STU12318,DB401,Spring 2025,3,47.5,41.5,45.7,1.83,4
STU12319,SE501,Fall 2023,0,39.3,35.5,38.1,1.52,4
STU12320,SE501,Fall 2024,2,63.9,65.7,64.4,2.58,3
STU12321,DS201,Fall 2024,2,50.1,48.6,49.6,1.98,3
STU12322,AI301,Fall 2023,0,59.6,59.7,59.6,2.38,3
STU12323,DB401,Fall 2025,4,69.5,72.2,70.3,2.81,3
STU12324,DB401,Spring 2024,1,55.7,55.5,55.6,2.22,3
STU12325,AI301,Spring 2026,5,55.8,56.2,55.9,2.24,3
STU12326,SE501,Spring 2025,3,32.2,41.5,35.0,1.4,4
STU12327,SE501,Fall 2025,4,47.2,37.2,44.2,1.77,3
STU12328,DS201,Fall 2024,2,51.1,48.7,50.4,2.02,3
STU12329,DS201,Fall 2024,2,77.5,76.6,77.2,3.09,4
STU12330,AI301,Fall 2023,0,49.8,54.5,51.2,2.05,3
STU12331,DS201,Spring 2024,1,58.7,62.5,59.8,2.39,4
STU12332,SE501,Spring 2024,1,79.3,66.8,75.6,3.02,4
STU12333,CS101,Spring 2024,1,59.9,65.5,61.6,2.46,4
STU12334,AI301,Spring 2025,3,59.4,59.9,59.5,2.38,3
STU12335,CS101,Fall 2025,4,58.5,62.1,59.6,2.38,3
STU12336,DB401,Spring 2026,5,65.1,62.4,64.3,2.57,3
STU12337,CS101,Fall 2025,4,56.5,59.5,57.4,2.3,4
STU12338,DB401,Spring 2026,5,49.9,51.9,50.5,2.02,3
STU12339,AI301,Fall 2024,2,52.0,51.4,51.8,2.07,4
STU12340,AI301,Spring 2025,3,61.3,69.4,63.7,2.55,4
STU12341,CS101,Spring 2025,3,64.9,76.4,68.4,2.74,4
STU12342,DS201,Fall 2024,2,50.3,50.1,50.2,2.01,3
STU12343,CS101,Spring 2025,3,66.7,58.6,64.3,2.57,4
STU12344,SE501,Spring 2024,1,48.1,50.7,48.9,1.96,3
STU12345,SE501,Spring 2026,5,47.9,44.2,46.8,1.87,3
STU12346,AI301,Fall 2025,4,48.5,50.2,49.0,1.96,4
STU12347,DS201,Spring 2026,5,67.7,69.9,68.3,2.73,3
STU12348,DS201,Fall 2023,0,54.5,55.3,54.7,2.19,4
STU12349,DB401,Fall 2024,2,65.5,60.4,64.0,2.56,3
STU12350,SE501,Fall 2023,0,36.1,30.0,34.3,1.37,4
STU12351,DB401,Spring 2025,3,56.4,51.0,54.8,2.19,4
STU12352,SE501,Spring 2024,1,36.5,36.0,36.4,1.46,3
STU12353,CS101,Fall 2025,4,34.2,41.4,36.4,1.46,4
STU12354,AI301,Spring 2026,5,53.2,51.7,52.8,2.11,4
STU12355,DB401,Spring 2026,5,68.7,74.2,70.3,2.81,3
STU12356,DS201,Fall 2023,0,47.0,37.3,44.1,1.76,4
STU12357,AI301,Fall 2023,0,51.3,53.7,52.0,2.08,4
STU12358,AI301,Spring 2026,5,76.0,84.2,78.5,3.14,4
STU12359,DB401,Spring 2024,1,51.6,47.2,50.3,2.01,4
STU12360,DB401,Spring 2026,5,68.8,67.9,68.5,2.74,4
STU12361,AI301,Spring 2024,1,35.2,35.9,35.4,1.42,3
STU12362,DS201,Spring 2026,5,58.6,62.1,59.6,2.38,4
STU12363,AI301,Fall 2024,2,53.6,47.9,51.9,2.08,3
STU12364,CS101,Fall 2025,4,45.0,38.8,43.1,1.72,3
STU12365,CS101,Spring 2024,1,58.3,61.8,59.4,2.38,4
STU12366,CS101,Fall 2025,4,44.9,47.5,45.7,1.83,3
STU12367,DB401,Spring 2024,1,85.0,80.2,83.6,3.34,4
STU12368,AI301,Fall 2024,2,71.5,74.6,72.4,2.9,4
STU12369,CS101,Fall 2023,0,64.4,63.7,64.2,2.57,4
STU12370,SE501,Fall 2023,0,54.9,50.4,53.5,2.14,4
STU12371,CS101,Spring 2025,3,56.6,52.5,55.4,2.22,4
STU12372,SE501,Fall 2024,2,63.3,61.8,62.9,2.52,4
STU12373,DB401,Spring 2024,1,48.3,62.5,52.6,2.1,4
STU12374,DS201,Spring 2024,1,51.4,52.5,51.7,2.07,4
STU12375,AI301,Fall 2024,2,46.3,42.2,45.1,1.8,3
STU12376,AI301,Fall 2024,2,43.7,39.8,42.5,1.7,3
STU12377,CS101,Fall 2024,2,60.5,63.6,61.4,2.46,3
STU12378,CS101,Fall 2025,4,44.8,44.5,44.7,1.79,4
STU12379,DB401,Fall 2024,2,66.7,66.5,66.6,2.66,3
STU12380,AI301,Fall 2024,2,54.0,51.7,53.3,2.13,4
STU12381,CS101,Fall 2024,2,39.9,33.9,38.1,1.52,3
STU12382,AI301,Fall 2023,0,27.3,30.0,28.1,1.12,3
STU12383,DB401,Fall 2024,2,58.9,69.3,62.0,2.48,4
STU12384,CS101,Spring 2025,3,57.0,56.4,56.8,2.27,3
STU12385,AI301,Spring 2025,3,65.7,65.3,65.6,2.62,3
STU12386,DB401,Fall 2023,0,55.0,58.1,55.9,2.24,4
STU12387,CS101,Fall 2024,2,48.8,48.7,48.8,1.95,3
STU12388,DB401,Spring 2026,5,47.6,43.3,46.3,1.85,3
STU12389,SE501,Fall 2025,4,57.8,55.4,57.1,2.28,4
STU12390,DS201,Spring 2026,5,40.7,38.0,39.9,1.6,4
STU12391,CS101,Spring 2026,5,45.6,49.7,46.8,1.87,4
STU12392,SE501,Fall 2025,4,71.6,68.5,70.7,2.83,4
STU12393,DB401,Spring 2026,5,45.7,39.9,44.0,1.76,3
STU12394,CS101,Spring 2026,5,52.7,58.4,54.4,2.18,4
STU12395,SE501,Spring 2025,3,60.4,64.7,61.7,2.47,4
STU12396,CS101,Spring 2025,3,63.4,64.9,63.8,2.55,4
STU12397,AI301,Spring 2026,5,61.2,57.7,60.1,2.4,3
STU12398,CS101,Fall 2023,0,47.5,35.1,43.8,1.75,3
STU12399,DS201,Fall 2024,2,38.4,49.6,41.8,1.67,4
STU12400,CS101,Spring 2026,5,70.6,82.2,74.1,2.96,3
STU12401,DS201,Fall 2023,0,36.8,37.6,37.1,1.48,4
STU12402,DB401,Spring 2025,3,62.1,63.0,62.4,2.5,3
STU12403,CS101,Spring 2024,1,46.3,42.3,45.1,1.8,4
STU12404,SE501,Spring 2025,3,46.6,35.1,43.1,1.72,3
STU12405,AI301,Spring 2026,5,32.9,31.7,32.5,1.3,3
STU12406,DB401,Fall 2025,4,48.9,38.6,45.8,1.83,4
STU12407,CS101,Spring 2026,5,63.8,67.7,65.0,2.6,4
STU12408,DS201,Fall 2023,0,51.5,53.2,52.0,2.08,4
STU12409,DB401,Fall 2023,0,32.7,30.0,31.9,1.28,4
STU12410,DB401,Fall 2023,0,44.4,48.5,45.6,1.82,3
STU12411,DB401,Fall 2025,4,40.5,46.3,42.2,1.69,3
STU12412,SE501,Spring 2024,1,62.9,63.0,62.9,2.52,4
STU12413,AI301,Spring 2026,5,60.4,59.2,60.0,2.4,3
STU12414,AI301,Fall 2023,0,47.2,46.8,47.1,1.88,3
STU12415,CS101,Spring 2024,1,68.0,76.9,70.7,2.83,4
STU12416,DB401,Spring 2024,1,44.6,45.0,44.7,1.79,4
STU12417,SE501,Fall 2024,2,57.8,60.7,58.7,2.35,4
STU12418,DS201,Spring 2025,3,40.9,50.7,43.9,1.76,3
STU12419,AI301,Fall 2023,0,64.8,59.9,63.3,2.53,3
STU12420,CS101,Fall 2024,2,57.1,42.4,52.7,2.11,4
STU12421,SE501,Spring 2024,1,50.2,50.7,50.3,2.01,3
STU12422,SE501,Fall 2025,4,51.7,55.2,52.8,2.11,3
STU12423,CS101,Spring 2026,5,42.8,38.6,41.6,1.66,3
STU12424,AI301,Spring 2024,1,32.6,35.2,33.4,1.34,3
STU12425,AI301,Fall 2023,0,58.5,65.0,60.4,2.42,4
STU12426,AI301,Spring 2026,5,35.5,30.0,33.8,1.35,4
STU12427,AI301,Fall 2025,4,59.2,54.2,57.7,2.31,3
STU12428,CS101,Spring 2025,3,54.1,56.0,54.7,2.19,4
STU12429,DS201,Fall 2024,2,45.8,40.9,44.3,1.77,3
STU12430,DS201,Fall 2025,4,38.5,36.1,37.8,1.51,4
STU12431,CS101,Spring 2024,1,52.2,53.9,52.7,2.11,3
STU12432,AI301,Fall 2024,2,50.9,44.9,49.1,1.96,3
STU12433,SE501,Fall 2025,4,68.8,59.4,66.0,2.64,4
STU12434,DB401,Fall 2023,0,63.3,60.8,62.5,2.5,3
STU12435,CS101,Fall 2025,4,35.2,36.5,35.6,1.42,4
STU12436,DB401,Fall 2024,2,60.1,63.8,61.2,2.45,3
STU12437,AI301,Spring 2025,3,63.1,56.8,61.2,2.45,3
STU12438,DS201,Spring 2026,5,51.2,46.8,49.9,2.0,4
STU12439,CS101,Spring 2026,5,79.0,82.7,80.1,3.2,4
STU12440,DB401,Fall 2025,4,51.8,45.8,50.0,2.0,3
STU12441,SE501,Fall 2024,2,49.1,44.3,47.7,1.91,4
STU12442,DB401,Fall 2024,2,72.5,79.7,74.7,2.99,3
STU12443,DB401,Fall 2023,0,44.6,42.4,43.9,1.76,3
STU12444,DB401,Spring 2024,1,33.8,30.0,32.7,1.31,3
STU12445,AI301,Spring 2026,5,52.5,53.2,52.7,2.11,3
STU12446,SE501,Spring 2025,3,46.5,49.5,47.4,1.9,3
STU12447,CS101,Fall 2024,2,58.2,60.5,58.9,2.36,4
STU12448,CS101,Spring 2024,1,45.9,45.3,45.7,1.83,3
STU12449,DB401,Fall 2024,2,53.6,49.6,52.4,2.1,4
STU12450,DB401,Spring 2025,3,47.0,55.2,49.5,1.98,4
STU12451,AI301,Fall 2025,4,56.9,62.1,58.5,2.34,4
STU12452,AI301,Fall 2025,4,71.5,68.3,70.6,2.82,3
STU12453,DB401,Spring 2025,3,37.7,37.6,37.7,1.51,3
STU12454,DS201,Spring 2026,5,59.5,55.4,58.3,2.33,4
STU12455,SE501,Spring 2024,1,61.4,62.3,61.7,2.47,3
STU12456,DB401,Spring 2026,5,67.1,67.8,67.3,2.69,4
STU12457,AI301,Fall 2023,0,61.5,63.2,62.0,2.48,3
STU12458,CS101,Spring 2025,3,67.6,74.8,69.8,2.79,3
STU12459,DS201,Spring 2025,3,63.5,67.1,64.6,2.58,3
STU12460,CS101,Spring 2024,1,38.7,34.7,37.5,1.5,3
STU12461,SE501,Spring 2025,3,57.6,52.2,56.0,2.24,3
STU12462,SE501,Fall 2023,0,45.8,47.2,46.2,1.85,3
STU12463,DB401,Spring 2024,1,69.8,73.4,70.9,2.84,4
STU12464,AI301,Spring 2025,3,58.9,69.9,62.2,2.49,4
STU12465,AI301,Fall 2024,2,67.2,60.5,65.2,2.61,4
STU12466,SE501,Fall 2023,0,45.9,50.2,47.2,1.89,3
STU12467,SE501,Fall 2024,2,48.5,46.0,47.7,1.91,3
STU12468,DS201,Fall 2023,0,54.1,62.9,56.7,2.27,4
STU12469,DS201,Spring 2025,3,45.1,43.3,44.6,1.78,3
STU12470,AI301,Spring 2024,1,61.8,67.7,63.6,2.54,3
STU12471,AI301,Spring 2025,3,57.2,69.7,60.9,2.44,4
STU12472,DS201,Spring 2026,5,52.9,55.4,53.7,2.15,3
STU12473,DS201,Spring 2024,1,53.1,49.3,52.0,2.08,3
STU12474,DS201,Spring 2026,5,57.3,54.3,56.4,2.26,3
STU12475,SE501,Fall 2023,0,56.1,51.3,54.6,2.18,3
STU12476,SE501,Fall 2025,4,44.6,41.3,43.6,1.74,4
STU12477,CS101,Fall 2024,2,37.0,33.5,36.0,1.44,3
STU12478,DS201,Fall 2025,4,59.3,71.4,62.9,2.52,3
STU12479,DS201,Fall 2023,0,60.7,56.8,59.5,2.38,3
STU12480,DB401,Spring 2024,1,25.0,30.0,24.5,0.98,3
STU12481,SE501,Fall 2024,2,47.2,49.4,47.9,1.92,4
STU12482,DB401,Fall 2023,0,74.8,76.8,75.4,3.02,3
STU12483,SE501,Fall 2024,2,62.2,71.3,64.9,2.6,4
STU12484,DS201,Fall 2025,4,60.8,53.6,58.7,2.35,3
STU12485,SE501,Fall 2023,0,52.8,46.4,50.9,2.04,4
STU12486,DS201,Fall 2025,4,69.5,64.9,68.1,2.72,3
STU12487,AI301,Spring 2024,1,49.8,57.0,52.0,2.08,4
STU12488,CS101,Spring 2025,3,45.0,47.7,45.8,1.83,3
STU12489,SE501,Fall 2023,0,64.6,74.4,67.5,2.7,3
STU12490,DS201,Fall 2025,4,45.1,35.6,42.3,1.69,3
STU12491,CS101,Fall 2025,4,35.2,38.3,36.1,1.44,4
STU12492,AI301,Spring 2026,5,72.1,74.4,72.8,2.91,3
STU12493,AI301,Spring 2025,3,53.6,45.5,51.2,2.05,3
STU12494,DB401,Spring 2024,1,57.1,59.3,57.8,2.31,4
STU12495,DS201,Spring 2026,5,45.9,48.4,46.7,1.87,4
STU12496,DS201,Fall 2023,0,57.5,54.3,56.5,2.26,4
STU12497,CS101,Spring 2024,1,40.0,42.6,40.8,1.63,3
STU12498,DB401,Spring 2026,5,60.9,55.4,59.2,2.37,4
STU12499,AI301,Fall 2024,2,62.0,65.6,63.1,2.52,4
STU12500,SE501,Spring 2025,3,77.4,83.4,79.2,3.17,3
STU12501,DB401,Spring 2024,1,35.0,30.8,33.7,1.35,4
STU12502,DB401,Fall 2025,4,54.4,59.0,55.8,2.23,3
STU12503,CS101,Spring 2026,5,54.1,46.8,51.9,2.08,4
STU12504,DB401,Spring 2025,3,63.7,64.3,63.9,2.56,3
STU12505,CS101,Fall 2023,0,62.8,63.1,62.9,2.52,3
STU12506,DS201,Fall 2023,0,59.2,57.4,58.6,2.34,4
STU12507,CS101,Spring 2024,1,48.5,46.6,47.9,1.92,4
STU12508,DS201,Spring 2026,5,48.9,57.2,51.4,2.06,3
STU12509,DS201,Fall 2025,4,72.5,59.6,68.6,2.74,3
STU12510,DB401,Fall 2025,4,59.2,67.0,61.6,2.46,3
STU12511,DS201,Spring 2024,1,44.4,37.9,42.5,1.7,3
STU12512,DB401,Fall 2024,2,53.8,62.3,56.3,2.25,4
STU12513,DS201,Spring 2026,5,56.1,61.2,57.6,2.3,4
STU12514,DS201,Fall 2024,2,61.2,63.2,61.8,2.47,3
STU12515,DS201,Spring 2026,5,72.4,78.5,74.2,2.97,4
STU12516,DS201,Spring 2024,1,57.6,55.2,56.9,2.28,4
STU12517,SE501,Fall 2025,4,47.0,49.7,47.8,1.91,3
STU12518,DB401,Fall 2023,0,63.0,62.3,62.8,2.51,4
STU12519,AI301,Spring 2026,5,46.0,47.6,46.5,1.86,4
STU12520,DS201,Fall 2023,0,37.3,41.6,38.6,1.54,4
STU12521,SE501,Spring 2026,5,64.9,67.9,65.8,2.63,3
STU12522,AI301,Fall 2025,4,42.5,40.5,41.9,1.68,4
STU12523,AI301,Spring 2025,3,45.2,45.7,45.3,1.81,3
STU12524,SE501,Spring 2025,3,55.5,54.9,55.3,2.21,4
STU12525,AI301,Spring 2026,5,49.0,45.8,48.1,1.92,3
STU12526,DB401,Spring 2025,3,69.1,74.3,70.7,2.83,4
STU12527,AI301,Spring 2024,1,52.5,59.0,54.4,2.18,3
STU12528,DB401,Fall 2024,2,49.1,60.9,52.6,2.1,4
STU12529,AI301,Spring 2024,1,62.7,59.1,61.6,2.46,4
STU12530,AI301,Spring 2025,3,61.2,66.6,62.8,2.51,4
STU12531,DS201,Spring 2025,3,58.9,60.8,59.5,2.38,3
STU12532,AI301,Fall 2025,4,60.9,59.6,60.5,2.42,3
STU12533,DS201,Fall 2023,0,51.9,56.3,53.2,2.13,3
STU12534,DB401,Fall 2025,4,61.5,61.8,61.6,2.46,4
STU12535,AI301,Spring 2024,1,60.5,60.1,60.4,2.42,3
STU12536,DS201,Spring 2024,1,39.5,39.2,39.4,1.58,4
STU12537,SE501,Spring 2024,1,48.9,45.4,47.9,1.92,4
STU12538,SE501,Spring 2025,3,47.3,53.6,49.2,1.97,3
STU12539,DB401,Fall 2024,2,46.1,46.9,46.4,1.86,3
STU12540,AI301,Fall 2023,0,46.6,50.6,47.8,1.91,3
STU12541,AI301,Fall 2024,2,37.4,45.5,39.8,1.59,4
STU12542,DB401,Spring 2025,3,73.7,69.2,72.4,2.9,4
STU12543,CS101,Fall 2024,2,62.5,75.0,66.2,2.65,4
STU12544,CS101,Fall 2025,4,58.4,58.9,58.6,2.34,3
STU12545,SE501,Fall 2025,4,63.5,65.7,64.1,2.56,3
STU12546,SE501,Fall 2025,4,39.0,43.0,40.2,1.61,4
STU12547,DS201,Fall 2024,2,56.8,52.3,55.4,2.22,4
STU12548,CS101,Fall 2025,4,46.0,42.0,44.8,1.79,3
STU12549,DB401,Fall 2024,2,40.5,39.3,40.2,1.61,3
STU12550,DB401,Spring 2024,1,58.2,58.8,58.4,2.34,3
STU12551,CS101,Fall 2024,2,51.6,47.5,50.4,2.02,4
STU12552,DB401,Spring 2024,1,56.1,49.2,54.0,2.16,3
STU12553,AI301,Fall 2024,2,54.0,59.8,55.7,2.23,3
STU12554,SE501,Spring 2024,1,50.8,45.3,49.1,1.96,4
STU12555,SE501,Fall 2024,2,66.9,71.4,68.2,2.73,4
STU12556,CS101,Spring 2026,5,44.5,38.6,42.7,1.71,3
STU12557,DS201,Spring 2024,1,56.6,53.2,55.6,2.22,3
STU12558,AI301,Fall 2025,4,61.4,60.5,61.1,2.44,4
STU12559,CS101,Spring 2024,1,58.2,69.6,61.6,2.46,4
STU12560,DS201,Spring 2026,5,51.9,52.8,52.2,2.09,4
STU12561,SE501,Fall 2023,0,67.0,68.3,67.4,2.7,3
STU12562,CS101,Spring 2026,5,61.7,61.0,61.5,2.46,4
STU12563,SE501,Fall 2023,0,61.6,57.2,60.3,2.41,4
STU12564,SE501,Spring 2026,5,57.7,61.1,58.7,2.35,3
STU12565,DS201,Fall 2023,0,63.4,63.5,63.4,2.54,3
STU12566,CS101,Spring 2024,1,50.8,57.8,52.9,2.12,3
STU12567,SE501,Spring 2025,3,66.4,60.7,64.7,2.59,3
STU12568,SE501,Spring 2026,5,54.5,61.2,56.5,2.26,4
STU12569,CS101,Spring 2026,5,33.0,34.1,33.3,1.33,3
STU12570,SE501,Spring 2025,3,73.9,69.9,72.7,2.91,4
STU12571,DS201,Fall 2024,2,54.0,55.5,54.4,2.18,4
STU12572,SE501,Spring 2026,5,31.4,30.0,31.0,1.24,4
STU12573,DS201,Fall 2025,4,47.5,53.5,49.3,1.97,4
STU12574,DB401,Spring 2025,3,69.8,69.2,69.6,2.78,4
STU12575,SE501,Spring 2025,3,54.0,50.0,52.8,2.11,4
STU12576,DB401,Fall 2024,2,54.0,51.2,53.1,2.12,4
STU12577,CS101,Fall 2024,2,63.0,59.1,61.8,2.47,4
STU12578,DB401,Spring 2025,3,57.3,64.9,59.6,2.38,4
STU12579,SE501,Spring 2024,1,47.1,41.4,45.4,1.82,3
STU12580,AI301,Spring 2025,3,62.0,61.7,61.9,2.48,4
STU12581,CS101,Fall 2024,2,43.0,44.3,43.4,1.74,3
STU12582,CS101,Fall 2024,2,53.7,51.5,53.0,2.12,4
STU12583,AI301,Spring 2026,5,28.4,30.0,28.9,1.16,4
STU12584,AI301,Spring 2026,5,65.1,75.6,68.3,2.73,4
STU12585,DS201,Fall 2025,4,42.5,40.9,42.0,1.68,4
STU12586,AI301,Spring 2026,5,51.9,45.4,50.0,2.0,3
STU12587,DB401,Fall 2025,4,47.5,43.6,46.3,1.85,4
STU12588,AI301,Fall 2025,4,50.2,50.8,50.4,2.02,3
STU12589,DB401,Fall 2024,2,84.6,83.7,84.3,3.37,3
STU12590,SE501,Spring 2025,3,62.9,55.9,60.8,2.43,3
STU12591,CS101,Spring 2025,3,49.5,51.0,49.9,2.0,4
STU12592,DS201,Spring 2024,1,51.1,45.3,49.4,1.98,4
STU12593,DS201,Fall 2023,0,37.2,41.1,38.4,1.54,3
STU12594,CS101,Spring 2025,3,43.4,45.3,44.0,1.76,3
STU12595,CS101,Spring 2026,5,54.2,52.7,53.7,2.15,3
STU12596,AI301,Spring 2024,1,51.3,67.6,56.2,2.25,4
STU12597,CS101,Spring 2025,3,62.4,59.5,61.5,2.46,3
STU12598,CS101,Spring 2026,5,60.8,60.2,60.6,2.42,4
STU12599,CS101,Spring 2025,3,42.2,50.0,44.5,1.78,4
STU12600,DB401,Spring 2025,3,38.1,42.1,39.3,1.57,3
STU12601,DB401,Fall 2023,0,60.4,55.9,59.0,2.36,4
STU12602,SE501,Fall 2023,0,56.0,57.9,56.6,2.26,4
STU12603,AI301,Spring 2026,5,49.8,54.8,51.3,2.05,3
STU12604,SE501,Fall 2025,4,53.3,40.1,49.4,1.98,4
STU12605,AI301,Spring 2026,5,60.7,58.7,60.1,2.4,4
STU12606,SE501,Fall 2025,4,41.2,50.3,43.9,1.76,4
STU12607,DS201,Spring 2025,3,56.5,53.0,55.4,2.22,4
STU12608,DS201,Spring 2025,3,50.0,57.4,52.2,2.09,3
STU12609,DB401,Fall 2025,4,46.0,42.3,44.9,1.8,3
STU12610,DS201,Fall 2025,4,59.3,60.4,59.6,2.38,3
STU12611,DB401,Fall 2025,4,55.0,55.4,55.1,2.2,3
STU12612,DS201,Spring 2026,5,75.3,71.7,74.2,2.97,4
STU12613,CS101,Fall 2024,2,48.7,40.0,46.1,1.84,3
STU12614,SE501,Spring 2025,3,56.2,60.4,57.5,2.3,3
STU12615,DS201,Fall 2024,2,65.3,62.3,64.4,2.58,3
STU12616,AI301,Fall 2023,0,43.4,53.6,46.5,1.86,3
STU12617,SE501,Fall 2025,4,75.9,74.5,75.5,3.02,4
STU12618,SE501,Fall 2023,0,57.8,57.1,57.6,2.3,4
STU12619,SE501,Fall 2024,2,59.8,62.1,60.5,2.42,3
STU12620,CS101,Fall 2023,0,61.2,57.4,60.0,2.4,4
STU12621,SE501,Spring 2026,5,69.3,69.2,69.3,2.77,3
STU12622,DB401,Spring 2026,5,57.7,49.5,55.2,2.21,4
STU12623,CS101,Fall 2024,2,44.9,49.3,46.2,1.85,4
STU12624,DB401,Fall 2023,0,61.5,53.8,59.2,2.37,4
STU12625,AI301,Spring 2026,5,49.8,54.2,51.1,2.04,4
STU12626,DS201,Spring 2024,1,73.2,71.6,72.7,2.91,4
STU12627,CS101,Fall 2024,2,48.1,44.8,47.1,1.88,3
STU12628,AI301,Fall 2023,0,49.0,46.7,48.3,1.93,4
STU12629,DB401,Fall 2024,2,65.1,67.3,65.7,2.63,3
STU12630,SE501,Spring 2024,1,49.2,51.3,49.8,1.99,3
STU12631,CS101,Spring 2025,3,54.6,52.5,54.0,2.16,4
STU12632,DS201,Spring 2024,1,42.7,38.5,41.4,1.66,4
STU12633,SE501,Fall 2023,0,46.2,40.3,44.4,1.78,4
STU12634,DS201,Spring 2026,5,60.4,48.7,56.9,2.28,4
STU12635,DS201,Fall 2023,0,63.0,69.2,64.9,2.6,3
STU12636,DB401,Fall 2025,4,53.6,55.1,54.1,2.16,4
STU12637,SE501,Fall 2025,4,51.6,57.8,53.4,2.14,3
STU12638,DB401,Fall 2024,2,59.0,64.0,60.5,2.42,3
STU12639,CS101,Spring 2025,3,49.8,55.0,51.4,2.06,3
STU12640,CS101,Spring 2026,5,66.8,64.5,66.1,2.64,4
STU12641,AI301,Fall 2023,0,57.2,57.9,57.4,2.3,4
STU12642,DB401,Fall 2024,2,48.4,43.4,46.9,1.88,3
STU12643,DB401,Fall 2024,2,56.5,59.3,57.3,2.29,4
STU12644,SE501,Fall 2023,0,70.0,70.9,70.3,2.81,4
STU12645,CS101,Spring 2026,5,51.2,53.6,51.9,2.08,4
STU12646,AI301,Fall 2024,2,58.9,58.3,58.7,2.35,3
STU12647,CS101,Spring 2026,5,55.8,61.5,57.5,2.3,3
STU12648,DB401,Fall 2025,4,50.1,47.5,49.3,1.97,3
STU12649,AI301,Spring 2024,1,47.6,42.9,46.2,1.85,3
STU12650,DS201,Spring 2025,3,76.7,84.3,79.0,3.16,4
STU12651,CS101,Spring 2025,3,59.5,62.2,60.3,2.41,4
STU12652,DB401,Spring 2026,5,57.4,55.7,56.9,2.28,3
STU12653,DB401,Fall 2024,2,49.9,41.8,47.5,1.9,3
STU12654,AI301,Spring 2025,3,63.7,61.6,63.1,2.52,4
STU12655,DB401,Spring 2024,1,46.5,35.6,43.2,1.73,3
STU12656,AI301,Spring 2026,5,60.7,56.0,59.3,2.37,3
STU12657,AI301,Fall 2023,0,33.1,30.8,32.4,1.3,3
STU12658,SE501,Fall 2023,0,47.9,51.1,48.9,1.96,3
STU12659,CS101,Fall 2025,4,63.9,63.8,63.9,2.56,4
STU12660,AI301,Spring 2025,3,48.9,44.5,47.6,1.9,4
STU12661,DB401,Spring 2025,3,49.2,55.1,51.0,2.04,4
STU12662,DS201,Fall 2025,4,59.0,53.6,57.4,2.3,4
STU12663,SE501,Fall 2025,4,42.2,32.2,39.2,1.57,4
STU12664,AI301,Spring 2026,5,47.3,51.6,48.6,1.94,4
STU12665,CS101,Fall 2023,0,66.6,64.4,66.0,2.64,3
STU12666,SE501,Fall 2025,4,48.4,52.0,49.5,1.98,4
STU12667,AI301,Fall 2023,0,47.8,44.0,46.7,1.87,3
STU12668,DS201,Fall 2025,4,46.1,42.4,45.0,1.8,3
STU12669,SE501,Spring 2025,3,39.7,33.6,37.9,1.52,3
STU12670,CS101,Spring 2026,5,80.5,81.4,80.8,3.23,4
STU12671,DS201,Spring 2026,5,51.0,54.5,52.1,2.08,4
STU12672,DB401,Spring 2025,3,57.3,62.2,58.8,2.35,3
STU12673,DS201,Fall 2023,0,48.5,55.8,50.7,2.03,4
STU12674,DB401,Fall 2025,4,52.1,54.7,52.9,2.12,3
STU12675,CS101,Spring 2026,5,66.3,61.2,64.8,2.59,3
STU12676,AI301,Fall 2024,2,46.8,53.2,48.7,1.95,3
STU12677,DS201,Spring 2025,3,49.9,50.7,50.1,2.0,4
STU12678,CS101,Spring 2024,1,64.0,68.4,65.3,2.61,4
STU12679,DS201,Spring 2025,3,49.4,47.3,48.8,1.95,3
STU12680,AI301,Spring 2025,3,48.6,49.3,48.8,1.95,3
STU12681,SE501,Fall 2025,4,58.7,59.4,58.9,2.36,3
STU12682,DS201,Fall 2025,4,67.5,62.0,65.8,2.63,3
STU12683,AI301,Spring 2026,5,41.4,32.4,38.7,1.55,4
STU12684,AI301,Fall 2023,0,53.1,51.0,52.5,2.1,4
STU12685,SE501,Spring 2025,3,41.8,49.1,44.0,1.76,3
STU12686,DS201,Spring 2025,3,42.9,41.6,42.5,1.7,4
STU12687,DS201,Spring 2025,3,66.4,66.4,66.4,2.66,4
STU12688,AI301,Spring 2026,5,37.8,37.5,37.7,1.51,3
STU12689,DS201,Spring 2024,1,32.7,37.6,34.2,1.37,4
STU12690,SE501,Spring 2024,1,62.5,56.6,60.7,2.43,3
STU12691,DS201,Fall 2024,2,64.3,68.4,65.5,2.62,4
STU12692,DS201,Fall 2024,2,60.2,59.3,59.9,2.4,4
STU12693,DB401,Fall 2024,2,72.6,72.5,72.6,2.9,3
STU12694,AI301,Spring 2026,5,68.0,70.2,68.7,2.75,4
STU12695,AI301,Fall 2025,4,42.9,42.5,42.8,1.71,4
STU12696,DB401,Spring 2025,3,57.3,58.8,57.8,2.31,4
STU12697,DS201,Fall 2024,2,45.8,42.7,44.9,1.8,3
STU12698,DS201,Fall 2023,0,36.0,41.9,37.8,1.51,4
STU12699,SE501,Fall 2023,0,41.6,42.2,41.8,1.67,4
STU12700,CS101,Fall 2025,4,44.2,49.2,45.7,1.83,3
STU12701,CS101,Spring 2025,3,51.7,54.4,52.5,2.1,4
STU12702,AI301,Fall 2024,2,57.2,61.8,58.6,2.34,4
STU12703,DB401,Spring 2026,5,48.2,52.8,49.6,1.98,3
STU12704,SE501,Fall 2023,0,53.6,54.9,54.0,2.16,3
STU12705,DS201,Fall 2023,0,49.8,54.4,51.2,2.05,3
STU12706,DB401,Fall 2023,0,42.6,44.7,43.2,1.73,4
STU12707,SE501,Fall 2025,4,61.0,71.1,64.0,2.56,3
STU12708,DS201,Spring 2024,1,67.5,68.3,67.7,2.71,4
STU12709,DS201,Spring 2026,5,34.5,36.5,35.1,1.4,3
STU12710,CS101,Spring 2025,3,65.3,69.1,66.4,2.66,4
STU12711,DS201,Spring 2024,1,47.5,45.1,46.8,1.87,4
STU12712,AI301,Spring 2024,1,67.4,71.8,68.7,2.75,3
STU12713,SE501,Spring 2025,3,63.7,61.7,63.1,2.52,3
STU12714,AI301,Fall 2024,2,29.4,30.0,29.6,1.18,4
STU12715,DB401,Spring 2026,5,76.7,74.4,76.0,3.04,3
STU12716,DB401,Spring 2025,3,60.0,48.8,56.6,2.26,4
STU12717,DS201,Spring 2025,3,40.6,42.7,41.2,1.65,4
STU12718,SE501,Fall 2023,0,55.9,56.1,56.0,2.24,4
STU12719,DS201,Fall 2023,0,66.4,66.9,66.6,2.66,4
STU12720,AI301,Spring 2026,5,51.0,53.6,51.8,2.07,3
STU12721,CS101,Fall 2025,4,47.7,47.6,47.7,1.91,3
STU12722,AI301,Fall 2023,0,64.7,68.3,65.8,2.63,3
STU12723,SE501,Fall 2023,0,61.3,58.3,60.4,2.42,4
STU12724,AI301,Fall 2023,0,50.6,44.9,48.9,1.96,3
STU12725,DS201,Spring 2024,1,61.1,60.0,60.8,2.43,4
STU12726,CS101,Spring 2025,3,67.2,68.1,67.5,2.7,4
STU12727,SE501,Spring 2026,5,59.4,61.0,59.9,2.4,3
STU12728,AI301,Spring 2025,3,63.7,65.2,64.2,2.57,3
STU12729,SE501,Fall 2023,0,36.7,48.5,40.2,1.61,3
STU12730,CS101,Spring 2025,3,53.7,43.1,50.5,2.02,4
STU12731,DS201,Fall 2025,4,49.6,51.1,50.0,2.0,4
STU12732,DB401,Fall 2025,4,36.3,34.3,35.7,1.43,4
STU12733,CS101,Spring 2024,1,65.1,68.4,66.1,2.64,3
STU12734,DS201,Spring 2026,5,61.0,63.3,61.7,2.47,4
STU12735,CS101,Spring 2024,1,44.8,43.7,44.5,1.78,3
STU12736,DB401,Spring 2025,3,41.4,36.0,39.8,1.59,3
STU12737,DB401,Spring 2024,1,49.9,47.5,49.2,1.97,3
STU12738,SE501,Spring 2025,3,60.3,58.9,59.9,2.4,4
STU12739,DS201,Fall 2024,2,62.1,56.3,60.4,2.42,4
STU12740,CS101,Fall 2023,0,45.6,50.6,47.1,1.88,4
STU12741,DB401,Fall 2025,4,36.0,42.7,38.0,1.52,4
STU12742,DS201,Fall 2024,2,64.5,60.8,63.4,2.54,4
STU12743,DB401,Spring 2026,5,59.6,50.6,56.9,2.28,3
STU12744,SE501,Fall 2023,0,63.1,60.3,62.3,2.49,4
STU12745,AI301,Fall 2025,4,54.5,47.0,52.3,2.09,4
STU12746,DS201,Fall 2024,2,58.1,61.2,59.0,2.36,4
STU12747,DB401,Spring 2025,3,56.7,53.1,55.6,2.22,4
STU12748,CS101,Fall 2024,2,53.6,45.6,51.2,2.05,4
STU12749,SE501,Fall 2023,0,58.4,52.3,56.6,2.26,4
STU12750,SE501,Fall 2025,4,49.3,42.3,47.2,1.89,4
STU12751,CS101,Fall 2024,2,59.8,63.4,60.9,2.44,3
STU12752,AI301,Fall 2024,2,45.4,41.4,44.2,1.77,3
STU12753,SE501,Fall 2025,4,56.6,55.8,56.4,2.26,3
STU12754,SE501,Fall 2023,0,73.0,73.4,73.1,2.92,3
STU12755,DS201,Spring 2025,3,67.7,62.0,66.0,2.64,3
STU12756,CS101,Spring 2024,1,62.4,54.7,60.1,2.4,4
STU12757,SE501,Spring 2026,5,59.9,58.6,59.5,2.38,4
STU12758,CS101,Spring 2024,1,62.7,68.7,64.5,2.58,4
STU12759,AI301,Fall 2025,4,74.5,71.8,73.7,2.95,3
STU12760,DS201,Fall 2025,4,62.1,71.7,65.0,2.6,4
STU12761,SE501,Spring 2026,5,39.9,38.0,39.3,1.57,4
STU12762,DB401,Fall 2024,2,51.7,46.4,50.1,2.0,3
STU12763,AI301,Spring 2026,5,44.7,41.7,43.8,1.75,4
STU12764,DB401,Fall 2025,4,62.7,51.9,59.5,2.38,4
STU12765,AI301,Spring 2025,3,50.8,53.0,51.5,2.06,3
STU12766,CS101,Spring 2025,3,54.9,53.3,54.4,2.18,3
STU12767,CS101,Spring 2025,3,57.4,53.4,56.2,2.25,3
STU12768,CS101,Spring 2026,5,45.3,53.1,47.6,1.9,3
STU12769,DB401,Fall 2023,0,47.7,44.8,46.8,1.87,4
STU12770,DS201,Spring 2026,5,80.9,84.9,82.1,3.28,3
STU12771,SE501,Spring 2024,1,59.9,59.2,59.7,2.39,3
STU12772,DS201,Spring 2024,1,52.3,56.7,53.6,2.14,4
STU12773,DB401,Spring 2024,1,59.7,61.3,60.2,2.41,3
STU12774,SE501,Spring 2026,5,48.7,51.3,49.5,1.98,3
STU12775,CS101,Fall 2025,4,38.1,35.6,37.3,1.49,4
STU12776,SE501,Spring 2025,3,69.3,70.4,69.6,2.78,3
STU12777,AI301,Spring 2025,3,48.9,47.0,48.3,1.93,4
STU12778,CS101,Spring 2025,3,38.0,31.8,36.1,1.44,4
STU12779,DS201,Spring 2026,5,44.5,39.3,42.9,1.72,4
STU12780,DB401,Fall 2023,0,55.0,52.3,54.2,2.17,4
STU12781,AI301,Spring 2025,3,57.8,58.8,58.1,2.32,4
STU12782,AI301,Spring 2024,1,48.0,50.8,48.8,1.95,3
STU12783,SE501,Spring 2025,3,67.4,72.3,68.9,2.76,3
STU12784,SE501,Fall 2024,2,41.1,49.1,43.5,1.74,4
STU12785,AI301,Fall 2023,0,66.7,63.4,65.7,2.63,3
STU12786,SE501,Fall 2024,2,44.7,51.6,46.8,1.87,4
STU12787,DB401,Fall 2025,4,62.5,56.6,60.7,2.43,4
STU12788,DS201,Spring 2025,3,65.4,65.7,65.5,2.62,3
STU12789,AI301,Spring 2026,5,59.5,53.5,57.7,2.31,4
STU12790,DB401,Spring 2026,5,34.3,30.7,33.2,1.33,3
STU12791,SE501,Fall 2023,0,60.5,53.4,58.4,2.34,4
STU12792,DB401,Spring 2026,5,62.2,62.3,62.2,2.49,3
STU12793,AI301,Fall 2023,0,44.9,40.6,43.6,1.74,4
STU12794,AI301,Spring 2025,3,81.7,78.6,80.8,3.23,4
STU12795,AI301,Spring 2025,3,34.1,30.9,33.1,1.32,3
STU12796,DB401,Fall 2023,0,48.0,45.3,47.2,1.89,3
STU12797,DS201,Fall 2025,4,50.6,54.0,51.6,2.06,4
STU12798,SE501,Spring 2025,3,57.3,63.2,59.1,2.36,3
STU12799,AI301,Fall 2023,0,72.0,65.8,70.1,2.8,3
STU12800,AI301,Fall 2023,0,43.5,43.5,43.5,1.74,3
STU12801,SE501,Spring 2026,5,56.4,57.9,56.9,2.28,4
STU12802,DB401,Fall 2025,4,48.5,48.5,48.5,1.94,3
STU12803,DS201,Spring 2026,5,58.0,68.6,61.2,2.45,3
STU12804,CS101,Fall 2023,0,72.1,71.0,71.8,2.87,3
STU12805,SE501,Fall 2025,4,50.1,43.6,48.1,1.92,4
STU12806,DS201,Fall 2025,4,70.6,67.6,69.7,2.79,3
STU12807,AI301,Spring 2024,1,40.3,41.2,40.6,1.62,3
STU12808,AI301,Fall 2025,4,51.6,53.6,52.2,2.09,3
STU12809,SE501,Fall 2024,2,38.4,36.2,37.7,1.51,4
STU12810,SE501,Spring 2025,3,54.9,55.7,55.1,2.2,4
STU12811,AI301,Spring 2025,3,47.4,54.7,49.6,1.98,4
STU12812,SE501,Spring 2024,1,54.6,64.2,57.5,2.3,4
STU12813,DS201,Spring 2025,3,46.7,53.2,48.6,1.94,4
STU12814,CS101,Spring 2026,5,48.6,54.0,50.2,2.01,3
STU12815,CS101,Fall 2024,2,62.0,65.7,63.1,2.52,4
STU12816,AI301,Fall 2025,4,39.1,38.3,38.8,1.55,4
STU12817,CS101,Fall 2025,4,43.3,42.8,43.2,1.73,4
STU12818,CS101,Fall 2024,2,62.7,67.2,64.0,2.56,3
STU12819,AI301,Spring 2025,3,51.9,56.4,53.2,2.13,4
STU12820,DB401,Spring 2026,5,72.5,75.1,73.3,2.93,4
STU12821,SE501,Fall 2024,2,59.2,64.5,60.8,2.43,4
STU12822,AI301,Fall 2023,0,80.8,71.5,78.0,3.12,4
STU12823,CS101,Spring 2026,5,43.7,45.5,44.3,1.77,4
STU12824,DB401,Spring 2026,5,38.4,32.0,36.5,1.46,3
STU12825,SE501,Fall 2025,4,47.8,46.5,47.4,1.9,4
STU12826,SE501,Fall 2025,4,54.4,54.3,54.4,2.18,4
STU12827,DS201,Spring 2026,5,50.6,48.8,50.1,2.0,4
STU12828,SE501,Fall 2025,4,55.1,51.0,53.9,2.16,4
STU12829,AI301,Spring 2026,5,49.7,53.9,51.0,2.04,4
STU12830,AI301,Spring 2025,3,47.9,50.8,48.8,1.95,3
STU12831,DB401,Fall 2025,4,55.3,61.4,57.1,2.28,4
STU12832,DS201,Fall 2025,4,68.6,67.1,68.2,2.73,4
STU12833,DS201,Spring 2025,3,63.6,63.0,63.4,2.54,3
STU12834,CS101,Spring 2026,5,51.8,64.9,55.7,2.23,4
STU12835,DS201,Fall 2025,4,43.7,42.0,43.2,1.73,3
STU12836,CS101,Spring 2025,3,60.1,52.4,57.8,2.31,3
STU12837,DS201,Fall 2024,2,71.9,76.3,73.2,2.93,4
STU12838,AI301,Fall 2024,2,62.6,67.4,64.0,2.56,4
STU12839,CS101,Fall 2024,2,69.0,74.8,70.7,2.83,4
STU12840,AI301,Fall 2025,4,56.9,62.3,58.5,2.34,4
STU12841,DS201,Spring 2024,1,40.4,36.0,39.1,1.56,3
STU12842,AI301,Fall 2023,0,58.8,62.2,59.8,2.39,3
STU12843,CS101,Fall 2025,4,60.4,62.9,61.1,2.44,3
STU12844,AI301,Fall 2024,2,65.6,69.1,66.6,2.66,4
STU12845,SE501,Spring 2026,5,66.1,65.5,65.9,2.64,3
STU12846,DS201,Spring 2024,1,41.2,46.5,42.8,1.71,4
STU12847,AI301,Fall 2024,2,48.3,50.9,49.1,1.96,4
STU12848,SE501,Fall 2023,0,61.4,63.3,62.0,2.48,3
STU12849,AI301,Spring 2025,3,51.2,48.8,50.5,2.02,4
STU12850,AI301,Spring 2025,3,62.4,66.5,63.6,2.54,3
STU12851,AI301,Spring 2024,1,59.6,59.0,59.4,2.38,4
STU12852,CS101,Spring 2024,1,46.3,47.6,46.7,1.87,3
STU12853,AI301,Fall 2023,0,73.0,72.6,72.9,2.92,4
STU12854,DS201,Spring 2025,3,60.2,64.0,61.3,2.45,4
STU12855,DB401,Spring 2026,5,53.0,53.8,53.2,2.13,4
STU12856,AI301,Spring 2025,3,55.9,51.2,54.5,2.18,4
STU12857,AI301,Fall 2025,4,51.3,56.2,52.8,2.11,4
STU12858,SE501,Spring 2025,3,46.5,50.7,47.7,1.91,3
STU12859,DS201,Spring 2025,3,60.7,63.1,61.4,2.46,4
STU12860,SE501,Fall 2023,0,60.8,62.0,61.2,2.45,4
STU12861,CS101,Fall 2024,2,55.5,51.5,54.3,2.17,3
STU12862,CS101,Spring 2026,5,55.6,55.8,55.6,2.22,3
STU12863,DS201,Fall 2023,0,66.1,62.7,65.1,2.6,3
STU12864,DB401,Fall 2024,2,55.0,57.5,55.7,2.23,3
STU12865,DB401,Fall 2023,0,79.3,82.8,80.3,3.21,3
STU12866,DB401,Spring 2024,1,46.5,52.1,48.2,1.93,4
STU12867,SE501,Fall 2024,2,35.5,36.2,35.7,1.43,4
STU12868,SE501,Spring 2026,5,60.9,63.5,61.7,2.47,3
STU12869,CS101,Fall 2024,2,58.2,56.5,57.7,2.31,3
STU12870,DB401,Spring 2024,1,60.0,54.2,58.3,2.33,3
STU12871,SE501,Fall 2023,0,58.3,55.2,57.4,2.3,3
STU12872,DS201,Spring 2024,1,66.8,69.9,67.7,2.71,3
STU12873,AI301,Spring 2024,1,57.4,56.1,57.0,2.28,4
STU12874,SE501,Spring 2024,1,43.6,35.8,41.3,1.65,3
STU12875,AI301,Fall 2023,0,45.8,45.4,45.7,1.83,3
STU12876,SE501,Fall 2024,2,59.1,57.5,58.6,2.34,3
STU12877,SE501,Spring 2025,3,69.9,69.0,69.6,2.78,4
STU12878,DB401,Spring 2026,5,45.7,47.9,46.4,1.86,4
STU12879,AI301,Fall 2025,4,46.4,56.8,49.5,1.98,4
STU12880,DS201,Spring 2024,1,39.5,33.9,37.8,1.51,4
STU12881,DS201,Spring 2024,1,58.8,66.2,61.0,2.44,4
STU12882,DS201,Fall 2023,0,48.3,48.8,48.5,1.94,3
STU12883,DS201,Fall 2023,0,36.6,42.2,38.3,1.53,4
STU12884,DS201,Fall 2023,0,62.0,64.1,62.6,2.5,4
STU12885,CS101,Fall 2023,0,53.7,53.9,53.8,2.15,4
STU12886,DB401,Fall 2024,2,37.8,39.9,38.4,1.54,3
STU12887,DS201,Fall 2024,2,62.3,55.1,60.2,2.41,4
STU12888,SE501,Fall 2025,4,29.3,30.0,29.5,1.18,3
STU12889,AI301,Spring 2025,3,52.8,53.9,53.1,2.12,4
STU12890,AI301,Spring 2026,5,59.5,52.9,57.5,2.3,3
STU12891,DB401,Spring 2024,1,47.4,47.7,47.5,1.9,3
STU12892,DS201,Fall 2023,0,58.6,54.2,57.3,2.29,3
STU12893,CS101,Spring 2024,1,57.8,60.0,58.4,2.34,4
STU12894,CS101,Spring 2026,5,50.1,52.5,50.8,2.03,3
STU12895,DS201,Spring 2024,1,62.9,69.5,64.9,2.6,4
STU12896,DB401,Spring 2024,1,67.2,69.1,67.8,2.71,4
STU12897,AI301,Spring 2025,3,59.1,53.7,57.5,2.3,4
STU12898,DS201,Spring 2025,3,71.9,69.2,71.1,2.84,3
STU12899,AI301,Spring 2025,3,60.3,53.8,58.3,2.33,3
STU12900,AI301,Fall 2024,2,57.0,58.9,57.6,2.3,4
STU12901,DB401,Spring 2024,1,64.7,62.3,64.0,2.56,4
STU12902,DB401,Spring 2026,5,59.9,60.0,59.9,2.4,3
STU12903,DB401,Fall 2023,0,57.0,56.2,56.7,2.27,4
STU12904,SE501,Fall 2023,0,59.9,53.4,57.9,2.32,3
STU12905,AI301,Fall 2024,2,49.2,50.8,49.7,1.99,4
STU12906,SE501,Fall 2024,2,47.6,51.8,48.8,1.95,3
STU12907,DS201,Spring 2026,5,61.7,58.1,60.6,2.42,3
STU12908,SE501,Fall 2025,4,58.5,56.9,58.0,2.32,4
STU12909,CS101,Spring 2026,5,71.5,75.0,72.5,2.9,3
STU12910,AI301,Fall 2025,4,49.6,45.9,48.5,1.94,4
STU12911,AI301,Spring 2025,3,48.8,48.2,48.6,1.94,4
STU12912,SE501,Fall 2024,2,49.8,51.9,50.4,2.02,3
STU12913,AI301,Fall 2024,2,64.4,69.1,65.8,2.63,4
STU12914,DS201,Fall 2025,4,53.3,54.1,53.5,2.14,3
STU12915,DB401,Spring 2025,3,47.4,43.6,46.3,1.85,4
STU12916,SE501,Spring 2026,5,44.6,46.0,45.0,1.8,3
STU12917,AI301,Spring 2026,5,28.8,30.0,29.2,1.17,4
STU12918,DB401,Spring 2024,1,63.7,63.2,63.6,2.54,4
STU12919,CS101,Fall 2023,0,45.4,40.0,43.8,1.75,3
STU12920,CS101,Spring 2024,1,61.6,57.2,60.3,2.41,4
STU12921,SE501,Fall 2024,2,69.8,72.7,70.7,2.83,3
STU12922,DB401,Spring 2026,5,71.4,72.6,71.8,2.87,4
STU12923,CS101,Spring 2024,1,54.2,52.4,53.7,2.15,4
STU12924,SE501,Spring 2026,5,57.1,52.9,55.8,2.23,3
STU12925,SE501,Fall 2025,4,70.7,76.8,72.5,2.9,3
STU12926,CS101,Fall 2025,4,65.7,68.3,66.5,2.66,3
STU12927,AI301,Spring 2024,1,34.2,44.9,37.4,1.5,3
STU12928,DS201,Spring 2026,5,55.8,51.8,54.6,2.18,4
STU12929,AI301,Spring 2024,1,57.2,50.3,55.1,2.2,3
STU12930,DS201,Fall 2025,4,64.7,66.5,65.2,2.61,3
STU12931,DB401,Spring 2025,3,73.4,72.7,73.2,2.93,4
STU12932,CS101,Spring 2025,3,62.7,61.8,62.4,2.5,4
STU12933,SE501,Fall 2024,2,44.4,39.0,42.8,1.71,3
STU12934,AI301,Fall 2023,0,56.1,56.2,56.1,2.24,4
STU12935,DB401,Fall 2025,4,35.2,32.2,34.3,1.37,4
STU12936,AI301,Spring 2024,1,44.1,39.3,42.7,1.71,3
STU12937,SE501,Fall 2023,0,37.1,34.1,36.2,1.45,4
STU12938,SE501,Spring 2026,5,41.4,33.8,39.1,1.56,3
STU12939,SE501,Fall 2024,2,52.9,57.6,54.3,2.17,4
STU12940,DB401,Fall 2024,2,76.4,75.9,76.2,3.05,3
STU12941,DB401,Fall 2023,0,68.4,67.7,68.2,2.73,3
STU12942,DB401,Fall 2025,4,37.7,44.1,39.6,1.58,3
STU12943,CS101,Fall 2024,2,67.1,64.3,66.3,2.65,3
STU12944,CS101,Spring 2026,5,53.8,48.3,52.2,2.09,4
STU12945,CS101,Spring 2025,3,44.9,47.7,45.7,1.83,3
STU12946,DS201,Spring 2024,1,64.8,59.3,63.2,2.53,3
STU12947,CS101,Fall 2023,0,48.4,37.7,45.2,1.81,3
STU12948,AI301,Fall 2023,0,44.0,47.0,44.9,1.8,4
STU12949,AI301,Spring 2025,3,31.2,32.3,31.5,1.26,3
STU12950,SE501,Spring 2026,5,54.7,52.7,54.1,2.16,3
STU12951,CS101,Fall 2024,2,67.2,60.9,65.3,2.61,4
STU12952,CS101,Spring 2026,5,47.7,50.4,48.5,1.94,4
STU12953,SE501,Fall 2024,2,72.0,69.6,71.3,2.85,4
STU12954,DS201,Fall 2024,2,46.0,49.8,47.1,1.88,3
STU12955,AI301,Fall 2023,0,59.0,61.7,59.8,2.39,4
STU12956,CS101,Spring 2024,1,57.0,52.9,55.8,2.23,4
STU12957,DB401,Fall 2023,0,43.0,36.5,41.1,1.64,4
STU12958,SE501,Spring 2026,5,53.9,55.9,54.5,2.18,4
STU12959,AI301,Spring 2026,5,51.9,53.7,52.4,2.1,4
STU12960,AI301,Fall 2023,0,69.1,70.8,69.6,2.78,4
STU12961,DS201,Spring 2025,3,49.4,49.3,49.4,1.98,4
STU12962,SE501,Spring 2026,5,61.8,66.6,63.2,2.53,4
STU12963,AI301,Spring 2025,3,36.6,52.5,41.4,1.66,4
STU12964,CS101,Spring 2025,3,53.3,61.8,55.9,2.24,3
STU12965,AI301,Spring 2024,1,54.6,55.9,55.0,2.2,4
STU12966,AI301,Fall 2025,4,39.9,43.7,41.0,1.64,3
STU12967,DB401,Spring 2025,3,47.7,46.5,47.3,1.89,3
STU12968,AI301,Fall 2024,2,60.3,49.5,57.1,2.28,3
STU12969,DB401,Fall 2023,0,38.8,46.5,41.1,1.64,3
STU12970,SE501,Fall 2025,4,59.6,56.1,58.5,2.34,4
STU12971,DB401,Spring 2025,3,62.0,55.4,60.0,2.4,3
STU12972,AI301,Fall 2025,4,63.1,68.5,64.7,2.59,3
STU12973,AI301,Spring 2025,3,73.5,85.4,77.1,3.08,4
STU12974,DB401,Fall 2023,0,40.4,42.8,41.1,1.64,4
STU12975,DS201,Fall 2023,0,48.8,47.7,48.5,1.94,3
STU12976,AI301,Fall 2024,2,68.4,73.7,70.0,2.8,3
STU12977,DB401,Spring 2024,1,47.8,49.5,48.3,1.93,4
STU12978,DS201,Spring 2026,5,45.9,39.4,43.9,1.76,4
STU12979,SE501,Fall 2024,2,46.6,41.5,45.1,1.8,4
STU12980,AI301,Spring 2024,1,59.3,56.9,58.6,2.34,4
STU12981,SE501,Spring 2026,5,52.1,54.0,52.7,2.11,3
STU12982,DB401,Spring 2025,3,49.8,53.8,51.0,2.04,3
STU12983,DB401,Spring 2026,5,50.6,48.7,50.0,2.0,4
STU12984,DB401,Spring 2024,1,51.7,56.9,53.3,2.13,4
STU12985,DS201,Fall 2023,0,68.3,75.5,70.5,2.82,3
STU12986,AI301,Spring 2026,5,55.4,54.6,55.1,2.2,3
STU12987,DS201,Spring 2024,1,55.1,48.0,53.0,2.12,4
STU12988,SE501,Spring 2024,1,44.6,48.2,45.7,1.83,4
STU12989,DS201,Fall 2024,2,53.8,62.8,56.5,2.26,4
STU12990,AI301,Spring 2025,3,60.1,57.8,59.4,2.38,4
STU12991,SE501,Spring 2024,1,53.3,61.7,55.8,2.23,4
STU12992,DS201,Spring 2025,3,39.7,36.7,38.8,1.55,4
STU12993,DB401,Spring 2025,3,52.4,51.7,52.2,2.09,3
STU12994,DS201,Spring 2024,1,63.3,69.6,65.2,2.61,4
STU12995,DS201,Spring 2025,3,47.9,46.6,47.5,1.9,4
STU12996,DB401,Fall 2025,4,63.0,56.1,60.9,2.44,3
STU12997,AI301,Fall 2023,0,63.5,67.0,64.6,2.58,3
STU12998,DB401,Fall 2024,2,39.8,33.5,37.9,1.52,4
STU12999,DB401,Fall 2023,0,35.8,40.5,37.2,1.49,4
STU13000,AI301,Fall 2024,2,52.9,56.8,54.1,2.16,3
STU13001,CS101,Spring 2024,1,48.6,56.0,50.8,2.03,3
STU13002,DS201,Spring 2025,3,45.3,40.8,43.9,1.76,4
STU13003,DB401,Fall 2024,2,68.2,63.8,66.9,2.68,3
STU13004,AI301,Spring 2026,5,48.0,47.9,48.0,1.92,3
STU13005,AI301,Spring 2024,1,54.5,52.4,53.9,2.16,3
STU13006,CS101,Spring 2024,1,52.3,44.2,49.9,2.0,4
STU13007,SE501,Fall 2024,2,60.9,59.5,60.5,2.42,3
STU13008,DS201,Spring 2024,1,51.2,51.4,51.3,2.05,4
STU13009,AI301,Fall 2024,2,58.6,61.1,59.3,2.37,3
STU13010,CS101,Spring 2025,3,36.4,37.4,36.7,1.47,4
STU13011,DS201,Spring 2025,3,57.7,56.7,57.4,2.3,4
STU13012,CS101,Fall 2023,0,63.6,71.4,65.9,2.64,3
STU13013,SE501,Spring 2026,5,47.8,46.0,47.2,1.89,3
STU13014,DB401,Fall 2025,4,61.7,58.6,60.8,2.43,4
STU13015,DS201,Fall 2025,4,55.1,54.1,54.8,2.19,4
STU13016,AI301,Spring 2024,1,40.3,43.2,41.2,1.65,3
STU13017,DB401,Fall 2024,2,66.8,64.4,66.1,2.64,4
STU13018,AI301,Fall 2023,0,34.4,37.0,35.2,1.41,3
STU13019,DB401,Spring 2024,1,51.5,54.2,52.3,2.09,3
STU13020,CS101,Spring 2025,3,71.5,68.3,70.6,2.82,3
STU13021,AI301,Fall 2025,4,49.9,47.5,49.2,1.97,4
STU13022,SE501,Spring 2025,3,46.2,55.6,49.0,1.96,4
STU13023,DB401,Spring 2024,1,48.3,48.9,48.5,1.94,3
STU13024,CS101,Spring 2024,1,66.0,53.0,62.1,2.48,4
STU13025,DS201,Spring 2024,1,46.6,42.9,45.5,1.82,4
STU13026,SE501,Fall 2023,0,47.4,50.4,48.3,1.93,4
STU13027,CS101,Fall 2023,0,55.6,55.4,55.5,2.22,3
STU13028,DS201,Spring 2026,5,48.8,48.8,48.8,1.95,3
STU13029,DB401,Fall 2024,2,57.1,60.6,58.1,2.32,3
STU13030,DS201,Fall 2024,2,49.9,45.9,48.7,1.95,4
STU13031,DS201,Fall 2025,4,68.8,69.6,69.0,2.76,4
STU13032,CS101,Spring 2024,1,44.5,43.6,44.2,1.77,4
STU13033,DS201,Spring 2025,3,50.4,51.5,50.7,2.03,3
STU13034,SE501,Spring 2024,1,58.1,56.3,57.6,2.3,4
STU13035,AI301,Fall 2023,0,42.5,40.9,42.0,1.68,3
STU13036,CS101,Spring 2024,1,34.2,36.5,34.9,1.4,4
STU13037,DB401,Spring 2024,1,60.8,56.2,59.4,2.38,3
STU13038,DS201,Spring 2024,1,55.6,52.7,54.7,2.19,3
STU13039,SE501,Spring 2024,1,36.9,44.9,39.3,1.57,3
STU13040,AI301,Spring 2026,5,47.0,49.6,47.8,1.91,4
STU13041,DS201,Fall 2024,2,43.6,48.0,44.9,1.8,4
STU13042,AI301,Fall 2024,2,61.5,61.7,61.6,2.46,4
STU13043,AI301,Spring 2026,5,50.6,51.3,50.8,2.03,3
STU13044,DS201,Fall 2025,4,48.3,44.2,47.1,1.88,4
STU13045,DS201,Fall 2025,4,34.2,35.5,34.6,1.38,3
STU13046,AI301,Fall 2024,2,43.2,44.6,43.6,1.74,4
STU13047,AI301,Fall 2023,0,54.0,58.3,55.3,2.21,4
STU13048,DS201,Fall 2025,4,49.2,47.9,48.8,1.95,4
STU13049,SE501,Spring 2026,5,50.4,50.3,50.4,2.02,4
STU13050,DB401,Fall 2023,0,51.9,65.2,55.9,2.24,4
STU13051,DS201,Spring 2026,5,50.9,51.1,51.0,2.04,4
STU13052,DS201,Spring 2024,1,70.8,66.6,69.5,2.78,4
STU13053,DB401,Spring 2024,1,59.0,61.6,59.8,2.39,4
STU13054,DS201,Fall 2024,2,46.6,47.3,46.8,1.87,3
STU13055,CS101,Spring 2024,1,55.7,51.3,54.4,2.18,3
STU13056,DB401,Fall 2024,2,46.6,48.7,47.2,1.89,3
STU13057,SE501,Fall 2025,4,51.3,56.4,52.8,2.11,4
STU13058,DS201,Spring 2024,1,65.0,61.7,64.0,2.56,3
STU13059,DS201,Spring 2025,3,63.7,70.0,65.6,2.62,3
STU13060,SE501,Fall 2025,4,48.7,45.5,47.8,1.91,3
STU13061,SE501,Fall 2023,0,61.4,57.3,60.2,2.41,3
STU13062,SE501,Spring 2026,5,49.7,50.3,49.9,2.0,3
STU13063,CS101,Spring 2026,5,68.1,71.7,69.2,2.77,4
STU13064,CS101,Spring 2025,3,73.8,78.0,75.1,3.0,3
STU13065,DS201,Spring 2025,3,60.6,62.2,61.1,2.44,4
STU13066,DB401,Fall 2024,2,79.9,74.2,78.2,3.13,4
STU13067,DB401,Fall 2024,2,66.7,62.3,65.4,2.62,4
STU13068,AI301,Spring 2026,5,59.0,57.3,58.5,2.34,3
STU13069,AI301,Fall 2023,0,44.3,47.1,45.2,1.81,4
STU13070,DS201,Fall 2023,0,47.2,45.2,46.6,1.86,4
STU13071,SE501,Fall 2025,4,60.3,65.2,61.8,2.47,3
STU13072,AI301,Fall 2024,2,69.0,78.4,71.8,2.87,4
STU13073,AI301,Fall 2024,2,37.5,32.8,36.1,1.44,3
STU13074,CS101,Spring 2024,1,52.2,52.5,52.3,2.09,3
STU13075,SE501,Fall 2025,4,52.6,55.5,53.5,2.14,3
STU13076,DS201,Fall 2024,2,77.7,81.9,79.0,3.16,4
STU13077,SE501,Spring 2026,5,49.9,51.0,50.2,2.01,4
STU13078,DS201,Fall 2024,2,71.7,71.1,71.5,2.86,4
STU13079,DS201,Fall 2023,0,61.8,54.0,59.5,2.38,3
STU13080,CS101,Fall 2025,4,62.3,60.3,61.7,2.47,3
STU13081,AI301,Spring 2025,3,39.7,42.7,40.6,1.62,4
STU13082,DS201,Fall 2023,0,34.1,40.9,36.1,1.44,4
STU13083,DS201,Fall 2025,4,65.5,59.9,63.8,2.55,3
STU13084,DS201,Spring 2024,1,63.5,69.8,65.4,2.62,4
STU13085,DS201,Spring 2025,3,59.0,64.0,60.5,2.42,4
STU13086,SE501,Fall 2023,0,54.1,55.1,54.4,2.18,4
STU13087,SE501,Fall 2024,2,61.6,57.7,60.4,2.42,3
STU13088,CS101,Spring 2026,5,53.2,60.2,55.3,2.21,3
STU13089,DB401,Fall 2025,4,54.6,54.1,54.4,2.18,4
STU13090,AI301,Fall 2024,2,57.3,59.7,58.0,2.32,3
STU13091,DS201,Fall 2023,0,59.3,55.3,58.1,2.32,4
STU13092,DB401,Fall 2023,0,73.4,66.2,71.2,2.85,3
STU13093,DB401,Fall 2023,0,59.8,63.1,60.8,2.43,4
STU13094,DB401,Fall 2025,4,43.8,45.8,44.4,1.78,4
STU13095,DS201,Fall 2025,4,50.0,52.3,50.7,2.03,3
STU13096,AI301,Fall 2024,2,46.5,41.1,44.9,1.8,4
STU13097,AI301,Fall 2023,0,72.5,76.4,73.7,2.95,3
STU13098,DS201,Fall 2025,4,48.6,52.3,49.7,1.99,4
STU13099,CS101,Spring 2025,3,25.0,36.9,28.3,1.13,3
STU13100,CS101,Fall 2025,4,47.3,46.0,46.9,1.88,4
STU13101,DB401,Spring 2026,5,56.2,47.6,53.6,2.14,4
STU13102,DS201,Spring 2025,3,38.6,36.4,37.9,1.52,4
STU13103,CS101,Spring 2024,1,71.7,69.7,71.1,2.84,4
STU13104,SE501,Spring 2025,3,59.4,60.0,59.6,2.38,4
STU13105,AI301,Spring 2024,1,49.8,53.2,50.8,2.03,4
STU13106,SE501,Spring 2026,5,74.4,71.6,73.5,2.94,3
STU13107,SE501,Fall 2023,0,49.2,54.5,50.8,2.03,4
STU13108,CS101,Fall 2024,2,51.6,51.6,51.6,2.06,4
STU13109,AI301,Fall 2023,0,50.6,40.0,47.4,1.9,4
STU13110,SE501,Fall 2025,4,65.5,65.3,65.4,2.62,4
STU13111,AI301,Spring 2026,5,78.9,75.7,77.9,3.12,4
STU13112,SE501,Spring 2024,1,48.3,49.0,48.5,1.94,4
STU13113,AI301,Spring 2024,1,69.8,75.0,71.4,2.86,3
STU13114,DS201,Spring 2024,1,56.4,50.5,54.6,2.18,4
STU13115,CS101,Fall 2024,2,56.6,55.8,56.4,2.26,3
STU13116,DS201,Spring 2024,1,48.2,56.4,50.7,2.03,4
STU13117,AI301,Fall 2023,0,30.7,30.0,30.5,1.22,4
STU13118,CS101,Fall 2023,0,54.9,51.7,53.9,2.16,4
STU13119,CS101,Spring 2026,5,43.5,52.9,46.3,1.85,3
STU13120,DB401,Spring 2024,1,40.8,43.3,41.5,1.66,3
STU13121,DS201,Spring 2026,5,59.9,67.0,62.0,2.48,4
STU13122,SE501,Fall 2024,2,61.6,58.2,60.6,2.42,4
STU13123,CS101,Spring 2024,1,49.2,47.1,48.6,1.94,4
STU13124,SE501,Spring 2026,5,57.1,52.1,55.6,2.22,3
STU13125,DS201,Fall 2025,4,78.3,80.9,79.1,3.16,3
STU13126,DB401,Spring 2026,5,44.1,40.7,43.1,1.72,4
STU13127,CS101,Spring 2024,1,51.0,46.6,49.7,1.99,4
STU13128,DB401,Fall 2024,2,59.8,60.5,60.0,2.4,4
STU13129,DB401,Spring 2025,3,62.7,64.4,63.2,2.53,4
STU13130,AI301,Fall 2023,0,48.3,47.9,48.2,1.93,4
STU13131,DB401,Fall 2025,4,66.8,67.4,67.0,2.68,3
STU13132,SE501,Spring 2026,5,63.9,71.7,66.3,2.65,4
STU13133,DB401,Spring 2026,5,55.3,60.5,56.8,2.27,4
STU13134,AI301,Fall 2023,0,57.8,57.6,57.8,2.31,3
STU13135,DS201,Fall 2024,2,63.5,66.6,64.4,2.58,4
STU13136,CS101,Fall 2024,2,32.5,36.9,33.8,1.35,3
STU13137,DS201,Fall 2025,4,55.9,57.5,56.4,2.26,3
STU13138,AI301,Spring 2025,3,74.6,70.8,73.5,2.94,4
STU13139,SE501,Spring 2025,3,61.6,52.4,58.9,2.36,4
STU13140,CS101,Fall 2025,4,39.8,48.9,42.5,1.7,3
STU13141,SE501,Spring 2025,3,63.9,64.1,63.9,2.56,4
STU13142,DS201,Spring 2025,3,64.9,67.3,65.6,2.62,3
STU13143,CS101,Fall 2024,2,58.0,53.6,56.7,2.27,4
STU13144,SE501,Fall 2023,0,35.9,34.7,35.5,1.42,3
STU13145,CS101,Spring 2024,1,46.6,42.7,45.4,1.82,3
STU13146,DS201,Spring 2025,3,58.5,53.5,57.0,2.28,3
STU13147,SE501,Spring 2025,3,65.8,67.5,66.3,2.65,3
STU13148,CS101,Spring 2025,3,48.4,50.1,48.9,1.96,3
STU13149,CS101,Spring 2025,3,63.6,64.3,63.8,2.55,4
STU13150,SE501,Fall 2024,2,50.4,50.9,50.6,2.02,4
STU13151,DS201,Spring 2024,1,53.9,56.6,54.7,2.19,4
STU13152,AI301,Fall 2024,2,53.0,39.4,48.9,1.96,4
STU13153,CS101,Fall 2024,2,58.6,62.6,59.8,2.39,3
STU13154,SE501,Fall 2024,2,58.2,69.5,61.6,2.46,4
STU13155,SE501,Spring 2026,5,60.6,53.2,58.4,2.34,4
STU13156,SE501,Spring 2025,3,52.2,42.7,49.4,1.98,4
STU13157,AI301,Spring 2025,3,46.4,37.9,43.8,1.75,4
STU13158,DB401,Spring 2024,1,38.5,43.5,40.0,1.6,4
STU13159,SE501,Fall 2024,2,39.4,33.5,37.6,1.5,3
STU13160,AI301,Spring 2024,1,61.8,62.7,62.1,2.48,3
STU13161,DB401,Spring 2024,1,74.2,76.7,74.9,3.0,4
STU13162,AI301,Spring 2024,1,58.3,57.4,58.0,2.32,4
STU13163,SE501,Spring 2025,3,57.4,55.0,56.7,2.27,3
STU13164,CS101,Fall 2024,2,35.5,33.9,35.0,1.4,3
STU13165,SE501,Spring 2025,3,62.2,55.7,60.3,2.41,3
STU13166,AI301,Fall 2024,2,64.4,68.4,65.6,2.62,4
STU13167,SE501,Fall 2024,2,53.2,58.7,54.8,2.19,4
STU13168,DS201,Fall 2024,2,49.1,50.1,49.4,1.98,3
STU13169,AI301,Fall 2023,0,58.3,54.0,57.0,2.28,3
STU13170,AI301,Fall 2023,0,51.5,51.2,51.4,2.06,3
STU13171,SE501,Spring 2024,1,44.8,43.8,44.5,1.78,4
STU13172,AI301,Spring 2025,3,52.2,49.2,51.3,2.05,3
STU13173,AI301,Spring 2025,3,48.4,48.5,48.4,1.94,4
STU13174,AI301,Spring 2024,1,67.0,65.6,66.6,2.66,3
STU13175,SE501,Spring 2024,1,49.4,55.1,51.1,2.04,4
STU13176,SE501,Spring 2024,1,61.5,57.0,60.2,2.41,4
STU13177,SE501,Spring 2025,3,55.9,54.8,55.6,2.22,4
STU13178,SE501,Spring 2026,5,48.9,44.5,47.6,1.9,3
STU13179,DB401,Spring 2026,5,65.4,65.1,65.3,2.61,4
STU13180,CS101,Fall 2025,4,54.9,56.2,55.3,2.21,4
STU13181,SE501,Spring 2024,1,42.1,40.7,41.7,1.67,4
STU13182,AI301,Fall 2024,2,54.5,58.9,55.8,2.23,3
STU13183,AI301,Spring 2024,1,62.4,70.7,64.9,2.6,4
STU13184,DS201,Spring 2025,3,48.1,31.7,43.2,1.73,3
STU13185,SE501,Fall 2024,2,44.8,49.3,46.2,1.85,4
STU13186,CS101,Fall 2025,4,52.1,51.8,52.0,2.08,3
STU13187,DB401,Fall 2025,4,56.3,56.2,56.3,2.25,3
STU13188,CS101,Spring 2025,3,55.4,54.1,55.0,2.2,3
STU13189,DS201,Spring 2024,1,51.0,54.1,51.9,2.08,3
STU13190,CS101,Fall 2024,2,57.0,57.4,57.1,2.28,4
STU13191,SE501,Spring 2026,5,66.5,70.6,67.7,2.71,4
STU13192,DS201,Fall 2024,2,60.0,60.1,60.0,2.4,3
STU13193,AI301,Fall 2024,2,64.7,67.4,65.5,2.62,4
STU13194,SE501,Spring 2026,5,73.1,77.0,74.3,2.97,3
STU13195,SE501,Fall 2024,2,52.6,52.0,52.4,2.1,4
STU13196,DS201,Spring 2025,3,63.4,67.2,64.5,2.58,4
STU13197,DB401,Fall 2024,2,64.8,67.3,65.6,2.62,3
STU13198,SE501,Fall 2025,4,58.1,59.0,58.4,2.34,4
STU13199,SE501,Fall 2023,0,42.5,39.0,41.4,1.66,3
STU13200,DB401,Fall 2024,2,49.6,45.4,48.3,1.93,4
STU13201,CS101,Fall 2024,2,42.6,44.5,43.2,1.73,4
STU13202,DS201,Spring 2024,1,64.5,67.7,65.5,2.62,4
STU13203,DB401,Fall 2023,0,66.1,64.5,65.6,2.62,4
STU13204,CS101,Fall 2024,2,66.2,69.8,67.3,2.69,3
STU13205,DB401,Fall 2024,2,42.8,39.3,41.7,1.67,3
STU13206,SE501,Fall 2025,4,46.6,46.0,46.4,1.86,4
STU13207,CS101,Spring 2025,3,55.8,52.9,54.9,2.2,4
STU13208,CS101,Spring 2025,3,76.2,72.9,75.2,3.01,3
STU13209,SE501,Fall 2025,4,51.3,47.2,50.1,2.0,3
STU13210,AI301,Fall 2024,2,49.3,66.4,54.4,2.18,4
STU13211,AI301,Spring 2025,3,56.9,62.6,58.6,2.34,3
STU13212,DS201,Fall 2025,4,72.1,74.5,72.8,2.91,4
STU13213,AI301,Spring 2024,1,66.2,64.2,65.6,2.62,4
STU13214,DB401,Spring 2024,1,43.8,38.2,42.1,1.68,3
STU13215,SE501,Fall 2023,0,70.0,62.4,67.7,2.71,3
STU13216,DB401,Spring 2024,1,57.1,56.3,56.9,2.28,4
STU13217,CS101,Fall 2023,0,57.9,62.5,59.3,2.37,4
STU13218,DS201,Spring 2025,3,57.7,52.5,56.2,2.25,3
STU13219,DB401,Spring 2026,5,47.8,50.7,48.7,1.95,3
STU13220,AI301,Fall 2024,2,52.1,53.1,52.4,2.1,4
STU13221,SE501,Spring 2025,3,49.9,50.6,50.1,2.0,4
STU13222,AI301,Fall 2023,0,56.3,69.5,60.2,2.41,4
STU13223,SE501,Fall 2025,4,49.7,51.1,50.1,2.0,4
STU13224,AI301,Fall 2023,0,55.2,56.2,55.5,2.22,4
STU13225,AI301,Spring 2025,3,63.6,60.7,62.7,2.51,3
STU13226,DS201,Spring 2026,5,71.7,68.5,70.8,2.83,4
STU13227,DB401,Fall 2024,2,56.3,50.8,54.7,2.19,3
STU13228,SE501,Spring 2024,1,61.3,54.7,59.3,2.37,3
STU13229,AI301,Spring 2024,1,68.2,67.0,67.9,2.72,3
STU13230,AI301,Fall 2023,0,48.0,50.5,48.7,1.95,3
STU13231,AI301,Spring 2026,5,63.5,54.2,60.7,2.43,4
STU13232,CS101,Spring 2026,5,61.2,60.5,61.0,2.44,3
STU13233,CS101,Fall 2024,2,53.2,49.2,52.0,2.08,3
STU13234,AI301,Spring 2025,3,54.7,58.5,55.8,2.23,3
STU13235,CS101,Spring 2024,1,62.3,60.4,61.7,2.47,4
STU13236,DB401,Spring 2026,5,58.6,62.8,59.9,2.4,3
STU13237,DS201,Fall 2024,2,60.4,57.5,59.5,2.38,3
STU13238,DB401,Fall 2024,2,66.9,69.3,67.6,2.7,4
STU13239,AI301,Spring 2024,1,66.8,66.8,66.8,2.67,3
STU13240,DB401,Fall 2025,4,64.1,66.5,64.8,2.59,3
STU13241,DB401,Spring 2026,5,56.9,61.9,58.4,2.34,3
STU13242,AI301,Fall 2025,4,53.7,63.0,56.5,2.26,4
STU13243,DB401,Spring 2025,3,64.1,64.7,64.3,2.57,3
STU13244,AI301,Fall 2024,2,68.9,68.7,68.8,2.75,3
STU13245,SE501,Fall 2024,2,57.7,64.8,59.8,2.39,3
STU13246,DB401,Fall 2024,2,39.6,36.2,38.6,1.54,4
STU13247,DS201,Fall 2023,0,46.2,48.6,46.9,1.88,4
STU13248,CS101,Spring 2026,5,49.1,46.2,48.2,1.93,3
STU13249,DB401,Spring 2025,3,42.2,41.5,42.0,1.68,3
STU13250,CS101,Spring 2025,3,57.2,53.6,56.1,2.24,3
STU13251,DS201,Fall 2024,2,66.9,70.3,67.9,2.72,3
STU13252,DB401,Fall 2024,2,66.6,65.4,66.2,2.65,3
STU13253,CS101,Fall 2023,0,59.6,53.5,57.8,2.31,3
STU13254,DB401,Fall 2023,0,53.3,47.0,51.4,2.06,3
STU13255,DB401,Spring 2026,5,59.9,60.6,60.1,2.4,3
STU13256,DS201,Fall 2025,4,51.9,57.3,53.5,2.14,3
STU13257,CS101,Spring 2026,5,53.1,43.9,50.3,2.01,3
STU13258,CS101,Spring 2024,1,59.2,57.9,58.8,2.35,3
STU13259,CS101,Fall 2024,2,68.0,65.0,67.1,2.68,4
STU13260,AI301,Spring 2026,5,54.2,58.6,55.5,2.22,3
STU13261,DB401,Fall 2023,0,70.1,65.3,68.7,2.75,4
STU13262,DB401,Spring 2024,1,50.0,49.9,50.0,2.0,4
STU13263,SE501,Spring 2025,3,68.5,62.1,66.6,2.66,3
STU13264,DS201,Fall 2023,0,44.2,50.2,46.0,1.84,4
STU13265,DS201,Fall 2024,2,47.6,43.0,46.2,1.85,4
STU13266,AI301,Fall 2025,4,45.4,51.3,47.2,1.89,4
STU13267,CS101,Fall 2025,4,45.8,46.0,45.8,1.83,3
STU13268,DB401,Spring 2026,5,63.7,59.2,62.3,2.49,3
STU13269,CS101,Spring 2024,1,63.0,66.1,63.9,2.56,3
STU13270,CS101,Spring 2026,5,63.6,67.4,64.7,2.59,3
STU13271,AI301,Fall 2024,2,66.5,75.0,69.0,2.76,4
STU13272,DS201,Fall 2025,4,51.1,53.9,52.0,2.08,4
STU13273,AI301,Fall 2024,2,36.0,39.3,37.0,1.48,4
STU13274,CS101,Fall 2024,2,61.8,66.1,63.1,2.52,4
STU13275,CS101,Spring 2025,3,50.2,33.3,45.1,1.8,4
STU13276,AI301,Fall 2025,4,60.3,62.3,60.9,2.44,3
STU13277,DB401,Fall 2024,2,51.4,56.4,52.9,2.12,3
STU13278,AI301,Spring 2024,1,58.4,59.5,58.7,2.35,3
STU13279,DS201,Spring 2026,5,66.9,64.4,66.2,2.65,3
STU13280,SE501,Fall 2023,0,57.1,53.6,56.0,2.24,3
STU13281,DS201,Spring 2024,1,59.8,59.6,59.7,2.39,4
STU13282,DS201,Spring 2025,3,60.1,59.4,59.9,2.4,4
STU13283,SE501,Spring 2026,5,67.2,68.3,67.5,2.7,3
STU13284,SE501,Spring 2026,5,67.0,67.0,67.0,2.68,3
STU13285,SE501,Spring 2026,5,49.6,52.7,50.5,2.02,3
STU13286,DS201,Fall 2025,4,63.2,56.7,61.3,2.45,3
STU13287,AI301,Fall 2025,4,69.8,73.9,71.0,2.84,3
STU13288,DS201,Fall 2023,0,37.3,43.6,39.2,1.57,3
STU13289,AI301,Fall 2025,4,47.9,39.5,45.4,1.82,3
STU13290,AI301,Spring 2024,1,62.8,60.6,62.1,2.48,4
STU13291,AI301,Spring 2026,5,51.4,55.6,52.7,2.11,3
STU13292,DB401,Spring 2025,3,48.7,50.8,49.3,1.97,4
STU13293,CS101,Fall 2025,4,53.3,47.6,51.6,2.06,4
STU13294,CS101,Fall 2023,0,53.0,56.0,53.9,2.16,4
STU13295,DB401,Fall 2023,0,62.4,53.1,59.6,2.38,3
STU13296,DB401,Fall 2024,2,46.9,49.5,47.7,1.91,3
STU13297,DB401,Fall 2023,0,63.2,70.0,65.3,2.61,4
STU13298,SE501,Spring 2026,5,68.3,68.1,68.2,2.73,4
STU13299,CS101,Spring 2025,3,74.5,78.5,75.7,3.03,4
STU13300,DS201,Spring 2026,5,44.9,46.6,45.4,1.82,4
STU13301,AI301,Spring 2024,1,51.5,47.8,50.4,2.02,4
STU13302,DB401,Fall 2024,2,59.8,56.9,58.9,2.36,3
STU13303,CS101,Fall 2025,4,56.1,54.5,55.6,2.22,3
STU13304,DB401,Spring 2026,5,75.4,74.1,75.0,3.0,4
STU13305,DS201,Fall 2025,4,53.5,59.3,55.2,2.21,4
STU13306,DS201,Spring 2024,1,54.7,62.2,57.0,2.28,4
STU13307,AI301,Fall 2024,2,51.9,56.2,53.2,2.13,4
STU13308,AI301,Spring 2025,3,43.5,50.8,45.7,1.83,3
STU13309,SE501,Spring 2025,3,60.4,61.8,60.8,2.43,3
STU13310,DB401,Spring 2025,3,58.6,45.3,54.6,2.18,3
STU13311,AI301,Spring 2024,1,46.3,46.3,46.3,1.85,4
STU13312,SE501,Spring 2024,1,62.2,58.4,61.1,2.44,3
STU13313,AI301,Spring 2026,5,43.7,47.0,44.7,1.79,4
STU13314,CS101,Spring 2026,5,34.6,33.9,34.4,1.38,4
STU13315,AI301,Spring 2025,3,46.2,47.7,46.6,1.86,3
STU13316,CS101,Fall 2025,4,75.8,76.0,75.9,3.04,4
STU13317,SE501,Spring 2024,1,52.0,49.2,51.1,2.04,3
STU13318,SE501,Spring 2026,5,49.3,45.1,48.0,1.92,3
STU13319,AI301,Fall 2025,4,79.3,76.8,78.5,3.14,4
STU13320,CS101,Fall 2024,2,40.7,42.9,41.3,1.65,4
STU13321,SE501,Spring 2025,3,41.6,48.5,43.7,1.75,4
STU13322,CS101,Spring 2025,3,58.1,60.3,58.8,2.35,3
STU13323,SE501,Spring 2024,1,55.4,68.1,59.2,2.37,4
STU13324,DS201,Spring 2026,5,52.7,55.9,53.7,2.15,4
STU13325,DB401,Spring 2024,1,69.9,71.0,70.2,2.81,4
STU13326,SE501,Spring 2024,1,62.7,68.4,64.4,2.58,3
STU13327,DB401,Spring 2026,5,41.1,34.0,39.0,1.56,4
STU13328,SE501,Spring 2025,3,58.1,54.9,57.2,2.29,3
STU13329,DB401,Fall 2024,2,56.8,59.8,57.7,2.31,3
STU13330,DS201,Fall 2025,4,62.7,59.0,61.6,2.46,3
STU13331,AI301,Fall 2025,4,42.9,50.0,45.0,1.8,4
STU13332,AI301,Spring 2026,5,60.2,57.8,59.5,2.38,4
STU13333,SE501,Spring 2024,1,78.7,82.8,79.9,3.2,3
STU13334,AI301,Spring 2025,3,60.2,60.7,60.4,2.42,3
STU13335,SE501,Spring 2025,3,65.1,74.8,68.0,2.72,3
STU13336,SE501,Spring 2026,5,53.5,57.2,54.6,2.18,3
STU13337,AI301,Fall 2024,2,42.1,45.1,43.0,1.72,4
STU13338,CS101,Spring 2025,3,65.9,64.2,65.4,2.62,4
STU13339,AI301,Fall 2023,0,50.2,47.4,49.4,1.98,3
STU13340,SE501,Spring 2025,3,51.0,51.4,51.1,2.04,3
STU13341,DB401,Fall 2023,0,69.9,72.7,70.7,2.83,4
STU13342,SE501,Fall 2023,0,39.5,41.2,40.0,1.6,4
STU13343,DB401,Fall 2025,4,56.9,49.6,54.7,2.19,3
STU13344,DB401,Spring 2024,1,61.6,59.9,61.1,2.44,4
STU13345,CS101,Fall 2023,0,81.8,83.4,82.3,3.29,3
STU13346,AI301,Spring 2025,3,49.7,44.8,48.2,1.93,3
STU13347,AI301,Spring 2026,5,71.7,73.7,72.3,2.89,3
STU13348,DS201,Fall 2024,2,52.9,50.7,52.3,2.09,3
STU13349,DB401,Spring 2026,5,69.2,72.2,70.1,2.8,3
STU13350,DB401,Spring 2025,3,69.2,68.1,68.9,2.76,4
STU13351,CS101,Spring 2026,5,54.2,54.5,54.3,2.17,4
STU13352,CS101,Spring 2026,5,32.7,33.6,33.0,1.32,4
STU13353,AI301,Fall 2025,4,46.2,48.9,47.0,1.88,3
STU13354,AI301,Fall 2025,4,47.4,51.6,48.6,1.94,3
STU13355,DB401,Fall 2024,2,62.2,56.3,60.4,2.42,3
STU13356,DS201,Fall 2025,4,48.0,47.9,48.0,1.92,3
STU13357,CS101,Fall 2023,0,49.7,50.4,49.9,2.0,3
STU13358,SE501,Spring 2024,1,78.0,93.6,82.7,3.31,4
STU13359,CS101,Fall 2023,0,51.7,56.2,53.1,2.12,4
STU13360,SE501,Spring 2026,5,63.4,64.0,63.6,2.54,4
STU13361,SE501,Fall 2024,2,45.7,39.5,43.8,1.75,4
STU13362,AI301,Spring 2024,1,74.9,74.0,74.6,2.98,4
STU13363,SE501,Spring 2024,1,38.7,50.3,42.2,1.69,3
STU13364,DS201,Spring 2025,3,76.3,68.8,74.0,2.96,3
STU13365,AI301,Fall 2024,2,53.6,52.5,53.3,2.13,4
STU13366,AI301,Fall 2025,4,71.8,78.4,73.8,2.95,3
STU13367,SE501,Fall 2024,2,56.9,68.0,60.2,2.41,3
STU13368,DB401,Spring 2026,5,44.0,43.0,43.7,1.75,4
STU13369,DS201,Fall 2024,2,53.9,57.1,54.9,2.2,3
STU13370,AI301,Spring 2026,5,42.7,47.6,44.2,1.77,4
STU13371,SE501,Spring 2025,3,65.5,69.0,66.5,2.66,3
STU13372,DB401,Fall 2024,2,34.3,35.9,34.8,1.39,3
STU13373,CS101,Fall 2023,0,43.2,50.2,45.3,1.81,3
STU13374,DB401,Fall 2023,0,55.2,61.3,57.0,2.28,4
STU13375,CS101,Fall 2024,2,54.6,57.1,55.3,2.21,4
STU13376,AI301,Spring 2025,3,60.3,69.0,62.9,2.52,4
STU13377,DB401,Fall 2024,2,36.2,37.1,36.5,1.46,3
STU13378,DS201,Spring 2026,5,41.1,42.3,41.5,1.66,3
STU13379,SE501,Fall 2024,2,44.5,43.5,44.2,1.77,3
STU13380,SE501,Fall 2023,0,51.9,40.1,48.4,1.94,4
STU13381,CS101,Spring 2025,3,53.7,55.0,54.1,2.16,3
STU13382,SE501,Spring 2024,1,58.7,59.7,59.0,2.36,4
STU13383,AI301,Spring 2026,5,49.6,43.8,47.9,1.92,4
STU13384,AI301,Spring 2026,5,45.5,42.2,44.5,1.78,3
STU13385,DS201,Spring 2024,1,51.3,56.4,52.8,2.11,4
STU13386,CS101,Spring 2026,5,47.5,40.9,45.5,1.82,4
STU13387,DS201,Spring 2026,5,55.6,55.5,55.6,2.22,4
STU13388,CS101,Spring 2025,3,44.9,49.2,46.2,1.85,3
STU13389,DB401,Spring 2025,3,53.1,47.6,51.4,2.06,4
STU13390,DS201,Spring 2024,1,54.7,55.2,54.9,2.2,3
STU13391,DS201,Fall 2024,2,44.6,46.6,45.2,1.81,4
STU13392,DB401,Fall 2023,0,52.1,56.5,53.4,2.14,4
STU13393,DS201,Fall 2023,0,62.2,63.8,62.7,2.51,4
STU13394,DB401,Spring 2024,1,56.5,58.9,57.2,2.29,4
STU13395,AI301,Fall 2025,4,37.9,35.5,37.2,1.49,3
STU13396,DS201,Spring 2026,5,72.7,74.8,73.3,2.93,3
STU13397,DB401,Fall 2025,4,58.0,61.9,59.2,2.37,4
STU13398,DB401,Fall 2024,2,62.5,55.6,60.4,2.42,3
STU13399,DS201,Spring 2024,1,69.0,71.3,69.7,2.79,3
STU13400,DS201,Spring 2024,1,51.4,65.1,55.5,2.22,3
STU13401,SE501,Fall 2025,4,60.5,57.9,59.7,2.39,4
STU13402,CS101,Spring 2026,5,57.5,58.3,57.7,2.31,3
STU13403,SE501,Fall 2024,2,69.1,65.3,68.0,2.72,4
STU13404,CS101,Fall 2025,4,38.7,44.9,40.6,1.62,3
STU13405,CS101,Fall 2025,4,56.8,59.3,57.5,2.3,3
STU13406,DB401,Fall 2025,4,45.5,45.2,45.4,1.82,4
STU13407,SE501,Fall 2023,0,43.8,47.9,45.0,1.8,3
STU13408,DS201,Spring 2024,1,30.8,35.6,32.2,1.29,3
STU13409,DS201,Fall 2024,2,59.5,53.7,57.8,2.31,3
STU13410,SE501,Fall 2024,2,68.5,70.8,69.2,2.77,3
STU13411,AI301,Spring 2024,1,70.6,72.4,71.2,2.85,3
STU13412,CS101,Fall 2023,0,52.1,52.2,52.1,2.08,3
STU13413,DB401,Spring 2024,1,54.6,54.7,54.6,2.18,4
STU13414,AI301,Fall 2024,2,41.6,45.7,42.8,1.71,3
STU13415,DB401,Fall 2024,2,45.0,37.9,42.9,1.72,3
STU13416,AI301,Spring 2026,5,58.9,56.4,58.1,2.32,4
STU13417,DB401,Fall 2023,0,59.3,59.9,59.5,2.38,4
STU13418,SE501,Spring 2024,1,51.1,48.5,50.3,2.01,3
STU13419,DS201,Fall 2023,0,58.9,58.5,58.8,2.35,3
STU13420,DS201,Fall 2025,4,45.1,43.4,44.6,1.78,3
STU13421,DB401,Spring 2024,1,54.3,59.6,55.9,2.24,3
STU13422,CS101,Spring 2025,3,49.7,49.7,49.7,1.99,3
STU13423,AI301,Fall 2023,0,52.0,60.7,54.6,2.18,3
STU13424,DB401,Spring 2025,3,65.1,65.1,65.1,2.6,3
STU13425,AI301,Spring 2026,5,63.3,68.8,64.9,2.6,3
STU13426,AI301,Fall 2023,0,53.7,56.6,54.6,2.18,4
STU13427,DB401,Fall 2024,2,51.9,59.1,54.1,2.16,3
STU13428,CS101,Spring 2025,3,59.6,58.0,59.1,2.36,3
STU13429,CS101,Fall 2024,2,35.6,36.7,35.9,1.44,4
STU13430,DS201,Fall 2024,2,54.9,48.4,53.0,2.12,4
STU13431,CS101,Fall 2024,2,50.5,43.4,48.4,1.94,4
STU13432,CS101,Fall 2024,2,40.4,44.7,41.7,1.67,4
STU13433,CS101,Spring 2024,1,57.6,54.0,56.5,2.26,4
STU13434,DS201,Spring 2024,1,44.0,49.1,45.5,1.82,4
STU13435,SE501,Fall 2025,4,53.9,53.8,53.9,2.16,3
STU13436,DB401,Fall 2024,2,58.7,63.3,60.1,2.4,4
STU13437,DB401,Fall 2025,4,38.2,42.2,39.4,1.58,3
STU13438,SE501,Fall 2025,4,36.2,30.0,34.3,1.37,4
STU13439,DB401,Spring 2025,3,55.7,54.3,55.3,2.21,3
STU13440,CS101,Fall 2023,0,74.9,69.7,73.3,2.93,4
STU13441,CS101,Fall 2024,2,55.8,40.2,51.1,2.04,3
STU13442,DB401,Spring 2024,1,48.1,44.7,47.1,1.88,3
STU13443,DB401,Spring 2025,3,62.2,54.0,59.7,2.39,4
STU13444,CS101,Spring 2026,5,73.5,73.3,73.4,2.94,4
STU13445,SE501,Spring 2026,5,63.2,59.4,62.1,2.48,3
STU13446,SE501,Spring 2026,5,71.6,74.2,72.4,2.9,3
STU13447,SE501,Spring 2026,5,43.7,44.1,43.8,1.75,3
STU13448,DB401,Spring 2024,1,65.3,69.9,66.7,2.67,4
STU13449,AI301,Fall 2025,4,49.7,54.0,51.0,2.04,4
STU13450,DB401,Fall 2023,0,53.8,58.0,55.1,2.2,4
STU13451,DB401,Fall 2025,4,48.8,50.3,49.3,1.97,4
STU13452,DS201,Fall 2025,4,53.8,52.1,53.3,2.13,3
STU13453,DS201,Fall 2023,0,63.9,61.4,63.1,2.52,4
STU13454,CS101,Fall 2024,2,38.5,35.1,37.5,1.5,4
STU13455,SE501,Fall 2025,4,55.8,54.8,55.5,2.22,4
STU13456,DB401,Fall 2024,2,57.3,61.7,58.6,2.34,3
STU13457,SE501,Spring 2025,3,54.2,59.1,55.7,2.23,4
STU13458,CS101,Fall 2024,2,62.9,55.3,60.6,2.42,3
STU13459,DS201,Spring 2025,3,40.2,41.1,40.5,1.62,3
STU13460,CS101,Spring 2026,5,52.7,53.0,52.8,2.11,4
STU13461,AI301,Fall 2023,0,46.4,41.1,44.8,1.79,4
STU13462,AI301,Fall 2025,4,49.0,52.8,50.1,2.0,3
STU13463,SE501,Fall 2025,4,63.4,73.0,66.3,2.65,4
STU13464,SE501,Fall 2025,4,51.5,49.3,50.8,2.03,4
STU13465,AI301,Spring 2025,3,57.1,57.0,57.1,2.28,4
STU13466,AI301,Fall 2023,0,56.2,58.8,57.0,2.28,4
STU13467,SE501,Spring 2026,5,67.6,80.0,71.3,2.85,3
STU13468,AI301,Fall 2025,4,45.9,50.4,47.3,1.89,4
STU13469,CS101,Fall 2023,0,53.5,50.3,52.6,2.1,4
STU13470,SE501,Fall 2025,4,38.0,34.2,36.9,1.48,4
STU13471,SE501,Spring 2026,5,53.0,53.0,53.0,2.12,3
STU13472,AI301,Spring 2024,1,53.0,52.7,52.9,2.12,3
STU13473,AI301,Fall 2023,0,42.5,46.4,43.7,1.75,3
STU13474,DS201,Spring 2025,3,60.9,60.9,60.9,2.44,4
STU13475,DS201,Spring 2026,5,71.9,73.0,72.2,2.89,4
STU13476,CS101,Spring 2026,5,60.1,56.3,58.9,2.36,3
STU13477,DB401,Fall 2025,4,62.1,61.3,61.8,2.47,3
STU13478,AI301,Fall 2023,0,63.1,65.5,63.8,2.55,4
STU13479,DS201,Spring 2026,5,56.8,67.7,60.1,2.4,4
STU13480,DB401,Spring 2024,1,39.8,39.6,39.7,1.59,4
STU13481,CS101,Spring 2026,5,47.4,48.8,47.8,1.91,3
STU13482,AI301,Fall 2025,4,50.9,48.4,50.1,2.0,3
STU13483,SE501,Spring 2026,5,44.4,40.5,43.2,1.73,3
STU13484,AI301,Fall 2023,0,60.3,62.9,61.1,2.44,4
STU13485,SE501,Spring 2024,1,47.2,49.6,47.9,1.92,3
STU13486,DS201,Fall 2024,2,70.5,64.0,68.6,2.74,3
STU13487,AI301,Spring 2025,3,61.5,54.7,59.5,2.38,4
STU13488,SE501,Spring 2025,3,49.4,54.2,50.9,2.04,3
STU13489,DB401,Fall 2025,4,65.8,61.9,64.6,2.58,3
STU13490,AI301,Fall 2025,4,42.9,43.6,43.1,1.72,4
STU13491,AI301,Fall 2023,0,61.7,63.2,62.2,2.49,3
STU13492,SE501,Fall 2025,4,41.0,41.9,41.3,1.65,4
STU13493,SE501,Fall 2025,4,44.5,43.3,44.1,1.76,3
STU13494,DB401,Fall 2025,4,65.9,69.1,66.9,2.68,3
STU13495,DB401,Spring 2024,1,56.6,62.6,58.4,2.34,4
STU13496,SE501,Fall 2023,0,35.0,35.0,35.0,1.4,4
STU13497,CS101,Spring 2025,3,53.2,46.3,51.1,2.04,3
STU13498,DB401,Spring 2026,5,64.3,58.7,62.6,2.5,3
STU13499,AI301,Fall 2025,4,66.4,73.5,68.5,2.74,3
STU13500,DB401,Spring 2025,3,63.5,59.6,62.3,2.49,4
STU13501,DB401,Fall 2024,2,44.4,49.1,45.8,1.83,3
STU13502,DS201,Spring 2025,3,65.7,59.0,63.7,2.55,4
STU13503,SE501,Spring 2025,3,61.0,54.8,59.2,2.37,4
STU13504,DS201,Fall 2024,2,51.6,53.8,52.3,2.09,3
STU13505,AI301,Spring 2024,1,76.4,72.8,75.3,3.01,4
STU13506,SE501,Fall 2024,2,75.4,82.0,77.4,3.1,3
STU13507,SE501,Fall 2025,4,55.5,55.4,55.5,2.22,4
STU13508,AI301,Spring 2026,5,56.0,51.5,54.6,2.18,4
STU13509,SE501,Spring 2026,5,58.4,52.1,56.5,2.26,4
STU13510,CS101,Fall 2024,2,60.1,69.4,62.9,2.52,3
STU13511,SE501,Spring 2026,5,55.4,54.4,55.1,2.2,4
STU13512,AI301,Fall 2025,4,67.7,67.2,67.5,2.7,4
STU13513,CS101,Fall 2023,0,51.5,50.4,51.2,2.05,4
STU13514,DB401,Fall 2025,4,80.5,81.5,80.8,3.23,4
STU13515,SE501,Spring 2025,3,51.2,52.4,51.6,2.06,3
STU13516,DS201,Spring 2026,5,44.9,45.1,45.0,1.8,4
STU13517,AI301,Fall 2024,2,59.6,50.9,57.0,2.28,3
STU13518,AI301,Spring 2024,1,40.2,43.9,41.3,1.65,4
STU13519,SE501,Fall 2023,0,44.8,43.5,44.4,1.78,3
STU13520,CS101,Fall 2023,0,47.3,52.6,48.9,1.96,4
STU13521,SE501,Fall 2023,0,64.2,72.4,66.6,2.66,4
STU13522,DS201,Fall 2023,0,52.4,52.3,52.4,2.1,3
STU13523,SE501,Spring 2025,3,62.7,63.6,63.0,2.52,3
STU13524,DB401,Spring 2026,5,51.7,50.1,51.2,2.05,4
STU13525,DS201,Fall 2024,2,46.4,39.8,44.4,1.78,4
STU13526,SE501,Spring 2024,1,63.2,70.4,65.4,2.62,3
STU13527,DS201,Spring 2024,1,69.8,67.9,69.2,2.77,4
STU13528,DB401,Spring 2024,1,61.5,62.6,61.8,2.47,4
STU13529,DS201,Fall 2024,2,69.7,61.1,67.1,2.68,4
STU13530,SE501,Spring 2026,5,50.7,45.2,49.1,1.96,3
STU13531,AI301,Fall 2024,2,53.7,42.5,50.3,2.01,3
STU13532,DS201,Spring 2026,5,64.2,65.0,64.5,2.58,4
STU13533,CS101,Spring 2024,1,68.0,63.5,66.7,2.67,3
STU13534,AI301,Fall 2025,4,40.5,38.1,39.8,1.59,3
STU13535,DS201,Fall 2025,4,60.9,61.6,61.1,2.44,3
STU13536,AI301,Fall 2025,4,48.4,40.7,46.1,1.84,4
STU13537,DB401,Fall 2023,0,64.1,61.4,63.3,2.53,4
STU13538,AI301,Spring 2024,1,42.9,44.1,43.3,1.73,4
STU13539,CS101,Spring 2026,5,46.0,46.7,46.2,1.85,3
STU13540,SE501,Fall 2023,0,37.0,30.0,34.9,1.4,3
STU13541,DS201,Spring 2024,1,52.0,54.2,52.7,2.11,3
STU13542,AI301,Spring 2025,3,60.9,55.3,59.2,2.37,4
STU13543,CS101,Spring 2025,3,50.8,51.8,51.1,2.04,3
STU13544,DS201,Fall 2025,4,67.2,68.3,67.5,2.7,3
STU13545,DS201,Spring 2026,5,49.4,56.3,51.5,2.06,3
STU13546,AI301,Spring 2025,3,40.7,40.7,40.7,1.63,4
STU13547,DS201,Fall 2023,0,55.4,53.1,54.7,2.19,3
STU13548,DB401,Fall 2025,4,72.6,67.5,71.1,2.84,3
STU13549,SE501,Spring 2025,3,57.9,59.6,58.4,2.34,3
STU13550,DS201,Spring 2024,1,40.3,32.9,38.1,1.52,3
STU13551,DB401,Spring 2026,5,43.0,39.2,41.9,1.68,3
STU13552,AI301,Spring 2026,5,62.3,47.3,57.8,2.31,4
STU13553,AI301,Spring 2025,3,40.9,33.4,38.6,1.54,4
STU13554,DS201,Spring 2026,5,77.2,81.9,78.6,3.14,3
STU13555,AI301,Spring 2026,5,31.5,30.0,31.0,1.24,4
STU13556,DB401,Fall 2025,4,28.2,30.0,28.7,1.15,3
STU13557,DB401,Spring 2025,3,73.2,68.5,71.8,2.87,3
STU13558,CS101,Spring 2025,3,50.9,56.0,52.4,2.1,3
STU13559,DB401,Spring 2024,1,48.5,46.5,47.9,1.92,4
STU13560,AI301,Spring 2024,1,61.0,61.1,61.0,2.44,4
STU13561,CS101,Spring 2026,5,44.3,40.4,43.1,1.72,3
STU13562,DB401,Spring 2025,3,64.2,74.1,67.2,2.69,3
STU13563,CS101,Fall 2023,0,48.5,41.7,46.5,1.86,3
STU13564,SE501,Spring 2025,3,40.3,37.6,39.5,1.58,4
STU13565,AI301,Fall 2023,0,61.9,68.9,64.0,2.56,4
STU13566,DS201,Spring 2026,5,58.3,57.5,58.1,2.32,4
STU13567,SE501,Spring 2026,5,42.8,44.9,43.4,1.74,4
STU13568,DS201,Spring 2026,5,57.6,60.7,58.5,2.34,3
STU13569,DB401,Spring 2025,3,49.0,51.6,49.8,1.99,4
STU13570,DB401,Fall 2025,4,62.0,67.5,63.6,2.54,3
STU13571,AI301,Spring 2025,3,59.1,63.0,60.3,2.41,3
STU13572,SE501,Spring 2026,5,61.3,51.6,58.4,2.34,3
STU13573,DS201,Fall 2023,0,43.9,47.5,45.0,1.8,3
STU13574,SE501,Spring 2024,1,64.9,63.0,64.3,2.57,4
STU13575,SE501,Fall 2023,0,68.1,70.6,68.9,2.76,4
STU13576,DB401,Spring 2025,3,50.8,44.9,49.0,1.96,3
STU13577,AI301,Spring 2026,5,59.3,63.1,60.4,2.42,3
STU13578,AI301,Spring 2024,1,47.7,45.5,47.0,1.88,3
STU13579,SE501,Spring 2025,3,48.1,45.8,47.4,1.9,4
STU13580,AI301,Fall 2024,2,39.9,44.1,41.1,1.64,3
STU13581,SE501,Spring 2025,3,56.3,53.5,55.4,2.22,3
STU13582,DB401,Fall 2024,2,46.5,46.5,46.5,1.86,4
STU13583,DS201,Spring 2026,5,38.7,39.4,38.9,1.56,3
STU13584,AI301,Fall 2023,0,57.7,58.9,58.0,2.32,3
STU13585,DS201,Fall 2023,0,53.9,52.3,53.4,2.14,3
STU13586,DS201,Spring 2025,3,72.5,70.9,72.0,2.88,4
STU13587,DB401,Spring 2024,1,62.4,59.9,61.6,2.46,4
STU13588,CS101,Fall 2023,0,43.6,48.0,44.9,1.8,4
STU13589,CS101,Fall 2024,2,38.2,39.0,38.5,1.54,4
STU13590,AI301,Spring 2024,1,52.4,57.2,53.8,2.15,3
STU13591,DB401,Spring 2025,3,44.2,48.0,45.3,1.81,3
STU13592,SE501,Fall 2024,2,69.8,73.2,70.8,2.83,4
STU13593,DB401,Spring 2025,3,67.4,64.9,66.6,2.66,3
STU13594,CS101,Spring 2024,1,40.2,40.6,40.3,1.61,4
STU13595,SE501,Fall 2025,4,56.7,47.1,53.8,2.15,4
STU13596,CS101,Spring 2024,1,67.8,60.3,65.6,2.62,4
STU13597,DB401,Spring 2026,5,60.1,44.5,55.4,2.22,3
STU13598,SE501,Spring 2024,1,61.9,60.2,61.4,2.46,4
STU13599,AI301,Fall 2023,0,48.6,55.0,50.5,2.02,4
STU13600,DB401,Fall 2023,0,40.4,43.6,41.4,1.66,4
STU13601,DB401,Spring 2024,1,60.8,57.2,59.7,2.39,3
STU13602,CS101,Spring 2025,3,68.9,75.7,70.9,2.84,4
STU13603,CS101,Fall 2024,2,54.7,53.5,54.3,2.17,4
STU13604,DS201,Spring 2026,5,52.2,59.5,54.4,2.18,4
STU13605,DS201,Fall 2024,2,47.8,39.6,45.3,1.81,3
STU13606,DB401,Spring 2026,5,68.1,68.2,68.1,2.72,3
STU13607,DB401,Fall 2024,2,49.3,44.2,47.8,1.91,4
STU13608,DS201,Spring 2026,5,51.0,50.3,50.8,2.03,4
STU13609,SE501,Fall 2023,0,70.0,60.9,67.3,2.69,4
STU13610,DS201,Spring 2025,3,58.7,55.3,57.7,2.31,3
STU13611,SE501,Fall 2024,2,45.4,50.0,46.8,1.87,4
STU13612,AI301,Fall 2023,0,34.6,37.4,35.5,1.42,4
STU13613,CS101,Fall 2023,0,43.1,45.8,43.9,1.76,3
STU13614,DS201,Spring 2026,5,69.7,69.2,69.6,2.78,4
STU13615,AI301,Fall 2025,4,58.2,55.2,57.3,2.29,4
STU13616,CS101,Fall 2023,0,75.1,73.8,74.7,2.99,3
STU13617,SE501,Fall 2025,4,44.3,46.5,45.0,1.8,3
STU13618,DB401,Spring 2026,5,41.0,43.8,41.8,1.67,3
STU13619,SE501,Fall 2025,4,52.2,44.3,49.8,1.99,4
STU13620,DB401,Spring 2026,5,61.5,62.0,61.6,2.46,4
STU13621,DS201,Spring 2025,3,56.5,58.4,57.1,2.28,3
STU13622,DS201,Fall 2023,0,59.2,55.8,58.2,2.33,4
STU13623,CS101,Fall 2024,2,35.6,38.3,36.4,1.46,4
STU13624,SE501,Fall 2024,2,50.7,45.2,49.0,1.96,3
STU13625,DS201,Spring 2025,3,59.9,61.5,60.4,2.42,3
STU13626,CS101,Fall 2023,0,57.3,43.8,53.2,2.13,4
STU13627,SE501,Fall 2024,2,59.6,56.9,58.8,2.35,3
STU13628,DB401,Spring 2025,3,50.8,47.3,49.7,1.99,4
STU13629,CS101,Spring 2026,5,63.9,70.5,65.9,2.64,4
STU13630,DB401,Fall 2023,0,68.0,66.3,67.5,2.7,4
STU13631,DS201,Fall 2025,4,47.5,42.4,46.0,1.84,4
STU13632,AI301,Fall 2025,4,61.9,66.9,63.4,2.54,3
STU13633,AI301,Spring 2025,3,70.0,70.2,70.1,2.8,4
STU13634,SE501,Spring 2024,1,51.4,52.9,51.9,2.08,3
STU13635,AI301,Fall 2025,4,41.5,38.3,40.5,1.62,4
STU13636,DB401,Spring 2026,5,65.3,72.3,67.4,2.7,3
STU13637,DB401,Spring 2026,5,47.7,46.0,47.2,1.89,4
STU13638,SE501,Spring 2024,1,50.3,48.7,49.8,1.99,4
STU13639,SE501,Fall 2023,0,39.4,41.4,40.0,1.6,4
STU13640,SE501,Spring 2024,1,62.6,65.0,63.3,2.53,3
STU13641,DS201,Fall 2023,0,45.3,57.2,48.9,1.96,3
STU13642,DB401,Fall 2024,2,44.2,49.7,45.9,1.84,3
STU13643,SE501,Fall 2023,0,46.4,47.6,46.8,1.87,3
STU13644,SE501,Fall 2023,0,64.4,59.2,62.8,2.51,3
STU13645,DS201,Fall 2023,0,64.5,59.2,62.9,2.52,4
STU13646,DS201,Fall 2025,4,71.7,71.9,71.8,2.87,3
STU13647,SE501,Spring 2025,3,58.9,68.0,61.6,2.46,4
STU13648,DS201,Fall 2024,2,49.2,56.1,51.3,2.05,4
STU13649,SE501,Spring 2025,3,42.5,45.0,43.2,1.73,3
STU13650,DS201,Fall 2023,0,61.8,54.4,59.6,2.38,3
STU13651,SE501,Spring 2026,5,61.4,56.3,59.9,2.4,3
STU13652,CS101,Fall 2025,4,45.7,43.9,45.2,1.81,3
STU13653,DS201,Spring 2024,1,68.2,67.9,68.1,2.72,4
STU13654,CS101,Fall 2024,2,53.2,51.1,52.6,2.1,4
STU13655,DB401,Fall 2025,4,48.6,54.5,50.4,2.02,4
STU13656,DS201,Spring 2025,3,38.1,45.0,40.2,1.61,3
STU13657,SE501,Fall 2025,4,64.5,62.4,63.9,2.56,4
STU13658,AI301,Fall 2024,2,47.0,44.7,46.3,1.85,4
STU13659,AI301,Fall 2024,2,43.1,41.2,42.5,1.7,4
STU13660,CS101,Fall 2023,0,54.8,52.5,54.1,2.16,3
STU13661,CS101,Spring 2025,3,58.2,60.1,58.8,2.35,4
STU13662,DS201,Fall 2023,0,59.4,57.9,59.0,2.36,3
STU13663,DB401,Fall 2023,0,68.6,74.0,70.2,2.81,4
STU13664,SE501,Fall 2025,4,56.3,55.2,56.0,2.24,4
STU13665,DB401,Spring 2026,5,59.8,55.9,58.6,2.34,4
STU13666,DS201,Spring 2024,1,50.7,50.8,50.7,2.03,4
STU13667,CS101,Fall 2023,0,51.2,50.3,50.9,2.04,3
STU13668,SE501,Fall 2025,4,52.8,52.9,52.8,2.11,3
STU13669,DB401,Fall 2025,4,58.1,56.8,57.7,2.31,4
STU13670,CS101,Fall 2025,4,60.2,50.1,57.2,2.29,4
STU13671,CS101,Fall 2023,0,48.9,45.7,47.9,1.92,4
STU13672,SE501,Fall 2024,2,69.1,73.5,70.4,2.82,3
STU13673,CS101,Spring 2024,1,57.4,54.8,56.6,2.26,3
STU13674,DB401,Spring 2025,3,52.8,43.6,50.1,2.0,4
STU13675,AI301,Fall 2024,2,65.8,66.3,65.9,2.64,4
STU13676,AI301,Fall 2024,2,60.8,65.3,62.2,2.49,4
STU13677,DB401,Spring 2024,1,42.7,50.9,45.2,1.81,4
STU13678,CS101,Fall 2024,2,40.5,44.1,41.6,1.66,4
STU13679,DS201,Fall 2023,0,49.7,54.9,51.3,2.05,3
STU13680,CS101,Spring 2025,3,55.1,59.2,56.3,2.25,3
STU13681,CS101,Fall 2025,4,67.1,67.8,67.3,2.69,4
STU13682,SE501,Spring 2026,5,82.1,76.4,80.4,3.22,3
STU13683,DS201,Spring 2024,1,80.7,80.2,80.6,3.22,4
STU13684,CS101,Spring 2024,1,50.3,53.8,51.4,2.06,4
STU13685,DS201,Fall 2025,4,62.3,62.5,62.3,2.49,3
STU13686,DS201,Spring 2024,1,63.3,69.2,65.1,2.6,4
STU13687,CS101,Spring 2025,3,64.4,65.6,64.8,2.59,4
STU13688,SE501,Fall 2023,0,44.3,42.6,43.8,1.75,3
STU13689,CS101,Spring 2026,5,56.2,58.3,56.8,2.27,4
STU13690,AI301,Spring 2026,5,42.7,38.9,41.6,1.66,3
STU13691,DS201,Fall 2023,0,31.3,31.7,31.4,1.26,3
STU13692,SE501,Fall 2023,0,44.1,42.7,43.7,1.75,3
STU13693,AI301,Fall 2024,2,61.6,56.4,60.0,2.4,3
STU13694,AI301,Spring 2025,3,56.5,60.1,57.6,2.3,3
STU13695,DS201,Fall 2024,2,56.3,51.6,54.9,2.2,3
STU13696,AI301,Fall 2023,0,51.9,53.2,52.3,2.09,4
STU13697,SE501,Spring 2024,1,48.9,47.0,48.3,1.93,4
STU13698,AI301,Spring 2024,1,35.8,37.3,36.2,1.45,3
STU13699,DB401,Spring 2025,3,43.6,43.8,43.7,1.75,4
STU13700,CS101,Spring 2024,1,65.4,62.4,64.5,2.58,3
STU13701,CS101,Fall 2024,2,67.8,67.6,67.7,2.71,4
STU13702,CS101,Spring 2025,3,58.8,59.1,58.9,2.36,4
STU13703,CS101,Spring 2024,1,60.2,66.5,62.1,2.48,4
STU13704,AI301,Spring 2024,1,67.1,76.4,69.9,2.8,4
STU13705,CS101,Spring 2025,3,39.8,34.9,38.3,1.53,3
STU13706,DB401,Fall 2023,0,81.3,78.0,80.3,3.21,3
STU13707,AI301,Spring 2024,1,58.7,47.1,55.2,2.21,4
STU13708,AI301,Spring 2024,1,52.1,46.2,50.3,2.01,3
STU13709,AI301,Fall 2023,0,51.5,46.9,50.1,2.0,3
STU13710,SE501,Fall 2025,4,49.1,38.5,45.9,1.84,3
STU13711,SE501,Spring 2024,1,63.1,55.1,60.7,2.43,3
STU13712,DS201,Fall 2023,0,51.1,49.6,50.6,2.02,4
STU13713,AI301,Spring 2024,1,62.7,60.1,61.9,2.48,3
STU13714,CS101,Fall 2024,2,35.0,32.8,34.4,1.38,3
STU13715,DB401,Fall 2023,0,53.7,49.4,52.4,2.1,4
STU13716,DB401,Fall 2024,2,67.5,81.5,71.7,2.87,4
STU13717,AI301,Spring 2025,3,49.8,51.7,50.4,2.02,4
STU13718,SE501,Spring 2025,3,56.5,56.2,56.4,2.26,3
STU13719,SE501,Fall 2024,2,47.4,53.8,49.3,1.97,3
STU13720,AI301,Spring 2025,3,56.6,55.7,56.3,2.25,3
STU13721,CS101,Spring 2025,3,68.5,61.6,66.4,2.66,4
STU13722,CS101,Spring 2024,1,63.8,60.0,62.7,2.51,4
STU13723,SE501,Fall 2024,2,58.1,66.1,60.5,2.42,4
STU13724,AI301,Spring 2026,5,87.5,85.8,87.0,3.48,4
STU13725,DS201,Fall 2025,4,49.6,40.8,47.0,1.88,4
STU13726,AI301,Spring 2025,3,66.2,70.0,67.3,2.69,4
STU13727,AI301,Fall 2024,2,70.7,72.4,71.2,2.85,4
STU13728,SE501,Spring 2025,3,53.9,50.9,53.0,2.12,3
STU13729,DS201,Fall 2024,2,56.3,57.2,56.6,2.26,4
STU13730,DS201,Fall 2024,2,65.0,71.6,67.0,2.68,3
STU13731,DS201,Spring 2026,5,64.0,67.6,65.1,2.6,4
STU13732,CS101,Spring 2024,1,50.2,49.1,49.9,2.0,4
STU13733,AI301,Fall 2023,0,50.4,56.3,52.2,2.09,3
STU13734,SE501,Spring 2024,1,58.2,65.7,60.4,2.42,3
STU13735,DB401,Fall 2023,0,38.7,33.8,37.2,1.49,3
STU13736,CS101,Fall 2024,2,51.1,62.1,54.4,2.18,3
STU13737,SE501,Spring 2024,1,43.6,44.1,43.7,1.75,3
STU13738,SE501,Spring 2024,1,49.0,52.4,50.0,2.0,3
STU13739,AI301,Spring 2026,5,51.3,51.8,51.5,2.06,3
STU13740,DS201,Spring 2025,3,47.5,50.5,48.4,1.94,4
STU13741,DB401,Spring 2024,1,58.5,61.2,59.3,2.37,3
STU13742,SE501,Fall 2024,2,61.2,58.7,60.5,2.42,3
STU13743,CS101,Spring 2024,1,68.4,69.6,68.8,2.75,3
STU13744,CS101,Spring 2025,3,46.6,52.2,48.3,1.93,4
STU13745,AI301,Spring 2025,3,54.0,51.4,53.2,2.13,3
STU13746,DS201,Fall 2024,2,64.0,69.0,65.5,2.62,3
STU13747,SE501,Spring 2025,3,44.4,37.2,42.3,1.69,3
STU13748,SE501,Fall 2024,2,57.1,60.5,58.1,2.32,4
STU13749,DS201,Fall 2025,4,63.2,77.1,67.4,2.7,4
STU13750,DB401,Spring 2024,1,55.2,57.4,55.9,2.24,4
STU13751,SE501,Spring 2024,1,53.6,46.9,51.6,2.06,4
STU13752,AI301,Fall 2024,2,64.4,68.9,65.8,2.63,4
STU13753,CS101,Fall 2025,4,61.7,69.6,64.1,2.56,4
STU13754,DS201,Fall 2025,4,38.6,41.3,39.4,1.58,4
STU13755,DS201,Fall 2024,2,66.2,64.3,65.6,2.62,4
STU13756,DS201,Spring 2025,3,35.1,30.5,33.7,1.35,4
STU13757,SE501,Spring 2024,1,62.8,63.2,62.9,2.52,3
STU13758,DB401,Fall 2025,4,51.3,54.2,52.2,2.09,4
STU13759,DB401,Fall 2025,4,66.6,57.5,63.9,2.56,4
STU13760,DS201,Spring 2024,1,44.2,51.0,46.2,1.85,3
STU13761,CS101,Spring 2026,5,37.3,30.0,35.1,1.4,4
STU13762,SE501,Spring 2024,1,59.7,64.7,61.2,2.45,3
STU13763,SE501,Fall 2024,2,39.9,43.8,41.1,1.64,4
STU13764,AI301,Fall 2023,0,53.1,58.5,54.7,2.19,4
STU13765,DS201,Fall 2024,2,59.0,52.3,57.0,2.28,4
STU13766,AI301,Fall 2024,2,71.1,76.3,72.7,2.91,4
STU13767,SE501,Fall 2024,2,64.9,76.9,68.5,2.74,3
STU13768,SE501,Fall 2023,0,65.3,64.6,65.1,2.6,4
STU13769,DS201,Fall 2023,0,62.6,63.9,63.0,2.52,4
STU13770,SE501,Fall 2025,4,57.1,50.1,55.0,2.2,3
STU13771,AI301,Spring 2024,1,60.7,56.8,59.5,2.38,3
STU13772,DB401,Spring 2025,3,51.3,49.9,50.9,2.04,3
STU13773,DB401,Spring 2025,3,63.1,56.5,61.1,2.44,3
STU13774,CS101,Fall 2023,0,57.2,51.9,55.6,2.22,3
STU13775,DS201,Fall 2025,4,40.4,38.3,39.8,1.59,3
STU13776,SE501,Spring 2024,1,55.8,58.7,56.7,2.27,3
STU13777,SE501,Spring 2024,1,56.4,49.2,54.2,2.17,4
STU13778,AI301,Spring 2024,1,48.4,48.1,48.3,1.93,3
STU13779,CS101,Spring 2026,5,63.7,55.8,61.3,2.45,3
STU13780,CS101,Spring 2024,1,60.5,60.2,60.4,2.42,3
STU13781,AI301,Fall 2024,2,65.4,72.4,67.5,2.7,3
STU13782,DS201,Fall 2024,2,44.6,46.0,45.0,1.8,4
STU13783,AI301,Spring 2024,1,66.2,72.3,68.0,2.72,3
STU13784,SE501,Fall 2025,4,42.8,42.9,42.8,1.71,3
STU13785,SE501,Spring 2024,1,52.5,54.3,53.0,2.12,4
STU13786,DB401,Spring 2026,5,53.6,49.4,52.4,2.1,3
STU13787,CS101,Fall 2023,0,44.7,48.2,45.8,1.83,3
STU13788,DB401,Fall 2025,4,66.5,63.4,65.6,2.62,4
STU13789,DS201,Fall 2024,2,64.5,58.4,62.7,2.51,3
STU13790,DS201,Spring 2024,1,46.0,45.8,45.9,1.84,4
STU13791,CS101,Fall 2024,2,42.7,35.1,40.4,1.62,4
STU13792,CS101,Spring 2026,5,58.5,61.6,59.4,2.38,4
STU13793,CS101,Spring 2024,1,44.9,54.6,47.8,1.91,4
STU13794,DS201,Spring 2025,3,71.7,70.3,71.3,2.85,4
STU13795,DS201,Spring 2026,5,47.1,45.9,46.7,1.87,3
STU13796,DB401,Fall 2025,4,57.1,59.6,57.8,2.31,4
STU13797,DB401,Spring 2025,3,54.5,57.4,55.4,2.22,3
STU13798,DB401,Spring 2026,5,55.4,56.1,55.6,2.22,3
STU13799,DB401,Fall 2023,0,47.6,39.5,45.2,1.81,4
STU13800,DB401,Spring 2026,5,44.9,50.9,46.7,1.87,4
STU13801,DB401,Fall 2023,0,62.0,67.4,63.6,2.54,3
STU13802,DS201,Fall 2023,0,64.9,58.8,63.1,2.52,3
STU13803,AI301,Fall 2024,2,34.7,30.0,33.3,1.33,3
STU13804,DB401,Spring 2025,3,50.1,63.7,54.2,2.17,3
STU13805,DS201,Fall 2023,0,54.0,50.3,52.9,2.12,3
STU13806,DS201,Spring 2026,5,67.4,60.3,65.3,2.61,4
STU13807,DB401,Spring 2025,3,61.2,46.7,56.8,2.27,3
STU13808,DS201,Fall 2024,2,50.2,47.7,49.5,1.98,4
STU13809,SE501,Spring 2024,1,54.2,56.9,55.0,2.2,4
STU13810,CS101,Fall 2023,0,35.0,44.6,37.9,1.52,4
STU13811,DS201,Spring 2024,1,54.2,52.3,53.6,2.14,4
STU13812,DB401,Fall 2024,2,71.0,61.9,68.3,2.73,4
STU13813,SE501,Fall 2024,2,47.0,49.1,47.6,1.9,4
STU13814,AI301,Spring 2024,1,45.6,47.1,46.1,1.84,4
STU13815,SE501,Fall 2025,4,49.4,45.9,48.4,1.94,3
STU13816,AI301,Spring 2024,1,57.0,55.4,56.5,2.26,4
STU13817,DS201,Spring 2024,1,65.0,65.8,65.2,2.61,3
STU13818,CS101,Spring 2025,3,45.6,49.7,46.8,1.87,4
STU13819,DS201,Spring 2025,3,41.8,44.6,42.6,1.7,3
STU13820,DS201,Fall 2025,4,70.0,71.3,70.4,2.82,4
STU13821,CS101,Spring 2025,3,61.9,62.1,61.9,2.48,4
STU13822,DS201,Spring 2026,5,47.1,56.8,50.0,2.0,3
STU13823,SE501,Spring 2024,1,69.9,72.6,70.7,2.83,3
STU13824,SE501,Fall 2025,4,69.5,75.0,71.2,2.85,4
STU13825,DS201,Spring 2026,5,53.6,58.0,54.9,2.2,3
STU13826,SE501,Spring 2025,3,47.2,49.0,47.7,1.91,4
STU13827,SE501,Fall 2023,0,35.1,42.6,37.4,1.5,3
STU13828,DB401,Spring 2024,1,40.7,36.9,39.5,1.58,4
STU13829,CS101,Fall 2025,4,34.9,39.1,36.2,1.45,4
STU13830,SE501,Fall 2023,0,56.2,49.6,54.2,2.17,3
STU13831,AI301,Spring 2025,3,65.2,65.6,65.3,2.61,3
STU13832,DB401,Spring 2024,1,63.2,53.6,60.3,2.41,3
STU13833,AI301,Fall 2025,4,66.0,59.7,64.1,2.56,3
STU13834,SE501,Spring 2024,1,75.7,73.6,75.1,3.0,3
STU13835,AI301,Fall 2023,0,45.0,54.1,47.7,1.91,3
STU13836,DS201,Fall 2025,4,51.7,50.9,51.5,2.06,3
STU13837,DS201,Spring 2026,5,35.1,38.8,36.2,1.45,3
STU13838,CS101,Spring 2026,5,60.9,68.4,63.1,2.52,3
STU13839,AI301,Spring 2026,5,47.0,45.8,46.6,1.86,4
STU13840,DB401,Fall 2025,4,59.2,67.8,61.8,2.47,3
STU13841,CS101,Fall 2023,0,40.1,39.9,40.0,1.6,3
STU13842,CS101,Spring 2026,5,62.2,57.1,60.7,2.43,3
STU13843,DB401,Spring 2026,5,62.6,68.1,64.3,2.57,3
STU13844,SE501,Spring 2026,5,77.4,80.5,78.3,3.13,3
STU13845,DB401,Fall 2025,4,41.0,39.5,40.5,1.62,3
STU13846,SE501,Spring 2024,1,66.8,62.0,65.4,2.62,4
STU13847,AI301,Spring 2026,5,54.7,59.8,56.2,2.25,3
STU13848,CS101,Fall 2025,4,40.0,34.4,38.3,1.53,3
STU13849,SE501,Fall 2025,4,56.0,45.2,52.8,2.11,4
STU13850,SE501,Spring 2025,3,62.3,68.1,64.1,2.56,3
STU13851,DS201,Fall 2025,4,79.8,84.2,81.1,3.24,4
STU13852,DB401,Fall 2023,0,35.7,39.1,36.7,1.47,3
STU13853,DB401,Spring 2026,5,63.6,62.2,63.2,2.53,4
STU13854,AI301,Spring 2024,1,51.4,54.8,52.4,2.1,3
STU13855,DB401,Fall 2023,0,41.0,37.2,39.8,1.59,4
STU13856,CS101,Fall 2025,4,56.0,56.9,56.3,2.25,4
STU13857,AI301,Fall 2024,2,55.2,64.1,57.9,2.32,4
STU13858,CS101,Fall 2024,2,57.3,57.2,57.3,2.29,3
STU13859,AI301,Fall 2024,2,52.0,54.3,52.7,2.11,4
STU13860,AI301,Spring 2024,1,48.5,41.9,46.5,1.86,3
STU13861,DS201,Fall 2024,2,51.8,49.4,51.1,2.04,4
STU13862,CS101,Fall 2025,4,60.1,59.0,59.8,2.39,4
STU13863,DS201,Spring 2025,3,57.8,63.3,59.4,2.38,4
STU13864,CS101,Spring 2024,1,47.7,58.0,50.8,2.03,4
STU13865,CS101,Fall 2023,0,52.7,54.5,53.3,2.13,4
STU13866,DS201,Spring 2024,1,57.1,48.5,54.5,2.18,4
STU13867,CS101,Fall 2023,0,62.0,56.1,60.2,2.41,3
STU13868,DS201,Fall 2023,0,40.3,46.1,42.0,1.68,3
STU13869,SE501,Fall 2023,0,48.9,45.4,47.9,1.92,3
STU13870,DS201,Fall 2024,2,54.6,58.5,55.8,2.23,4
STU13871,AI301,Fall 2025,4,80.0,81.8,80.5,3.22,4
STU13872,CS101,Spring 2026,5,36.6,36.8,36.6,1.46,3
STU13873,AI301,Fall 2025,4,62.6,64.0,63.0,2.52,4
STU13874,AI301,Spring 2024,1,46.8,47.7,47.1,1.88,4
STU13875,CS101,Fall 2024,2,61.0,54.4,59.0,2.36,3
STU13876,CS101,Spring 2024,1,63.3,61.9,62.9,2.52,4
STU13877,CS101,Fall 2024,2,57.7,68.4,60.9,2.44,3
STU13878,CS101,Spring 2026,5,59.2,53.7,57.5,2.3,3
STU13879,CS101,Fall 2025,4,55.7,50.1,54.0,2.16,4
STU13880,DB401,Fall 2025,4,37.5,35.2,36.8,1.47,4
STU13881,CS101,Fall 2025,4,57.6,67.0,60.4,2.42,4
STU13882,CS101,Fall 2025,4,48.1,43.6,46.8,1.87,3
STU13883,SE501,Fall 2025,4,53.8,51.4,53.1,2.12,4
STU13884,CS101,Fall 2023,0,63.3,58.2,61.8,2.47,3
STU13885,SE501,Fall 2024,2,60.9,58.3,60.1,2.4,4
STU13886,SE501,Spring 2025,3,55.0,53.6,54.6,2.18,3
STU13887,CS101,Fall 2024,2,59.4,61.8,60.1,2.4,4
STU13888,DB401,Spring 2026,5,59.9,51.7,57.4,2.3,4
STU13889,DB401,Spring 2026,5,53.8,55.0,54.2,2.17,4
STU13890,SE501,Spring 2026,5,49.7,44.8,48.2,1.93,4
STU13891,AI301,Fall 2023,0,52.0,54.3,52.7,2.11,3
STU13892,CS101,Spring 2024,1,57.7,50.2,55.4,2.22,4
STU13893,CS101,Spring 2026,5,76.1,74.7,75.7,3.03,3
STU13894,CS101,Spring 2024,1,51.4,46.8,50.0,2.0,4
STU13895,AI301,Fall 2024,2,62.0,62.5,62.1,2.48,4
STU13896,DB401,Spring 2026,5,77.9,85.8,80.3,3.21,3
STU13897,CS101,Fall 2024,2,53.3,56.3,54.2,2.17,4
STU13898,DS201,Spring 2025,3,61.9,65.0,62.8,2.51,4
STU13899,DS201,Fall 2023,0,48.2,47.9,48.1,1.92,4
STU13900,AI301,Spring 2025,3,63.0,62.1,62.7,2.51,4
STU13901,DS201,Spring 2025,3,46.3,45.6,46.1,1.84,4
STU13902,CS101,Fall 2024,2,40.6,39.3,40.2,1.61,3
STU13903,SE501,Fall 2025,4,56.5,53.4,55.6,2.22,3
STU13904,DS201,Spring 2026,5,54.6,50.9,53.5,2.14,4
STU13905,DB401,Spring 2025,3,61.6,57.9,60.5,2.42,3
STU13906,DB401,Fall 2025,4,55.8,54.4,55.4,2.22,4
STU13907,AI301,Spring 2026,5,48.0,43.3,46.6,1.86,4
STU13908,AI301,Fall 2023,0,60.6,61.6,60.9,2.44,4
STU13909,CS101,Spring 2024,1,56.6,49.0,54.3,2.17,4
STU13910,DS201,Spring 2026,5,54.6,56.3,55.1,2.2,4
STU13911,CS101,Fall 2025,4,50.5,50.4,50.5,2.02,4
STU13912,SE501,Fall 2025,4,52.7,61.0,55.2,2.21,3
STU13913,CS101,Spring 2025,3,56.7,63.2,58.6,2.34,3
STU13914,CS101,Spring 2026,5,58.4,53.1,56.8,2.27,4
STU13915,SE501,Fall 2024,2,65.7,65.6,65.7,2.63,4
STU13916,AI301,Spring 2026,5,71.7,73.3,72.2,2.89,4
STU13917,CS101,Spring 2025,3,50.1,47.1,49.2,1.97,4
STU13918,DS201,Fall 2023,0,59.6,55.1,58.3,2.33,3
STU13919,DS201,Fall 2024,2,55.9,57.1,56.3,2.25,3
STU13920,CS101,Fall 2024,2,55.2,58.5,56.2,2.25,4
STU13921,SE501,Fall 2024,2,55.5,55.7,55.6,2.22,3
STU13922,CS101,Fall 2024,2,55.1,54.2,54.8,2.19,3
STU13923,AI301,Fall 2025,4,63.6,62.7,63.3,2.53,3
STU13924,DS201,Fall 2023,0,38.8,33.1,37.1,1.48,3
STU13925,DS201,Fall 2025,4,60.5,64.0,61.5,2.46,3
STU13926,SE501,Spring 2024,1,50.0,51.0,50.3,2.01,4
STU13927,DS201,Fall 2025,4,48.7,49.3,48.9,1.96,3
STU13928,CS101,Spring 2024,1,71.2,73.5,71.9,2.88,3
STU13929,DB401,Fall 2023,0,56.7,69.9,60.7,2.43,3
STU13930,CS101,Spring 2025,3,61.6,71.0,64.4,2.58,4
STU13931,DB401,Fall 2024,2,69.3,71.5,69.9,2.8,3
STU13932,DB401,Fall 2023,0,45.2,42.1,44.3,1.77,4
STU13933,DB401,Fall 2024,2,59.1,63.4,60.4,2.42,4
STU13934,CS101,Spring 2026,5,60.9,59.7,60.5,2.42,4
STU13935,AI301,Fall 2024,2,43.8,44.4,44.0,1.76,4
STU13936,DS201,Spring 2025,3,65.6,69.9,66.9,2.68,4
STU13937,CS101,Fall 2023,0,39.3,41.8,40.0,1.6,3
STU13938,DB401,Fall 2025,4,58.4,59.3,58.7,2.35,4
STU13939,CS101,Fall 2025,4,71.8,74.7,72.7,2.91,4
STU13940,SE501,Fall 2025,4,62.4,67.9,64.1,2.56,3
STU13941,SE501,Fall 2023,0,56.9,50.3,54.9,2.2,4
STU13942,CS101,Spring 2026,5,75.1,77.8,75.9,3.04,3
STU13943,DB401,Fall 2025,4,53.0,48.5,51.6,2.06,3
STU13944,DS201,Fall 2023,0,56.5,58.7,57.2,2.29,3
STU13945,DS201,Spring 2026,5,61.3,55.4,59.5,2.38,4
STU13946,SE501,Fall 2025,4,48.3,48.5,48.4,1.94,3
STU13947,DB401,Spring 2024,1,60.9,61.5,61.1,2.44,3
STU13948,CS101,Spring 2026,5,57.6,57.2,57.5,2.3,3
STU13949,SE501,Fall 2025,4,56.0,59.3,57.0,2.28,4
STU13950,DS201,Fall 2024,2,46.4,44.9,46.0,1.84,3
STU13951,CS101,Spring 2026,5,60.2,59.0,59.8,2.39,4
STU13952,DS201,Spring 2026,5,60.4,60.0,60.3,2.41,3
STU13953,DB401,Fall 2024,2,63.5,60.1,62.5,2.5,3
STU13954,SE501,Spring 2025,3,65.2,63.0,64.6,2.58,3
STU13955,AI301,Spring 2025,3,49.6,53.2,50.7,2.03,4
STU13956,DB401,Fall 2025,4,52.0,55.8,53.1,2.12,4
STU13957,SE501,Spring 2024,1,51.4,47.5,50.2,2.01,4
STU13958,AI301,Spring 2025,3,36.5,39.8,37.5,1.5,4
STU13959,DB401,Fall 2023,0,67.5,60.2,65.3,2.61,4
STU13960,DB401,Fall 2024,2,67.6,66.0,67.1,2.68,4
STU13961,CS101,Fall 2024,2,67.6,61.9,65.9,2.64,4
STU13962,DS201,Fall 2023,0,53.1,53.5,53.2,2.13,4
STU13963,CS101,Fall 2025,4,60.6,60.6,60.6,2.42,4
STU13964,CS101,Fall 2023,0,48.0,55.0,50.1,2.0,3
STU13965,SE501,Spring 2025,3,52.4,58.9,54.3,2.17,4
STU13966,DS201,Spring 2026,5,72.2,69.9,71.5,2.86,4
STU13967,AI301,Fall 2025,4,59.9,60.1,59.9,2.4,3
STU13968,SE501,Fall 2024,2,52.8,48.4,51.5,2.06,3
STU13969,DB401,Spring 2025,3,47.0,43.8,46.1,1.84,3
STU13970,CS101,Spring 2024,1,60.1,52.4,57.8,2.31,3
STU13971,DS201,Spring 2024,1,47.0,49.8,47.8,1.91,3
STU13972,DS201,Spring 2026,5,75.9,72.2,74.8,2.99,4
STU13973,SE501,Fall 2024,2,36.4,32.7,35.3,1.41,3
STU13974,SE501,Fall 2024,2,57.1,54.7,56.4,2.26,4
STU13975,CS101,Fall 2023,0,47.4,45.0,46.7,1.87,3
STU13976,DS201,Spring 2025,3,61.1,56.7,59.8,2.39,3
STU13977,DB401,Fall 2023,0,54.8,58.7,56.0,2.24,3
STU13978,SE501,Spring 2024,1,56.0,56.3,56.1,2.24,4
STU13979,DB401,Spring 2026,5,62.1,58.7,61.1,2.44,3
STU13980,DS201,Fall 2023,0,54.0,53.6,53.9,2.16,4
STU13981,CS101,Fall 2024,2,49.8,48.8,49.5,1.98,3
STU13982,DS201,Fall 2024,2,40.3,39.4,40.0,1.6,3
STU13983,CS101,Spring 2026,5,39.7,42.6,40.6,1.62,4
STU13984,CS101,Spring 2025,3,43.1,44.9,43.6,1.74,4
STU13985,SE501,Spring 2025,3,51.5,61.1,54.4,2.18,4
STU13986,AI301,Fall 2023,0,49.3,44.4,47.8,1.91,3
STU13987,DB401,Fall 2023,0,68.2,76.7,70.8,2.83,4
STU13988,SE501,Fall 2025,4,64.3,66.0,64.8,2.59,4
STU13989,CS101,Fall 2025,4,44.9,44.4,44.7,1.79,4
STU13990,AI301,Spring 2024,1,38.4,33.8,37.0,1.48,3
STU13991,CS101,Spring 2025,3,66.3,63.4,65.4,2.62,3
STU13992,DS201,Fall 2024,2,57.3,57.9,57.5,2.3,4
STU13993,DS201,Spring 2026,5,69.4,64.1,67.8,2.71,4
STU13994,SE501,Fall 2024,2,48.8,48.3,48.6,1.94,3
STU13995,SE501,Spring 2025,3,59.3,68.7,62.1,2.48,4
STU13996,CS101,Spring 2024,1,46.1,47.4,46.5,1.86,3
STU13997,SE501,Spring 2026,5,60.4,62.6,61.1,2.44,4
STU13998,SE501,Spring 2025,3,53.5,48.3,51.9,2.08,4
STU13999,DS201,Spring 2024,1,64.5,66.9,65.2,2.61,3
STU14000,DS201,Fall 2023,0,53.6,45.8,51.3,2.05,3
STU14001,AI301,Spring 2024,1,56.5,45.1,53.1,2.12,3
STU14002,SE501,Spring 2024,1,51.5,53.8,52.2,2.09,3
STU14003,DS201,Spring 2026,5,63.7,64.3,63.9,2.56,3
STU14004,DS201,Fall 2023,0,63.4,70.3,65.5,2.62,3
STU14005,DS201,Fall 2024,2,52.7,43.8,50.0,2.0,4
STU14006,AI301,Fall 2024,2,68.6,72.7,69.8,2.79,4
STU14007,SE501,Fall 2025,4,56.8,55.6,56.4,2.26,3
STU14008,DB401,Spring 2026,5,65.6,69.1,66.7,2.67,3
STU14009,DS201,Fall 2025,4,44.4,37.3,42.3,1.69,3
STU14010,CS101,Fall 2024,2,57.8,60.2,58.5,2.34,3
STU14011,CS101,Fall 2025,4,46.5,38.7,44.1,1.76,3
STU14012,DB401,Fall 2023,0,73.9,80.8,76.0,3.04,3
STU14013,DS201,Spring 2026,5,66.0,63.2,65.2,2.61,3
STU14014,DB401,Spring 2026,5,58.4,57.4,58.1,2.32,4
STU14015,SE501,Fall 2025,4,73.1,74.9,73.7,2.95,4
STU14016,CS101,Fall 2023,0,73.8,69.2,72.4,2.9,4
STU14017,DS201,Fall 2025,4,44.8,48.5,45.9,1.84,4
STU14018,SE501,Spring 2026,5,43.9,49.7,45.7,1.83,4
STU14019,SE501,Fall 2025,4,43.5,35.6,41.1,1.64,4
STU14020,SE501,Fall 2024,2,59.4,57.0,58.7,2.35,4
STU14021,DB401,Fall 2023,0,48.3,45.3,47.4,1.9,4
STU14022,SE501,Fall 2024,2,57.6,52.4,56.0,2.24,4
STU14023,AI301,Spring 2024,1,49.8,49.5,49.7,1.99,4
STU14024,AI301,Spring 2026,5,63.9,65.9,64.5,2.58,4
STU14025,DB401,Spring 2026,5,47.1,42.9,45.9,1.84,4
STU14026,DB401,Spring 2025,3,60.8,68.9,63.2,2.53,3
STU14027,CS101,Spring 2025,3,57.5,57.4,57.5,2.3,4
STU14028,DS201,Fall 2024,2,37.6,38.3,37.8,1.51,4
STU14029,DB401,Spring 2025,3,43.3,44.3,43.6,1.74,4
STU14030,AI301,Spring 2024,1,76.9,69.8,74.8,2.99,4
STU14031,DS201,Spring 2025,3,51.2,43.3,48.8,1.95,4
STU14032,DB401,Fall 2023,0,50.2,56.2,52.0,2.08,4
STU14033,SE501,Fall 2023,0,47.9,54.5,49.9,2.0,3
STU14034,DB401,Fall 2025,4,39.5,44.3,40.9,1.64,3
STU14035,AI301,Fall 2025,4,49.8,47.5,49.1,1.96,3
STU14036,DS201,Spring 2026,5,68.2,64.4,67.0,2.68,4
STU14037,SE501,Spring 2026,5,57.9,55.1,57.1,2.28,3
STU14038,SE501,Spring 2024,1,65.3,54.9,62.2,2.49,4
STU14039,AI301,Fall 2025,4,50.3,48.8,49.8,1.99,4
STU14040,SE501,Spring 2024,1,71.3,70.8,71.2,2.85,4
STU14041,AI301,Spring 2026,5,45.8,45.0,45.5,1.82,4
STU14042,DB401,Spring 2024,1,54.9,51.4,53.8,2.15,4
STU14043,AI301,Fall 2023,0,45.1,46.2,45.4,1.82,3
STU14044,AI301,Spring 2024,1,48.7,53.8,50.2,2.01,4
STU14045,DB401,Fall 2023,0,57.3,52.2,55.8,2.23,3
STU14046,CS101,Fall 2025,4,53.5,50.8,52.7,2.11,3
STU14047,SE501,Spring 2025,3,58.2,39.3,52.5,2.1,3
STU14048,AI301,Spring 2024,1,42.2,48.4,44.1,1.76,3
STU14049,DB401,Spring 2026,5,33.6,30.9,32.8,1.31,3
STU14050,AI301,Fall 2024,2,46.1,46.6,46.3,1.85,4
STU14051,AI301,Spring 2025,3,60.7,58.1,59.9,2.4,3
STU14052,CS101,Fall 2024,2,62.1,62.6,62.3,2.49,3
STU14053,SE501,Spring 2024,1,68.3,70.9,69.1,2.76,4
STU14054,DB401,Fall 2025,4,69.5,66.2,68.5,2.74,3
STU14055,DS201,Spring 2024,1,47.7,49.9,48.3,1.93,4
STU14056,DB401,Fall 2024,2,36.1,30.0,34.3,1.37,3
STU14057,DB401,Spring 2025,3,64.5,68.1,65.6,2.62,3
STU14058,AI301,Fall 2023,0,42.0,37.6,40.7,1.63,3
STU14059,SE501,Fall 2023,0,58.8,61.7,59.7,2.39,3
STU14060,CS101,Spring 2025,3,63.1,65.5,63.8,2.55,3
STU14061,AI301,Spring 2024,1,62.5,75.9,66.5,2.66,4
STU14062,AI301,Fall 2025,4,57.6,62.1,59.0,2.36,4
STU14063,SE501,Fall 2025,4,43.2,49.2,45.0,1.8,4
STU14064,AI301,Spring 2025,3,38.0,39.4,38.4,1.54,3
STU14065,CS101,Spring 2025,3,65.2,66.0,65.4,2.62,4
STU14066,DB401,Fall 2024,2,49.4,39.9,46.6,1.86,3
STU14067,CS101,Spring 2024,1,68.2,75.1,70.3,2.81,4
STU14068,CS101,Fall 2024,2,56.0,65.8,58.9,2.36,3
STU14069,DB401,Spring 2024,1,45.8,45.7,45.8,1.83,4
STU14070,DS201,Fall 2023,0,59.5,56.0,58.5,2.34,4
STU14071,DS201,Spring 2026,5,54.7,51.7,53.8,2.15,4
STU14072,DS201,Fall 2024,2,59.9,58.9,59.6,2.38,4
STU14073,AI301,Fall 2024,2,61.8,57.9,60.6,2.42,4
STU14074,SE501,Spring 2026,5,57.7,58.9,58.0,2.32,4
STU14075,AI301,Fall 2025,4,35.1,39.9,36.5,1.46,4
STU14076,AI301,Spring 2024,1,41.6,41.0,41.4,1.66,4
STU14077,CS101,Spring 2025,3,54.6,56.9,55.3,2.21,4
STU14078,DS201,Fall 2024,2,48.7,53.5,50.1,2.0,4
STU14079,CS101,Spring 2025,3,60.6,58.7,60.0,2.4,3
STU14080,AI301,Fall 2025,4,44.4,52.6,46.9,1.88,4
STU14081,AI301,Fall 2023,0,59.1,68.8,62.0,2.48,4
STU14082,DB401,Fall 2023,0,25.9,32.5,27.9,1.12,3
STU14083,CS101,Spring 2026,5,43.3,44.6,43.7,1.75,4
STU14084,CS101,Fall 2024,2,48.4,43.3,46.9,1.88,4
STU14085,AI301,Spring 2026,5,61.5,64.4,62.4,2.5,3
STU14086,CS101,Fall 2024,2,58.8,60.7,59.4,2.38,3
STU14087,SE501,Fall 2025,4,55.7,64.9,58.5,2.34,4
STU14088,DS201,Fall 2024,2,42.0,40.2,41.5,1.66,4
STU14089,AI301,Fall 2024,2,61.0,57.3,59.9,2.4,4
STU14090,SE501,Fall 2023,0,61.0,70.1,63.7,2.55,4
STU14091,SE501,Spring 2024,1,46.5,45.3,46.1,1.84,4
STU14092,DB401,Fall 2023,0,68.4,68.5,68.4,2.74,4
STU14093,DS201,Spring 2024,1,69.4,66.2,68.5,2.74,3
STU14094,SE501,Fall 2025,4,44.1,45.1,44.4,1.78,4
STU14095,SE501,Spring 2024,1,73.9,73.9,73.9,2.96,3
STU14096,DB401,Spring 2026,5,54.7,54.6,54.7,2.19,4
STU14097,DB401,Spring 2024,1,56.2,56.9,56.4,2.26,3
STU14098,SE501,Spring 2026,5,57.7,57.9,57.8,2.31,4
STU14099,DS201,Spring 2024,1,38.8,32.5,36.9,1.48,4
STU14100,AI301,Spring 2025,3,51.5,57.3,53.2,2.13,4
STU14101,CS101,Spring 2024,1,63.2,67.5,64.5,2.58,3
STU14102,CS101,Spring 2026,5,41.4,44.2,42.2,1.69,4
STU14103,SE501,Spring 2026,5,39.9,36.3,38.8,1.55,4
STU14104,AI301,Spring 2026,5,42.6,48.2,44.3,1.77,4
STU14105,DB401,Spring 2024,1,56.6,56.3,56.5,2.26,4
STU14106,CS101,Spring 2026,5,52.1,50.1,51.5,2.06,4
STU14107,SE501,Fall 2023,0,60.6,59.7,60.3,2.41,4
STU14108,DS201,Spring 2024,1,62.5,61.8,62.3,2.49,4
STU14109,AI301,Fall 2024,2,49.9,44.1,48.2,1.93,4
STU14110,DB401,Spring 2026,5,50.1,54.0,51.3,2.05,4
STU14111,CS101,Fall 2023,0,64.2,65.0,64.4,2.58,3
STU14112,AI301,Spring 2024,1,58.3,62.7,59.6,2.38,3
STU14113,AI301,Fall 2025,4,64.2,61.3,63.3,2.53,4
STU14114,DS201,Spring 2025,3,60.1,62.1,60.7,2.43,4
STU14115,AI301,Spring 2026,5,72.9,72.4,72.7,2.91,4
STU14116,DS201,Fall 2025,4,39.4,37.3,38.8,1.55,4
STU14117,CS101,Spring 2025,3,50.5,52.2,51.0,2.04,3
STU14118,SE501,Spring 2024,1,59.8,63.2,60.8,2.43,3
STU14119,DS201,Fall 2023,0,51.5,48.5,50.6,2.02,3
STU14120,SE501,Fall 2024,2,58.4,66.3,60.8,2.43,4
STU14121,SE501,Fall 2024,2,62.8,61.6,62.4,2.5,3
STU14122,AI301,Spring 2025,3,57.8,68.7,61.1,2.44,3
STU14123,DB401,Fall 2025,4,66.8,63.1,65.7,2.63,4
STU14124,DS201,Fall 2025,4,39.5,37.8,39.0,1.56,4
STU14125,DS201,Fall 2024,2,58.4,48.0,55.3,2.21,3
STU14126,DB401,Fall 2023,0,63.3,63.3,63.3,2.53,4
STU14127,DS201,Fall 2023,0,35.8,41.9,37.6,1.5,3
STU14128,SE501,Spring 2024,1,68.7,63.7,67.2,2.69,4
STU14129,DB401,Fall 2023,0,75.5,78.7,76.4,3.06,3
STU14130,CS101,Spring 2025,3,36.5,33.2,35.5,1.42,4
STU14131,DB401,Spring 2026,5,51.2,52.8,51.7,2.07,3
STU14132,CS101,Spring 2026,5,58.9,63.2,60.2,2.41,3
STU14133,SE501,Fall 2024,2,47.6,58.7,50.9,2.04,3
STU14134,AI301,Spring 2026,5,59.7,65.8,61.5,2.46,3
STU14135,SE501,Spring 2026,5,47.9,46.3,47.4,1.9,4
STU14136,DB401,Fall 2023,0,46.5,38.8,44.2,1.77,3
STU14137,DB401,Fall 2024,2,64.4,66.9,65.2,2.61,4
STU14138,AI301,Fall 2025,4,55.3,62.5,57.4,2.3,3
STU14139,DS201,Fall 2024,2,54.8,55.1,54.9,2.2,3
STU14140,DS201,Spring 2026,5,62.0,59.9,61.4,2.46,4
STU14141,AI301,Fall 2025,4,51.2,55.2,52.4,2.1,3
STU14142,DS201,Spring 2024,1,69.1,68.3,68.9,2.76,3
STU14143,DB401,Fall 2024,2,44.2,42.9,43.8,1.75,4
STU14144,CS101,Fall 2024,2,72.3,73.9,72.8,2.91,4
STU14145,DS201,Spring 2026,5,77.4,81.2,78.6,3.14,4
STU14146,DS201,Fall 2025,4,50.0,44.6,48.4,1.94,4
STU14147,DS201,Fall 2023,0,62.3,53.6,59.7,2.39,4
STU14148,CS101,Fall 2023,0,76.8,70.9,75.0,3.0,4
STU14149,AI301,Fall 2025,4,52.2,48.1,51.0,2.04,4
STU14150,SE501,Spring 2024,1,51.7,61.5,54.7,2.19,4
STU14151,SE501,Spring 2026,5,44.9,42.6,44.2,1.77,4
STU14152,AI301,Fall 2025,4,46.3,48.9,47.1,1.88,3
STU14153,DS201,Fall 2024,2,60.8,58.0,60.0,2.4,4
STU14154,AI301,Spring 2025,3,60.9,57.5,59.9,2.4,4
STU14155,CS101,Spring 2024,1,61.9,67.4,63.6,2.54,3
STU14156,SE501,Fall 2024,2,52.3,43.3,49.6,1.98,3
STU14157,AI301,Spring 2026,5,50.9,57.4,52.8,2.11,3
STU14158,SE501,Spring 2026,5,58.2,58.2,58.2,2.33,4
STU14159,SE501,Fall 2024,2,72.3,72.8,72.4,2.9,4
STU14160,AI301,Spring 2026,5,64.9,70.3,66.5,2.66,3
STU14161,DS201,Spring 2024,1,50.5,57.6,52.6,2.1,3
STU14162,CS101,Fall 2024,2,42.8,38.4,41.5,1.66,3
STU14163,SE501,Spring 2026,5,55.6,48.0,53.3,2.13,3
STU14164,SE501,Fall 2024,2,66.3,58.0,63.8,2.55,3
STU14165,DB401,Spring 2026,5,70.8,70.9,70.8,2.83,4
STU14166,DS201,Spring 2025,3,56.7,52.1,55.3,2.21,4
STU14167,CS101,Spring 2025,3,51.8,45.4,49.9,2.0,4
STU14168,SE501,Spring 2026,5,68.9,71.5,69.7,2.79,3
STU14169,DS201,Fall 2024,2,74.7,77.7,75.6,3.02,4
STU14170,CS101,Spring 2026,5,45.5,44.2,45.1,1.8,3
STU14171,DS201,Fall 2025,4,59.6,58.3,59.2,2.37,4
STU14172,CS101,Fall 2025,4,33.0,34.2,33.3,1.33,3
STU14173,DB401,Spring 2025,3,54.5,48.4,52.7,2.11,3
STU14174,DB401,Spring 2025,3,59.3,62.1,60.1,2.4,3
STU14175,DB401,Spring 2026,5,52.6,56.4,53.7,2.15,3
STU14176,CS101,Spring 2025,3,57.0,63.6,59.0,2.36,4
STU14177,AI301,Spring 2025,3,40.0,30.9,37.3,1.49,3
STU14178,DB401,Spring 2025,3,69.6,72.1,70.3,2.81,4
STU14179,CS101,Spring 2024,1,55.5,58.4,56.4,2.26,3
STU14180,AI301,Fall 2025,4,60.5,68.5,62.9,2.52,3
STU14181,SE501,Fall 2023,0,56.1,55.2,55.8,2.23,4
STU14182,DB401,Spring 2026,5,58.8,57.9,58.5,2.34,3
STU14183,SE501,Fall 2023,0,45.1,43.9,44.7,1.79,3
STU14184,AI301,Spring 2026,5,52.9,50.9,52.3,2.09,3
STU14185,CS101,Fall 2023,0,38.6,34.1,37.2,1.49,3
STU14186,AI301,Spring 2024,1,63.1,58.0,61.6,2.46,4
STU14187,DS201,Fall 2025,4,60.9,57.5,59.9,2.4,4
STU14188,DB401,Fall 2023,0,47.6,49.9,48.3,1.93,3
STU14189,AI301,Fall 2023,0,51.7,47.2,50.3,2.01,3
STU14190,SE501,Fall 2023,0,44.9,48.0,45.8,1.83,3
STU14191,AI301,Fall 2025,4,51.5,51.3,51.4,2.06,4
STU14192,AI301,Spring 2026,5,58.1,60.9,59.0,2.36,4
STU14193,DB401,Spring 2026,5,41.3,44.8,42.4,1.7,4
STU14194,DS201,Spring 2024,1,53.3,51.9,52.9,2.12,4
STU14195,CS101,Fall 2024,2,44.7,50.6,46.5,1.86,3
STU14196,DS201,Spring 2026,5,50.2,55.9,51.9,2.08,4
STU14197,DB401,Fall 2025,4,48.8,43.0,47.1,1.88,4
STU14198,DS201,Spring 2025,3,73.2,69.7,72.2,2.89,3
STU14199,AI301,Spring 2025,3,46.3,44.7,45.8,1.83,4
STU14200,CS101,Spring 2024,1,49.1,54.2,50.6,2.02,3
STU14201,AI301,Spring 2024,1,44.3,50.8,46.3,1.85,3
STU14202,CS101,Spring 2026,5,56.5,58.0,56.9,2.28,4
STU14203,CS101,Fall 2025,4,54.9,62.0,57.0,2.28,3
STU14204,DS201,Fall 2024,2,58.9,57.2,58.4,2.34,4
STU14205,DB401,Fall 2025,4,48.0,55.5,50.3,2.01,3
STU14206,SE501,Spring 2024,1,49.3,54.0,50.7,2.03,4
STU14207,DS201,Spring 2026,5,49.4,50.3,49.7,1.99,3
STU14208,SE501,Spring 2025,3,48.1,51.4,49.1,1.96,4
STU14209,DB401,Spring 2025,3,68.2,74.2,70.0,2.8,3
STU14210,AI301,Spring 2026,5,69.0,66.8,68.3,2.73,4
STU14211,DB401,Spring 2026,5,63.2,60.0,62.2,2.49,3
STU14212,DB401,Fall 2025,4,73.6,76.4,74.5,2.98,3
STU14213,DS201,Fall 2023,0,55.3,54.3,55.0,2.2,3
STU14214,DB401,Spring 2025,3,52.4,52.4,52.4,2.1,4
STU14215,DB401,Fall 2025,4,44.1,51.9,46.5,1.86,3
STU14216,DS201,Fall 2023,0,38.4,34.4,37.2,1.49,4
STU14217,AI301,Spring 2026,5,52.1,56.5,53.4,2.14,4
STU14218,SE501,Fall 2025,4,55.3,56.7,55.7,2.23,3
STU14219,DS201,Fall 2023,0,39.1,33.5,37.4,1.5,3
STU14220,DB401,Spring 2025,3,51.5,45.1,49.6,1.98,3
STU14221,DS201,Fall 2025,4,55.0,43.4,51.5,2.06,4
STU14222,SE501,Fall 2023,0,61.7,59.5,61.1,2.44,4
STU14223,CS101,Fall 2025,4,43.2,37.8,41.6,1.66,3
STU14224,SE501,Fall 2024,2,40.2,40.4,40.3,1.61,3
STU14225,AI301,Spring 2024,1,48.9,49.9,49.2,1.97,3
STU14226,DB401,Fall 2023,0,62.9,54.3,60.3,2.41,3
STU14227,SE501,Spring 2026,5,57.5,47.1,54.4,2.18,3
STU14228,DS201,Spring 2026,5,56.8,59.6,57.6,2.3,3
STU14229,CS101,Spring 2025,3,58.3,56.3,57.7,2.31,4
STU14230,CS101,Fall 2023,0,32.3,30.0,31.6,1.26,4
STU14231,SE501,Fall 2025,4,47.3,46.0,46.9,1.88,4
STU14232,CS101,Spring 2024,1,48.3,50.5,49.0,1.96,3
STU14233,AI301,Fall 2025,4,53.6,58.5,55.1,2.2,3
STU14234,SE501,Fall 2023,0,62.0,61.9,62.0,2.48,4
STU14235,SE501,Spring 2026,5,57.9,59.1,58.3,2.33,4
STU14236,DB401,Spring 2026,5,61.4,66.0,62.8,2.51,4
STU14237,DS201,Spring 2025,3,46.7,51.2,48.1,1.92,3
STU14238,DB401,Spring 2024,1,54.2,59.9,55.9,2.24,4
STU14239,DS201,Fall 2024,2,67.1,60.6,65.1,2.6,3
STU14240,DS201,Spring 2026,5,66.6,52.6,62.4,2.5,4
STU14241,DB401,Fall 2024,2,61.4,57.5,60.2,2.41,3
STU14242,DS201,Fall 2024,2,50.5,55.2,51.9,2.08,3
STU14243,AI301,Spring 2024,1,64.6,64.3,64.5,2.58,3
STU14244,DB401,Spring 2025,3,39.5,45.8,41.4,1.66,3
STU14245,DS201,Fall 2023,0,42.3,36.1,40.5,1.62,3
STU14246,CS101,Fall 2023,0,54.1,50.3,53.0,2.12,4
STU14247,DB401,Spring 2025,3,35.0,37.2,35.7,1.43,3
STU14248,SE501,Spring 2025,3,43.4,44.5,43.7,1.75,3
STU14249,SE501,Spring 2026,5,65.9,67.0,66.2,2.65,3
STU14250,CS101,Fall 2024,2,50.2,49.4,50.0,2.0,4
STU14251,SE501,Fall 2024,2,67.7,67.1,67.5,2.7,4
STU14252,CS101,Spring 2026,5,45.9,54.2,48.4,1.94,4
STU14253,CS101,Spring 2024,1,52.4,51.8,52.2,2.09,3
STU14254,DS201,Fall 2023,0,54.9,60.3,56.5,2.26,3
STU14255,AI301,Spring 2025,3,45.1,44.9,45.0,1.8,4
STU14256,CS101,Spring 2026,5,53.3,58.7,54.9,2.2,4
STU14257,CS101,Fall 2023,0,48.3,47.8,48.2,1.93,3
STU14258,DB401,Spring 2024,1,50.1,49.0,49.8,1.99,4
STU14259,DS201,Fall 2025,4,44.8,44.2,44.6,1.78,3
STU14260,CS101,Spring 2024,1,77.6,81.7,78.8,3.15,4
STU14261,AI301,Spring 2026,5,52.1,44.6,49.8,1.99,3
STU14262,AI301,Spring 2025,3,77.9,75.8,77.3,3.09,4
STU14263,DB401,Fall 2025,4,62.9,66.2,63.9,2.56,4
STU14264,DS201,Fall 2023,0,58.5,57.9,58.3,2.33,3
STU14265,DB401,Spring 2025,3,58.2,54.3,57.0,2.28,3
STU14266,SE501,Fall 2023,0,70.2,69.6,70.0,2.8,4
STU14267,DS201,Fall 2025,4,64.5,68.1,65.6,2.62,4
STU14268,DB401,Spring 2026,5,50.4,56.3,52.2,2.09,3
STU14269,DS201,Fall 2025,4,61.7,56.3,60.1,2.4,4
STU14270,CS101,Fall 2025,4,53.4,61.9,55.9,2.24,4
STU14271,SE501,Fall 2025,4,66.9,63.4,65.9,2.64,3
STU14272,DS201,Spring 2025,3,70.9,70.3,70.7,2.83,3
STU14273,DS201,Spring 2025,3,53.4,48.2,51.8,2.07,3
STU14274,SE501,Spring 2025,3,50.3,51.4,50.6,2.02,4
STU14275,CS101,Spring 2026,5,60.2,57.7,59.4,2.38,3
STU14276,AI301,Spring 2026,5,55.3,52.5,54.5,2.18,4
STU14277,SE501,Fall 2023,0,59.3,61.4,59.9,2.4,3
STU14278,SE501,Fall 2024,2,39.3,38.6,39.1,1.56,3
STU14279,DB401,Spring 2025,3,56.7,53.4,55.7,2.23,4
STU14280,CS101,Spring 2025,3,54.6,52.1,53.8,2.15,4
STU14281,CS101,Fall 2025,4,46.6,49.6,47.5,1.9,4
STU14282,CS101,Fall 2024,2,63.7,57.3,61.8,2.47,4
STU14283,DB401,Fall 2023,0,72.2,73.7,72.6,2.9,3
STU14284,SE501,Spring 2025,3,54.6,49.1,52.9,2.12,4
STU14285,CS101,Fall 2025,4,62.0,64.8,62.9,2.52,4
STU14286,CS101,Fall 2023,0,40.2,47.0,42.2,1.69,3
STU14287,CS101,Spring 2025,3,53.1,48.9,51.8,2.07,3
STU14288,AI301,Spring 2025,3,51.2,46.8,49.9,2.0,4
STU14289,CS101,Fall 2023,0,46.0,55.8,48.9,1.96,3
STU14290,DS201,Fall 2023,0,67.9,71.9,69.1,2.76,3
STU14291,AI301,Spring 2025,3,56.9,55.4,56.5,2.26,4
STU14292,AI301,Fall 2024,2,65.5,65.1,65.4,2.62,4
STU14293,CS101,Fall 2025,4,63.2,57.4,61.5,2.46,4
STU14294,DB401,Spring 2026,5,45.1,34.6,42.0,1.68,4
STU14295,SE501,Spring 2026,5,49.7,49.5,49.6,1.98,4
STU14296,DB401,Fall 2023,0,52.6,50.1,51.8,2.07,3
STU14297,DB401,Fall 2024,2,44.7,47.9,45.6,1.82,3
STU14298,SE501,Spring 2025,3,41.0,41.0,41.0,1.64,3
STU14299,AI301,Fall 2025,4,58.3,56.6,57.8,2.31,4
STU14300,AI301,Fall 2025,4,62.0,60.1,61.4,2.46,4
STU14301,DB401,Fall 2024,2,53.5,45.1,51.0,2.04,3
STU14302,SE501,Spring 2024,1,47.3,41.6,45.6,1.82,4
STU14303,AI301,Spring 2024,1,57.9,52.4,56.2,2.25,4
STU14304,CS101,Fall 2023,0,62.6,66.3,63.7,2.55,4
STU14305,DS201,Fall 2025,4,62.2,65.2,63.1,2.52,4
STU14306,DS201,Spring 2026,5,45.9,47.0,46.2,1.85,3
STU14307,SE501,Spring 2026,5,76.9,85.5,79.5,3.18,4
STU14308,AI301,Spring 2025,3,66.2,67.5,66.6,2.66,4
STU14309,DB401,Fall 2024,2,59.6,59.9,59.7,2.39,4
STU14310,CS101,Fall 2023,0,48.1,45.5,47.3,1.89,3
STU14311,DB401,Spring 2026,5,46.8,45.5,46.4,1.86,3
STU14312,DB401,Fall 2024,2,62.1,57.7,60.8,2.43,3
STU14313,DS201,Fall 2025,4,80.8,86.8,82.6,3.3,3
STU14314,SE501,Fall 2023,0,48.8,51.2,49.5,1.98,4
STU14315,DS201,Spring 2024,1,62.7,61.8,62.4,2.5,4
STU14316,SE501,Spring 2024,1,52.3,51.3,52.0,2.08,3
STU14317,DS201,Spring 2025,3,50.2,56.6,52.1,2.08,3
STU14318,DB401,Fall 2025,4,46.2,49.7,47.3,1.89,4
STU14319,SE501,Fall 2025,4,42.0,38.1,40.8,1.63,3
STU14320,DB401,Spring 2025,3,74.9,67.6,72.7,2.91,3
STU14321,SE501,Spring 2025,3,64.4,63.3,64.1,2.56,4
STU14322,DS201,Spring 2026,5,56.3,57.6,56.7,2.27,4
STU14323,DS201,Fall 2023,0,41.4,32.9,38.9,1.56,3
STU14324,DS201,Spring 2024,1,55.8,47.1,53.2,2.13,3
STU14325,SE501,Fall 2025,4,50.4,48.4,49.8,1.99,4
STU14326,AI301,Spring 2025,3,58.0,61.8,59.1,2.36,3
STU14327,CS101,Fall 2023,0,69.2,70.3,69.5,2.78,3
STU14328,SE501,Fall 2025,4,57.6,58.1,57.8,2.31,4
STU14329,SE501,Fall 2024,2,33.6,31.9,33.1,1.32,4
STU14330,AI301,Fall 2025,4,47.7,52.4,49.1,1.96,3
STU14331,DS201,Fall 2024,2,40.6,44.2,41.7,1.67,3
STU14332,DB401,Spring 2024,1,51.6,60.9,54.4,2.18,4
STU14333,CS101,Fall 2023,0,46.4,45.7,46.2,1.85,3
STU14334,AI301,Spring 2024,1,49.0,55.0,50.8,2.03,4
STU14335,DB401,Spring 2024,1,67.1,65.2,66.5,2.66,4
STU14336,DB401,Spring 2026,5,47.2,45.5,46.7,1.87,3
STU14337,SE501,Fall 2025,4,44.8,46.5,45.3,1.81,4
STU14338,CS101,Fall 2025,4,59.8,58.8,59.5,2.38,3
STU14339,CS101,Spring 2024,1,66.5,64.2,65.8,2.63,3
STU14340,CS101,Fall 2023,0,56.1,58.9,57.0,2.28,3
STU14341,AI301,Spring 2026,5,65.9,63.1,65.1,2.6,4
STU14342,AI301,Spring 2026,5,60.5,70.8,63.6,2.54,4
STU14343,SE501,Fall 2025,4,53.7,55.8,54.3,2.17,3
STU14344,CS101,Fall 2024,2,37.6,40.3,38.4,1.54,4
STU14345,DB401,Spring 2024,1,42.3,44.2,42.9,1.72,3
STU14346,DS201,Fall 2025,4,50.6,60.0,53.4,2.14,3
STU14347,SE501,Fall 2023,0,48.6,55.7,50.7,2.03,4
STU14348,DS201,Fall 2025,4,37.0,42.4,38.6,1.54,3
STU14349,DS201,Fall 2025,4,51.0,58.5,53.3,2.13,3
STU14350,SE501,Spring 2025,3,67.9,67.8,67.9,2.72,3
STU14351,CS101,Fall 2023,0,49.1,54.6,50.7,2.03,4
STU14352,AI301,Fall 2025,4,66.9,68.5,67.4,2.7,4
STU14353,SE501,Spring 2025,3,35.3,41.4,37.1,1.48,3
STU14354,DB401,Spring 2024,1,64.4,65.0,64.6,2.58,4
STU14355,DB401,Spring 2026,5,55.2,56.3,55.5,2.22,4
STU14356,SE501,Fall 2025,4,50.3,45.1,48.7,1.95,3
STU14357,SE501,Fall 2023,0,58.5,51.6,56.4,2.26,4
STU14358,DS201,Fall 2024,2,46.3,51.4,47.8,1.91,3
STU14359,AI301,Spring 2024,1,66.8,67.8,67.1,2.68,3
STU14360,CS101,Spring 2025,3,48.5,50.8,49.2,1.97,3
STU14361,DB401,Fall 2023,0,51.0,52.5,51.5,2.06,3
STU14362,AI301,Fall 2025,4,61.9,58.0,60.7,2.43,4
STU14363,DS201,Spring 2026,5,62.9,57.2,61.2,2.45,3
STU14364,AI301,Spring 2025,3,61.4,66.9,63.1,2.52,3
STU14365,CS101,Fall 2023,0,60.5,62.9,61.2,2.45,3
STU14366,SE501,Spring 2024,1,57.6,64.0,59.5,2.38,3
STU14367,SE501,Fall 2024,2,63.0,57.7,61.4,2.46,4
STU14368,SE501,Spring 2024,1,62.5,62.9,62.6,2.5,4
STU14369,DS201,Fall 2024,2,43.5,47.4,44.7,1.79,4
STU14370,CS101,Fall 2024,2,58.3,67.3,61.0,2.44,3
STU14371,AI301,Fall 2025,4,72.6,74.9,73.3,2.93,3
STU14372,DB401,Fall 2023,0,63.0,65.0,63.6,2.54,4
STU14373,DS201,Fall 2025,4,47.1,43.7,46.1,1.84,4
STU14374,CS101,Fall 2023,0,58.5,57.6,58.2,2.33,4
STU14375,DB401,Fall 2025,4,49.9,43.3,47.9,1.92,3
STU14376,SE501,Fall 2023,0,32.3,30.0,31.6,1.26,3
STU14377,CS101,Fall 2025,4,64.7,69.9,66.3,2.65,4
STU14378,AI301,Fall 2023,0,41.6,37.8,40.5,1.62,4
STU14379,DS201,Spring 2026,5,43.7,43.9,43.7,1.75,3
STU14380,CS101,Fall 2023,0,48.8,46.3,48.1,1.92,3
STU14381,SE501,Fall 2025,4,57.4,58.9,57.9,2.32,3
STU14382,DS201,Spring 2024,1,43.8,40.8,42.9,1.72,3
STU14383,DB401,Spring 2026,5,59.5,61.4,60.1,2.4,4
STU14384,SE501,Fall 2025,4,42.5,44.5,43.1,1.72,4
STU14385,DB401,Spring 2026,5,59.8,56.5,58.8,2.35,4
STU14386,SE501,Fall 2023,0,61.8,55.8,60.0,2.4,3
STU14387,AI301,Fall 2023,0,53.5,48.5,52.0,2.08,4
STU14388,DS201,Spring 2024,1,57.7,61.2,58.8,2.35,3
STU14389,CS101,Spring 2024,1,60.6,52.4,58.1,2.32,3
STU14390,DB401,Fall 2023,0,68.4,64.3,67.2,2.69,3
STU14391,DB401,Fall 2023,0,34.9,35.0,34.9,1.4,4
STU14392,DB401,Spring 2026,5,69.7,75.9,71.5,2.86,3
STU14393,AI301,Fall 2023,0,70.5,74.2,71.6,2.86,3
STU14394,AI301,Fall 2024,2,61.1,58.8,60.4,2.42,4
STU14395,AI301,Spring 2024,1,40.8,37.9,39.9,1.6,4
STU14396,SE501,Fall 2025,4,50.3,49.6,50.1,2.0,4
STU14397,AI301,Spring 2024,1,45.4,52.6,47.6,1.9,3
STU14398,DS201,Fall 2024,2,57.5,51.5,55.7,2.23,3
STU14399,DS201,Spring 2024,1,66.8,60.9,65.0,2.6,3
STU14400,SE501,Fall 2023,0,54.0,53.6,53.9,2.16,4
STU14401,DB401,Fall 2025,4,58.2,60.3,58.8,2.35,3
STU14402,AI301,Spring 2026,5,49.6,45.0,48.2,1.93,4
STU14403,AI301,Fall 2023,0,60.1,64.1,61.3,2.45,4
STU14404,AI301,Spring 2025,3,52.8,56.8,54.0,2.16,4
STU14405,DB401,Fall 2025,4,57.0,56.8,56.9,2.28,4
STU14406,DS201,Fall 2025,4,50.5,48.3,49.8,1.99,4
STU14407,DB401,Spring 2025,3,52.8,53.7,53.1,2.12,4
STU14408,DS201,Spring 2024,1,52.9,42.3,49.7,1.99,4
STU14409,DB401,Spring 2025,3,41.1,31.7,38.3,1.53,3
STU14410,SE501,Spring 2024,1,69.2,71.3,69.8,2.79,3
STU14411,DB401,Fall 2023,0,70.2,62.8,68.0,2.72,4
STU14412,CS101,Spring 2025,3,58.5,54.7,57.3,2.29,3
STU14413,DB401,Fall 2024,2,64.9,65.9,65.2,2.61,3
STU14414,AI301,Fall 2025,4,41.3,45.7,42.6,1.7,4
STU14415,DS201,Spring 2026,5,61.7,63.6,62.3,2.49,3
STU14416,DB401,Spring 2025,3,25.0,30.0,26.5,1.06,3
STU14417,DS201,Spring 2024,1,59.9,59.8,59.9,2.4,4
STU14418,CS101,Spring 2024,1,55.3,53.2,54.7,2.19,3
STU14419,CS101,Spring 2025,3,52.0,52.0,52.0,2.08,3
STU14420,CS101,Fall 2025,4,59.4,58.8,59.2,2.37,4
STU14421,DB401,Fall 2024,2,51.9,56.2,53.2,2.13,3
STU14422,AI301,Spring 2025,3,53.4,53.4,53.4,2.14,3
STU14423,CS101,Spring 2026,5,61.3,59.4,60.7,2.43,4
STU14424,AI301,Fall 2024,2,63.9,68.2,65.2,2.61,4
STU14425,AI301,Fall 2025,4,61.3,62.1,61.6,2.46,3
STU14426,DB401,Fall 2023,0,46.7,48.6,47.3,1.89,4
STU14427,CS101,Spring 2024,1,31.2,30.0,30.8,1.23,3
STU14428,CS101,Fall 2023,0,70.2,65.4,68.8,2.75,4
STU14429,DS201,Spring 2026,5,45.8,46.2,45.9,1.84,4
STU14430,DB401,Fall 2024,2,53.3,57.8,54.6,2.18,4
STU14431,AI301,Fall 2025,4,59.4,62.9,60.5,2.42,4
STU14432,CS101,Spring 2025,3,68.8,65.2,67.7,2.71,4
STU14433,DB401,Spring 2026,5,68.0,69.8,68.5,2.74,3
STU14434,DS201,Fall 2024,2,65.4,71.0,67.1,2.68,3
STU14435,DS201,Fall 2023,0,65.2,63.1,64.6,2.58,3
STU14436,AI301,Fall 2025,4,52.5,49.7,51.6,2.06,3
STU14437,AI301,Fall 2025,4,55.3,58.7,56.3,2.25,4
STU14438,CS101,Spring 2024,1,49.7,56.3,51.7,2.07,3
STU14439,CS101,Spring 2024,1,54.2,55.0,54.4,2.18,4
STU14440,DS201,Fall 2024,2,29.7,30.0,29.8,1.19,4
STU14441,CS101,Spring 2024,1,54.2,56.7,54.9,2.2,4
STU14442,DB401,Fall 2025,4,56.0,58.5,56.8,2.27,3
STU14443,AI301,Fall 2024,2,48.4,50.6,49.0,1.96,3
STU14444,DS201,Fall 2023,0,43.5,40.7,42.7,1.71,4
STU14445,CS101,Spring 2024,1,59.2,70.1,62.5,2.5,3
STU14446,DB401,Fall 2025,4,87.3,95.4,89.7,3.59,3
STU14447,CS101,Spring 2024,1,56.4,55.7,56.2,2.25,4
STU14448,SE501,Spring 2025,3,51.9,46.5,50.3,2.01,3
STU14449,AI301,Spring 2025,3,43.9,41.0,43.0,1.72,3
STU14450,DS201,Fall 2025,4,66.2,69.6,67.2,2.69,4
STU14451,DS201,Spring 2026,5,71.9,74.3,72.6,2.9,4
STU14452,DS201,Fall 2024,2,57.7,60.7,58.6,2.34,3
STU14453,DS201,Fall 2025,4,46.2,48.0,46.7,1.87,4
STU14454,DB401,Fall 2024,2,61.0,65.4,62.3,2.49,3
STU14455,SE501,Spring 2025,3,53.1,49.6,52.1,2.08,4
STU14456,AI301,Fall 2023,0,35.1,31.1,33.9,1.36,3
STU14457,AI301,Fall 2024,2,37.0,38.1,37.3,1.49,4
STU14458,CS101,Fall 2025,4,40.5,35.2,38.9,1.56,4
STU14459,CS101,Fall 2024,2,62.0,54.3,59.7,2.39,4
STU14460,DS201,Fall 2025,4,47.5,48.4,47.8,1.91,4
STU14461,CS101,Spring 2024,1,62.5,59.2,61.5,2.46,3
STU14462,CS101,Fall 2025,4,41.8,42.3,41.9,1.68,3
STU14463,DS201,Spring 2024,1,61.1,62.3,61.4,2.46,4
STU14464,DS201,Spring 2024,1,42.8,38.9,41.6,1.66,3
STU14465,CS101,Fall 2023,0,54.0,54.1,54.0,2.16,3
STU14466,AI301,Spring 2025,3,67.6,64.8,66.8,2.67,3
STU14467,AI301,Fall 2024,2,41.8,34.3,39.6,1.58,4
STU14468,CS101,Spring 2025,3,59.5,61.9,60.2,2.41,3
STU14469,DB401,Fall 2025,4,66.8,72.9,68.6,2.74,3
STU14470,SE501,Spring 2026,5,51.0,52.2,51.4,2.06,3
STU14471,AI301,Spring 2025,3,39.3,46.2,41.4,1.66,4
STU14472,CS101,Spring 2025,3,53.9,57.0,54.8,2.19,4
STU14473,DS201,Spring 2025,3,52.2,49.0,51.3,2.05,4
STU14474,SE501,Spring 2026,5,59.2,59.5,59.3,2.37,3
STU14475,AI301,Fall 2024,2,58.8,68.2,61.6,2.46,3
STU14476,DB401,Fall 2025,4,58.0,54.7,57.0,2.28,3
STU14477,SE501,Fall 2023,0,49.1,49.5,49.2,1.97,3
STU14478,CS101,Spring 2024,1,51.3,56.3,52.8,2.11,4
STU14479,DB401,Fall 2025,4,58.0,62.3,59.3,2.37,3
STU14480,DB401,Fall 2023,0,61.0,57.9,60.1,2.4,4
STU14481,SE501,Fall 2023,0,50.7,60.4,53.6,2.14,4
STU14482,AI301,Fall 2023,0,64.0,64.2,64.1,2.56,4
STU14483,DS201,Fall 2024,2,51.2,50.5,51.0,2.04,3
STU14484,CS101,Fall 2023,0,52.8,49.5,51.8,2.07,3
STU14485,DS201,Fall 2023,0,68.1,74.8,70.1,2.8,4
STU14486,CS101,Fall 2025,4,71.4,65.4,69.6,2.78,4
STU14487,DB401,Fall 2023,0,51.2,49.6,50.7,2.03,3
STU14488,DB401,Spring 2026,5,50.1,56.1,51.9,2.08,4
STU14489,CS101,Spring 2024,1,50.3,53.5,51.3,2.05,3
STU14490,DB401,Fall 2025,4,78.3,86.8,80.9,3.24,3
STU14491,SE501,Spring 2025,3,60.0,65.8,61.7,2.47,4
STU14492,SE501,Spring 2024,1,54.4,49.7,53.0,2.12,4
STU14493,DS201,Fall 2023,0,50.0,52.6,50.8,2.03,3
STU14494,AI301,Fall 2023,0,43.3,37.4,41.5,1.66,3
STU14495,AI301,Fall 2025,4,54.5,57.7,55.5,2.22,3
STU14496,DS201,Spring 2025,3,48.4,43.2,46.8,1.87,4
STU14497,DS201,Fall 2023,0,40.4,40.5,40.4,1.62,3
STU14498,SE501,Spring 2025,3,54.9,48.7,53.1,2.12,4
STU14499,CS101,Fall 2024,2,57.8,55.4,57.1,2.28,4
STU14500,SE501,Spring 2024,1,51.9,49.5,51.2,2.05,3
STU14501,AI301,Spring 2026,5,65.8,65.2,65.6,2.62,3
STU14502,AI301,Spring 2024,1,35.0,39.4,36.3,1.45,3
STU14503,DS201,Spring 2024,1,75.1,71.6,74.1,2.96,3
STU14504,SE501,Fall 2025,4,67.4,61.8,65.7,2.63,4
STU14505,DS201,Spring 2024,1,52.4,53.1,52.6,2.1,4
STU14506,SE501,Spring 2026,5,45.1,49.0,46.3,1.85,4
STU14507,DB401,Fall 2023,0,57.8,56.7,57.5,2.3,3
STU14508,SE501,Spring 2025,3,49.1,52.1,50.0,2.0,3
STU14509,DB401,Fall 2024,2,42.8,42.3,42.7,1.71,3
STU14510,SE501,Spring 2026,5,45.5,44.6,45.2,1.81,3
STU14511,CS101,Fall 2023,0,64.0,67.7,65.1,2.6,3
STU14512,AI301,Fall 2024,2,57.1,62.9,58.8,2.35,3
STU14513,DS201,Spring 2026,5,51.8,54.9,52.7,2.11,4
STU14514,CS101,Fall 2023,0,64.1,64.7,64.3,2.57,3
STU14515,AI301,Fall 2025,4,58.5,51.9,56.5,2.26,4
STU14516,DB401,Fall 2024,2,64.5,64.6,64.5,2.58,3
STU14517,DS201,Spring 2026,5,37.1,32.3,35.7,1.43,4
STU14518,AI301,Spring 2025,3,45.5,47.2,46.0,1.84,4
STU14519,DS201,Fall 2025,4,42.2,39.9,41.5,1.66,4
STU14520,CS101,Spring 2024,1,43.2,51.0,45.6,1.82,3
STU14521,AI301,Fall 2025,4,45.1,51.2,46.9,1.88,3
STU14522,DS201,Spring 2025,3,63.3,66.3,64.2,2.57,4
STU14523,DB401,Fall 2024,2,55.5,48.5,53.4,2.14,3
STU14524,DB401,Fall 2025,4,58.9,54.7,57.6,2.3,4
STU14525,SE501,Spring 2024,1,72.9,78.4,74.6,2.98,3
STU14526,SE501,Spring 2025,3,51.0,50.3,50.8,2.03,3
STU14527,DS201,Spring 2024,1,71.5,74.1,72.3,2.89,4
STU14528,DB401,Spring 2026,5,63.1,56.8,61.2,2.45,3
STU14529,AI301,Spring 2025,3,52.4,44.6,50.1,2.0,4
STU14530,AI301,Fall 2023,0,50.1,48.7,49.7,1.99,4
STU14531,CS101,Fall 2023,0,56.7,59.8,57.6,2.3,3
STU14532,SE501,Fall 2024,2,49.3,42.1,47.1,1.88,3
STU14533,DB401,Fall 2023,0,52.9,56.4,53.9,2.16,4
STU14534,CS101,Spring 2026,5,45.9,48.6,46.7,1.87,4
STU14535,DS201,Spring 2024,1,60.5,66.0,62.2,2.49,3
STU14536,SE501,Spring 2026,5,59.4,56.3,58.5,2.34,4
STU14537,DB401,Spring 2026,5,63.1,70.0,65.2,2.61,4
STU14538,DB401,Fall 2023,0,53.7,49.5,52.4,2.1,4
STU14539,DS201,Spring 2025,3,59.9,50.3,57.0,2.28,4
STU14540,DB401,Fall 2025,4,49.7,50.1,49.8,1.99,4
STU14541,CS101,Fall 2025,4,56.9,61.0,58.1,2.32,3
STU14542,SE501,Spring 2026,5,63.2,59.9,62.2,2.49,3
STU14543,CS101,Fall 2023,0,59.2,60.4,59.5,2.38,4
STU14544,AI301,Spring 2025,3,73.1,78.4,74.7,2.99,4
STU14545,DB401,Spring 2026,5,63.4,70.5,65.5,2.62,3
STU14546,DB401,Spring 2024,1,71.3,75.3,72.5,2.9,4
STU14547,DB401,Spring 2025,3,46.9,45.8,46.6,1.86,4
STU14548,DS201,Fall 2024,2,65.0,64.1,64.7,2.59,3
STU14549,AI301,Spring 2024,1,74.7,72.8,74.1,2.96,3
STU14550,AI301,Spring 2026,5,54.8,55.1,54.9,2.2,4
STU14551,CS101,Spring 2024,1,60.6,64.5,61.8,2.47,3
STU14552,DB401,Spring 2024,1,54.4,49.7,53.0,2.12,4
STU14553,DS201,Spring 2024,1,68.6,65.7,67.7,2.71,3
STU14554,CS101,Spring 2024,1,41.3,44.9,42.4,1.7,3
STU14555,DB401,Spring 2025,3,54.8,54.1,54.6,2.18,3
STU14556,AI301,Fall 2025,4,43.6,44.5,43.9,1.76,3
STU14557,DB401,Fall 2024,2,46.9,50.1,47.9,1.92,3
STU14558,DB401,Spring 2026,5,55.7,55.0,55.5,2.22,3
STU14559,AI301,Spring 2026,5,55.0,50.8,53.8,2.15,3
STU14560,DB401,Spring 2026,5,60.2,68.4,62.7,2.51,3
STU14561,AI301,Spring 2025,3,54.3,56.3,54.9,2.2,3
STU14562,CS101,Spring 2025,3,36.2,41.0,37.7,1.51,4
STU14563,SE501,Fall 2024,2,47.1,46.0,46.8,1.87,4
STU14564,AI301,Spring 2024,1,45.0,46.6,45.5,1.82,3
STU14565,CS101,Fall 2024,2,38.2,44.3,40.0,1.6,3
STU14566,DS201,Fall 2023,0,61.0,62.6,61.5,2.46,3
STU14567,CS101,Spring 2024,1,54.9,55.1,55.0,2.2,4
STU14568,AI301,Fall 2023,0,47.2,42.1,45.7,1.83,4
STU14569,DB401,Fall 2025,4,43.9,33.9,40.9,1.64,3
STU14570,AI301,Spring 2024,1,56.0,65.1,58.7,2.35,4
STU14571,CS101,Fall 2024,2,54.0,54.1,54.0,2.16,3
STU14572,CS101,Fall 2023,0,32.2,44.4,35.8,1.43,4
STU14573,DS201,Spring 2025,3,48.3,51.2,49.2,1.97,4
STU14574,SE501,Fall 2023,0,50.6,47.6,49.7,1.99,3
STU14575,CS101,Spring 2025,3,54.8,54.0,54.6,2.18,3
STU14576,CS101,Spring 2026,5,64.6,72.5,67.0,2.68,4
STU14577,AI301,Fall 2023,0,58.7,65.8,60.8,2.43,3
STU14578,DS201,Fall 2024,2,53.6,58.2,55.0,2.2,4
STU14579,DS201,Spring 2026,5,53.8,46.3,51.6,2.06,3
STU14580,DB401,Spring 2026,5,59.9,52.2,57.6,2.3,4
STU14581,CS101,Spring 2025,3,57.9,64.3,59.8,2.39,4
STU14582,CS101,Fall 2025,4,51.3,54.4,52.2,2.09,3
STU14583,SE501,Spring 2026,5,37.2,45.1,39.6,1.58,4
STU14584,AI301,Spring 2026,5,41.3,41.0,41.2,1.65,3
STU14585,CS101,Spring 2024,1,48.8,44.0,47.3,1.89,4
STU14586,SE501,Fall 2023,0,54.8,56.4,55.3,2.21,4
STU14587,DS201,Fall 2025,4,53.5,55.8,54.2,2.17,3
STU14588,AI301,Fall 2024,2,58.7,54.8,57.5,2.3,3
STU14589,CS101,Fall 2024,2,56.8,50.6,55.0,2.2,4
STU14590,CS101,Fall 2023,0,50.3,53.7,51.3,2.05,4
STU14591,AI301,Fall 2023,0,64.8,60.6,63.6,2.54,4
STU14592,SE501,Fall 2023,0,66.9,77.0,69.9,2.8,4
STU14593,DS201,Spring 2025,3,36.7,44.9,39.1,1.56,4
STU14594,SE501,Fall 2023,0,55.9,59.8,57.1,2.28,4
STU14595,DB401,Fall 2024,2,47.6,56.1,50.2,2.01,4
STU14596,CS101,Spring 2025,3,58.1,61.0,59.0,2.36,3
STU14597,DB401,Spring 2025,3,63.2,62.1,62.9,2.52,3
STU14598,AI301,Fall 2025,4,78.1,86.2,80.5,3.22,3
STU14599,CS101,Fall 2023,0,36.3,39.0,37.1,1.48,4
STU14600,CS101,Fall 2023,0,42.7,40.7,42.1,1.68,3
STU14601,AI301,Spring 2026,5,37.4,32.4,35.9,1.44,3
STU14602,DB401,Spring 2026,5,38.0,34.6,37.0,1.48,4
STU14603,SE501,Spring 2026,5,54.6,60.4,56.3,2.25,3
STU14604,DB401,Spring 2024,1,53.5,53.1,53.4,2.14,3
STU14605,DS201,Fall 2023,0,51.8,60.8,54.5,2.18,3
STU14606,DB401,Spring 2025,3,51.6,54.8,52.5,2.1,4
STU14607,SE501,Fall 2025,4,53.1,57.2,54.3,2.17,3
STU14608,DS201,Spring 2025,3,55.3,52.1,54.3,2.17,4
STU14609,AI301,Spring 2024,1,48.8,46.5,48.1,1.92,3
STU14610,CS101,Spring 2025,3,48.6,41.7,46.5,1.86,4
STU14611,DS201,Fall 2023,0,59.3,55.5,58.2,2.33,4
STU14612,DS201,Fall 2023,0,65.8,63.0,65.0,2.6,3
STU14613,DS201,Spring 2026,5,60.2,59.3,59.9,2.4,3
STU14614,CS101,Fall 2025,4,56.2,66.1,59.2,2.37,4
STU14615,SE501,Spring 2025,3,59.9,57.1,59.0,2.36,4
STU14616,DS201,Spring 2024,1,62.1,68.7,64.1,2.56,4
STU14617,AI301,Fall 2023,0,49.4,43.9,47.7,1.91,4
STU14618,SE501,Spring 2025,3,63.5,60.8,62.7,2.51,4
STU14619,AI301,Fall 2024,2,49.8,50.9,50.1,2.0,3
STU14620,CS101,Fall 2025,4,57.9,62.9,59.4,2.38,4
STU14621,AI301,Fall 2023,0,69.6,69.7,69.6,2.78,4
STU14622,DB401,Fall 2025,4,57.9,57.0,57.6,2.3,4
STU14623,DB401,Fall 2024,2,61.0,64.8,62.1,2.48,4
STU14624,CS101,Fall 2025,4,65.6,66.6,65.9,2.64,3
STU14625,SE501,Spring 2024,1,43.3,36.1,41.2,1.65,4
STU14626,CS101,Spring 2025,3,60.8,68.6,63.1,2.52,4
STU14627,SE501,Spring 2025,3,48.0,49.8,48.6,1.94,3
STU14628,DB401,Spring 2024,1,53.5,54.5,53.8,2.15,4
STU14629,DB401,Spring 2026,5,64.8,65.9,65.1,2.6,3
STU14630,DB401,Spring 2024,1,58.5,51.5,56.4,2.26,3
STU14631,DS201,Spring 2026,5,70.3,62.9,68.1,2.72,3
STU14632,DB401,Fall 2024,2,50.6,59.7,53.3,2.13,4
STU14633,AI301,Fall 2025,4,48.5,46.9,48.0,1.92,4
STU14634,CS101,Spring 2025,3,34.7,34.3,34.6,1.38,3
STU14635,SE501,Spring 2026,5,54.0,52.5,53.5,2.14,3
STU14636,DB401,Spring 2026,5,54.0,55.1,54.3,2.17,3
STU14637,CS101,Fall 2024,2,47.2,44.0,46.2,1.85,4
STU14638,DS201,Fall 2024,2,50.3,48.3,49.7,1.99,3
STU14639,DB401,Spring 2024,1,44.9,44.1,44.7,1.79,3
STU14640,CS101,Fall 2023,0,52.4,54.6,53.0,2.12,3
STU14641,SE501,Spring 2024,1,47.0,50.1,47.9,1.92,4
STU14642,DB401,Fall 2024,2,39.4,39.3,39.4,1.58,4
STU14643,AI301,Spring 2025,3,73.7,64.7,71.0,2.84,3
STU14644,DB401,Fall 2023,0,51.6,56.4,53.0,2.12,4
STU14645,CS101,Fall 2023,0,61.1,64.3,62.1,2.48,4
STU14646,DS201,Fall 2025,4,52.5,45.7,50.5,2.02,4
STU14647,DB401,Spring 2026,5,50.3,49.9,50.2,2.01,4
STU14648,AI301,Fall 2024,2,74.3,72.7,73.8,2.95,4
STU14649,DS201,Spring 2024,1,56.5,62.2,58.2,2.33,4
STU14650,AI301,Fall 2025,4,42.2,45.5,43.2,1.73,4
STU14651,DS201,Spring 2025,3,60.7,54.8,58.9,2.36,3
STU14652,DB401,Spring 2025,3,68.7,78.9,71.7,2.87,3
STU14653,CS101,Fall 2024,2,59.8,59.7,59.8,2.39,4
STU14654,DS201,Fall 2023,0,47.3,51.0,48.4,1.94,3
STU14655,DS201,Fall 2025,4,44.6,43.8,44.4,1.78,3
STU14656,SE501,Spring 2025,3,77.5,73.3,76.3,3.05,4
STU14657,DB401,Spring 2026,5,58.9,56.4,58.1,2.32,3
STU14658,DB401,Spring 2024,1,54.0,44.8,51.2,2.05,3
STU14659,AI301,Spring 2026,5,51.3,41.7,48.4,1.94,4
STU14660,CS101,Fall 2024,2,54.6,53.3,54.2,2.17,4
STU14661,CS101,Spring 2024,1,61.3,58.0,60.3,2.41,3
STU14662,DB401,Fall 2023,0,39.3,37.8,38.8,1.55,3
STU14663,SE501,Spring 2024,1,66.8,62.2,65.4,2.62,4
STU14664,CS101,Fall 2025,4,57.7,69.1,61.1,2.44,3
STU14665,AI301,Spring 2026,5,48.5,50.2,49.0,1.96,3
STU14666,DB401,Fall 2024,2,64.6,64.8,64.7,2.59,3
STU14667,SE501,Spring 2025,3,66.0,72.6,68.0,2.72,3
STU14668,CS101,Fall 2025,4,63.9,74.8,67.2,2.69,3
STU14669,SE501,Fall 2024,2,67.5,61.1,65.6,2.62,4
STU14670,DS201,Spring 2025,3,50.3,52.1,50.8,2.03,4
STU14671,SE501,Spring 2024,1,67.2,65.2,66.6,2.66,4
STU14672,DS201,Spring 2025,3,47.1,50.0,48.0,1.92,3
STU14673,AI301,Spring 2026,5,48.6,49.5,48.9,1.96,3
STU14674,CS101,Fall 2023,0,48.1,43.9,46.9,1.88,4
STU14675,DS201,Spring 2025,3,64.1,69.1,65.6,2.62,3
STU14676,DS201,Spring 2025,3,70.7,70.4,70.6,2.82,4
STU14677,DB401,Fall 2024,2,43.0,44.8,43.5,1.74,4
STU14678,CS101,Fall 2024,2,44.6,48.9,45.9,1.84,4
STU14679,CS101,Fall 2025,4,45.1,49.3,46.4,1.86,4
STU14680,DS201,Spring 2026,5,44.7,42.0,43.9,1.76,4
STU14681,DS201,Fall 2025,4,41.7,40.3,41.3,1.65,4
STU14682,DB401,Spring 2026,5,54.4,52.8,53.9,2.16,3
STU14683,DS201,Spring 2026,5,59.9,54.2,58.2,2.33,4
STU14684,AI301,Spring 2026,5,51.8,51.2,51.6,2.06,4
STU14685,DB401,Fall 2024,2,42.1,44.5,42.8,1.71,3
STU14686,DB401,Fall 2025,4,54.1,49.2,52.6,2.1,4
STU14687,DS201,Fall 2024,2,56.5,57.0,56.6,2.26,4
STU14688,SE501,Spring 2025,3,54.3,59.0,55.7,2.23,3
STU14689,DS201,Fall 2023,0,63.7,69.1,65.3,2.61,4
STU14690,DS201,Spring 2024,1,58.7,50.1,56.1,2.24,4
STU14691,DS201,Fall 2025,4,54.1,41.1,50.2,2.01,3
STU14692,AI301,Fall 2023,0,60.0,59.3,59.8,2.39,3
STU14693,SE501,Spring 2025,3,55.5,53.4,54.9,2.2,4
STU14694,SE501,Spring 2026,5,84.0,77.7,82.1,3.28,3
STU14695,DB401,Spring 2025,3,45.2,43.8,44.8,1.79,3
STU14696,AI301,Fall 2025,4,59.5,56.2,58.5,2.34,4
STU14697,CS101,Spring 2024,1,42.4,38.2,41.1,1.64,3
STU14698,CS101,Spring 2026,5,57.7,53.7,56.5,2.26,4
STU14699,AI301,Fall 2023,0,48.7,48.8,48.7,1.95,3
STU14700,DS201,Fall 2024,2,55.0,43.8,51.6,2.06,3
STU14701,CS101,Fall 2025,4,62.6,61.8,62.4,2.5,4
STU14702,DS201,Fall 2025,4,39.4,53.8,43.7,1.75,3
STU14703,AI301,Spring 2024,1,43.1,47.2,44.3,1.77,3
STU14704,DS201,Spring 2025,3,71.1,68.9,70.4,2.82,4
STU14705,AI301,Fall 2023,0,55.5,60.9,57.1,2.28,4
STU14706,DB401,Fall 2025,4,59.9,67.1,62.1,2.48,4
STU14707,CS101,Fall 2023,0,61.1,62.6,61.6,2.46,3
STU14708,DS201,Fall 2025,4,40.3,34.4,38.5,1.54,3
STU14709,DB401,Fall 2025,4,58.0,54.0,56.8,2.27,3
STU14710,CS101,Fall 2023,0,41.9,37.5,40.6,1.62,3
STU14711,AI301,Spring 2026,5,65.5,57.5,63.1,2.52,4
STU14712,AI301,Fall 2023,0,47.5,52.6,49.0,1.96,4
STU14713,AI301,Fall 2024,2,40.0,50.5,43.2,1.73,3
STU14714,CS101,Spring 2026,5,75.3,75.5,75.4,3.02,3
STU14715,DB401,Fall 2024,2,35.9,32.4,34.9,1.4,3
STU14716,AI301,Fall 2023,0,52.1,55.5,53.1,2.12,4
STU14717,SE501,Fall 2023,0,39.4,45.2,41.1,1.64,4
STU14718,DB401,Spring 2025,3,50.6,47.1,49.5,1.98,4
STU14719,AI301,Spring 2026,5,50.8,52.2,51.2,2.05,4
STU14720,DB401,Spring 2025,3,36.0,30.0,34.2,1.37,3
STU14721,AI301,Fall 2023,0,45.8,46.5,46.0,1.84,3
STU14722,CS101,Spring 2025,3,39.7,34.7,38.2,1.53,3
STU14723,SE501,Fall 2025,4,45.2,46.7,45.7,1.83,3
STU14724,DS201,Fall 2024,2,69.6,66.8,68.7,2.75,3
STU14725,AI301,Spring 2024,1,54.9,54.9,54.9,2.2,3
STU14726,CS101,Spring 2026,5,46.4,57.2,49.6,1.98,3
STU14727,DB401,Spring 2026,5,68.6,69.1,68.8,2.75,4
STU14728,AI301,Spring 2026,5,58.8,61.2,59.5,2.38,4
STU14729,DS201,Fall 2025,4,56.3,55.4,56.0,2.24,3
STU14730,SE501,Spring 2026,5,66.9,58.1,64.3,2.57,4
STU14731,DS201,Spring 2024,1,42.9,39.8,42.0,1.68,4
STU14732,SE501,Fall 2024,2,35.0,32.3,34.2,1.37,3
STU14733,DS201,Fall 2025,4,55.2,58.1,56.1,2.24,4
STU14734,DB401,Fall 2023,0,64.0,65.9,64.6,2.58,3
STU14735,SE501,Fall 2024,2,66.8,68.4,67.3,2.69,4
STU14736,AI301,Fall 2025,4,57.8,62.3,59.2,2.37,4
STU14737,DB401,Fall 2023,0,51.1,45.4,49.4,1.98,4
STU14738,DB401,Fall 2024,2,50.7,60.9,53.7,2.15,4
STU14739,CS101,Fall 2024,2,51.6,43.2,49.1,1.96,4
STU14740,DB401,Fall 2023,0,67.1,60.5,65.1,2.6,4
STU14741,AI301,Fall 2025,4,62.6,64.5,63.2,2.53,3
STU14742,SE501,Fall 2023,0,57.2,51.8,55.6,2.22,3
STU14743,DS201,Fall 2023,0,52.2,52.4,52.2,2.09,4
STU14744,DS201,Spring 2026,5,60.9,57.3,59.8,2.39,4
STU14745,CS101,Spring 2026,5,56.4,58.9,57.1,2.28,3
STU14746,DS201,Fall 2023,0,47.2,47.0,47.1,1.88,4
STU14747,CS101,Spring 2025,3,65.1,62.2,64.2,2.57,3
STU14748,CS101,Spring 2024,1,54.6,54.4,54.5,2.18,4
STU14749,DB401,Fall 2025,4,44.5,54.6,47.5,1.9,4
STU14750,DB401,Spring 2024,1,72.0,71.6,71.9,2.88,3
STU14751,DB401,Spring 2025,3,37.2,30.3,35.1,1.4,3
STU14752,CS101,Fall 2024,2,42.5,33.4,39.8,1.59,3
STU14753,SE501,Spring 2026,5,49.8,46.5,48.8,1.95,4
STU14754,DS201,Spring 2025,3,63.0,64.2,63.3,2.53,3
STU14755,DS201,Spring 2025,3,69.2,76.5,71.4,2.86,4
STU14756,SE501,Fall 2023,0,63.4,67.8,64.7,2.59,3
STU14757,DB401,Spring 2024,1,57.3,53.4,56.1,2.24,3
STU14758,DS201,Fall 2023,0,47.7,41.0,45.7,1.83,3
STU14759,DS201,Fall 2025,4,46.0,45.0,45.7,1.83,3
STU14760,AI301,Spring 2024,1,29.8,30.0,29.9,1.2,4
STU14761,DB401,Fall 2025,4,49.0,47.0,48.4,1.94,3
STU14762,DS201,Fall 2024,2,55.5,58.7,56.5,2.26,3
STU14763,SE501,Spring 2024,1,39.7,34.9,38.2,1.53,3
STU14764,CS101,Spring 2024,1,67.8,66.9,67.5,2.7,3
STU14765,SE501,Spring 2025,3,49.1,50.5,49.5,1.98,3
STU14766,CS101,Fall 2025,4,43.1,35.3,40.8,1.63,4
STU14767,DB401,Spring 2024,1,53.2,54.8,53.7,2.15,4
STU14768,SE501,Spring 2025,3,49.0,53.8,50.4,2.02,4
STU14769,AI301,Fall 2023,0,37.0,40.8,38.1,1.52,3
STU14770,DS201,Spring 2024,1,53.7,53.6,53.7,2.15,4
STU14771,AI301,Spring 2025,3,47.8,42.3,46.2,1.85,3
STU14772,SE501,Fall 2023,0,57.8,53.4,56.5,2.26,3
STU14773,CS101,Fall 2024,2,56.7,55.7,56.4,2.26,4
STU14774,AI301,Spring 2025,3,71.2,71.9,71.4,2.86,3
STU14775,AI301,Fall 2025,4,50.6,45.7,49.1,1.96,4
STU14776,CS101,Fall 2023,0,56.7,58.4,57.2,2.29,3
STU14777,DS201,Fall 2023,0,63.2,60.0,62.2,2.49,4
STU14778,DB401,Spring 2025,3,48.4,46.8,47.9,1.92,4
STU14779,SE501,Spring 2025,3,45.6,48.9,46.6,1.86,4
STU14780,DB401,Fall 2025,4,53.4,41.0,49.7,1.99,4
STU14781,AI301,Fall 2023,0,57.5,57.2,57.4,2.3,4
STU14782,DS201,Fall 2024,2,66.7,65.5,66.3,2.65,4
STU14783,AI301,Spring 2024,1,70.5,65.2,68.9,2.76,3
STU14784,SE501,Fall 2025,4,59.9,69.2,62.7,2.51,3
STU14785,SE501,Fall 2023,0,58.7,53.5,57.2,2.29,4
STU14786,DS201,Fall 2025,4,61.8,65.7,63.0,2.52,4
STU14787,SE501,Spring 2025,3,68.3,71.7,69.3,2.77,4
STU14788,CS101,Spring 2024,1,62.8,64.7,63.4,2.54,3
STU14789,SE501,Spring 2024,1,42.6,37.0,40.9,1.64,4
STU14790,AI301,Spring 2026,5,62.8,66.5,63.9,2.56,4
STU14791,DS201,Fall 2025,4,51.0,47.4,49.9,2.0,4
STU14792,SE501,Fall 2024,2,51.8,40.6,48.4,1.94,4
STU14793,DS201,Fall 2024,2,46.7,46.2,46.5,1.86,3
STU14794,AI301,Fall 2025,4,47.7,48.3,47.9,1.92,3
STU14795,DB401,Spring 2024,1,56.4,60.1,57.5,2.3,4
STU14796,SE501,Spring 2026,5,46.7,43.1,45.6,1.82,3
STU14797,DS201,Spring 2025,3,46.9,56.0,49.6,1.98,4
STU14798,SE501,Spring 2025,3,69.7,69.5,69.6,2.78,3
STU14799,DB401,Spring 2025,3,63.1,67.8,64.5,2.58,3
STU14800,AI301,Spring 2026,5,68.3,71.7,69.3,2.77,3
STU14801,DB401,Spring 2025,3,48.1,50.5,48.8,1.95,3
STU14802,SE501,Fall 2023,0,70.7,76.7,72.5,2.9,3
STU14803,DS201,Fall 2023,0,56.8,55.5,56.4,2.26,4
STU14804,AI301,Spring 2026,5,66.5,69.4,67.4,2.7,3
STU14805,CS101,Spring 2024,1,57.3,56.9,57.2,2.29,3
STU14806,DB401,Fall 2023,0,49.1,48.7,49.0,1.96,3
STU14807,AI301,Spring 2025,3,51.2,47.9,50.2,2.01,3
STU14808,DS201,Fall 2023,0,72.8,72.4,72.7,2.91,3
STU14809,DS201,Spring 2024,1,71.6,78.4,73.6,2.94,3
STU14810,SE501,Spring 2024,1,53.1,56.5,54.1,2.16,4
STU14811,CS101,Spring 2024,1,48.1,50.2,48.7,1.95,3
STU14812,SE501,Fall 2023,0,72.7,69.7,71.8,2.87,4
STU14813,DB401,Fall 2024,2,54.7,51.5,53.7,2.15,4
STU14814,DS201,Fall 2025,4,34.7,31.0,33.6,1.34,3
STU14815,AI301,Spring 2024,1,50.0,56.5,51.9,2.08,4
STU14816,DB401,Fall 2024,2,63.4,67.7,64.7,2.59,4
STU14817,DS201,Spring 2026,5,43.0,35.4,40.7,1.63,4
STU14818,CS101,Fall 2025,4,57.5,62.4,59.0,2.36,3
STU14819,DB401,Fall 2025,4,49.4,55.4,51.2,2.05,3
STU14820,DS201,Fall 2023,0,58.4,59.6,58.8,2.35,3
STU14821,AI301,Spring 2024,1,43.3,51.3,45.7,1.83,3
STU14822,DB401,Fall 2024,2,51.8,46.6,50.3,2.01,3
STU14823,SE501,Fall 2025,4,57.8,59.0,58.2,2.33,3
STU14824,DB401,Spring 2024,1,55.6,62.5,57.7,2.31,4
STU14825,DB401,Spring 2026,5,67.6,70.9,68.6,2.74,4
STU14826,DB401,Fall 2023,0,38.9,48.4,41.8,1.67,3
STU14827,SE501,Fall 2024,2,49.1,45.9,48.1,1.92,3
STU14828,DS201,Spring 2026,5,40.9,36.1,39.5,1.58,3
STU14829,DS201,Spring 2026,5,46.1,42.9,45.1,1.8,4
STU14830,DS201,Fall 2023,0,82.0,80.6,81.6,3.26,3
STU14831,DS201,Spring 2025,3,57.6,68.6,60.9,2.44,4
STU14832,DB401,Spring 2026,5,58.7,55.5,57.8,2.31,3
STU14833,AI301,Fall 2023,0,51.1,49.8,50.7,2.03,3
STU14834,DB401,Fall 2024,2,62.5,56.6,60.7,2.43,3
STU14835,DS201,Spring 2025,3,40.1,37.0,39.2,1.57,4
STU14836,DS201,Spring 2025,3,57.3,58.1,57.5,2.3,3
STU14837,SE501,Fall 2025,4,46.6,35.5,43.3,1.73,3
STU14838,DB401,Spring 2026,5,76.5,75.5,76.2,3.05,3
STU14839,DS201,Spring 2026,5,40.8,36.3,39.4,1.58,3
STU14840,DB401,Fall 2024,2,33.6,34.7,33.9,1.36,3
STU14841,CS101,Fall 2023,0,67.8,73.5,69.5,2.78,4
STU14842,CS101,Fall 2024,2,62.4,60.2,61.7,2.47,3
STU14843,AI301,Spring 2024,1,59.2,59.9,59.4,2.38,4
STU14844,AI301,Fall 2023,0,47.9,45.4,47.1,1.88,3
STU14845,AI301,Fall 2024,2,34.3,39.1,35.8,1.43,3
STU14846,CS101,Spring 2025,3,55.1,53.8,54.7,2.19,3
STU14847,SE501,Spring 2026,5,56.7,61.9,58.3,2.33,4
STU14848,DB401,Fall 2023,0,63.0,64.1,63.3,2.53,3
STU14849,AI301,Spring 2024,1,51.3,59.2,53.7,2.15,3
STU14850,DB401,Spring 2025,3,56.1,58.6,56.8,2.27,4
STU14851,DS201,Fall 2025,4,59.3,59.7,59.4,2.38,3
STU14852,DS201,Fall 2023,0,37.7,42.5,39.2,1.57,4
STU14853,AI301,Spring 2024,1,60.7,69.3,63.3,2.53,3
STU14854,CS101,Spring 2024,1,52.7,60.6,55.1,2.2,4
STU14855,DB401,Spring 2024,1,70.5,82.3,74.1,2.96,4
STU14856,DS201,Fall 2024,2,60.3,59.9,60.2,2.41,3
STU14857,DS201,Spring 2024,1,56.5,57.9,56.9,2.28,3
STU14858,SE501,Spring 2024,1,46.6,45.1,46.1,1.84,4
STU14859,DB401,Fall 2023,0,36.7,32.2,35.4,1.42,3
STU14860,SE501,Spring 2025,3,62.1,65.1,63.0,2.52,3
STU14861,DB401,Fall 2023,0,57.2,44.9,53.5,2.14,3
STU14862,AI301,Fall 2025,4,49.8,51.8,50.4,2.02,4
STU14863,AI301,Fall 2024,2,68.2,75.1,70.3,2.81,3
STU14864,DS201,Spring 2025,3,52.1,56.2,53.3,2.13,4
STU14865,DB401,Fall 2025,4,53.4,57.2,54.5,2.18,4
STU14866,DS201,Spring 2025,3,46.7,37.5,43.9,1.76,4
STU14867,AI301,Spring 2024,1,64.2,72.5,66.7,2.67,3
STU14868,DB401,Fall 2024,2,71.3,69.4,70.7,2.83,3
STU14869,AI301,Fall 2023,0,67.9,70.7,68.8,2.75,3
STU14870,AI301,Spring 2026,5,45.4,43.2,44.7,1.79,3
STU14871,CS101,Fall 2025,4,49.4,48.5,49.1,1.96,3
STU14872,DB401,Fall 2023,0,54.2,58.2,55.4,2.22,3
STU14873,DB401,Spring 2024,1,59.6,65.7,61.4,2.46,4
STU14874,SE501,Spring 2024,1,62.0,60.9,61.7,2.47,3
STU14875,DS201,Spring 2025,3,62.3,63.1,62.5,2.5,4
STU14876,DB401,Spring 2026,5,54.9,49.2,53.2,2.13,4
STU14877,SE501,Fall 2024,2,45.6,50.9,47.2,1.89,3
STU14878,SE501,Spring 2025,3,43.2,32.5,40.0,1.6,3
STU14879,DB401,Fall 2024,2,65.5,58.4,63.4,2.54,4
STU14880,AI301,Spring 2024,1,44.7,33.0,41.2,1.65,4
STU14881,DS201,Fall 2023,0,58.8,57.3,58.4,2.34,3
STU14882,DB401,Fall 2023,0,52.3,51.7,52.1,2.08,3
STU14883,SE501,Fall 2023,0,57.2,59.1,57.8,2.31,3
STU14884,AI301,Fall 2025,4,74.3,79.7,75.9,3.04,4
STU14885,AI301,Spring 2025,3,48.0,46.2,47.4,1.9,4
STU14886,DS201,Spring 2024,1,27.6,30.0,28.3,1.13,3
STU14887,AI301,Spring 2026,5,70.3,63.1,68.1,2.72,4
STU14888,SE501,Spring 2026,5,42.0,45.0,42.9,1.72,3
STU14889,DB401,Fall 2023,0,73.1,71.2,72.5,2.9,4
STU14890,DS201,Spring 2024,1,70.9,69.2,70.4,2.82,4
STU14891,DB401,Spring 2025,3,46.1,45.8,46.0,1.84,4
STU14892,AI301,Fall 2025,4,55.8,52.1,54.7,2.19,3
STU14893,AI301,Spring 2026,5,49.4,48.4,49.1,1.96,4
STU14894,DB401,Spring 2024,1,58.5,65.0,60.5,2.42,3
STU14895,AI301,Spring 2024,1,61.2,67.1,63.0,2.52,3
STU14896,SE501,Spring 2026,5,66.6,67.7,66.9,2.68,4
STU14897,DB401,Spring 2026,5,52.9,51.7,52.6,2.1,4
STU14898,SE501,Fall 2024,2,59.4,55.9,58.4,2.34,3
STU14899,AI301,Spring 2025,3,49.9,45.0,48.4,1.94,3
STU14900,DS201,Fall 2025,4,51.3,57.1,53.0,2.12,4
STU14901,SE501,Fall 2025,4,61.3,61.2,61.3,2.45,4
STU14902,AI301,Fall 2025,4,57.7,48.1,54.8,2.19,4
STU14903,CS101,Spring 2024,1,38.4,31.8,36.4,1.46,3
STU14904,AI301,Fall 2025,4,59.0,53.9,57.5,2.3,3
STU14905,SE501,Fall 2025,4,60.0,45.2,55.5,2.22,3
STU14906,CS101,Spring 2025,3,51.2,47.5,50.1,2.0,4
STU14907,DS201,Fall 2024,2,36.1,30.0,34.3,1.37,4
STU14908,CS101,Spring 2025,3,46.0,47.3,46.4,1.86,3
STU14909,AI301,Spring 2026,5,48.1,48.1,48.1,1.92,3
STU14910,AI301,Spring 2025,3,66.8,71.7,68.3,2.73,4
STU14911,SE501,Spring 2025,3,55.7,57.5,56.2,2.25,4
STU14912,DB401,Fall 2025,4,63.7,76.8,67.6,2.7,4
STU14913,SE501,Fall 2023,0,50.4,48.7,49.9,2.0,4
STU14914,DS201,Spring 2024,1,51.4,48.5,50.5,2.02,4
STU14915,SE501,Spring 2025,3,81.1,86.5,82.7,3.31,3
STU14916,AI301,Fall 2023,0,70.8,72.0,71.2,2.85,3
STU14917,CS101,Fall 2023,0,70.5,70.6,70.5,2.82,3
STU14918,DB401,Fall 2023,0,39.4,44.4,40.9,1.64,3
STU14919,DB401,Fall 2023,0,55.4,60.7,57.0,2.28,4
STU14920,DB401,Spring 2024,1,47.3,38.2,44.6,1.78,4
STU14921,AI301,Spring 2026,5,54.7,54.0,54.5,2.18,3
STU14922,SE501,Fall 2025,4,64.3,66.6,65.0,2.6,3
STU14923,AI301,Fall 2025,4,52.1,39.1,48.2,1.93,3
STU14924,DB401,Fall 2024,2,61.6,57.6,60.4,2.42,3
STU14925,CS101,Fall 2023,0,47.9,50.5,48.7,1.95,3
STU14926,AI301,Fall 2023,0,55.8,60.7,57.3,2.29,3
STU14927,SE501,Spring 2026,5,65.9,64.1,65.4,2.62,4
STU14928,DS201,Fall 2025,4,43.6,38.1,41.9,1.68,3
STU14929,DS201,Fall 2025,4,44.0,44.6,44.2,1.77,3
STU14930,DS201,Spring 2025,3,66.4,65.8,66.2,2.65,3
STU14931,AI301,Spring 2025,3,62.0,58.9,61.1,2.44,4
STU14932,DS201,Fall 2025,4,64.1,56.8,61.9,2.48,3
STU14933,AI301,Spring 2026,5,49.5,47.1,48.8,1.95,4
STU14934,AI301,Fall 2023,0,57.0,49.1,54.6,2.18,3
STU14935,DS201,Fall 2024,2,59.4,55.7,58.3,2.33,4
STU14936,CS101,Fall 2025,4,54.3,53.9,54.2,2.17,3
STU14937,AI301,Fall 2023,0,56.4,53.1,55.4,2.22,3
STU14938,DB401,Spring 2024,1,68.0,77.5,70.8,2.83,3
STU14939,DB401,Spring 2024,1,26.2,30.0,27.3,1.09,3
STU14940,SE501,Fall 2025,4,55.3,59.8,56.6,2.26,3
STU14941,AI301,Fall 2023,0,57.4,57.9,57.5,2.3,3
STU14942,DS201,Fall 2025,4,60.8,54.9,59.0,2.36,4
STU14943,SE501,Fall 2025,4,55.3,52.1,54.3,2.17,4
STU14944,SE501,Spring 2026,5,66.6,65.8,66.4,2.66,3
STU14945,CS101,Spring 2024,1,47.1,43.9,46.2,1.85,4
STU14946,CS101,Spring 2025,3,52.7,52.6,52.7,2.11,3
STU14947,CS101,Fall 2024,2,51.7,48.4,50.7,2.03,3
STU14948,AI301,Spring 2025,3,65.4,65.9,65.6,2.62,3
STU14949,SE501,Fall 2023,0,62.1,66.9,63.5,2.54,3
STU14950,AI301,Spring 2026,5,55.0,59.1,56.2,2.25,3
STU14951,CS101,Fall 2023,0,62.8,64.5,63.3,2.53,3
STU14952,CS101,Fall 2025,4,51.8,52.6,52.0,2.08,3
STU14953,DB401,Spring 2025,3,58.0,52.6,56.4,2.26,3
STU14954,CS101,Fall 2023,0,52.4,57.9,54.0,2.16,3
STU14955,CS101,Spring 2024,1,47.1,38.1,44.4,1.78,4
STU14956,DB401,Spring 2026,5,47.5,45.8,47.0,1.88,4
STU14957,AI301,Fall 2024,2,49.2,44.7,47.9,1.92,3
STU14958,DS201,Fall 2024,2,66.2,69.2,67.1,2.68,3
STU14959,AI301,Spring 2025,3,39.6,48.2,42.2,1.69,3
STU14960,CS101,Spring 2026,5,65.8,64.1,65.3,2.61,4
STU14961,AI301,Spring 2024,1,51.3,59.4,53.7,2.15,3
STU14962,SE501,Fall 2024,2,77.4,74.9,76.7,3.07,3
STU14963,SE501,Fall 2023,0,37.8,34.7,36.9,1.48,3
STU14964,AI301,Fall 2023,0,56.1,52.7,55.1,2.2,4
STU14965,DS201,Spring 2025,3,63.4,69.5,65.2,2.61,3
STU14966,SE501,Spring 2024,1,62.3,68.2,64.1,2.56,3
STU14967,SE501,Fall 2025,4,68.6,67.0,68.1,2.72,4
STU14968,CS101,Fall 2024,2,62.2,65.2,63.1,2.52,4
STU14969,CS101,Spring 2024,1,32.5,30.0,31.8,1.27,4
STU14970,DS201,Fall 2024,2,63.1,68.6,64.8,2.59,3
STU14971,DS201,Spring 2026,5,60.0,57.5,59.2,2.37,4
STU14972,DS201,Fall 2025,4,61.2,65.8,62.6,2.5,3
STU14973,SE501,Fall 2024,2,46.0,50.0,47.2,1.89,3
STU14974,DS201,Fall 2024,2,67.0,69.3,67.7,2.71,4
STU14975,SE501,Fall 2023,0,57.9,47.0,54.6,2.18,4
STU14976,AI301,Fall 2025,4,42.8,46.7,44.0,1.76,4
STU14977,CS101,Spring 2026,5,50.6,56.6,52.4,2.1,3
STU14978,DS201,Fall 2024,2,36.6,37.8,37.0,1.48,4
STU14979,SE501,Spring 2025,3,56.3,60.9,57.7,2.31,3
STU14980,DS201,Spring 2026,5,36.3,36.0,36.2,1.45,3
STU14981,AI301,Fall 2023,0,53.4,49.5,52.2,2.09,4
STU14982,DB401,Spring 2025,3,54.1,53.6,53.9,2.16,3
STU14983,DB401,Spring 2024,1,38.4,46.2,40.7,1.63,4
STU14984,DS201,Spring 2025,3,32.0,34.0,32.6,1.3,3
STU14985,DS201,Fall 2023,0,48.2,44.6,47.1,1.88,3
STU14986,SE501,Fall 2025,4,57.0,61.6,58.4,2.34,4
STU14987,CS101,Spring 2025,3,75.7,79.7,76.9,3.08,3
STU14988,DB401,Spring 2026,5,34.5,41.0,36.4,1.46,3
STU14989,DB401,Fall 2023,0,58.2,52.7,56.5,2.26,4
STU14990,DB401,Spring 2024,1,34.7,31.3,33.7,1.35,4
STU14991,CS101,Spring 2025,3,56.9,64.2,59.1,2.36,4
STU14992,DB401,Fall 2024,2,49.1,47.9,48.8,1.95,3
STU14993,CS101,Spring 2025,3,67.7,54.4,63.7,2.55,3
STU14994,DB401,Fall 2025,4,52.5,44.7,50.2,2.01,3
STU14995,DB401,Fall 2023,0,65.0,69.3,66.3,2.65,3
STU14996,SE501,Spring 2025,3,67.3,64.8,66.5,2.66,4
STU14997,SE501,Fall 2024,2,54.1,50.8,53.1,2.12,3
STU14998,AI301,Spring 2026,5,57.2,65.5,59.7,2.39,4
STU14999,SE501,Fall 2025,4,59.9,61.0,60.2,2.41,4
