student_id,total_classes,classes_attended,attendance_rate,tardy_count
STU10000,45,37,82.8,2
STU10001,50,44,88.4,6
STU10002,50,36,72.4,5
STU10003,40,23,56.9,2
STU10004,50,35,70.2,4
STU10005,45,26,58.6,2
STU10006,40,27,68.4,4
STU10007,40,25,62.2,4
STU10008,40,30,75.2,6
STU10009,50,30,59.4,5
STU10010,45,28,62.6,1
STU10011,45,45,99.8,5
STU10012,40,30,74.1,4
STU10013,50,40,79.8,5
STU10014,45,24,53.9,4
STU10015,50,35,70.5,0
STU10016,40,23,57.3,3
STU10017,45,30,66.0,3
STU10018,45,29,64.0,4
STU10019,50,32,64.7,1
STU10020,50,38,76.3,2
STU10021,40,30,75.1,1
STU10022,40,23,57.0,4
STU10023,45,31,68.3,2
STU10024,45,34,75.0,6
STU10025,40,29,71.7,4
STU10026,45,33,74.1,5
STU10027,45,30,65.7,0
STU10028,50,24,48.3,1
STU10029,45,28,62.8,4
STU10030,50,38,76.6,4
STU10031,40,24,60.5,1
STU10032,40,26,63.8,4
STU10033,40,25,63.1,5
STU10034,50,37,74.2,5
STU10035,40,32,80.0,4
STU10036,50,32,65.0,3
STU10037,45,25,56.6,1
STU10038,50,42,84.2,4
STU10039,45,29,65.5,4
STU10040,40,26,65.5,5
STU10041,45,33,74.1,2
STU10042,45,26,57.1,1
STU10043,40,20,50.8,1
STU10044,45,26,57.9,1
STU10045,45,26,57.8,2
STU10046,50,36,72.4,4
STU10047,45,22,49.1,4
STU10048,40,12,30.0,5
STU10049,50,47,94.6,0
STU10050,45,33,74.0,3
STU10051,40,19,47.1,5
STU10052,50,37,73.5,2
STU10053,50,40,81.0,0
STU10054,45,27,60.1,4
STU10055,50,32,64.5,4
STU10056,50,30,60.1,4
STU10057,40,28,68.8,3
STU10058,40,28,70.8,1
STU10059,50,29,58.4,5
STU10060,50,33,65.7,5
STU10061,50,42,84.7,3
STU10062,50,33,66.2,3
STU10063,50,37,73.4,3
STU10064,40,27,66.8,2
STU10065,40,15,38.3,2
STU10066,50,30,59.7,5
STU10067,45,32,71.6,1
STU10068,45,42,93.3,1
STU10069,45,23,51.8,2
STU10070,40,22,55.8,1
STU10071,50,23,45.5,4
STU10072,45,31,69.6,2
STU10073,45,35,77.5,3
STU10074,45,25,56.4,6
STU10075,50,37,73.7,5
STU10076,50,38,75.0,3
STU10077,40,19,48.4,8
STU10078,50,44,87.9,4
STU10079,40,36,89.6,3
STU10080,45,27,60.8,2
STU10081,40,27,66.9,4
STU10082,40,26,64.2,2
STU10083,50,38,76.0,2
STU10084,45,21,46.1,4
STU10085,40,21,52.1,2
STU10086,45,35,77.1,3
STU10087,45,28,61.4,1
STU10088,50,31,62.2,4
STU10089,45,28,61.5,3
STU10090,40,28,69.1,3
STU10091,45,27,58.9,5
STU10092,45,24,52.6,3
STU10093,45,39,86.1,4
STU10094,50,34,69.0,5
STU10095,50,32,64.9,2
STU10096,45,32,70.9,3
STU10097,45,37,81.5,2
STU10098,45,26,57.3,3
STU10099,45,26,57.3,6
STU10100,40,34,83.9,5
STU10101,45,25,55.7,2
STU10102,45,24,54.0,1
STU10103,40,28,68.9,6
STU10104,45,33,72.6,7
STU10105,50,32,64.5,6
STU10106,40,25,62.0,1
STU10107,50,30,60.1,1
STU10108,50,37,74.4,2
STU10109,45,32,70.7,5
STU10110,50,27,54.5,0
STU10111,40,26,65.6,2
STU10112,50,30,60.5,7
STU10113,40,29,72.6,1
STU10114,50,37,73.3,4
STU10115,40,25,62.9,6
STU10116,45,17,38.1,6
STU10117,45,35,77.7,1
STU10118,50,30,60.9,2
STU10119,50,41,81.8,5
STU10120,45,27,60.4,2
STU10121,45,31,68.4,2
STU10122,40,29,73.7,3
STU10123,45,23,52.1,3
STU10124,45,32,70.4,3
STU10125,40,24,59.0,3
STU10126,45,27,60.0,2
STU10127,40,24,59.2,4
STU10128,45,33,72.3,3
STU10129,40,19,46.8,3
STU10130,45,30,66.7,1
STU10131,45,29,64.6,3
STU10132,50,17,33.6,4
STU10133,40,24,59.9,1
STU10134,45,30,67.2,7
STU10135,50,24,47.8,6
STU10136,50,29,58.2,3
STU10137,40,25,62.9,2
STU10138,50,38,76.2,2
STU10139,45,33,74.2,1
STU10140,50,37,73.4,6
STU10141,40,32,79.3,4
STU10142,40,30,74.9,4
STU10143,45,27,59.2,2
STU10144,45,32,70.4,2
STU10145,45,32,71.7,4
STU10146,50,30,60.7,3
STU10147,45,28,62.1,2
STU10148,45,37,83.2,2
STU10149,45,25,55.7,4
STU10150,40,22,53.9,2
STU10151,45,25,55.0,6
STU10152,50,26,53.0,3
STU10153,40,19,47.5,7
STU10154,45,33,73.3,2
STU10155,45,15,33.2,5
STU10156,40,27,66.4,5
STU10157,40,28,70.4,3
STU10158,40,30,74.1,3
STU10159,50,30,59.7,2
STU10160,45,24,53.4,2
STU10161,45,22,50.0,3
STU10162,45,21,45.9,0
STU10163,40,32,78.9,4
STU10164,45,33,72.4,2
STU10165,45,36,80.8,3
STU10166,40,30,75.1,7
STU10167,45,21,47.5,3
STU10168,50,44,88.4,2
STU10169,45,26,57.2,4
STU10170,50,45,89.3,2
STU10171,40,30,75.4,4
STU10172,45,35,76.9,0
STU10173,50,36,72.3,3
STU10174,45,34,75.3,2
STU10175,40,29,72.2,3
STU10176,40,23,58.1,4
STU10177,45,34,74.6,2
STU10178,40,30,76.1,1
STU10179,50,35,69.9,5
STU10180,40,27,67.2,3
STU10181,40,28,70.9,4
STU10182,50,37,74.6,3
STU10183,45,33,74.4,3
STU10184,40,18,46.0,3
STU10185,45,33,74.1,2
STU10186,50,33,66.5,4
STU10187,45,29,63.5,3
STU10188,40,28,70.3,1
STU10189,40,23,57.9,4
STU10190,40,28,70.3,2
STU10191,50,40,80.6,4
STU10192,40,26,64.9,4
STU10193,45,29,63.5,0
STU10194,40,19,48.1,3
STU10195,50,37,74.6,1
STU10196,45,26,57.9,2
STU10197,45,18,39.3,2
STU10198,50,35,70.6,2
STU10199,45,37,82.5,2
STU10200,40,16,40.6,4
STU10201,45,30,67.3,3
STU10202,50,33,66.5,3
STU10203,45,25,56.5,2
STU10204,45,30,66.1,7
STU10205,50,29,58.2,3
STU10206,45,30,66.4,3
STU10207,50,42,83.1,1
STU10208,40,18,46.1,1
STU10209,50,34,68.3,1
STU10210,45,30,66.2,6
STU10211,45,33,73.3,2
STU10212,40,34,85.3,3
STU10213,45,23,51.0,1
STU10214,45,28,61.6,4
STU10215,45,31,69.8,3
STU10216,45,32,71.0,3
STU10217,50,31,61.5,3
STU10218,45,34,75.7,2
STU10219,50,27,54.8,2
STU10220,45,30,65.6,2
STU10221,45,28,61.6,1
STU10222,45,27,59.7,3
STU10223,40,29,72.1,4
STU10224,50,33,65.5,1
STU10225,40,26,66.0,7
STU10226,45,25,56.5,2
STU10227,40,29,72.0,3
STU10228,40,17,43.1,5
STU10229,40,29,73.2,1
STU10230,50,49,97.2,6
STU10231,45,34,75.9,4
STU10232,45,23,52.0,1
STU10233,50,27,54.2,3
STU10234,50,32,63.3,3
STU10235,45,29,64.3,0
STU10236,45,25,55.3,3
STU10237,40,20,50.3,4
STU10238,50,44,89.0,2
STU10239,45,24,52.6,1
STU10240,45,18,40.8,1
STU10241,40,23,56.3,2
STU10242,45,25,54.6,1
STU10243,50,35,70.0,0
STU10244,50,21,42.9,1
STU10245,50,32,64.5,4
STU10246,40,23,56.8,2
STU10247,40,29,72.7,3
STU10248,50,37,74.3,3
STU10249,45,34,76.3,4
STU10250,45,32,71.2,0
STU10251,45,33,72.7,2
STU10252,50,33,66.1,3
STU10253,50,29,58.8,4
STU10254,50,37,74.2,2
STU10255,40,22,54.6,0
STU10256,40,28,70.0,2
STU10257,50,18,35.6,3
STU10258,50,32,63.3,3
STU10259,45,35,76.9,5
STU10260,40,32,81.0,7
STU10261,45,31,68.7,3
STU10262,50,26,52.3,3
STU10263,50,30,59.8,2
STU10264,40,21,52.2,1
STU10265,40,18,45.3,4
STU10266,45,35,77.2,3
STU10267,45,29,64.5,2
STU10268,40,33,81.7,3
STU10269,50,42,83.3,2
STU10270,40,26,63.8,2
STU10271,45,22,48.2,1
STU10272,40,30,74.9,3
STU10273,45,30,67.3,1
STU10274,45,29,64.1,2
STU10275,45,28,62.5,3
STU10276,50,32,64.9,2
STU10277,45,37,82.1,2
STU10278,50,39,77.9,1
STU10279,50,28,55.1,5
STU10280,40,28,70.7,6
STU10281,50,36,71.8,6
STU10282,50,40,79.6,3
STU10283,40,18,45.4,0
STU10284,40,24,59.7,3
STU10285,45,29,64.8,3
STU10286,50,36,71.8,8
STU10287,45,16,34.8,3
STU10288,50,25,49.7,4
STU10289,50,24,47.1,2
STU10290,45,32,70.8,1
STU10291,50,26,51.4,5
STU10292,50,22,44.5,1
STU10293,40,26,65.1,2
STU10294,50,22,44.9,2
STU10295,45,29,64.9,3
STU10296,50,23,45.7,2
STU10297,40,25,62.0,3
STU10298,40,38,93.8,4
STU10299,40,28,69.9,1
STU10300,45,35,76.9,1
STU10301,40,28,71.0,2
STU10302,50,32,63.6,3
STU10303,50,30,59.7,4
STU10304,50,29,58.7,2
STU10305,50,33,65.6,6
STU10306,45,28,62.3,2
STU10307,45,23,51.3,2
STU10308,50,26,51.5,1
STU10309,50,38,75.9,4
STU10310,40,32,79.7,3
STU10311,45,23,51.3,3
STU10312,50,21,41.4,4
STU10313,40,27,68.7,3
STU10314,45,36,80.6,3
STU10315,50,40,79.4,3
STU10316,40,23,56.5,3
STU10317,45,31,68.4,3
STU10318,45,30,66.2,3
STU10319,45,34,75.8,4
STU10320,50,39,78.8,2
STU10321,45,32,71.5,4
STU10322,50,38,76.0,1
STU10323,50,34,67.1,3
STU10324,45,28,62.7,3
STU10325,50,30,59.9,4
STU10326,50,25,49.6,5
STU10327,40,27,66.3,2
STU10328,45,27,59.5,1
STU10329,40,31,77.3,3
STU10330,40,30,74.8,4
STU10331,45,28,63.0,1
STU10332,50,34,68.7,3
STU10333,40,37,93.5,1
STU10334,50,33,65.8,2
STU10335,50,37,73.5,2
STU10336,40,25,62.7,5
STU10337,50,32,63.7,3
STU10338,45,25,55.5,4
STU10339,40,24,60.6,3
STU10340,50,37,73.8,2
STU10341,40,35,87.6,1
STU10342,40,25,61.6,0
STU10343,45,38,85.2,1
STU10344,50,29,58.5,2
STU10345,45,33,72.4,1
STU10346,40,37,93.1,4
STU10347,50,29,58.7,1
STU10348,40,14,34.4,1
STU10349,50,36,71.6,2
STU10350,45,17,36.9,2
STU10351,40,25,62.8,3
STU10352,50,34,69.0,2
STU10353,45,35,77.7,1
STU10354,45,24,53.3,2
STU10355,40,26,65.6,5
STU10356,45,30,66.6,2
STU10357,50,23,46.7,1
STU10358,40,27,68.7,3
STU10359,40,23,57.9,3
STU10360,50,27,53.5,5
STU10361,45,27,60.9,2
STU10362,50,42,84.9,2
STU10363,50,34,67.0,0
STU10364,40,29,73.2,3
STU10365,40,25,62.9,2
STU10366,50,35,70.6,3
STU10367,45,21,46.7,2
STU10368,40,27,66.9,4
STU10369,50,37,74.6,3
STU10370,40,28,69.9,7
STU10371,45,25,55.0,3
STU10372,40,25,61.6,5
STU10373,45,16,34.6,4
STU10374,45,27,60.1,3
STU10375,50,20,41.0,3
STU10376,50,29,58.7,2
STU10377,45,30,66.7,1
STU10378,40,33,83.6,4
STU10379,50,30,59.4,2
STU10380,45,27,60.3,0
STU10381,40,29,72.3,2
STU10382,40,28,69.5,2
STU10383,50,30,61.0,4
STU10384,40,26,66.2,2
STU10385,50,20,40.4,3
STU10386,40,13,33.7,3
STU10387,40,33,81.4,1
STU10388,45,28,62.9,3
STU10389,40,27,66.7,2
STU10390,40,31,77.1,2
STU10391,40,27,66.3,2
STU10392,50,35,69.6,1
STU10393,45,35,77.3,3
STU10394,45,22,49.7,3
STU10395,40,32,79.2,5
STU10396,45,23,50.8,0
STU10397,40,19,47.7,4
STU10398,50,38,77.0,2
STU10399,40,29,73.4,6
STU10400,40,25,62.9,1
STU10401,40,27,67.7,3
STU10402,40,21,53.6,1
STU10403,50,36,71.0,2
STU10404,45,29,63.4,2
STU10405,40,22,54.6,4
STU10406,45,29,64.1,5
STU10407,40,37,93.0,3
STU10408,45,28,62.1,1
STU10409,50,24,47.8,5
STU10410,45,31,69.7,4
STU10411,45,34,74.8,7
STU10412,50,40,80.5,2
STU10413,45,26,56.9,3
STU10414,40,19,46.9,6
STU10415,40,29,72.9,5
STU10416,50,37,74.0,5
STU10417,50,22,44.0,1
STU10418,50,35,69.4,2
STU10419,40,24,60.7,5
STU10420,45,29,64.9,2
STU10421,50,47,93.7,2
STU10422,40,23,56.8,2
STU10423,45,36,79.0,1
STU10424,40,31,78.5,5
STU10425,45,30,67.6,2
STU10426,50,38,75.4,1
STU10427,50,39,78.1,6
STU10428,40,28,70.7,5
STU10429,45,26,58.7,4
STU10430,40,24,59.1,2
STU10431,45,28,62.5,2
STU10432,40,30,75.4,2
STU10433,45,31,69.7,2
STU10434,50,39,78.7,5
STU10435,40,31,77.1,4
STU10436,45,32,71.1,4
STU10437,40,28,71.2,2
STU10438,40,26,65.8,6
STU10439,45,31,67.8,3
STU10440,45,14,31.4,4
STU10441,40,31,76.5,3
STU10442,40,26,65.8,2
STU10443,45,23,51.6,4
STU10444,50,33,66.4,3
STU10445,40,32,79.2,4
STU10446,40,24,60.3,3
STU10447,45,32,71.7,4
STU10448,40,16,39.7,3
STU10449,50,36,71.6,3
STU10450,40,28,69.2,6
STU10451,40,32,80.3,5
STU10452,40,29,72.1,4
STU10453,50,37,74.5,2
STU10454,50,35,70.5,8
STU10455,50,27,54.7,2
STU10456,45,22,50.0,1
STU10457,45,30,65.8,7
STU10458,50,37,73.1,4
STU10459,45,22,48.2,4
STU10460,45,37,81.9,2
STU10461,40,29,73.0,3
STU10462,45,33,73.9,4
STU10463,45,34,75.9,4
STU10464,40,24,60.8,3
STU10465,40,27,66.9,4
STU10466,45,27,60.7,3
STU10467,40,25,62.8,1
STU10468,50,42,83.2,4
STU10469,40,28,69.7,3
STU10470,45,26,57.5,7
STU10471,45,27,59.5,5
STU10472,50,29,57.2,3
STU10473,45,34,75.4,2
STU10474,40,31,76.7,7
STU10475,50,32,63.5,1
STU10476,45,31,67.9,1
STU10477,40,28,70.9,1
STU10478,40,29,72.3,3
STU10479,45,32,71.8,2
STU10480,45,31,69.9,2
STU10481,45,23,50.8,5
STU10482,45,30,65.7,1
STU10483,40,21,51.3,2
STU10484,45,39,86.8,3
STU10485,40,20,49.2,2
STU10486,40,29,73.6,3
STU10487,40,29,72.7,2
STU10488,45,37,82.2,5
STU10489,40,23,58.1,7
STU10490,50,30,59.2,3
STU10491,45,29,65.1,0
STU10492,50,33,66.6,2
STU10493,45,29,65.1,5
STU10494,45,30,67.5,4
STU10495,50,36,71.8,6
STU10496,45,21,47.0,7
STU10497,45,23,51.3,2
STU10498,40,16,40.5,4
STU10499,45,32,70.3,1
STU10500,50,31,62.5,3
STU10501,50,36,71.5,4
STU10502,45,27,59.8,4
STU10503,40,30,76.0,2
STU10504,50,35,70.4,5
STU10505,45,29,64.2,4
STU10506,45,30,67.7,4
STU10507,50,40,80.2,5
STU10508,40,31,78.0,4
STU10509,40,21,52.0,4
STU10510,50,32,64.1,3
STU10511,50,36,71.2,1
STU10512,50,44,89.0,6
STU10513,50,32,63.7,3
STU10514,40,27,67.4,2
STU10515,50,26,52.2,3
STU10516,40,29,73.3,3
STU10517,40,20,48.9,5
STU10518,40,29,73.7,6
STU10519,45,33,73.6,4
STU10520,45,28,62.7,3
STU10521,45,36,80.6,2
STU10522,50,36,72.8,4
STU10523,45,38,84.2,1
STU10524,45,28,62.4,2
STU10525,50,20,40.7,1
STU10526,45,30,67.1,4
STU10527,40,21,53.2,3
STU10528,40,21,53.3,9
STU10529,50,33,65.4,1
STU10530,50,38,75.9,3
STU10531,40,15,36.3,4
STU10532,50,33,66.5,2
STU10533,50,32,64.7,0
STU10534,50,34,67.2,1
STU10535,50,33,65.8,1
STU10536,40,21,52.0,3
STU10537,50,32,64.6,2
STU10538,45,30,67.6,2
STU10539,50,31,62.6,5
STU10540,50,34,67.9,4
STU10541,40,21,53.4,3
STU10542,45,31,69.4,5
STU10543,50,37,74.0,1
STU10544,50,25,50.6,3
STU10545,40,24,61.1,3
STU10546,50,30,60.9,3
STU10547,50,34,68.2,2
STU10548,50,45,90.8,2
STU10549,40,21,53.1,4
STU10550,50,37,74.6,4
STU10551,45,32,70.6,3
STU10552,50,31,61.9,6
STU10553,40,24,58.9,2
STU10554,45,29,65.1,3
STU10555,40,34,85.8,4
STU10556,50,44,88.5,6
STU10557,50,32,64.3,3
STU10558,40,26,64.2,1
STU10559,50,25,50.0,3
STU10560,45,29,63.9,3
STU10561,40,24,59.7,6
STU10562,50,25,49.6,1
STU10563,45,27,59.1,3
STU10564,50,34,67.0,5
STU10565,50,25,49.9,0
STU10566,40,23,58.4,4
STU10567,45,24,53.5,3
STU10568,45,15,33.9,3
STU10569,45,19,42.4,2
STU10570,50,35,69.1,0
STU10571,50,32,63.1,5
STU10572,40,29,72.2,2
STU10573,40,26,64.1,8
STU10574,50,33,66.9,1
STU10575,50,29,57.8,2
STU10576,45,30,67.1,6
STU10577,50,38,75.8,5
STU10578,45,23,50.7,4
STU10579,40,25,63.1,3
STU10580,50,36,72.3,3
STU10581,50,37,73.2,3
STU10582,45,17,38.4,1
STU10583,40,25,62.3,0
STU10584,50,26,52.1,2
STU10585,45,29,63.4,3
STU10586,50,34,67.9,6
STU10587,40,21,52.2,3
STU10588,45,35,77.6,3
STU10589,45,32,71.3,3
STU10590,45,19,41.3,4
STU10591,40,30,75.6,4
STU10592,45,25,55.6,2
STU10593,40,31,78.1,3
STU10594,50,32,63.9,1
STU10595,50,32,63.4,3
STU10596,45,35,78.5,6
STU10597,50,33,66.5,6
STU10598,50,28,56.6,1
STU10599,50,30,60.3,1
STU10600,45,34,75.1,5
STU10601,45,20,45.2,2
STU10602,40,21,53.0,2
STU10603,50,27,53.9,2
STU10604,40,18,46.2,1
STU10605,40,28,71.1,1
STU10606,50,28,56.0,1
STU10607,40,33,81.4,2
STU10608,45,28,61.6,8
STU10609,50,29,58.5,7
STU10610,50,36,71.8,2
STU10611,50,36,72.8,5
STU10612,45,26,56.8,6
STU10613,40,28,69.8,1
STU10614,45,34,74.9,2
STU10615,40,21,53.0,3
STU10616,45,28,61.9,2
STU10617,45,24,52.4,5
STU10618,50,28,56.1,1
STU10619,45,33,73.6,6
STU10620,45,26,57.9,6
STU10621,40,28,69.0,3
STU10622,40,32,79.9,4
STU10623,45,28,61.4,4
STU10624,50,35,70.2,8
STU10625,50,33,66.8,2
STU10626,40,27,67.6,3
STU10627,40,26,65.6,2
STU10628,50,33,66.6,3
STU10629,40,26,65.0,4
STU10630,40,27,66.5,3
STU10631,40,18,45.0,4
STU10632,50,31,61.5,0
STU10633,50,40,80.8,3
STU10634,45,27,59.3,2
STU10635,40,32,81.0,2
STU10636,45,26,58.3,0
STU10637,45,31,69.0,5
STU10638,45,29,63.9,0
STU10639,40,38,95.7,2
STU10640,50,28,55.8,6
STU10641,40,26,64.9,2
STU10642,50,43,85.1,2
STU10643,40,31,78.1,4
STU10644,50,29,57.8,5
STU10645,45,31,68.5,2
STU10646,40,22,56.1,3
STU10647,50,24,48.4,3
STU10648,45,28,63.0,2
STU10649,45,25,55.2,3
STU10650,45,38,83.5,3
STU10651,45,31,68.2,4
STU10652,50,25,50.6,1
STU10653,50,30,59.1,3
STU10654,45,30,66.9,4
STU10655,45,36,79.8,3
STU10656,45,26,58.7,2
STU10657,45,24,53.3,5
STU10658,45,26,58.6,3
STU10659,40,36,89.7,1
STU10660,50,35,70.9,6
STU10661,50,32,64.1,2
STU10662,40,21,51.7,5
STU10663,50,41,82.4,2
STU10664,45,32,71.6,4
STU10665,50,35,70.2,4
STU10666,45,29,64.7,3
STU10667,50,26,52.9,3
STU10668,40,26,64.2,3
STU10669,50,29,57.7,6
STU10670,45,21,47.3,1
STU10671,40,31,76.8,8
STU10672,45,24,53.3,2
STU10673,50,17,34.9,5
STU10674,40,29,72.4,4
STU10675,45,26,58.4,5
STU10676,50,37,74.0,2
STU10677,40,24,58.8,3
STU10678,50,27,54.5,6
STU10679,40,33,81.5,5
STU10680,50,26,53.0,4
STU10681,40,26,64.2,2
STU10682,45,21,46.0,1
STU10683,50,28,56.1,0
STU10684,50,29,58.4,2
STU10685,50,29,58.6,1
STU10686,40,19,47.6,3
STU10687,40,23,56.9,3
STU10688,50,27,53.3,3
STU10689,40,27,66.4,2
STU10690,45,24,54.3,3
STU10691,50,23,46.5,5
STU10692,45,36,79.3,4
STU10693,50,37,74.4,6
STU10694,50,38,76.2,0
STU10695,50,31,61.9,3
STU10696,45,33,73.9,2
STU10697,40,28,69.9,6
STU10698,45,32,70.6,1
STU10699,45,22,49.7,3
STU10700,45,32,70.1,1
STU10701,50,39,78.1,2
STU10702,40,25,62.6,1
STU10703,40,15,37.3,5
STU10704,40,26,64.7,4
STU10705,40,25,62.5,1
STU10706,45,31,69.1,1
STU10707,40,24,61.0,1
STU10708,45,34,74.9,6
STU10709,45,32,70.3,0
STU10710,40,29,71.9,2
STU10711,40,23,58.0,6
STU10712,45,36,80.0,0
STU10713,40,28,69.7,2
STU10714,50,29,57.4,2
STU10715,40,28,69.8,5
STU10716,40,30,74.4,5
STU10717,50,30,59.7,1
STU10718,40,18,44.9,1
STU10719,40,27,68.3,3
STU10720,40,30,76.1,3
STU10721,40,30,75.8,5
STU10722,40,25,62.6,2
STU10723,40,25,63.1,3
STU10724,50,28,56.9,5
STU10725,40,24,60.0,3
STU10726,50,39,78.6,6
STU10727,45,28,61.6,1
STU10728,45,35,78.2,3
STU10729,50,26,51.0,6
STU10730,40,29,71.8,4
STU10731,50,36,72.2,2
STU10732,50,29,57.1,2
STU10733,50,42,83.6,0
STU10734,50,35,70.6,2
STU10735,50,26,52.7,3
STU10736,40,24,60.4,0
STU10737,45,32,71.7,4
STU10738,50,37,74.3,4
STU10739,40,24,60.9,1
STU10740,50,19,38.5,3
STU10741,50,28,55.3,3
STU10742,50,33,65.9,3
STU10743,45,25,55.7,4
STU10744,40,22,55.6,0
STU10745,40,31,78.6,2
STU10746,50,30,60.9,5
STU10747,40,26,64.1,4
STU10748,45,20,44.0,3
STU10749,50,37,74.0,2
STU10750,50,38,76.1,1
STU10751,50,30,60.7,2
STU10752,50,29,58.3,4
STU10753,50,32,64.6,2
STU10754,40,26,66.2,3
STU10755,45,28,62.5,3
STU10756,50,22,43.1,3
STU10757,45,25,55.6,3
STU10758,50,30,59.1,7
STU10759,40,19,48.1,2
STU10760,45,16,36.1,4
STU10761,45,33,73.2,5
STU10762,50,32,64.4,5
STU10763,50,28,56.2,4
STU10764,45,26,58.4,3
STU10765,40,21,51.8,5
STU10766,50,30,59.7,3
STU10767,50,41,82.0,3
STU10768,50,36,71.2,3
STU10769,50,26,52.5,3
STU10770,45,34,75.2,2
STU10771,45,34,75.1,5
STU10772,50,18,35.6,2
STU10773,50,36,71.8,2
STU10774,40,23,57.4,3
STU10775,50,39,77.6,4
STU10776,40,20,50.4,3
STU10777,40,29,72.1,5
STU10778,50,35,70.9,1
STU10779,50,26,51.4,4
STU10780,50,41,82.6,5
STU10781,40,26,65.2,7
STU10782,45,25,54.5,5
STU10783,40,25,62.7,2
STU10784,50,30,60.4,5
STU10785,40,15,36.5,1
STU10786,45,28,61.3,1
STU10787,45,29,63.7,3
STU10788,40,24,61.0,4
STU10789,40,23,57.0,1
STU10790,50,34,68.3,4
STU10791,45,30,66.3,2
STU10792,40,19,47.7,4
STU10793,40,31,76.9,3
STU10794,40,27,68.2,1
STU10795,40,32,80.4,2
STU10796,50,41,81.8,2
STU10797,50,29,57.7,5
STU10798,40,30,75.9,1
STU10799,50,37,74.2,2
STU10800,40,34,84.6,0
STU10801,40,21,51.5,1
STU10802,45,32,71.0,3
STU10803,45,28,62.5,2
STU10804,50,37,73.9,6
STU10805,40,31,77.6,3
STU10806,50,35,70.0,6
STU10807,45,29,65.3,2
STU10808,50,33,66.8,5
STU10809,40,27,68.3,3
STU10810,50,32,63.3,3
STU10811,40,23,57.8,4
STU10812,45,26,57.0,2
STU10813,45,30,66.8,3
STU10814,50,32,63.9,3
STU10815,50,31,61.5,5
STU10816,40,22,55.0,0
STU10817,50,42,83.2,2
STU10818,50,30,60.8,3
STU10819,40,15,37.4,2
STU10820,45,35,77.8,3
STU10821,50,29,58.2,5
STU10822,50,42,83.6,0
STU10823,45,25,55.2,1
STU10824,40,32,80.6,0
STU10825,50,25,50.9,6
STU10826,40,27,67.3,1
STU10827,50,18,36.4,5
STU10828,40,24,61.2,4
STU10829,50,35,69.3,1
STU10830,40,26,66.1,4
STU10831,40,28,70.2,5
STU10832,50,30,60.1,4
STU10833,50,31,62.2,2
STU10834,50,35,70.2,4
STU10835,50,32,64.1,2
STU10836,45,20,45.5,8
STU10837,50,27,54.2,4
STU10838,40,26,64.1,1
STU10839,50,36,71.4,5
STU10840,50,22,43.9,5
STU10841,45,27,60.7,2
STU10842,45,32,71.1,3
STU10843,45,32,70.9,2
STU10844,40,30,74.1,5
STU10845,45,34,74.5,2
STU10846,45,23,51.3,6
STU10847,50,30,59.3,5
STU10848,40,25,63.1,2
STU10849,50,26,51.8,2
STU10850,40,20,50.8,3
STU10851,40,22,55.5,1
STU10852,45,32,70.1,4
STU10853,50,36,72.1,1
STU10854,45,17,38.4,2
STU10855,40,19,48.1,4
STU10856,40,25,61.4,3
STU10857,40,27,67.1,0
STU10858,45,26,58.6,3
STU10859,40,24,59.3,4
STU10860,50,41,82.9,4
STU10861,50,23,45.9,3
STU10862,45,32,71.4,7
STU10863,45,19,42.3,2
STU10864,50,35,69.6,3
STU10865,45,42,94.2,4
STU10866,50,30,60.3,3
STU10867,50,34,67.4,3
STU10868,45,35,76.9,3
STU10869,45,38,84.2,5
STU10870,45,27,60.4,2
STU10871,50,28,56.0,7
STU10872,45,29,64.7,3
STU10873,45,29,63.6,3
STU10874,50,34,68.0,2
STU10875,45,38,84.9,1
STU10876,40,24,59.9,0
STU10877,40,31,77.1,6
STU10878,45,29,64.9,2
STU10879,50,37,73.4,2
STU10880,50,25,50.0,4
STU10881,45,32,72.0,3
STU10882,45,26,57.4,3
STU10883,50,28,55.3,0
STU10884,50,36,71.6,0
STU10885,50,38,76.1,2
STU10886,45,31,68.5,1
STU10887,50,40,80.1,3
STU10888,45,25,56.6,5
STU10889,40,36,91.2,3
STU10890,40,22,56.2,1
STU10891,45,31,69.0,3
STU10892,45,30,66.7,5
STU10893,45,30,67.2,4
STU10894,45,35,77.5,2
STU10895,50,41,82.6,1
STU10896,40,23,58.1,3
STU10897,45,33,73.9,1
STU10898,45,32,71.3,2
STU10899,45,34,75.5,2
STU10900,45,24,52.5,1
STU10901,45,28,63.3,4
STU10902,50,38,75.7,2
STU10903,45,37,82.6,4
STU10904,45,36,79.3,3
STU10905,45,37,83.2,2
STU10906,45,32,71.6,1
STU10907,45,32,70.6,5
STU10908,45,32,71.7,1
STU10909,45,26,58.4,6
STU10910,40,31,78.4,4
STU10911,40,34,85.7,3
STU10912,45,29,64.4,4
STU10913,40,27,68.7,4
STU10914,45,27,60.1,3
STU10915,45,22,49.0,2
STU10916,50,33,65.8,3
STU10917,50,32,65.0,2
STU10918,45,28,61.5,1
STU10919,45,38,83.4,2
STU10920,50,25,50.3,2
STU10921,45,33,72.7,0
STU10922,50,31,61.6,1
STU10923,45,38,83.9,4
STU10924,50,37,74.6,5
STU10925,40,27,66.7,3
STU10926,50,28,55.5,4
STU10927,45,31,69.6,2
STU10928,40,22,55.7,5
STU10929,45,26,58.7,2
STU10930,50,31,61.3,5
STU10931,45,31,69.4,1
STU10932,40,20,50.7,1
STU10933,40,31,78.2,4
STU10934,50,34,67.5,2
STU10935,45,26,57.9,4
STU10936,40,26,64.0,1
STU10937,45,35,77.7,3
STU10938,50,24,48.3,4
STU10939,40,20,50.9,4
STU10940,40,26,65.4,0
STU10941,50,33,65.2,4
STU10942,40,31,78.0,4
STU10943,40,28,68.8,5
STU10944,40,28,68.9,3
STU10945,50,30,60.0,5
STU10946,40,27,68.4,2
STU10947,45,27,60.7,3
STU10948,40,31,76.4,4
STU10949,40,30,74.0,4
STU10950,40,22,54.5,0
STU10951,50,30,59.6,3
STU10952,45,27,59.6,4
STU10953,50,30,60.3,4
STU10954,50,40,80.0,3
STU10955,40,30,73.9,4
STU10956,50,37,73.7,2
STU10957,40,29,71.4,2
STU10958,45,31,69.7,6
STU10959,45,31,69.7,0
STU10960,45,37,82.4,2
STU10961,40,24,61.1,5
STU10962,50,44,88.2,1
STU10963,45,39,86.4,8
STU10964,50,21,42.7,3
STU10965,45,43,95.6,2
STU10966,40,17,42.3,4
STU10967,40,25,63.6,0
STU10968,40,24,60.9,1
STU10969,45,19,42.9,4
STU10970,50,33,66.5,2
STU10971,40,28,69.1,7
STU10972,50,21,42.8,2
STU10973,50,31,61.5,3
STU10974,45,24,52.6,3
STU10975,50,29,58.0,6
STU10976,40,19,47.7,1
STU10977,40,26,64.1,3
STU10978,50,36,71.6,4
STU10979,40,25,63.5,6
STU10980,45,33,74.3,5
STU10981,40,23,57.3,2
STU10982,50,38,75.9,3
STU10983,50,20,40.6,2
STU10984,50,32,64.9,2
STU10985,50,36,71.4,7
STU10986,45,36,79.2,5
STU10987,50,39,78.6,1
STU10988,40,23,56.9,1
STU10989,45,28,63.0,2
STU10990,40,26,63.8,3
STU10991,50,36,71.0,1
STU10992,45,33,72.9,1
STU10993,45,28,63.2,3
STU10994,40,38,94.4,4
STU10995,40,22,54.6,3
STU10996,50,30,59.6,2
STU10997,45,29,63.6,4
STU10998,50,31,61.5,2
STU10999,45,30,67.7,3
STU11000,40,38,95.2,1
STU11001,50,20,39.9,2
STU11002,45,22,48.9,2
STU11003,40,30,74.2,6
STU11004,40,25,62.0,1
STU11005,50,31,62.3,4
STU11006,50,40,80.8,4
STU11007,45,25,56.2,3
STU11008,50,32,64.8,3
STU11009,40,23,57.7,0
STU11010,50,38,75.6,2
STU11011,50,25,49.8,3
STU11012,45,26,57.5,2
STU11013,45,32,70.3,2
STU11014,40,31,77.3,3
STU11015,40,26,65.5,1
STU11016,50,36,71.3,0
STU11017,45,30,67.1,4
STU11018,45,31,69.7,3
STU11019,40,28,69.7,1
STU11020,45,30,67.4,2
STU11021,50,38,76.7,4
STU11022,45,30,66.8,3
STU11023,40,33,82.8,3
STU11024,45,27,58.9,3
STU11025,45,25,55.0,4
STU11026,40,27,67.5,2
STU11027,50,35,70.3,4
STU11028,50,28,55.6,1
STU11029,40,27,68.7,5
STU11030,45,31,69.3,4
STU11031,45,30,66.8,2
STU11032,40,23,57.2,4
STU11033,50,33,65.5,1
STU11034,50,34,67.1,4
STU11035,50,38,76.4,1
STU11036,50,43,86.2,2
STU11037,50,32,64.8,5
STU11038,50,42,84.3,6
STU11039,50,46,91.7,2
STU11040,40,24,59.7,4
STU11041,45,38,84.9,5
STU11042,50,36,72.3,4
STU11043,45,28,63.1,4
STU11044,40,24,59.0,1
STU11045,40,30,73.8,2
STU11046,45,25,55.9,1
STU11047,40,32,80.2,1
STU11048,40,29,73.1,5
STU11049,40,18,44.7,4
STU11050,45,41,90.5,2
STU11051,50,38,76.4,4
STU11052,45,30,66.6,6
STU11053,50,36,72.1,2
STU11054,45,27,60.3,7
STU11055,50,37,73.4,3
STU11056,40,24,60.8,1
STU11057,40,27,67.1,1
STU11058,45,23,50.9,3
STU11059,50,37,73.8,4
STU11060,40,23,56.5,6
STU11061,40,29,72.0,6
STU11062,45,29,65.5,5
STU11063,45,29,65.5,1
STU11064,40,32,79.4,6
STU11065,45,30,67.4,1
STU11066,40,37,91.6,2
STU11067,40,28,69.2,1
STU11068,40,15,37.7,1
STU11069,45,33,72.9,3
STU11070,45,22,48.9,3
STU11071,50,31,61.2,1
STU11072,50,30,60.9,3
STU11073,40,24,60.2,4
STU11074,45,36,81.1,1
STU11075,50,40,80.6,4
STU11076,50,33,65.6,5
STU11077,40,33,81.7,3
STU11078,40,37,91.3,1
STU11079,45,29,64.5,3
STU11080,50,33,66.2,2
STU11081,40,21,51.5,4
STU11082,50,32,63.3,7
STU11083,45,42,94.0,2
STU11084,45,39,87.2,1
STU11085,50,32,64.8,2
STU11086,45,33,73.6,4
STU11087,40,32,79.0,2
STU11088,45,39,86.9,1
STU11089,45,33,73.0,5
STU11090,40,19,47.0,3
STU11091,45,29,64.8,4
STU11092,50,29,58.9,2
STU11093,40,16,39.1,2
STU11094,40,31,77.3,5
STU11095,50,26,51.9,2
STU11096,50,34,68.9,1
STU11097,40,23,57.4,4
STU11098,50,30,59.3,1
STU11099,40,34,85.6,1
STU11100,40,27,67.2,3
STU11101,40,30,75.5,6
STU11102,40,20,50.9,3
STU11103,40,26,64.4,2
STU11104,40,19,47.3,4
STU11105,40,29,72.6,3
STU11106,50,36,72.0,4
STU11107,50,32,64.8,3
STU11108,50,33,66.4,3
STU11109,40,32,80.4,5
STU11110,50,22,44.1,1
STU11111,45,21,46.2,1
STU11112,50,41,81.3,3
STU11113,50,31,62.9,4
STU11114,50,31,61.1,3
STU11115,40,19,46.7,5
STU11116,45,31,69.8,2
STU11117,45,22,48.5,3
STU11118,45,28,62.5,1
STU11119,40,21,53.6,4
STU11120,50,30,59.0,3
STU11121,40,23,58.2,6
STU11122,45,35,76.7,1
STU11123,40,20,49.1,3
STU11124,45,33,74.4,4
STU11125,45,18,39.2,2
STU11126,45,35,78.2,0
STU11127,40,30,74.6,1
STU11128,50,28,57.0,4
STU11129,50,43,86.3,1
STU11130,50,37,73.2,1
STU11131,50,30,59.2,1
STU11132,50,30,60.0,2
STU11133,45,28,62.5,3
STU11134,50,22,44.6,3
STU11135,45,32,70.1,6
STU11136,50,35,70.8,9
STU11137,40,24,60.4,1
STU11138,40,23,58.0,4
STU11139,45,30,67.7,2
STU11140,45,39,86.6,3
STU11141,45,29,63.6,1
STU11142,45,30,67.2,1
STU11143,50,25,50.8,3
STU11144,45,34,75.1,3
STU11145,45,24,54.4,0
STU11146,40,23,58.1,3
STU11147,50,38,76.9,5
STU11148,50,41,82.5,1
STU11149,50,42,83.7,3
STU11150,50,30,59.4,0
STU11151,40,32,81.0,8
STU11152,40,32,80.6,1
STU11153,40,21,53.7,1
STU11154,40,27,68.2,3
STU11155,50,34,67.7,1
STU11156,50,26,51.5,4
STU11157,40,30,73.8,3
STU11158,50,38,76.6,1
STU11159,40,22,55.7,1
STU11160,45,33,73.3,3
STU11161,45,29,64.9,5
STU11162,40,26,65.0,1
STU11163,50,35,69.1,7
STU11164,45,18,40.9,1
STU11165,45,29,63.6,5
STU11166,45,31,68.3,3
STU11167,40,26,64.7,1
STU11168,45,34,74.8,3
STU11169,50,35,69.5,2
STU11170,40,24,59.5,2
STU11171,40,21,53.7,7
STU11172,45,31,69.5,4
STU11173,45,30,67.1,2
STU11174,40,31,77.6,4
STU11175,50,32,64.7,2
STU11176,40,25,62.1,1
STU11177,40,22,56.2,1
STU11178,40,25,61.4,4
STU11179,50,31,62.0,0
STU11180,40,29,72.1,4
STU11181,45,28,62.0,2
STU11182,45,35,77.4,6
STU11183,50,22,43.2,4
STU11184,45,29,65.1,4
STU11185,50,37,74.0,5
STU11186,45,28,62.0,3
STU11187,40,21,52.5,0
STU11188,50,40,79.5,5
STU11189,45,24,53.4,3
STU11190,40,26,65.9,3
STU11191,50,40,80.2,0
STU11192,50,40,79.7,1
STU11193,45,30,66.5,2
STU11194,45,38,85.5,4
STU11195,40,23,56.4,1
STU11196,50,34,68.4,2
STU11197,40,29,72.0,2
STU11198,40,28,69.1,4
STU11199,45,35,77.0,2
STU11200,45,22,48.4,4
STU11201,45,28,62.9,3
STU11202,45,33,74.3,4
STU11203,50,30,59.8,5
STU11204,40,20,49.8,3
STU11205,50,40,80.0,2
STU11206,40,31,76.4,4
STU11207,50,35,70.0,7
STU11208,40,25,62.7,4
STU11209,50,32,63.7,0
STU11210,45,32,70.6,1
STU11211,45,37,83.0,6
STU11212,40,32,80.1,8
STU11213,40,18,44.7,3
STU11214,40,27,66.9,5
STU11215,45,25,55.2,4
STU11216,40,26,64.4,1
STU11217,40,25,61.5,3
STU11218,45,32,71.3,4
STU11219,50,37,73.1,5
STU11220,40,36,89.3,0
STU11221,40,25,62.1,4
STU11222,40,33,81.8,1
STU11223,45,19,41.2,6
STU11224,50,35,69.1,8
STU11225,45,34,76.6,1
STU11226,45,32,72.1,5
STU11227,50,38,76.2,3
STU11228,45,35,78.8,4
STU11229,40,28,70.8,2
STU11230,40,31,77.2,1
STU11231,45,26,57.4,4
STU11232,50,25,49.4,5
STU11233,40,31,77.5,1
STU11234,50,29,58.7,0
STU11235,50,37,73.8,2
STU11236,40,29,71.3,2
STU11237,40,22,55.9,2
STU11238,40,20,50.6,0
STU11239,40,20,50.8,3
STU11240,40,29,72.9,5
STU11241,45,25,55.9,0
STU11242,45,24,53.8,2
STU11243,45,23,50.5,4
STU11244,40,33,81.6,1
STU11245,50,21,41.6,3
STU11246,45,31,67.8,1
STU11247,50,30,59.7,0
STU11248,40,22,55.0,4
STU11249,40,28,69.0,1
STU11250,45,39,85.9,5
STU11251,50,49,98.4,1
STU11252,50,39,77.7,2
STU11253,50,26,52.2,3
STU11254,50,31,61.3,3
STU11255,50,41,82.2,3
STU11256,40,37,91.8,6
STU11257,50,38,76.7,6
STU11258,50,24,48.6,3
STU11259,50,34,69.0,2
STU11260,45,28,63.1,5
STU11261,40,28,70.5,3
STU11262,45,22,48.1,5
STU11263,45,30,65.9,4
STU11264,45,28,62.5,6
STU11265,45,35,77.8,2
STU11266,45,29,63.9,2
STU11267,40,22,55.0,3
STU11268,50,35,70.6,2
STU11269,45,31,69.0,3
STU11270,40,32,80.4,3
STU11271,45,31,68.9,1
STU11272,50,30,59.6,1
STU11273,45,23,50.9,5
STU11274,40,26,65.4,1
STU11275,50,38,75.9,7
STU11276,50,38,76.9,3
STU11277,50,29,58.6,1
STU11278,50,48,96.4,2
STU11279,50,39,78.6,1
STU11280,45,27,60.2,3
STU11281,40,26,64.6,9
STU11282,40,24,59.4,2
STU11283,40,28,71.1,0
STU11284,45,26,58.8,3
STU11285,40,23,57.0,2
STU11286,45,38,85.3,2
STU11287,50,32,64.9,4
STU11288,50,29,57.4,4
STU11289,50,34,68.3,4
STU11290,40,23,58.3,3
STU11291,40,30,73.9,0
STU11292,40,21,52.2,4
STU11293,40,24,60.0,1
STU11294,50,39,78.6,2
STU11295,45,18,40.9,7
STU11296,45,30,65.8,3
STU11297,40,30,74.4,5
STU11298,50,34,68.4,2
STU11299,50,30,59.0,3
STU11300,45,35,78.6,1
STU11301,50,35,69.5,3
STU11302,40,18,46.1,1
STU11303,50,29,57.5,1
STU11304,45,27,59.7,0
STU11305,45,28,61.9,1
STU11306,40,36,91.2,4
STU11307,40,32,78.9,4
STU11308,45,26,56.9,5
STU11309,40,30,75.7,2
STU11310,45,33,73.5,5
STU11311,45,37,82.5,1
STU11312,40,31,76.5,3
STU11313,50,32,64.6,4
STU11314,45,31,70.0,3
STU11315,45,32,71.3,1
STU11316,45,37,81.7,5
STU11317,40,27,68.3,5
STU11318,50,34,68.8,4
STU11319,40,20,48.8,2
STU11320,45,26,56.7,2
STU11321,40,31,77.5,2
STU11322,50,34,67.9,1
STU11323,40,23,56.5,7
STU11324,40,31,76.8,2
STU11325,50,38,76.5,1
STU11326,45,29,64.9,3
STU11327,45,41,90.6,1
STU11328,40,19,48.7,1
STU11329,40,18,46.0,3
STU11330,40,27,67.1,2
STU11331,40,26,65.3,1
STU11332,50,25,50.1,0
STU11333,45,31,70.0,4
STU11334,45,37,81.6,0
STU11335,40,25,61.4,5
STU11336,50,29,57.2,3
STU11337,50,25,50.6,3
STU11338,40,27,66.7,3
STU11339,40,23,56.9,4
STU11340,45,28,61.4,1
STU11341,40,22,54.1,2
STU11342,40,32,79.0,3
STU11343,45,32,70.4,1
STU11344,45,35,77.8,3
STU11345,50,34,67.2,4
STU11346,45,42,93.4,5
STU11347,40,24,60.6,2
STU11348,50,35,70.6,6
STU11349,40,29,72.2,3
STU11350,45,26,58.2,4
STU11351,50,34,67.7,4
STU11352,50,36,71.2,0
STU11353,50,34,67.5,6
STU11354,45,30,67.7,2
STU11355,45,21,47.6,1
STU11356,45,34,74.7,2
STU11357,50,27,54.6,2
STU11358,45,25,55.9,7
STU11359,45,25,55.9,3
STU11360,40,33,82.3,1
STU11361,45,30,65.6,4
STU11362,45,34,75.5,1
STU11363,45,31,69.4,0
STU11364,45,24,53.9,4
STU11365,40,27,66.3,5
STU11366,45,16,35.7,5
STU11367,45,24,53.9,3
STU11368,45,29,63.4,1
STU11369,45,41,91.5,4
STU11370,50,39,77.7,3
STU11371,45,27,60.8,4
STU11372,40,30,75.2,3
STU11373,50,43,86.4,1
STU11374,45,31,68.0,3
STU11375,40,27,67.1,5
STU11376,45,36,80.2,4
STU11377,50,32,63.4,3
STU11378,50,26,52.3,1
STU11379,40,26,64.3,1
STU11380,40,20,49.4,5
STU11381,50,29,58.8,3
STU11382,45,30,67.3,1
STU11383,50,28,56.1,8
STU11384,45,25,55.8,2
STU11385,40,26,66.2,3
STU11386,50,34,67.1,2
STU11387,45,21,46.1,0
STU11388,45,32,70.2,1
STU11389,50,31,61.3,4
STU11390,50,47,93.7,1
STU11391,45,27,59.0,2
STU11392,45,27,60.3,4
STU11393,40,24,60.2,2
STU11394,45,27,61.1,7
STU11395,50,35,69.5,3
STU11396,50,29,57.9,3
STU11397,45,28,61.2,2
STU11398,45,35,78.0,2
STU11399,45,35,78.6,6
STU11400,40,34,85.9,1
STU11401,50,27,54.7,1
STU11402,50,47,93.2,1
STU11403,45,29,64.7,2
STU11404,40,26,64.9,2
STU11405,40,32,80.5,5
STU11406,45,35,78.0,1
STU11407,50,34,68.6,5
STU11408,40,26,64.7,1
STU11409,45,29,65.1,1
STU11410,50,40,80.3,2
STU11411,50,30,59.4,4
STU11412,45,35,76.9,1
STU11413,50,24,48.5,3
STU11414,40,24,60.5,1
STU11415,50,34,67.5,2
STU11416,40,28,69.9,2
STU11417,40,20,50.5,2
STU11418,45,30,65.8,2
STU11419,45,32,70.2,5
STU11420,50,25,50.8,3
STU11421,40,29,73.3,5
STU11422,40,28,70.3,5
STU11423,40,19,48.6,2
STU11424,40,33,83.5,4
STU11425,40,20,51.2,3
STU11426,50,29,57.9,3
STU11427,40,19,47.7,6
STU11428,45,36,79.4,5
STU11429,45,29,64.1,3
STU11430,40,31,77.8,8
STU11431,50,39,77.2,2
STU11432,45,31,68.7,0
STU11433,50,38,75.1,5
STU11434,45,25,55.9,5
STU11435,40,30,76.1,3
STU11436,45,30,65.6,0
STU11437,40,34,85.9,5
STU11438,40,28,68.9,5
STU11439,40,20,50.4,0
STU11440,45,34,75.5,4
STU11441,50,35,70.0,2
STU11442,45,33,74.2,2
STU11443,50,38,75.4,2
STU11444,40,22,55.9,1
STU11445,50,30,60.6,5
STU11446,40,29,71.4,3
STU11447,45,35,78.1,1
STU11448,50,23,45.5,2
STU11449,50,32,65.0,1
STU11450,50,33,65.7,1
STU11451,45,30,67.1,5
STU11452,50,46,92.2,1
STU11453,40,32,79.6,2
STU11454,45,30,66.7,2
STU11455,40,34,85.9,1
STU11456,40,23,56.4,2
STU11457,45,18,40.2,3
STU11458,40,29,73.5,6
STU11459,50,32,64.1,4
STU11460,40,26,65.4,2
STU11461,50,30,59.6,3
STU11462,45,29,63.6,2
STU11463,40,25,63.7,4
STU11464,40,26,65.4,3
STU11465,50,36,72.7,0
STU11466,40,23,56.5,2
STU11467,50,28,56.7,3
STU11468,40,24,61.0,4
STU11469,45,31,68.1,4
STU11470,50,28,56.7,3
STU11471,40,21,53.5,3
STU11472,40,28,69.7,3
STU11473,50,26,51.3,2
STU11474,40,25,62.5,5
STU11475,40,20,50.8,5
STU11476,50,32,64.0,2
STU11477,50,36,71.0,4
STU11478,45,26,58.6,4
STU11479,45,32,70.7,2
STU11480,50,27,54.9,4
STU11481,40,25,62.3,3
STU11482,50,35,69.2,3
STU11483,40,26,65.6,2
STU11484,45,29,65.3,6
STU11485,50,28,57.0,5
STU11486,50,40,79.6,4
STU11487,45,29,64.8,2
STU11488,50,44,87.4,6
STU11489,50,31,61.3,3
STU11490,50,24,47.8,2
STU11491,50,31,61.1,2
STU11492,45,22,49.4,3
STU11493,40,32,79.2,1
STU11494,45,26,57.2,3
STU11495,45,29,65.2,3
STU11496,50,31,62.5,0
STU11497,45,30,66.4,3
STU11498,50,31,62.2,1
STU11499,50,37,73.7,3
STU11500,40,34,84.5,2
STU11501,45,24,53.2,1
STU11502,45,29,65.2,3
STU11503,50,27,54.5,2
STU11504,50,33,65.3,3
STU11505,40,23,58.4,2
STU11506,50,26,52.7,2
STU11507,40,33,83.4,2
STU11508,50,41,81.9,2
STU11509,50,25,50.0,0
STU11510,50,21,41.3,1
STU11511,50,35,69.8,2
STU11512,45,28,63.0,3
STU11513,40,19,48.1,4
STU11514,45,36,80.0,1
STU11515,45,29,65.4,5
STU11516,40,28,69.8,4
STU11517,50,34,68.3,4
STU11518,50,40,79.9,3
STU11519,50,36,72.8,4
STU11520,40,24,60.8,2
STU11521,45,37,83.3,5
STU11522,45,33,72.3,1
STU11523,45,26,57.6,2
STU11524,45,36,79.4,2
STU11525,40,23,57.8,5
STU11526,45,36,79.0,4
STU11527,40,29,71.6,2
STU11528,45,23,52.1,5
STU11529,40,24,59.8,4
STU11530,45,34,76.2,2
STU11531,45,34,75.2,2
STU11532,45,28,62.7,2
STU11533,40,23,57.3,4
STU11534,40,23,56.6,4
STU11535,45,33,74.4,3
STU11536,50,33,66.9,1
STU11537,40,20,50.7,4
STU11538,50,39,77.2,2
STU11539,40,28,69.1,1
STU11540,50,27,53.5,0
STU11541,45,29,64.6,4
STU11542,40,29,72.8,0
STU11543,40,24,60.5,4
STU11544,50,29,57.9,7
STU11545,45,33,73.4,3
STU11546,40,37,91.3,0
STU11547,45,36,80.2,3
STU11548,40,28,69.8,4
STU11549,50,29,57.4,1
STU11550,45,32,72.0,5
STU11551,50,31,61.7,3
STU11552,45,30,66.5,5
STU11553,40,31,76.7,8
STU11554,40,31,76.7,3
STU11555,50,34,68.4,3
STU11556,45,20,45.4,0
STU11557,50,35,69.6,3
STU11558,45,32,71.6,4
STU11559,40,28,70.7,1
STU11560,40,23,57.9,3
STU11561,40,14,36.0,4
STU11562,45,36,79.3,2
STU11563,40,27,66.5,2
STU11564,40,24,60.1,3
STU11565,45,30,67.0,3
STU11566,40,28,69.6,1
STU11567,45,35,78.8,2
STU11568,40,30,74.0,8
STU11569,45,32,72.2,6
STU11570,50,32,64.2,3
STU11571,45,21,46.8,3
STU11572,45,28,62.7,3
STU11573,40,22,55.8,1
STU11574,40,29,71.5,6
STU11575,40,23,58.6,5
STU11576,40,29,72.1,3
STU11577,50,32,63.7,2
STU11578,40,26,65.0,2
STU11579,50,41,82.7,2
STU11580,40,35,87.1,2
STU11581,45,30,66.1,3
STU11582,45,27,60.5,2
STU11583,45,32,70.3,5
STU11584,40,16,39.5,3
STU11585,50,43,86.6,3
STU11586,45,26,57.3,6
STU11587,45,35,77.7,0
STU11588,50,38,76.4,0
STU11589,50,45,89.7,7
STU11590,50,44,87.4,3
STU11591,45,30,66.4,4
STU11592,50,40,80.0,2
STU11593,40,30,74.5,2
STU11594,40,35,88.2,3
STU11595,40,28,70.8,3
STU11596,40,30,73.8,2
STU11597,40,23,57.3,8
STU11598,40,29,72.3,5
STU11599,40,24,59.1,5
STU11600,45,27,58.9,1
STU11601,40,30,74.8,4
STU11602,50,32,63.7,6
STU11603,45,27,59.6,3
STU11604,45,23,50.1,2
STU11605,40,29,73.3,1
STU11606,40,21,53.4,4
STU11607,45,29,63.6,3
STU11608,40,30,74.1,4
STU11609,50,24,48.7,4
STU11610,45,28,63.2,4
STU11611,40,30,74.6,3
STU11612,40,25,62.9,8
STU11613,40,29,71.9,1
STU11614,45,33,74.2,2
STU11615,50,36,72.3,5
STU11616,50,33,66.4,3
STU11617,45,33,74.4,3
STU11618,45,32,71.8,3
STU11619,40,20,48.9,2
STU11620,50,26,52.1,3
STU11621,40,31,78.1,0
STU11622,45,25,56.1,3
STU11623,50,23,45.4,6
STU11624,45,29,64.2,3
STU11625,50,23,45.8,4
STU11626,45,26,58.0,5
STU11627,40,25,62.6,4
STU11628,50,22,43.2,2
STU11629,50,23,45.3,6
STU11630,50,35,69.4,2
STU11631,45,25,56.4,4
STU11632,40,26,64.5,0
STU11633,40,21,53.4,4
STU11634,50,24,49.0,7
STU11635,40,23,58.6,3
STU11636,45,34,75.5,2
STU11637,50,22,43.8,1
STU11638,45,25,56.5,4
STU11639,45,23,50.7,4
STU11640,40,24,59.2,3
STU11641,50,26,52.3,2
STU11642,45,32,71.2,3
STU11643,50,35,69.8,2
STU11644,50,37,74.1,4
STU11645,45,30,67.1,2
STU11646,40,23,58.4,5
STU11647,40,24,61.0,3
STU11648,50,28,56.2,5
STU11649,40,28,68.8,3
STU11650,50,38,75.7,3
STU11651,50,30,60.3,1
STU11652,45,28,63.2,3
STU11653,50,32,63.8,3
STU11654,45,35,78.6,6
STU11655,40,25,62.1,3
STU11656,45,37,81.3,6
STU11657,40,22,54.6,3
STU11658,45,42,92.7,6
STU11659,40,17,42.1,3
STU11660,50,37,73.3,1
STU11661,45,29,65.1,6
STU11662,40,33,81.8,3
STU11663,45,24,52.7,3
STU11664,50,29,58.9,1
STU11665,40,29,71.7,5
STU11666,50,40,79.0,3
STU11667,45,20,44.0,2
STU11668,50,29,57.9,1
STU11669,40,23,56.5,2
STU11670,50,38,75.9,1
STU11671,50,37,74.9,2
STU11672,40,30,74.7,2
STU11673,40,29,73.6,6
STU11674,50,22,43.6,5
STU11675,45,35,77.1,1
STU11676,50,36,71.4,3
STU11677,50,27,54.5,3
STU11678,40,24,61.1,5
STU11679,40,26,64.5,5
STU11680,40,30,75.1,5
STU11681,40,32,78.8,4
STU11682,50,32,64.7,5
STU11683,40,28,68.8,1
STU11684,40,28,71.0,2
STU11685,45,33,74.1,2
STU11686,45,31,68.9,4
STU11687,45,29,64.8,4
STU11688,45,38,83.8,4
STU11689,50,30,60.9,4
STU11690,45,28,62.2,5
STU11691,45,21,47.6,5
STU11692,45,27,59.6,1
STU11693,50,39,78.8,1
STU11694,50,29,57.3,1
STU11695,50,27,54.0,1
STU11696,45,34,75.8,2
STU11697,50,35,69.3,1
STU11698,50,32,64.5,4
STU11699,45,34,75.9,5
STU11700,50,24,48.6,4
STU11701,50,34,67.6,1
STU11702,50,40,79.9,0
STU11703,45,35,77.5,3
STU11704,50,38,76.1,3
STU11705,40,20,51.2,2
STU11706,50,29,58.1,1
STU11707,45,27,60.4,3
STU11708,40,38,94.1,3
STU11709,40,30,76.2,3
STU11710,45,31,69.5,4
STU11711,50,30,60.2,4
STU11712,45,36,81.0,1
STU11713,45,30,65.9,4
STU11714,45,21,46.4,1
STU11715,40,26,64.7,2
STU11716,50,31,62.0,4
STU11717,45,24,53.3,4
STU11718,50,25,50.3,4
STU11719,40,31,76.7,3
STU11720,50,31,61.5,4
STU11721,45,30,67.4,3
STU11722,40,28,68.9,1
STU11723,40,19,46.7,3
STU11724,40,29,72.4,1
STU11725,40,28,70.8,3
STU11726,45,25,55.6,5
STU11727,45,28,63.0,3
STU11728,50,29,57.4,4
STU11729,40,28,70.4,3
STU11730,50,34,67.6,1
STU11731,40,24,61.0,1
STU11732,50,40,79.4,1
STU11733,50,44,89.0,4
STU11734,45,40,88.7,1
STU11735,40,20,49.3,4
STU11736,50,33,65.5,0
STU11737,50,32,64.0,3
STU11738,40,31,78.7,6
STU11739,50,42,85.0,4
STU11740,40,27,66.3,1
STU11741,50,36,72.7,1
STU11742,45,28,63.0,3
STU11743,45,28,62.7,2
STU11744,50,28,57.0,7
STU11745,45,16,36.1,2
STU11746,50,25,49.7,2
STU11747,45,36,80.4,2
STU11748,45,29,63.8,5
STU11749,40,21,52.8,4
STU11750,40,28,69.3,2
STU11751,45,35,78.7,5
STU11752,50,28,55.8,5
STU11753,50,22,43.9,1
STU11754,40,25,63.4,5
STU11755,40,28,70.7,4
STU11756,45,19,41.6,1
STU11757,50,35,69.8,2
STU11758,50,42,83.9,1
STU11759,45,36,78.9,4
STU11760,40,31,76.8,4
STU11761,50,34,67.6,1
STU11762,45,33,74.1,4
STU11763,45,29,65.1,2
STU11764,50,35,69.6,1
STU11765,45,21,46.5,4
STU11766,45,38,84.2,2
STU11767,40,23,58.7,4
STU11768,40,31,78.6,1
STU11769,40,30,73.9,2
STU11770,40,20,49.0,2
STU11771,50,34,68.5,2
STU11772,40,22,53.8,4
STU11773,50,28,55.0,2
STU11774,50,39,77.1,2
STU11775,50,30,59.8,6
STU11776,50,31,61.9,3
STU11777,50,38,76.4,1
STU11778,40,31,77.3,2
STU11779,50,26,53.0,2
STU11780,50,19,37.8,1
STU11781,45,30,66.6,1
STU11782,40,28,69.5,7
STU11783,45,31,68.4,3
STU11784,40,23,57.2,4
STU11785,40,18,46.2,5
STU11786,50,38,76.4,2
STU11787,45,30,67.1,2
STU11788,45,25,55.6,5
STU11789,50,37,73.9,2
STU11790,45,33,73.0,8
STU11791,40,17,42.3,1
STU11792,40,26,63.9,2
STU11793,40,25,63.5,0
STU11794,40,22,54.8,2
STU11795,50,33,65.8,2
STU11796,50,29,57.7,4
STU11797,50,31,61.3,5
STU11798,45,38,84.7,4
STU11799,45,26,56.9,0
STU11800,45,34,75.2,4
STU11801,45,17,38.2,4
STU11802,50,28,56.7,3
STU11803,45,30,66.9,1
STU11804,45,32,72.0,2
STU11805,45,25,55.0,3
STU11806,40,25,61.8,2
STU11807,50,44,88.3,1
STU11808,50,33,66.0,6
STU11809,50,26,52.4,1
STU11810,40,22,56.1,3
STU11811,50,29,58.0,2
STU11812,50,38,76.1,1
STU11813,50,31,62.8,5
STU11814,45,17,38.0,3
STU11815,45,24,52.7,2
STU11816,50,35,70.4,2
STU11817,40,22,56.0,0
STU11818,45,27,61.1,3
STU11819,40,29,73.7,5
STU11820,40,18,43.8,4
STU11821,40,26,65.3,1
STU11822,50,26,52.7,3
STU11823,45,34,76.5,3
STU11824,50,29,58.6,3
STU11825,50,41,82.9,3
STU11826,45,37,82.7,2
STU11827,40,22,55.3,4
STU11828,50,42,84.8,0
STU11829,40,15,36.5,3
STU11830,40,20,51.0,1
STU11831,40,28,70.4,4
STU11832,45,35,77.9,7
STU11833,40,30,76.1,5
STU11834,45,19,43.3,5
STU11835,45,32,72.1,0
STU11836,50,33,65.9,6
STU11837,40,21,52.4,1
STU11838,50,31,61.9,1
STU11839,50,21,42.6,5
STU11840,45,24,54.2,1
STU11841,50,38,77.0,2
STU11842,40,26,66.0,2
STU11843,40,26,64.3,1
STU11844,45,25,55.9,4
STU11845,40,29,71.7,4
STU11846,45,27,59.4,3
STU11847,45,26,56.9,4
STU11848,45,26,57.6,2
STU11849,40,27,67.8,3
STU11850,50,35,70.3,4
STU11851,45,34,74.7,4
STU11852,45,42,92.9,1
STU11853,50,25,49.4,4
STU11854,45,32,71.9,2
STU11855,50,27,54.0,2
STU11856,45,21,46.7,1
STU11857,50,28,55.5,1
STU11858,45,32,70.4,5
STU11859,45,31,69.8,3
STU11860,45,35,77.0,3
STU11861,45,29,64.7,1
STU11862,40,23,57.2,9
STU11863,40,32,79.3,3
STU11864,45,31,69.5,4
STU11865,50,28,56.3,2
STU11866,45,25,56.1,5
STU11867,50,33,65.9,4
STU11868,50,24,48.2,2
STU11869,40,33,82.4,2
STU11870,50,37,73.3,5
STU11871,45,27,59.4,3
STU11872,40,32,79.4,2
STU11873,40,28,70.3,3
STU11874,40,30,75.3,5
STU11875,45,32,71.8,4
STU11876,50,33,65.9,3
STU11877,50,31,62.7,1
STU11878,45,18,40.8,3
STU11879,45,36,80.3,3
STU11880,40,25,62.1,0
STU11881,45,34,74.6,2
STU11882,50,21,41.3,6
STU11883,45,30,67.4,3
STU11884,50,26,52.8,3
STU11885,45,41,91.0,2
STU11886,50,28,55.1,4
STU11887,45,25,56.6,0
STU11888,45,34,76.3,6
STU11889,40,26,65.5,4
STU11890,40,32,78.9,2
STU11891,45,31,69.5,5
STU11892,50,38,75.2,4
STU11893,50,36,72.8,3
STU11894,45,29,65.2,4
STU11895,40,28,70.8,6
STU11896,50,34,68.8,0
STU11897,40,27,67.6,5
STU11898,40,33,82.5,3
STU11899,40,31,78.7,2
STU11900,45,30,66.6,2
STU11901,50,32,64.1,3
STU11902,45,34,75.1,0
STU11903,40,28,70.3,5
STU11904,50,44,87.8,4
STU11905,50,37,73.3,3
STU11906,45,31,69.9,3
STU11907,50,27,53.2,2
STU11908,50,41,81.4,1
STU11909,45,32,70.3,1
STU11910,40,32,79.4,0
STU11911,40,21,52.0,2
STU11912,50,30,59.3,4
STU11913,40,26,66.2,2
STU11914,40,34,84.0,4
STU11915,45,25,56.6,4
STU11916,40,28,69.1,2
STU11917,45,30,67.7,2
STU11918,45,30,65.9,1
STU11919,40,23,57.4,8
STU11920,45,29,64.8,3
STU11921,50,31,62.7,3
STU11922,45,39,86.7,3
STU11923,45,35,77.4,1
STU11924,45,23,51.7,1
STU11925,40,30,74.8,1
STU11926,45,34,74.8,6
STU11927,50,23,46.5,2
STU11928,40,23,58.6,5
STU11929,40,29,72.2,3
STU11930,40,32,78.9,1
STU11931,50,22,44.6,5
STU11932,45,32,71.3,1
STU11933,45,20,43.7,4
STU11934,50,24,47.8,3
STU11935,50,37,74.4,4
STU11936,40,26,64.4,6
STU11937,50,34,67.1,3
STU11938,45,32,71.6,2
STU11939,40,31,77.0,4
STU11940,50,30,60.9,4
STU11941,40,30,74.9,3
STU11942,50,33,65.8,2
STU11943,45,31,69.6,3
STU11944,50,32,64.5,3
STU11945,45,26,57.3,3
STU11946,50,23,45.6,5
STU11947,50,34,67.4,3
STU11948,40,31,77.6,4
STU11949,45,27,60.8,6
STU11950,50,33,66.4,3
STU11951,50,28,56.9,2
STU11952,50,37,73.9,2
STU11953,40,32,79.7,2
STU11954,45,29,64.5,3
STU11955,40,32,79.0,5
STU11956,40,23,56.9,6
STU11957,40,33,83.6,1
STU11958,50,32,63.3,3
STU11959,40,27,68.4,0
STU11960,45,31,68.2,5
STU11961,45,27,61.0,7
STU11962,45,32,71.3,4
STU11963,45,22,49.4,1
STU11964,40,26,65.8,5
STU11965,50,46,91.0,2
STU11966,50,31,62.5,3
STU11967,50,46,91.2,4
STU11968,45,30,66.2,2
STU11969,45,28,61.9,4
STU11970,40,25,61.8,0
STU11971,45,35,77.1,4
STU11972,40,28,69.8,2
STU11973,40,26,66.1,4
STU11974,45,28,62.7,1
STU11975,50,42,83.7,5
STU11976,45,30,66.5,4
STU11977,45,28,62.1,2
STU11978,45,33,72.4,4
STU11979,50,36,71.2,1
STU11980,40,20,50.8,3
STU11981,40,27,67.7,5
STU11982,40,33,81.9,3
STU11983,50,38,75.8,4
STU11984,50,36,72.5,4
STU11985,50,36,71.0,4
STU11986,40,27,66.7,4
STU11987,40,25,63.0,2
STU11988,50,37,74.1,2
STU11989,40,28,69.5,3
STU11990,50,29,57.7,2
STU11991,40,29,73.1,1
STU11992,45,26,56.9,1
STU11993,50,39,77.6,1
STU11994,45,25,55.5,2
STU11995,50,35,70.6,7
STU11996,40,30,74.9,1
STU11997,45,24,53.5,3
STU11998,40,23,58.4,5
STU11999,50,34,68.2,2
STU12000,40,27,68.0,6
STU12001,40,26,65.6,2
STU12002,45,38,84.1,6
STU12003,40,26,65.3,2
STU12004,40,17,42.8,1
STU12005,50,26,52.1,2
STU12006,40,27,68.7,4
STU12007,45,34,75.7,3
STU12008,50,38,75.3,6
STU12009,50,32,64.2,5
STU12010,40,31,77.0,1
STU12011,45,36,81.0,5
STU12012,45,25,55.5,5
STU12013,40,24,60.8,4
STU12014,45,40,89.5,4
STU12015,40,26,65.8,3
STU12016,40,25,61.3,4
STU12017,50,30,59.3,2
STU12018,40,24,59.8,2
STU12019,45,32,71.6,4
STU12020,50,28,57.0,3
STU12021,40,27,66.6,6
STU12022,45,27,59.4,3
STU12023,50,34,67.8,3
STU12024,50,37,74.4,5
STU12025,50,31,61.2,3
STU12026,50,27,54.4,2
STU12027,40,25,61.7,3
STU12028,40,24,60.8,5
STU12029,45,33,72.6,4
STU12030,45,31,69.8,2
STU12031,40,32,79.8,5
STU12032,40,37,91.8,2
STU12033,50,30,60.7,9
STU12034,50,34,67.0,3
STU12035,50,41,81.1,4
STU12036,50,37,74.5,4
STU12037,45,24,52.6,1
STU12038,45,33,73.3,1
STU12039,45,38,84.8,0
STU12040,40,23,57.2,6
STU12041,50,27,53.2,6
STU12042,40,32,79.9,4
STU12043,50,29,58.8,1
STU12044,40,15,38.1,4
STU12045,50,28,56.9,2
STU12046,40,28,70.4,5
STU12047,45,28,63.2,2
STU12048,40,31,76.6,2
STU12049,40,32,79.3,0
STU12050,40,16,41.0,4
STU12051,40,22,56.2,0
STU12052,40,21,51.7,1
STU12053,45,38,83.5,4
STU12054,45,30,67.6,5
STU12055,45,19,42.4,3
STU12056,50,35,69.2,4
STU12057,40,22,56.1,1
STU12058,50,32,63.6,2
STU12059,50,35,69.4,4
STU12060,50,27,54.9,3
STU12061,45,34,75.8,1
STU12062,40,28,69.5,3
STU12063,45,27,59.2,4
STU12064,50,32,64.6,1
STU12065,40,25,63.6,2
STU12066,50,26,51.1,2
STU12067,50,40,79.9,2
STU12068,45,27,59.4,5
STU12069,45,27,60.7,3
STU12070,45,27,60.8,1
STU12071,45,32,70.7,3
STU12072,40,25,63.4,3
STU12073,50,36,71.8,3
STU12074,40,23,58.3,3
STU12075,40,25,61.6,2
STU12076,50,38,77.0,2
STU12077,50,30,60.7,1
STU12078,40,23,58.2,4
STU12079,50,27,54.3,4
STU12080,40,38,94.0,1
STU12081,50,21,42.7,5
STU12082,50,29,57.8,0
STU12083,45,28,62.5,2
STU12084,50,37,73.2,4
STU12085,40,33,83.4,2
STU12086,50,36,71.6,3
STU12087,50,38,75.7,8
STU12088,45,30,65.6,1
STU12089,50,30,60.9,3
STU12090,50,35,70.5,1
STU12091,45,34,74.5,2
STU12092,45,17,37.8,2
STU12093,45,41,90.7,1
STU12094,45,32,71.1,4
STU12095,50,29,58.6,3
STU12096,45,34,74.8,2
STU12097,40,22,54.9,5
STU12098,45,45,99.2,3
STU12099,40,24,59.7,3
STU12100,50,38,76.0,2
STU12101,50,35,69.5,2
STU12102,45,22,49.7,1
STU12103,50,45,89.1,1
STU12104,40,23,57.2,2
STU12105,45,34,75.9,1
STU12106,40,23,56.8,3
STU12107,40,29,71.5,2
STU12108,45,30,67.0,4
STU12109,45,22,49.4,4
STU12110,40,27,67.3,2
STU12111,45,29,64.7,3
STU12112,45,24,52.6,2
STU12113,50,40,79.9,2
STU12114,50,33,65.7,4
STU12115,45,30,66.4,8
STU12116,40,26,64.7,1
STU12117,45,28,62.5,3
STU12118,50,37,73.5,7
STU12119,45,25,55.3,3
STU12120,50,41,81.1,3
STU12121,50,33,65.3,6
STU12122,40,36,90.6,3
STU12123,45,29,65.1,3
STU12124,50,17,34.7,1
STU12125,45,22,48.3,3
STU12126,40,26,64.6,1
STU12127,40,32,79.1,1
STU12128,40,22,55.2,1
STU12129,40,34,83.9,5
STU12130,45,31,69.5,3
STU12131,50,24,48.3,4
STU12132,45,32,72.1,1
STU12133,45,31,69.4,4
STU12134,50,29,58.4,3
STU12135,40,23,56.6,1
STU12136,45,38,85.2,3
STU12137,40,28,69.7,2
STU12138,50,37,74.8,5
STU12139,50,38,76.9,10
STU12140,50,37,74.3,3
STU12141,40,32,79.0,2
STU12142,40,24,59.7,4
STU12143,50,30,61.0,4
STU12144,40,24,60.1,2
STU12145,40,21,53.0,1
STU12146,50,38,76.3,5
STU12147,40,38,96.2,2
STU12148,45,32,70.6,5
STU12149,50,29,57.3,5
STU12150,50,30,59.7,2
STU12151,50,36,71.7,3
STU12152,40,27,66.6,3
STU12153,50,22,44.9,2
STU12154,40,15,37.4,7
STU12155,40,21,52.4,4
STU12156,45,25,56.0,1
STU12157,40,27,66.6,2
STU12158,45,23,52.2,1
STU12159,45,25,54.5,3
STU12160,45,25,55.8,4
STU12161,45,25,54.6,3
STU12162,45,30,65.7,4
STU12163,40,22,54.5,1
STU12164,40,25,62.9,2
STU12165,45,27,60.3,2
STU12166,40,22,55.7,6
STU12167,40,23,58.2,2
STU12168,45,40,88.7,1
STU12169,50,26,52.7,2
STU12170,40,24,58.8,3
STU12171,40,31,76.8,1
STU12172,50,36,71.5,3
STU12173,40,30,75.0,4
STU12174,40,27,68.1,3
STU12175,50,23,45.8,4
STU12176,45,26,58.6,2
STU12177,45,27,59.2,0
STU12178,40,31,76.7,1
STU12179,40,28,71.1,4
STU12180,45,29,65.0,4
STU12181,45,30,66.3,1
STU12182,40,29,71.4,2
STU12183,50,40,79.2,1
STU12184,50,43,86.0,7
STU12185,45,35,77.7,1
STU12186,45,28,63.1,2
STU12187,40,26,65.9,3
STU12188,50,41,81.8,4
STU12189,50,31,61.2,3
STU12190,40,25,62.9,3
STU12191,50,35,69.4,4
STU12192,50,34,68.1,2
STU12193,50,28,55.7,6
STU12194,50,30,59.1,1
STU12195,50,32,64.2,3
STU12196,45,19,42.7,0
STU12197,40,20,48.8,3
STU12198,45,30,67.2,4
STU12199,45,27,60.3,4
STU12200,50,24,48.9,3
STU12201,40,27,66.4,0
STU12202,45,28,61.3,3
STU12203,50,33,66.2,4
STU12204,50,31,61.3,3
STU12205,50,32,63.6,3
STU12206,40,23,57.6,2
STU12207,45,32,70.2,2
STU12208,45,24,52.9,0
STU12209,40,29,72.3,4
STU12210,40,32,80.8,1
STU12211,50,32,63.4,2
STU12212,50,22,44.3,2
STU12213,45,34,74.5,3
STU12214,50,33,66.3,2
STU12215,50,33,65.3,5
STU12216,40,27,68.7,5
STU12217,45,31,69.1,2
STU12218,50,30,60.1,5
STU12219,50,29,57.2,7
STU12220,50,30,61.0,4
STU12221,40,17,41.6,3
STU12222,45,33,73.1,4
STU12223,40,32,79.8,1
STU12224,50,43,85.8,7
STU12225,45,32,71.4,9
STU12226,50,45,90.6,3
STU12227,45,35,77.7,4
STU12228,40,30,75.9,5
STU12229,40,27,66.8,4
STU12230,50,26,51.4,2
STU12231,50,31,61.8,3
STU12232,50,39,77.9,2
STU12233,40,29,72.6,1
STU12234,40,26,64.4,3
STU12235,45,44,97.3,0
STU12236,45,24,53.4,4
STU12237,45,27,61.1,4
STU12238,40,27,67.5,5
STU12239,45,27,60.5,4
STU12240,50,25,49.2,6
STU12241,50,41,81.6,5
STU12242,40,27,67.8,4
STU12243,40,27,68.0,5
STU12244,45,33,73.1,5
STU12245,40,37,92.2,2
STU12246,40,28,69.1,2
STU12247,50,35,69.3,2
STU12248,45,25,54.5,5
STU12249,40,23,56.4,2
STU12250,45,29,64.8,4
STU12251,40,20,49.1,3
STU12252,45,28,62.5,2
STU12253,50,33,65.8,1
STU12254,50,36,71.7,2
STU12255,50,35,69.3,5
STU12256,50,36,71.3,0
STU12257,50,25,49.8,0
STU12258,45,29,63.6,5
STU12259,40,19,46.9,2
STU12260,50,36,71.3,5
STU12261,40,32,79.0,2
STU12262,45,37,81.3,3
STU12263,40,17,41.5,2
STU12264,40,29,73.1,1
STU12265,40,21,53.2,3
STU12266,40,28,70.9,3
STU12267,50,33,65.5,4
STU12268,50,32,64.0,2
STU12269,40,36,89.6,1
STU12270,40,27,66.3,2
STU12271,45,23,51.4,1
STU12272,45,31,68.7,3
STU12273,40,23,56.9,0
STU12274,50,28,55.5,3
STU12275,50,30,60.5,7
STU12276,50,31,62.3,2
STU12277,50,38,76.7,2
STU12278,40,31,77.7,2
STU12279,50,35,70.4,3
STU12280,45,24,52.3,2
STU12281,50,30,59.2,1
STU12282,40,27,67.2,3
STU12283,45,22,48.0,2
STU12284,45,23,52.2,3
STU12285,45,17,37.6,4
STU12286,40,24,59.9,5
STU12287,50,27,54.6,5
STU12288,45,24,53.2,5
STU12289,40,18,44.8,5
STU12290,50,38,76.6,3
STU12291,45,29,65.0,0
STU12292,50,26,52.7,7
STU12293,40,23,58.5,5
STU12294,40,29,71.4,2
STU12295,40,22,55.0,3
STU12296,45,26,58.3,2
STU12297,40,32,79.2,4
STU12298,50,36,71.1,5
STU12299,45,40,88.7,4
STU12300,50,33,65.3,3
STU12301,40,22,55.4,1
STU12302,40,26,64.5,1
STU12303,50,30,59.1,2
STU12304,45,33,74.1,7
STU12305,40,30,74.6,2
STU12306,45,26,57.5,2
STU12307,40,28,70.6,8
STU12308,50,34,67.4,3
STU12309,50,29,58.3,5
STU12310,45,25,54.8,2
STU12311,45,33,74.2,7
STU12312,45,25,55.4,2
STU12313,40,35,86.3,1
STU12314,50,31,61.6,5
STU12315,40,29,72.1,2
STU12316,45,24,52.8,2
STU12317,40,30,75.8,3
STU12318,45,27,59.2,1
STU12319,40,23,58.0,2
STU12320,40,26,64.8,1
STU12321,45,29,64.4,1
STU12322,40,29,71.8,3
STU12323,45,32,71.7,3
STU12324,50,29,58.6,0
STU12325,45,33,72.7,2
STU12326,45,26,58.1,3
STU12327,50,23,46.6,6
STU12328,40,23,57.1,2
STU12329,45,35,78.5,5
STU12330,40,22,56.0,1
STU12331,40,27,67.7,0
STU12332,45,35,78.3,3
STU12333,45,28,62.9,2
STU12334,45,33,73.9,5
STU12335,45,35,78.7,4
STU12336,50,40,80.6,8
STU12337,45,34,74.6,6
STU12338,50,42,84.7,4
STU12339,45,35,77.9,4
STU12340,40,28,68.9,0
STU12341,45,23,51.7,0
STU12342,40,28,69.8,3
STU12343,50,34,68.2,6
STU12344,40,24,60.9,2
STU12345,50,26,52.5,2
STU12346,45,24,53.5,3
STU12347,45,28,61.3,5
STU12348,40,21,51.9,3
STU12349,40,31,76.8,8
STU12350,40,19,48.1,3
STU12351,40,22,55.2,2
STU12352,50,28,56.8,6
STU12353,50,34,68.8,2
STU12354,40,18,45.0,2
STU12355,45,27,59.5,3
STU12356,40,25,62.3,6
STU12357,50,27,54.5,1
STU12358,50,35,70.0,2
STU12359,45,25,56.2,5
STU12360,50,43,86.0,3
STU12361,40,25,63.0,2
STU12362,50,36,72.0,2
STU12363,40,22,55.7,1
STU12364,45,25,54.8,1
STU12365,50,39,77.3,2
STU12366,45,34,74.7,2
STU12367,40,34,84.1,2
STU12368,45,33,73.2,2
STU12369,40,30,76.1,4
STU12370,40,30,75.1,6
STU12371,50,30,59.5,4
STU12372,50,33,66.2,5
STU12373,50,27,54.0,4
STU12374,40,16,41.1,2
STU12375,40,15,36.7,4
STU12376,40,17,41.9,1
STU12377,45,35,76.7,1
STU12378,40,24,60.9,4
STU12379,50,38,77.0,1
STU12380,50,34,68.6,5
STU12381,45,27,61.1,1
STU12382,50,26,51.0,4
STU12383,40,29,72.2,3
STU12384,40,29,73.0,4
STU12385,50,36,71.3,4
STU12386,50,39,77.9,3
STU12387,40,26,64.2,5
STU12388,40,25,63.5,2
STU12389,40,20,49.1,3
STU12390,50,30,59.1,3
STU12391,50,34,67.6,0
STU12392,40,33,83.4,2
STU12393,50,26,51.4,2
STU12394,45,28,62.0,2
STU12395,50,27,54.2,5
STU12396,50,35,70.0,2
STU12397,40,23,57.5,7
STU12398,50,38,75.9,3
STU12399,40,29,73.1,2
STU12400,50,31,61.8,4
STU12401,50,31,61.3,1
STU12402,50,42,85.0,1
STU12403,40,17,42.0,2
STU12404,50,38,76.9,0
STU12405,50,21,41.6,3
STU12406,45,25,55.6,5
STU12407,40,28,69.8,0
STU12408,40,27,68.4,1
STU12409,50,26,51.1,5
STU12410,50,26,52.2,1
STU12411,45,28,62.0,1
STU12412,40,27,67.6,3
STU12413,45,24,52.9,4
STU12414,40,22,55.7,0
STU12415,45,34,74.5,6
STU12416,50,30,59.8,2
STU12417,40,37,93.3,3
STU12418,40,22,55.4,4
STU12419,50,36,72.1,2
STU12420,40,34,85.8,2
STU12421,50,31,62.5,4
STU12422,50,29,58.7,2
STU12423,45,27,59.2,3
STU12424,50,21,41.1,3
STU12425,40,24,60.2,0
STU12426,40,25,61.6,3
STU12427,40,24,60.5,2
STU12428,50,32,64.6,4
STU12429,50,35,69.6,1
STU12430,40,27,66.7,2
STU12431,45,34,75.4,7
STU12432,50,34,68.4,6
STU12433,40,25,63.6,1
STU12434,40,21,53.2,3
STU12435,40,15,36.5,4
STU12436,40,30,75.0,2
STU12437,40,24,60.9,5
STU12438,40,19,48.4,4
STU12439,40,30,75.2,1
STU12440,45,29,64.7,2
STU12441,40,13,32.5,3
STU12442,40,26,65.6,1
STU12443,50,29,58.6,3
STU12444,40,13,33.3,5
STU12445,40,24,59.7,1
STU12446,45,23,50.9,1
STU12447,45,29,65.1,1
STU12448,45,33,73.6,4
STU12449,45,30,65.8,2
STU12450,40,21,51.7,3
STU12451,45,20,43.4,4
STU12452,40,28,69.6,6
STU12453,40,19,46.4,3
STU12454,45,24,52.5,6
STU12455,45,30,66.4,4
STU12456,45,29,65.0,5
STU12457,40,32,80.5,2
STU12458,40,26,65.4,2
STU12459,50,37,73.8,3
STU12460,40,13,33.2,6
STU12461,45,28,61.2,3
STU12462,40,14,35.3,4
STU12463,45,29,63.4,2
STU12464,45,23,51.5,3
STU12465,45,32,71.5,4
STU12466,50,31,61.7,1
STU12467,40,32,79.1,1
STU12468,50,38,75.1,1
STU12469,45,23,51.2,0
STU12470,50,41,82.2,1
STU12471,50,33,66.1,0
STU12472,50,25,49.9,4
STU12473,40,29,71.5,3
STU12474,45,36,80.0,5
STU12475,50,42,83.9,7
STU12476,50,29,58.1,5
STU12477,45,19,42.3,3
STU12478,40,37,91.5,2
STU12479,45,40,89.7,3
STU12480,45,19,42.7,4
STU12481,40,25,62.0,4
STU12482,45,28,62.6,5
STU12483,50,31,61.7,5
STU12484,40,27,68.7,6
STU12485,45,29,64.1,4
STU12486,40,24,60.2,1
STU12487,50,29,58.7,2
STU12488,50,22,44.6,2
STU12489,40,30,76.0,2
STU12490,40,27,67.8,6
STU12491,40,26,64.2,2
STU12492,50,38,75.4,6
STU12493,50,32,64.3,5
STU12494,50,35,69.4,2
STU12495,50,21,41.2,4
STU12496,45,32,70.9,4
STU12497,50,28,56.3,5
STU12498,40,21,52.9,1
STU12499,40,21,53.1,4
STU12500,45,43,95.6,2
STU12501,45,25,54.7,1
STU12502,45,29,63.6,3
STU12503,40,15,38.3,1
STU12504,45,26,58.6,3
STU12505,45,33,74.3,1
STU12506,40,34,85.0,1
STU12507,40,25,61.5,5
STU12508,50,29,57.5,2
STU12509,45,35,78.5,3
STU12510,40,31,76.7,1
STU12511,45,26,57.2,5
STU12512,50,39,77.3,1
STU12513,45,33,73.0,2
STU12514,45,35,77.3,2
STU12515,50,32,63.0,5
STU12516,45,33,72.9,3
STU12517,50,27,54.6,2
STU12518,50,33,65.4,0
STU12519,50,29,58.6,3
STU12520,45,14,30.0,7
STU12521,45,26,57.1,3
STU12522,40,31,76.5,1
STU12523,45,38,85.1,3
STU12524,45,29,63.5,7
STU12525,50,31,62.4,3
STU12526,50,26,52.7,6
STU12527,45,34,76.0,2
STU12528,45,28,61.8,5
STU12529,45,43,94.6,2
STU12530,40,24,59.4,5
STU12531,40,33,82.1,2
STU12532,50,35,70.6,4
STU12533,45,21,46.6,3
STU12534,50,43,85.2,3
STU12535,40,26,64.8,6
STU12536,40,30,74.8,6
STU12537,40,24,59.6,6
STU12538,50,34,68.2,1
STU12539,40,32,81.2,3
STU12540,45,32,70.9,4
STU12541,50,24,47.1,2
STU12542,40,32,80.1,4
STU12543,50,35,70.6,3
STU12544,50,36,71.8,5
STU12545,50,31,62.1,5
STU12546,40,33,82.4,4
STU12547,40,23,58.0,6
STU12548,45,22,48.4,1
STU12549,45,33,73.7,4
STU12550,45,34,75.9,3
STU12551,45,39,86.9,1
STU12552,45,25,56.0,2
STU12553,50,34,68.7,2
STU12554,45,27,59.1,5
STU12555,40,25,61.6,4
STU12556,50,27,53.6,10
STU12557,45,22,49.3,1
STU12558,45,27,60.0,2
STU12559,50,34,67.2,1
STU12560,50,31,62.5,3
STU12561,50,50,99.8,8
STU12562,50,33,66.3,6
STU12563,45,31,69.0,1
STU12564,50,28,56.5,3
STU12565,50,29,58.5,2
STU12566,45,27,59.4,3
STU12567,50,35,70.7,7
STU12568,40,23,58.6,0
STU12569,45,22,50.0,5
STU12570,45,30,67.6,3
STU12571,50,30,60.5,3
STU12572,45,27,61.0,3
STU12573,45,26,57.4,3
STU12574,45,33,72.9,1
STU12575,40,16,39.3,5
STU12576,45,18,40.7,2
STU12577,40,30,76.2,4
STU12578,40,21,52.3,4
STU12579,45,24,53.5,3
STU12580,45,30,67.6,1
STU12581,50,26,52.0,1
STU12582,40,26,66.2,3
STU12583,45,31,68.0,5
STU12584,45,36,81.0,2
STU12585,40,28,70.5,6
STU12586,40,28,69.6,2
STU12587,45,30,67.5,2
STU12588,40,24,60.3,2
STU12589,45,34,75.7,1
STU12590,45,32,71.0,2
STU12591,40,23,58.4,1
STU12592,45,28,62.1,5
STU12593,45,32,70.8,2
STU12594,40,24,60.6,2
STU12595,50,36,71.9,2
STU12596,45,24,52.4,2
STU12597,45,31,69.3,2
STU12598,40,25,63.4,5
STU12599,40,22,55.5,2
STU12600,40,23,56.9,5
STU12601,40,23,57.0,0
STU12602,40,27,68.6,3
STU12603,50,29,58.0,4
STU12604,50,25,50.6,4
STU12605,45,29,64.9,3
STU12606,45,32,70.1,3
STU12607,50,37,73.9,3
STU12608,50,28,55.8,3
STU12609,40,27,67.9,3
STU12610,45,19,43.3,0
STU12611,40,23,56.9,3
STU12612,40,31,77.3,2
STU12613,40,23,56.9,3
STU12614,45,29,64.4,2
STU12615,45,32,70.2,4
STU12616,40,25,63.0,4
STU12617,45,34,74.8,2
STU12618,50,39,77.3,3
STU12619,40,31,77.4,1
STU12620,40,29,71.9,1
STU12621,40,33,83.1,1
STU12622,40,23,56.8,3
STU12623,40,16,40.3,1
STU12624,50,36,71.4,3
STU12625,40,30,73.8,2
STU12626,45,35,78.2,1
STU12627,45,34,75.1,4
STU12628,50,31,61.1,3
STU12629,40,20,50.2,5
STU12630,50,28,56.5,1
STU12631,50,35,69.1,5
STU12632,45,30,66.9,5
STU12633,40,24,60.2,6
STU12634,40,32,81.2,3
STU12635,40,33,82.9,4
STU12636,50,37,73.2,6
STU12637,40,31,76.3,4
STU12638,50,26,51.4,7
STU12639,50,35,69.3,5
STU12640,45,33,74.4,2
STU12641,40,25,63.6,2
STU12642,50,36,71.3,0
STU12643,45,22,49.0,3
STU12644,45,31,68.4,5
STU12645,40,27,67.6,1
STU12646,45,26,57.9,1
STU12647,45,35,77.8,3
STU12648,50,32,64.4,3
STU12649,45,19,43.1,1
STU12650,50,39,77.7,5
STU12651,40,27,68.4,2
STU12652,50,34,68.1,1
STU12653,50,28,55.7,6
STU12654,45,31,68.4,3
STU12655,40,20,50.6,1
STU12656,45,30,67.4,1
STU12657,50,34,67.4,3
STU12658,50,31,62.2,4
STU12659,50,34,67.0,3
STU12660,40,21,52.9,3
STU12661,40,16,39.9,6
STU12662,40,27,67.5,3
STU12663,45,21,45.6,5
STU12664,45,18,40.0,2
STU12665,45,31,68.8,5
STU12666,45,22,49.5,1
STU12667,40,28,69.8,2
STU12668,40,23,56.6,1
STU12669,50,25,50.5,4
STU12670,40,29,72.5,4
STU12671,45,34,76.4,3
STU12672,45,29,63.7,4
STU12673,45,32,70.1,2
STU12674,40,19,48.4,2
STU12675,40,34,84.9,5
STU12676,40,26,65.4,4
STU12677,40,27,66.3,5
STU12678,45,32,71.4,4
STU12679,40,30,74.0,4
STU12680,50,32,63.2,1
STU12681,50,28,55.4,1
STU12682,40,31,77.4,3
STU12683,50,31,62.0,1
STU12684,40,28,68.9,2
STU12685,50,34,68.3,0
STU12686,40,22,55.3,2
STU12687,40,31,76.4,3
STU12688,40,22,54.1,3
STU12689,45,31,68.1,4
STU12690,50,43,85.5,3
STU12691,50,28,55.0,1
STU12692,40,27,67.3,2
STU12693,45,28,63.2,1
STU12694,45,30,67.3,3
STU12695,45,29,63.4,2
STU12696,45,34,76.0,4
STU12697,50,36,71.1,1
STU12698,45,25,54.8,0
STU12699,50,38,76.2,2
STU12700,40,19,47.7,4
STU12701,40,20,50.8,1
STU12702,40,31,78.6,2
STU12703,45,22,48.9,3
STU12704,50,33,65.2,0
STU12705,50,33,65.5,5
STU12706,45,33,72.3,3
STU12707,50,25,49.8,4
STU12708,45,37,82.0,1
STU12709,45,24,53.7,4
STU12710,45,37,81.7,1
STU12711,50,32,64.8,4
STU12712,45,40,88.1,2
STU12713,45,25,56.3,6
STU12714,40,23,56.7,4
STU12715,40,30,75.9,6
STU12716,45,24,54.3,2
STU12717,45,19,42.3,5
STU12718,40,25,63.6,3
STU12719,40,32,80.0,3
STU12720,50,39,78.0,3
STU12721,50,26,51.2,4
STU12722,40,28,70.4,5
STU12723,50,35,69.6,0
STU12724,50,36,72.9,1
STU12725,50,30,61.0,1
STU12726,45,31,69.1,3
STU12727,40,38,94.4,2
STU12728,50,38,75.6,3
STU12729,40,21,52.6,0
STU12730,45,26,56.9,4
STU12731,50,43,85.3,4
STU12732,45,28,61.5,2
STU12733,45,26,57.7,5
STU12734,50,31,62.7,4
STU12735,45,20,45.2,2
STU12736,40,24,60.8,3
STU12737,45,23,50.8,2
STU12738,45,24,53.6,2
STU12739,50,39,78.7,4
STU12740,40,23,56.4,2
STU12741,40,19,47.9,3
STU12742,50,31,62.2,3
STU12743,50,40,81.0,3
STU12744,50,36,72.5,4
STU12745,40,26,64.6,6
STU12746,50,36,72.5,4
STU12747,50,35,70.3,4
STU12748,40,25,63.7,2
STU12749,50,37,73.3,1
STU12750,50,27,53.7,1
STU12751,45,27,60.2,5
STU12752,45,24,54.4,2
STU12753,40,30,74.3,1
STU12754,45,41,91.4,7
STU12755,50,32,63.7,5
STU12756,40,25,61.6,2
STU12757,50,29,57.5,3
STU12758,45,26,58.5,5
STU12759,45,33,72.8,2
STU12760,45,29,64.3,2
STU12761,50,30,60.2,6
STU12762,40,27,66.7,3
STU12763,50,32,63.6,3
STU12764,45,29,64.0,6
STU12765,40,18,44.3,3
STU12766,50,31,61.3,3
STU12767,40,32,79.1,4
STU12768,50,33,65.4,6
STU12769,45,31,69.7,2
STU12770,40,30,75.6,2
STU12771,50,40,81.0,1
STU12772,40,17,43.1,1
STU12773,50,36,72.1,2
STU12774,50,33,65.3,2
STU12775,40,24,59.5,3
STU12776,50,42,83.8,6
STU12777,40,25,61.9,1
STU12778,45,30,67.3,3
STU12779,50,34,68.7,5
STU12780,50,26,52.3,3
STU12781,45,28,62.5,1
STU12782,40,25,61.8,2
STU12783,50,30,60.5,6
STU12784,40,28,69.9,1
STU12785,40,26,65.2,3
STU12786,50,27,54.5,3
STU12787,50,38,75.0,2
STU12788,45,34,76.2,5
STU12789,40,27,66.6,0
STU12790,45,28,61.2,2
STU12791,45,28,63.1,4
STU12792,45,34,74.7,2
STU12793,40,25,61.9,7
STU12794,40,34,84.9,4
STU12795,45,30,66.8,2
STU12796,45,33,74.4,2
STU12797,45,30,65.6,3
STU12798,40,23,58.3,4
STU12799,45,26,58.2,1
STU12800,50,24,47.1,4
STU12801,50,32,63.2,5
STU12802,45,15,34.2,1
STU12803,40,25,61.5,3
STU12804,45,26,58.3,3
STU12805,50,28,55.9,3
STU12806,45,32,70.2,2
STU12807,45,29,63.9,2
STU12808,50,25,50.4,3
STU12809,40,13,31.9,4
STU12810,50,38,75.6,2
STU12811,45,34,75.9,9
STU12812,40,32,80.6,3
STU12813,40,30,75.0,1
STU12814,40,25,62.0,2
STU12815,50,38,76.1,2
STU12816,40,16,39.6,7
STU12817,40,22,56.2,0
STU12818,50,32,63.0,4
STU12819,40,24,58.9,0
STU12820,50,28,56.3,4
STU12821,50,35,70.6,6
STU12822,50,42,84.4,3
STU12823,45,33,73.2,1
STU12824,45,29,64.3,5
STU12825,40,21,53.6,3
STU12826,40,30,74.5,1
STU12827,50,37,74.4,6
STU12828,40,36,90.0,4
STU12829,40,18,44.7,2
STU12830,40,28,69.8,3
STU12831,40,29,72.8,2
STU12832,45,33,72.4,3
STU12833,45,36,81.0,1
STU12834,40,19,47.0,4
STU12835,40,22,54.4,2
STU12836,40,25,62.7,7
STU12837,50,31,62.1,1
STU12838,45,32,71.3,2
STU12839,40,29,72.6,0
STU12840,50,30,61.0,3
STU12841,45,28,61.6,4
STU12842,45,29,65.3,4
STU12843,45,27,60.9,4
STU12844,40,27,68.0,1
STU12845,45,35,77.0,2
STU12846,40,19,48.2,5
STU12847,40,21,51.6,1
STU12848,45,35,78.1,4
STU12849,40,33,81.5,2
STU12850,50,31,62.2,1
STU12851,50,36,71.2,4
STU12852,50,46,91.5,3
STU12853,45,37,82.9,5
STU12854,50,35,69.9,2
STU12855,45,27,60.1,4
STU12856,40,28,69.1,5
STU12857,40,27,66.8,3
STU12858,45,29,65.1,4
STU12859,45,36,79.9,4
STU12860,40,28,70.3,2
STU12861,45,34,75.1,2
STU12862,45,29,63.4,2
STU12863,40,33,81.6,5
STU12864,50,35,69.1,5
STU12865,40,27,66.9,3
STU12866,40,31,78.2,1
STU12867,45,23,52.2,4
STU12868,45,34,74.8,4
STU12869,40,26,66.0,3
STU12870,40,30,75.3,4
STU12871,50,41,82.7,3
STU12872,40,28,70.1,4
STU12873,40,30,75.7,4
STU12874,40,24,60.0,6
STU12875,50,29,58.1,2
STU12876,40,29,73.4,4
STU12877,50,41,81.7,4
STU12878,50,22,44.3,2
STU12879,40,29,71.7,2
STU12880,50,28,55.2,2
STU12881,45,33,72.5,8
STU12882,50,41,81.4,4
STU12883,45,22,49.7,2
STU12884,45,36,80.9,2
STU12885,45,36,80.3,5
STU12886,40,20,50.5,4
STU12887,40,27,68.2,7
STU12888,50,29,58.2,4
STU12889,40,23,56.6,1
STU12890,50,37,74.8,4
STU12891,40,21,51.3,3
STU12892,50,35,70.0,2
STU12893,40,22,55.2,4
STU12894,50,40,79.4,0
STU12895,45,34,75.3,3
STU12896,50,31,61.9,4
STU12897,45,28,61.3,2
STU12898,45,32,71.9,5
STU12899,50,37,74.3,4
STU12900,45,27,59.0,6
STU12901,40,28,69.8,3
STU12902,50,33,66.4,2
STU12903,40,28,69.0,1
STU12904,40,23,57.0,2
STU12905,50,20,39.0,2
STU12906,40,30,74.3,3
STU12907,50,32,64.6,2
STU12908,50,39,78.7,5
STU12909,40,25,63.5,3
STU12910,50,32,64.6,3
STU12911,50,30,60.9,1
STU12912,50,27,54.3,2
STU12913,40,30,75.2,4
STU12914,50,29,57.4,3
STU12915,45,30,66.3,3
STU12916,45,28,62.6,5
STU12917,45,28,62.0,3
STU12918,40,26,63.8,2
STU12919,40,24,61.2,6
STU12920,40,30,75.7,3
STU12921,50,39,78.7,2
STU12922,50,38,76.6,1
STU12923,40,27,67.1,4
STU12924,40,27,66.9,2
STU12925,45,32,71.9,1
STU12926,45,21,46.5,2
STU12927,45,29,64.6,1
STU12928,45,30,67.1,1
STU12929,40,30,75.4,2
STU12930,40,16,39.3,2
STU12931,45,45,100.0,2
STU12932,45,41,91.1,2
STU12933,45,23,50.4,3
STU12934,40,29,71.5,2
STU12935,40,27,66.8,1
STU12936,40,20,50.4,6
STU12937,50,29,57.7,3
STU12938,40,34,84.1,5
STU12939,50,35,70.9,5
STU12940,40,34,86.2,1
STU12941,40,34,86.0,3
STU12942,50,33,66.0,2
STU12943,45,31,69.9,4
STU12944,45,29,63.5,4
STU12945,50,31,61.7,4
STU12946,50,39,78.1,2
STU12947,50,40,81.0,0
STU12948,40,22,56.2,4
STU12949,50,19,38.3,5
STU12950,40,29,71.9,2
STU12951,50,38,75.6,5
STU12952,50,26,52.6,4
STU12953,50,50,99.5,2
STU12954,45,18,39.2,3
STU12955,50,22,44.5,3
STU12956,40,27,67.4,1
STU12957,45,26,58.4,6
STU12958,45,33,73.8,0
STU12959,45,23,51.5,3
STU12960,45,37,83.1,4
STU12961,45,30,67.7,5
STU12962,45,36,80.9,2
STU12963,50,32,64.3,5
STU12964,50,26,51.5,0
STU12965,45,26,58.4,7
STU12966,45,22,48.9,2
STU12967,40,33,83.2,4
STU12968,40,31,77.2,2
STU12969,45,24,54.1,1
STU12970,40,32,80.9,1
STU12971,40,26,64.3,3
STU12972,50,25,49.8,6
STU12973,50,38,75.0,4
STU12974,40,19,47.3,2
STU12975,50,18,36.9,0
STU12976,40,32,80.2,4
STU12977,50,40,79.7,1
STU12978,45,27,58.9,2
STU12979,45,24,53.8,2
STU12980,40,22,53.8,3
STU12981,40,31,77.9,6
STU12982,40,16,40.9,4
STU12983,50,36,71.6,1
STU12984,40,26,65.6,3
STU12985,50,36,72.0,1
STU12986,45,31,69.4,2
STU12987,45,37,83.1,6
STU12988,45,35,78.0,2
STU12989,50,35,70.9,3
STU12990,50,22,43.1,4
STU12991,45,34,75.0,3
STU12992,50,38,75.9,2
STU12993,50,28,56.6,4
STU12994,40,25,62.4,5
STU12995,50,29,57.4,2
STU12996,50,34,67.1,0
STU12997,40,31,78.6,4
STU12998,45,17,38.4,2
STU12999,45,24,54.3,3
STU13000,40,27,67.2,2
STU13001,45,27,60.6,4
STU13002,45,29,63.4,2
STU13003,45,30,67.2,2
STU13004,45,32,71.4,1
STU13005,50,29,57.8,3
STU13006,45,21,46.3,0
STU13007,50,42,84.0,3
STU13008,50,30,60.7,0
STU13009,45,38,83.5,4
STU13010,40,21,51.9,5
STU13011,50,36,73.0,2
STU13012,40,35,86.7,1
STU13013,45,22,49.6,3
STU13014,45,25,55.9,3
STU13015,40,27,67.4,0
STU13016,50,26,52.9,2
STU13017,50,35,69.8,3
STU13018,50,34,67.8,2
STU13019,50,33,66.5,2
STU13020,45,30,67.6,2
STU13021,50,40,80.6,1
STU13022,45,18,40.8,2
STU13023,50,30,60.7,7
STU13024,45,31,69.2,2
STU13025,50,25,50.9,3
STU13026,40,29,73.4,4
STU13027,50,25,49.5,2
STU13028,50,28,57.0,1
STU13029,40,31,78.5,3
STU13030,45,34,76.6,0
STU13031,50,32,64.5,2
STU13032,40,25,61.5,2
STU13033,50,32,63.9,2
STU13034,45,21,46.7,4
STU13035,50,39,77.1,9
STU13036,45,25,54.9,2
STU13037,45,34,75.6,0
STU13038,40,25,62.9,5
STU13039,50,27,53.6,5
STU13040,50,45,90.1,2
STU13041,40,27,68.3,4
STU13042,45,30,66.0,4
STU13043,40,17,43.2,4
STU13044,40,26,64.7,1
STU13045,40,21,52.1,3
STU13046,45,28,62.3,6
STU13047,45,29,65.1,3
STU13048,50,25,49.4,3
STU13049,40,23,58.0,3
STU13050,40,27,66.6,3
STU13051,50,26,51.3,2
STU13052,45,28,61.6,3
STU13053,45,34,75.5,2
STU13054,50,28,56.9,2
STU13055,50,38,75.5,3
STU13056,50,25,49.4,3
STU13057,50,41,81.6,0
STU13058,40,26,63.9,6
STU13059,45,30,65.7,3
STU13060,40,25,62.9,4
STU13061,45,26,58.0,2
STU13062,45,28,62.6,2
STU13063,45,34,74.8,9
STU13064,50,35,69.2,2
STU13065,45,31,68.9,3
STU13066,45,36,80.8,3
STU13067,50,36,72.4,1
STU13068,50,36,72.4,3
STU13069,40,29,71.4,1
STU13070,50,24,47.3,2
STU13071,40,28,69.6,4
STU13072,50,35,70.0,2
STU13073,40,26,64.4,3
STU13074,45,32,71.4,2
STU13075,50,22,43.0,3
STU13076,40,40,99.1,2
STU13077,45,28,62.6,4
STU13078,45,25,54.5,2
STU13079,40,30,74.8,1
STU13080,45,21,45.8,3
STU13081,40,15,36.9,3
STU13082,45,23,50.8,0
STU13083,45,36,78.9,3
STU13084,50,27,53.2,3
STU13085,45,35,78.4,2
STU13086,45,31,68.1,2
STU13087,50,36,72.4,1
STU13088,50,37,73.7,2
STU13089,50,38,76.6,3
STU13090,45,26,58.1,3
STU13091,50,34,68.5,4
STU13092,40,31,78.0,2
STU13093,45,31,69.7,3
STU13094,40,32,78.8,3
STU13095,40,34,84.5,2
STU13096,40,18,46.0,1
STU13097,45,34,76.1,4
STU13098,45,31,68.1,5
STU13099,40,26,64.3,2
STU13100,45,26,57.2,2
STU13101,45,32,70.6,5
STU13102,40,30,75.6,3
STU13103,45,32,70.5,0
STU13104,50,26,51.3,3
STU13105,45,31,69.5,3
STU13106,45,34,75.9,2
STU13107,40,23,56.8,4
STU13108,45,27,60.9,4
STU13109,40,22,54.6,1
STU13110,50,41,82.8,1
STU13111,50,37,73.7,1
STU13112,40,29,71.9,1
STU13113,40,32,79.6,2
STU13114,40,30,75.2,3
STU13115,50,27,54.9,4
STU13116,50,31,62.2,6
STU13117,40,25,62.9,4
STU13118,40,21,51.6,1
STU13119,40,24,60.1,6
STU13120,45,25,56.6,3
STU13121,45,34,75.6,3
STU13122,45,31,67.8,0
STU13123,45,27,61.1,4
STU13124,45,24,53.1,3
STU13125,45,32,71.5,5
STU13126,40,27,67.8,1
STU13127,50,33,65.3,3
STU13128,45,35,76.9,4
STU13129,45,24,53.8,3
STU13130,40,26,63.8,4
STU13131,50,29,58.6,0
STU13132,45,32,71.5,2
STU13133,50,39,77.8,1
STU13134,40,24,59.9,2
STU13135,45,32,72.2,1
STU13136,50,25,50.5,4
STU13137,50,33,65.9,4
STU13138,45,34,74.9,2
STU13139,40,31,76.8,6
STU13140,50,35,69.1,1
STU13141,45,33,72.3,1
STU13142,45,32,70.2,4
STU13143,50,28,55.7,1
STU13144,50,32,63.4,3
STU13145,50,40,79.3,4
STU13146,45,29,63.7,2
STU13147,45,30,67.3,1
STU13148,40,24,60.5,3
STU13149,50,39,78.7,5
STU13150,40,28,70.0,2
STU13151,40,31,77.1,0
STU13152,40,24,61.2,1
STU13153,50,34,67.4,2
STU13154,40,28,70.5,0
STU13155,40,30,73.8,0
STU13156,45,32,71.8,6
STU13157,50,34,67.8,4
STU13158,45,15,34.2,5
STU13159,40,28,70.7,2
STU13160,45,24,54.3,3
STU13161,40,35,88.3,4
STU13162,45,27,59.3,4
STU13163,50,41,82.8,3
STU13164,40,19,47.8,4
STU13165,50,37,73.2,3
STU13166,50,25,49.4,5
STU13167,40,26,65.9,4
STU13168,50,29,57.7,4
STU13169,40,19,48.6,0
STU13170,40,29,72.5,2
STU13171,45,35,76.8,3
STU13172,40,28,69.8,3
STU13173,45,23,50.2,4
STU13174,40,25,63.2,2
STU13175,50,39,78.9,2
STU13176,45,27,59.8,4
STU13177,40,26,66.2,3
STU13178,40,31,78.2,2
STU13179,50,32,63.3,2
STU13180,40,26,63.8,1
STU13181,50,34,68.8,4
STU13182,45,27,59.1,4
STU13183,50,25,50.6,5
STU13184,40,27,67.5,0
STU13185,50,34,67.1,3
STU13186,50,35,70.2,5
STU13187,50,35,70.0,8
STU13188,40,29,71.6,1
STU13189,40,33,82.9,5
STU13190,50,25,50.7,5
STU13191,45,36,80.2,2
STU13192,40,23,57.6,1
STU13193,45,30,67.7,4
STU13194,40,29,72.2,3
STU13195,50,35,70.3,3
STU13196,50,36,72.0,1
STU13197,50,35,69.2,6
STU13198,45,25,56.3,2
STU13199,45,22,48.7,3
STU13200,45,33,72.5,4
STU13201,50,32,63.7,2
STU13202,50,35,69.1,5
STU13203,40,28,70.9,5
STU13204,50,38,76.2,4
STU13205,45,26,58.0,3
STU13206,40,17,41.7,4
STU13207,45,31,70.0,1
STU13208,50,35,70.5,4
STU13209,45,18,40.3,2
STU13210,50,38,75.1,3
STU13211,50,38,75.5,2
STU13212,45,32,71.1,5
STU13213,45,39,87.2,1
STU13214,50,40,79.7,4
STU13215,45,28,63.2,4
STU13216,40,25,63.0,2
STU13217,40,29,72.1,2
STU13218,50,29,58.5,4
STU13219,40,28,69.5,1
STU13220,50,39,77.4,3
STU13221,50,36,71.6,2
STU13222,45,29,63.7,2
STU13223,50,29,58.1,1
STU13224,40,19,47.0,5
STU13225,45,34,76.5,2
STU13226,40,40,100.0,4
STU13227,40,28,70.7,1
STU13228,40,26,64.0,3
STU13229,50,32,63.2,5
STU13230,45,30,66.0,3
STU13231,50,32,64.0,4
STU13232,45,29,63.9,5
STU13233,45,32,71.5,5
STU13234,45,45,100.0,5
STU13235,50,35,69.4,1
STU13236,40,28,68.8,5
STU13237,45,27,61.1,6
STU13238,45,31,69.2,3
STU13239,40,30,75.4,3
STU13240,40,32,80.6,5
STU13241,40,23,58.4,3
STU13242,50,39,77.4,4
STU13243,40,27,68.5,4
STU13244,50,24,48.7,5
STU13245,45,36,79.8,3
STU13246,40,21,53.5,4
STU13247,45,28,61.5,3
STU13248,45,36,79.1,4
STU13249,40,18,45.3,3
STU13250,50,38,75.2,5
STU13251,45,30,66.7,4
STU13252,45,36,80.1,1
STU13253,50,30,59.4,3
STU13254,45,24,54.3,5
STU13255,40,29,72.7,5
STU13256,50,34,67.9,1
STU13257,40,27,67.2,3
STU13258,40,28,68.9,1
STU13259,40,35,87.0,2
STU13260,45,23,51.8,1
STU13261,45,33,72.9,2
STU13262,50,29,57.5,2
STU13263,45,35,78.6,6
STU13264,40,24,59.6,5
STU13265,50,32,64.0,3
STU13266,50,24,47.4,0
STU13267,40,30,76.0,4
STU13268,45,35,78.3,3
STU13269,50,36,72.1,3
STU13270,45,37,82.7,3
STU13271,50,30,59.9,4
STU13272,40,25,63.0,4
STU13273,40,20,50.0,4
STU13274,50,40,80.1,4
STU13275,40,25,63.5,7
STU13276,40,25,61.3,2
STU13277,40,28,68.8,2
STU13278,45,40,89.1,2
STU13279,50,44,88.1,3
STU13280,45,34,76.1,4
STU13281,40,26,65.3,5
STU13282,40,23,58.7,3
STU13283,50,42,83.2,2
STU13284,50,48,95.0,5
STU13285,45,20,43.9,2
STU13286,50,26,52.9,4
STU13287,45,30,67.5,5
STU13288,45,26,57.0,6
STU13289,50,41,82.0,4
STU13290,50,33,65.4,2
STU13291,50,27,54.8,4
STU13292,50,27,53.6,2
STU13293,45,22,49.4,0
STU13294,50,39,77.7,1
STU13295,40,29,73.7,3
STU13296,40,23,56.9,6
STU13297,50,37,74.7,6
STU13298,40,29,72.4,3
STU13299,45,29,64.0,3
STU13300,40,28,68.8,2
STU13301,50,35,69.1,2
STU13302,40,29,72.4,6
STU13303,40,26,65.8,3
STU13304,50,38,75.7,0
STU13305,45,31,68.3,2
STU13306,45,27,59.3,2
STU13307,50,27,54.8,1
STU13308,40,25,61.9,4
STU13309,45,30,66.2,1
STU13310,50,34,67.6,4
STU13311,45,23,51.8,4
STU13312,50,33,65.4,5
STU13313,45,22,50.0,4
STU13314,50,33,66.7,4
STU13315,45,22,49.6,5
STU13316,50,42,83.2,4
STU13317,40,23,57.2,1
STU13318,50,33,66.0,1
STU13319,40,30,76.1,3
STU13320,50,27,53.2,2
STU13321,40,30,74.7,0
STU13322,50,35,69.6,1
STU13323,40,27,68.0,5
STU13324,50,21,42.1,1
STU13325,45,34,75.6,2
STU13326,45,32,71.3,3
STU13327,45,31,68.0,1
STU13328,45,31,68.5,6
STU13329,50,31,61.5,0
STU13330,45,31,69.5,2
STU13331,50,32,63.1,1
STU13332,40,30,75.4,5
STU13333,45,37,81.2,3
STU13334,45,26,58.6,8
STU13335,45,30,66.6,4
STU13336,45,21,45.6,3
STU13337,50,34,67.2,1
STU13338,45,37,82.7,3
STU13339,45,24,52.6,3
STU13340,50,38,75.2,4
STU13341,40,28,69.1,2
STU13342,50,33,66.0,1
STU13343,40,25,63.0,3
STU13344,40,27,67.1,2
STU13345,50,41,82.6,6
STU13346,45,25,55.6,1
STU13347,50,36,72.1,5
STU13348,45,30,66.3,3
STU13349,50,34,67.9,0
STU13350,40,34,85.3,1
STU13351,50,32,64.5,1
STU13352,40,19,48.0,2
STU13353,50,32,64.5,4
STU13354,50,32,64.5,0
STU13355,45,30,66.3,3
STU13356,50,33,66.8,5
STU13357,45,31,69.2,2
STU13358,50,45,89.4,4
STU13359,40,27,67.9,2
STU13360,50,36,72.3,1
STU13361,45,28,61.2,1
STU13362,45,33,73.3,1
STU13363,50,23,46.6,4
STU13364,40,32,79.9,1
STU13365,50,35,69.2,4
STU13366,45,27,60.2,4
STU13367,50,30,59.4,3
STU13368,45,34,75.8,1
STU13369,50,35,70.7,2
STU13370,45,27,59.7,5
STU13371,50,28,55.3,1
STU13372,50,25,50.4,3
STU13373,50,33,66.8,7
STU13374,40,17,43.2,4
STU13375,45,25,56.5,2
STU13376,40,22,55.4,5
STU13377,40,16,41.2,4
STU13378,40,27,68.1,2
STU13379,50,16,32.9,2
STU13380,45,29,63.8,2
STU13381,45,32,71.4,4
STU13382,40,33,81.8,3
STU13383,40,22,55.6,8
STU13384,40,28,69.5,0
STU13385,40,23,57.9,3
STU13386,45,23,50.8,2
STU13387,40,32,79.3,0
STU13388,50,26,51.8,2
STU13389,40,29,73.4,1
STU13390,45,28,63.3,3
STU13391,50,28,56.7,2
STU13392,45,29,64.8,2
STU13393,50,28,56.3,6
STU13394,40,20,50.7,4
STU13395,50,28,55.7,2
STU13396,45,37,82.2,0
STU13397,50,38,76.6,3
STU13398,50,21,41.1,2
STU13399,50,37,73.8,2
STU13400,45,29,64.9,4
STU13401,50,30,59.8,2
STU13402,50,30,60.3,7
STU13403,40,27,66.6,2
STU13404,50,28,55.0,4
STU13405,40,24,61.0,4
STU13406,50,39,77.3,7
STU13407,45,29,65.0,5
STU13408,50,26,51.8,2
STU13409,50,32,64.2,3
STU13410,40,27,67.9,2
STU13411,45,35,76.9,2
STU13412,40,20,50.0,2
STU13413,40,26,65.0,2
STU13414,45,20,43.9,2
STU13415,45,29,64.8,1
STU13416,50,32,64.2,5
STU13417,40,24,59.0,5
STU13418,40,17,43.5,4
STU13419,45,31,68.7,4
STU13420,50,24,48.6,4
STU13421,45,24,52.7,2
STU13422,50,28,57.0,1
STU13423,50,38,75.3,3
STU13424,50,32,63.1,1
STU13425,40,29,72.2,3
STU13426,45,30,65.7,4
STU13427,50,22,43.2,0
STU13428,45,29,64.9,2
STU13429,50,30,60.9,4
STU13430,40,23,57.7,2
STU13431,45,24,52.4,1
STU13432,40,24,60.7,0
STU13433,50,48,96.1,3
STU13434,40,26,66.2,0
STU13435,40,30,74.6,3
STU13436,45,31,69.1,3
STU13437,50,29,58.3,3
STU13438,50,28,55.6,2
STU13439,40,28,70.6,4
STU13440,45,35,77.3,1
STU13441,45,25,56.4,5
STU13442,45,27,60.4,1
STU13443,40,31,77.4,2
STU13444,50,32,64.2,4
STU13445,50,40,80.4,1
STU13446,45,28,63.0,2
STU13447,45,29,64.8,5
STU13448,45,34,76.3,1
STU13449,40,27,68.3,2
STU13450,45,28,63.2,1
STU13451,50,24,47.1,2
STU13452,45,29,65.2,0
STU13453,40,33,83.3,3
STU13454,50,27,54.5,4
STU13455,50,33,65.3,1
STU13456,45,29,64.2,2
STU13457,40,30,75.9,4
STU13458,50,39,77.8,1
STU13459,40,24,60.2,2
STU13460,40,29,72.6,3
STU13461,50,33,65.9,1
STU13462,50,42,84.5,3
STU13463,40,27,68.3,2
STU13464,45,30,67.0,1
STU13465,50,40,80.6,0
STU13466,45,33,72.3,2
STU13467,50,27,54.1,4
STU13468,45,30,66.4,1
STU13469,50,34,67.9,2
STU13470,45,23,50.7,3
STU13471,40,26,66.1,2
STU13472,50,23,45.6,4
STU13473,45,25,55.7,4
STU13474,40,36,91.0,4
STU13475,45,30,66.0,1
STU13476,50,32,63.2,5
STU13477,40,33,81.4,8
STU13478,40,22,55.2,2
STU13479,50,22,43.2,5
STU13480,45,27,59.3,6
STU13481,50,33,66.1,2
STU13482,45,14,30.0,1
STU13483,50,30,59.0,4
STU13484,50,36,73.0,4
STU13485,50,26,51.0,2
STU13486,45,31,68.2,0
STU13487,45,34,76.0,2
STU13488,45,35,78.1,2
STU13489,40,34,84.7,5
STU13490,40,19,48.4,4
STU13491,45,25,55.1,2
STU13492,45,25,55.0,3
STU13493,40,31,76.3,6
STU13494,50,35,69.3,3
STU13495,50,25,50.6,0
STU13496,45,25,55.3,1
STU13497,50,32,64.0,6
STU13498,45,42,93.7,1
STU13499,40,27,66.8,4
STU13500,45,36,80.3,0
STU13501,40,29,72.4,1
STU13502,50,33,65.8,7
STU13503,45,43,94.7,6
STU13504,45,34,76.5,5
STU13505,45,39,86.7,4
STU13506,40,25,63.5,4
STU13507,50,37,73.3,2
STU13508,45,39,85.6,1
STU13509,50,32,63.7,3
STU13510,40,29,71.6,2
STU13511,50,35,69.4,4
STU13512,45,36,79.2,1
STU13513,45,25,55.3,7
STU13514,40,30,74.6,0
STU13515,50,26,52.4,3
STU13516,45,38,85.2,1
STU13517,40,18,44.0,4
STU13518,50,29,58.3,3
STU13519,45,32,71.0,4
STU13520,40,27,67.4,0
STU13521,40,26,64.4,2
STU13522,40,25,61.6,3
STU13523,40,25,63.1,4
STU13524,40,29,72.5,5
STU13525,50,31,61.3,5
STU13526,45,31,68.3,4
STU13527,50,32,63.7,5
STU13528,40,26,65.1,2
STU13529,45,37,82.4,6
STU13530,40,24,60.9,4
STU13531,40,36,89.0,5
STU13532,45,27,59.9,2
STU13533,50,40,79.6,4
STU13534,45,21,46.0,3
STU13535,50,25,49.9,3
STU13536,40,24,59.5,4
STU13537,40,24,59.7,5
STU13538,50,24,48.8,3
STU13539,40,27,68.2,1
STU13540,50,20,40.5,1
STU13541,50,39,77.2,4
STU13542,45,24,53.5,4
STU13543,40,23,57.4,3
STU13544,45,22,49.2,2
STU13545,45,35,78.3,6
STU13546,40,25,63.2,2
STU13547,45,31,68.1,3
STU13548,40,23,58.2,3
STU13549,40,28,70.7,2
STU13550,45,28,63.3,1
STU13551,40,29,72.6,4
STU13552,40,27,67.6,1
STU13553,40,27,68.3,1
STU13554,40,26,65.8,3
STU13555,45,19,42.0,2
STU13556,50,29,58.0,3
STU13557,45,34,75.1,5
STU13558,50,20,39.6,4
STU13559,50,34,68.9,3
STU13560,50,40,79.6,2
STU13561,40,16,40.1,4
STU13562,50,29,58.9,3
STU13563,40,21,52.0,3
STU13564,40,21,53.1,5
STU13565,40,25,62.6,3
STU13566,45,27,60.3,1
STU13567,50,30,60.1,3
STU13568,45,39,87.0,2
STU13569,40,20,49.1,3
STU13570,45,43,95.2,4
STU13571,40,24,59.7,5
STU13572,45,34,75.3,1
STU13573,40,21,51.4,3
STU13574,40,21,52.8,2
STU13575,45,36,79.9,3
STU13576,40,24,59.1,2
STU13577,50,32,63.7,8
STU13578,45,30,66.1,2
STU13579,45,23,51.0,2
STU13580,40,20,50.4,3
STU13581,45,25,56.3,3
STU13582,50,28,55.9,3
STU13583,45,26,56.7,2
STU13584,50,38,75.0,2
STU13585,45,32,71.0,2
STU13586,50,35,69.1,3
STU13587,45,28,62.4,2
STU13588,50,28,55.2,5
STU13589,40,17,42.4,5
STU13590,45,37,82.6,4
STU13591,45,22,48.0,0
STU13592,50,37,73.2,4
STU13593,45,33,73.1,4
STU13594,50,32,64.0,3
STU13595,40,22,55.1,1
STU13596,50,44,87.1,6
STU13597,45,41,91.3,4
STU13598,40,36,89.2,2
STU13599,50,34,69.0,4
STU13600,50,38,75.7,2
STU13601,40,25,63.0,1
STU13602,45,30,67.7,5
STU13603,45,30,65.6,6
STU13604,45,30,66.4,1
STU13605,40,30,75.3,4
STU13606,50,37,73.1,3
STU13607,40,28,68.8,1
STU13608,50,36,71.3,3
STU13609,40,34,84.1,3
STU13610,50,32,63.5,1
STU13611,50,29,58.9,3
STU13612,40,26,64.5,4
STU13613,40,23,58.3,5
STU13614,40,24,60.8,7
STU13615,50,31,61.4,3
STU13616,40,38,94.6,1
STU13617,50,28,56.6,3
STU13618,50,25,50.5,5
STU13619,40,31,77.1,5
STU13620,45,28,63.2,3
STU13621,45,26,57.9,2
STU13622,50,33,65.9,3
STU13623,50,28,55.2,2
STU13624,45,34,75.7,4
STU13625,50,38,75.5,1
STU13626,45,31,68.0,4
STU13627,50,30,60.3,6
STU13628,50,32,63.4,3
STU13629,40,29,73.7,2
STU13630,45,43,94.9,5
STU13631,50,38,76.9,1
STU13632,45,28,61.8,4
STU13633,40,27,66.9,2
STU13634,45,37,81.8,2
STU13635,50,34,68.6,1
STU13636,45,35,77.6,3
STU13637,40,21,53.7,5
STU13638,45,24,52.5,3
STU13639,45,25,55.9,2
STU13640,45,36,79.4,4
STU13641,45,33,72.6,1
STU13642,50,33,66.0,2
STU13643,45,26,57.7,2
STU13644,40,30,74.6,2
STU13645,45,27,61.0,3
STU13646,40,34,84.6,4
STU13647,40,27,66.7,4
STU13648,40,24,61.1,5
STU13649,40,21,53.2,2
STU13650,50,33,66.1,2
STU13651,45,34,75.9,3
STU13652,45,24,52.5,4
STU13653,50,35,70.9,4
STU13654,45,40,88.8,3
STU13655,50,26,51.0,1
STU13656,40,21,52.2,2
STU13657,45,32,71.9,1
STU13658,40,26,64.5,4
STU13659,45,23,51.3,2
STU13660,45,25,56.0,4
STU13661,45,29,63.5,1
STU13662,40,30,73.8,1
STU13663,50,38,76.3,2
STU13664,40,22,55.6,4
STU13665,50,39,77.6,6
STU13666,45,28,62.7,3
STU13667,45,32,71.7,6
STU13668,45,35,78.2,4
STU13669,45,32,71.4,1
STU13670,40,26,66.1,4
STU13671,50,41,82.1,3
STU13672,50,37,73.8,1
STU13673,50,32,64.5,4
STU13674,45,35,78.6,2
STU13675,40,29,73.7,2
STU13676,45,28,63.1,1
STU13677,50,30,59.3,5
STU13678,40,27,68.5,4
STU13679,40,22,53.8,6
STU13680,45,31,69.4,2
STU13681,40,28,70.3,2
STU13682,40,32,79.0,1
STU13683,40,33,81.8,5
STU13684,45,31,68.2,1
STU13685,45,24,54.4,1
STU13686,40,27,67.2,4
STU13687,45,34,76.4,1
STU13688,40,19,47.3,2
STU13689,50,43,85.6,2
STU13690,50,26,52.9,4
STU13691,40,27,66.4,3
STU13692,50,28,55.2,5
STU13693,50,21,42.2,3
STU13694,50,33,65.5,2
STU13695,40,22,56.1,1
STU13696,45,35,77.3,1
STU13697,40,32,81.1,0
STU13698,40,17,43.6,2
STU13699,45,25,56.3,4
STU13700,40,27,67.5,3
STU13701,40,31,78.1,1
STU13702,40,23,57.9,4
STU13703,50,32,63.3,2
STU13704,40,31,77.7,5
STU13705,40,15,36.9,3
STU13706,45,32,72.1,4
STU13707,50,38,75.8,3
STU13708,50,34,67.4,1
STU13709,40,30,74.3,2
STU13710,50,24,48.1,4
STU13711,50,33,66.7,1
STU13712,45,27,59.9,1
STU13713,45,30,66.0,5
STU13714,50,21,42.4,3
STU13715,45,29,65.3,2
STU13716,40,29,73.7,1
STU13717,45,28,62.9,4
STU13718,40,33,83.4,2
STU13719,45,32,70.7,6
STU13720,50,33,66.8,0
STU13721,40,26,64.4,1
STU13722,45,29,63.8,1
STU13723,45,35,77.0,4
STU13724,40,33,81.3,3
STU13725,45,25,55.3,2
STU13726,50,34,68.3,2
STU13727,40,33,83.7,3
STU13728,50,39,77.1,2
STU13729,40,33,83.0,3
STU13730,40,37,93.7,4
STU13731,40,28,71.0,2
STU13732,40,24,61.0,3
STU13733,50,29,57.2,2
STU13734,50,24,48.9,1
STU13735,40,23,56.4,1
STU13736,40,26,66.1,2
STU13737,50,35,69.7,0
STU13738,40,24,60.6,1
STU13739,40,26,64.1,2
STU13740,50,43,85.4,5
STU13741,50,30,61.0,2
STU13742,50,38,75.2,3
STU13743,45,37,82.1,2
STU13744,40,25,63.6,4
STU13745,50,27,54.7,2
STU13746,40,23,57.4,2
STU13747,45,27,59.1,3
STU13748,50,25,50.7,6
STU13749,50,37,73.6,0
STU13750,40,18,45.7,3
STU13751,40,30,76.1,1
STU13752,50,34,68.7,4
STU13753,50,29,58.8,5
STU13754,40,23,58.2,2
STU13755,40,28,69.7,6
STU13756,50,24,48.8,2
STU13757,45,32,71.1,5
STU13758,40,25,61.7,4
STU13759,40,29,72.9,4
STU13760,40,20,50.3,5
STU13761,50,30,59.6,2
STU13762,50,32,63.4,6
STU13763,50,28,55.9,2
STU13764,40,14,34.3,3
STU13765,40,24,60.1,4
STU13766,45,40,90.0,4
STU13767,50,33,66.8,4
STU13768,50,33,65.1,1
STU13769,40,34,85.8,2
STU13770,40,26,64.9,0
STU13771,45,34,76.6,2
STU13772,40,21,52.6,2
STU13773,40,26,66.1,6
STU13774,40,26,65.3,1
STU13775,45,24,52.5,4
STU13776,45,36,79.6,2
STU13777,45,32,70.9,3
STU13778,45,27,60.4,5
STU13779,45,31,69.3,1
STU13780,50,32,64.9,2
STU13781,40,27,68.5,4
STU13782,45,31,68.3,4
STU13783,45,28,62.9,5
STU13784,45,21,45.8,0
STU13785,45,35,78.3,1
STU13786,40,27,67.5,3
STU13787,40,24,60.1,2
STU13788,50,36,72.1,5
STU13789,40,30,74.6,0
STU13790,45,32,70.1,3
STU13791,45,21,46.9,2
STU13792,45,33,73.0,3
STU13793,45,23,50.9,5
STU13794,40,32,80.4,1
STU13795,40,27,66.6,7
STU13796,50,28,55.0,3
STU13797,40,33,82.7,2
STU13798,45,31,69.8,4
STU13799,45,26,57.5,5
STU13800,40,28,69.9,3
STU13801,50,41,82.0,4
STU13802,50,38,76.5,4
STU13803,40,16,40.8,3
STU13804,40,27,67.4,2
STU13805,40,27,67.0,5
STU13806,45,31,69.1,1
STU13807,40,25,61.3,1
STU13808,40,24,59.6,2
STU13809,50,31,61.8,1
STU13810,50,30,60.7,3
STU13811,45,31,68.6,2
STU13812,50,35,70.8,5
STU13813,50,36,71.7,6
STU13814,40,24,58.9,0
STU13815,50,30,60.2,3
STU13816,50,30,60.2,3
STU13817,50,33,66.0,1
STU13818,50,34,68.9,0
STU13819,50,31,62.8,2
STU13820,50,38,76.0,1
STU13821,50,34,68.8,2
STU13822,50,27,53.7,0
STU13823,45,34,75.2,4
STU13824,40,29,73.4,3
STU13825,50,25,50.7,3
STU13826,40,22,54.2,2
STU13827,50,28,56.5,3
STU13828,45,27,59.9,2
STU13829,50,33,66.4,0
STU13830,45,24,53.1,1
STU13831,50,26,51.2,5
STU13832,50,39,77.2,5
STU13833,40,31,78.4,2
STU13834,50,37,74.1,5
STU13835,50,21,42.2,5
STU13836,45,25,55.0,1
STU13837,40,28,69.7,3
STU13838,50,31,62.1,2
STU13839,40,14,33.8,0
STU13840,40,31,77.8,2
STU13841,50,26,52.1,2
STU13842,50,38,76.9,0
STU13843,50,28,55.4,4
STU13844,50,40,80.9,4
STU13845,50,27,53.2,4
STU13846,40,32,80.0,3
STU13847,45,19,42.2,3
STU13848,40,21,52.0,0
STU13849,50,33,66.6,6
STU13850,40,28,70.5,4
STU13851,45,30,67.5,1
STU13852,40,27,67.3,5
STU13853,50,37,74.3,4
STU13854,50,34,68.7,2
STU13855,50,25,49.1,1
STU13856,45,28,61.9,5
STU13857,50,34,68.4,2
STU13858,50,29,57.4,4
STU13859,50,29,57.3,2
STU13860,50,28,55.9,4
STU13861,40,21,53.3,0
STU13862,50,26,52.7,4
STU13863,40,21,51.9,2
STU13864,45,30,67.3,1
STU13865,40,25,62.9,2
STU13866,40,23,56.3,3
STU13867,40,30,75.3,2
STU13868,40,20,48.8,1
STU13869,40,23,57.3,4
STU13870,40,30,74.3,2
STU13871,45,34,75.8,1
STU13872,50,22,43.6,1
STU13873,45,30,67.3,7
STU13874,40,22,56.1,4
STU13875,40,27,68.2,3
STU13876,40,29,72.8,1
STU13877,45,43,96.6,5
STU13878,40,30,74.3,4
STU13879,45,32,70.5,1
STU13880,40,24,59.9,1
STU13881,40,27,68.5,2
STU13882,45,27,60.8,3
STU13883,45,31,68.9,2
STU13884,45,32,71.9,2
STU13885,45,28,61.9,5
STU13886,40,33,81.3,4
STU13887,40,27,67.9,5
STU13888,50,30,61.0,3
STU13889,40,35,87.4,2
STU13890,40,24,58.8,2
STU13891,40,22,55.6,3
STU13892,40,33,82.2,3
STU13893,40,29,72.4,2
STU13894,50,36,72.6,2
STU13895,45,30,65.7,3
STU13896,40,29,73.0,5
STU13897,40,25,62.6,1
STU13898,45,21,45.8,0
STU13899,45,23,50.5,3
STU13900,50,41,81.6,3
STU13901,50,33,65.5,4
STU13902,50,29,58.7,2
STU13903,45,28,62.4,5
STU13904,40,30,75.7,2
STU13905,45,32,70.7,5
STU13906,40,23,58.2,3
STU13907,45,24,52.7,3
STU13908,45,23,51.1,2
STU13909,45,29,63.7,5
STU13910,45,25,56.6,1
STU13911,40,22,54.6,2
STU13912,40,29,73.7,1
STU13913,40,24,60.3,3
STU13914,40,30,75.1,4
STU13915,50,42,84.6,3
STU13916,50,43,86.1,3
STU13917,45,25,54.8,5
STU13918,40,30,75.1,1
STU13919,40,27,66.5,3
STU13920,45,31,69.7,1
STU13921,45,35,78.5,4
STU13922,45,36,80.2,2
STU13923,40,31,76.4,2
STU13924,40,34,85.9,6
STU13925,40,22,54.5,4
STU13926,50,37,74.9,4
STU13927,45,27,60.3,4
STU13928,40,28,69.9,0
STU13929,45,25,56.2,2
STU13930,50,30,60.1,1
STU13931,45,31,69.7,1
STU13932,40,24,59.0,2
STU13933,45,33,74.1,4
STU13934,40,21,51.3,2
STU13935,50,35,70.3,2
STU13936,50,20,40.2,4
STU13937,40,24,60.3,2
STU13938,50,33,66.2,1
STU13939,45,28,61.8,2
STU13940,50,30,59.1,1
STU13941,50,33,65.1,4
STU13942,50,26,51.6,5
STU13943,50,42,84.1,5
STU13944,40,29,71.8,0
STU13945,50,42,84.8,3
STU13946,40,25,61.3,3
STU13947,40,31,76.6,2
STU13948,40,26,65.2,1
STU13949,45,33,73.6,3
STU13950,45,28,61.7,1
STU13951,40,21,51.6,5
STU13952,45,29,64.4,1
STU13953,50,37,73.5,2
STU13954,45,30,65.7,2
STU13955,50,27,54.2,1
STU13956,45,22,47.8,7
STU13957,40,24,60.6,5
STU13958,40,22,54.6,3
STU13959,45,36,80.9,5
STU13960,50,46,91.0,0
STU13961,50,35,69.4,4
STU13962,40,27,67.4,4
STU13963,50,29,57.5,4
STU13964,40,25,62.5,3
STU13965,45,24,54.4,2
STU13966,45,35,76.8,0
STU13967,45,36,80.0,5
STU13968,40,30,74.1,4
STU13969,45,36,78.9,3
STU13970,50,29,58.1,4
STU13971,40,28,69.5,2
STU13972,50,38,75.6,4
STU13973,45,26,56.8,4
STU13974,40,28,69.2,2
STU13975,40,31,77.7,2
STU13976,40,34,85.0,5
STU13977,45,23,51.8,2
STU13978,40,22,55.3,3
STU13979,40,33,81.4,1
STU13980,45,29,64.8,4
STU13981,45,27,61.1,4
STU13982,50,34,67.1,3
STU13983,50,38,76.8,2
STU13984,50,39,78.7,1
STU13985,40,25,62.5,4
STU13986,45,33,73.1,4
STU13987,50,35,70.0,2
STU13988,50,38,76.5,3
STU13989,45,18,41.1,1
STU13990,40,22,54.4,3
STU13991,45,31,68.1,2
STU13992,45,19,42.7,2
STU13993,45,41,91.6,5
STU13994,40,14,34.9,3
STU13995,50,35,70.0,3
STU13996,50,26,52.9,2
STU13997,40,27,68.7,6
STU13998,45,22,50.0,4
STU13999,45,27,60.8,2
STU14000,50,36,72.6,4
STU14001,50,31,61.6,1
STU14002,45,33,74.0,0
STU14003,40,29,71.5,3
STU14004,50,32,63.1,2
STU14005,40,17,41.8,2
STU14006,40,31,76.8,3
STU14007,45,32,70.8,3
STU14008,40,31,76.5,2
STU14009,45,30,66.6,5
STU14010,40,26,63.8,1
STU14011,50,27,54.9,1
STU14012,45,32,72.0,6
STU14013,45,30,67.1,3
STU14014,45,28,61.7,2
STU14015,45,32,70.5,5
STU14016,50,33,65.9,2
STU14017,45,25,55.1,1
STU14018,45,20,43.6,4
STU14019,50,20,40.0,2
STU14020,40,27,67.3,3
STU14021,50,28,56.2,2
STU14022,40,22,54.9,2
STU14023,45,23,52.0,3
STU14024,45,36,80.0,4
STU14025,40,22,54.9,5
STU14026,45,19,41.5,4
STU14027,50,37,73.2,2
STU14028,50,27,53.9,2
STU14029,50,37,74.7,6
STU14030,40,33,82.9,3
STU14031,40,29,72.3,4
STU14032,40,30,76.1,3
STU14033,45,25,56.3,4
STU14034,40,27,67.5,3
STU14035,50,26,52.2,6
STU14036,40,29,72.6,2
STU14037,50,34,67.9,4
STU14038,45,29,65.3,3
STU14039,40,22,55.3,4
STU14040,50,29,57.7,0
STU14041,50,30,60.0,1
STU14042,40,29,71.7,5
STU14043,45,24,52.8,3
STU14044,40,29,71.7,0
STU14045,45,30,65.8,4
STU14046,50,39,78.0,6
STU14047,40,27,66.5,2
STU14048,40,32,78.8,3
STU14049,50,37,73.3,3
STU14050,45,31,68.9,2
STU14051,40,27,67.8,3
STU14052,40,34,84.6,3
STU14053,40,26,65.7,6
STU14054,45,30,67.2,4
STU14055,50,37,73.3,2
STU14056,50,25,49.7,2
STU14057,50,45,89.5,2
STU14058,45,24,52.3,1
STU14059,45,29,64.0,0
STU14060,50,37,73.7,4
STU14061,40,27,68.2,3
STU14062,45,30,66.6,2
STU14063,50,35,70.1,4
STU14064,50,27,53.5,3
STU14065,40,33,82.3,5
STU14066,40,33,83.0,1
STU14067,45,42,92.3,6
STU14068,45,30,65.6,3
STU14069,50,37,74.7,1
STU14070,45,31,68.3,4
STU14071,40,29,73.7,4
STU14072,45,30,66.3,1
STU14073,45,25,55.5,4
STU14074,45,38,83.8,5
STU14075,45,22,49.8,2
STU14076,40,18,45.8,3
STU14077,45,19,42.4,2
STU14078,40,26,65.7,2
STU14079,45,35,76.7,2
STU14080,50,34,69.0,4
STU14081,45,24,54.2,1
STU14082,40,18,44.0,2
STU14083,40,25,62.2,3
STU14084,50,36,72.7,3
STU14085,50,43,86.1,5
STU14086,40,24,59.7,4
STU14087,40,27,66.3,3
STU14088,45,27,60.4,2
STU14089,40,33,82.4,1
STU14090,40,34,84.3,3
STU14091,50,44,88.5,2
STU14092,40,30,76.2,2
STU14093,50,36,72.9,2
STU14094,45,30,65.9,0
STU14095,50,38,75.5,6
STU14096,45,28,62.9,4
STU14097,50,36,71.0,1
STU14098,50,41,81.4,2
STU14099,45,20,43.6,0
STU14100,40,22,54.5,4
STU14101,50,29,58.4,3
STU14102,40,22,55.4,3
STU14103,40,30,75.8,3
STU14104,40,20,50.3,6
STU14105,45,35,78.1,4
STU14106,50,33,66.6,4
STU14107,50,33,66.6,8
STU14108,40,29,72.7,3
STU14109,50,25,49.1,2
STU14110,40,33,82.2,7
STU14111,45,39,86.7,4
STU14112,45,30,65.7,2
STU14113,50,36,71.0,3
STU14114,40,28,70.6,3
STU14115,45,42,93.8,5
STU14116,50,23,46.3,3
STU14117,40,34,85.9,1
STU14118,40,29,73.1,4
STU14119,50,40,80.1,3
STU14120,40,25,61.7,3
STU14121,50,35,70.0,0
STU14122,50,38,75.1,1
STU14123,45,32,70.8,4
STU14124,45,23,50.3,4
STU14125,50,27,54.5,3
STU14126,40,36,89.6,3
STU14127,45,31,69.4,2
STU14128,40,33,82.2,1
STU14129,50,32,64.5,4
STU14130,50,20,40.8,3
STU14131,40,29,71.3,5
STU14132,45,24,54.0,2
STU14133,45,28,61.4,2
STU14134,45,40,87.9,0
STU14135,45,22,48.3,2
STU14136,40,29,71.3,3
STU14137,45,31,69.7,3
STU14138,40,33,81.9,3
STU14139,45,36,80.7,4
STU14140,45,34,76.1,7
STU14141,40,18,44.9,2
STU14142,40,26,64.0,2
STU14143,40,21,51.5,4
STU14144,50,41,82.2,6
STU14145,40,27,68.0,5
STU14146,50,31,62.7,0
STU14147,40,30,74.8,5
STU14148,40,32,80.4,4
STU14149,40,29,72.1,1
STU14150,50,30,60.8,0
STU14151,50,32,64.7,1
STU14152,50,34,68.8,0
STU14153,40,27,67.6,3
STU14154,40,21,52.6,3
STU14155,50,36,72.6,3
STU14156,50,24,47.3,4
STU14157,40,23,57.9,2
STU14158,45,31,68.4,3
STU14159,50,34,68.8,4
STU14160,40,35,86.7,4
STU14161,45,28,62.1,1
STU14162,45,29,64.9,2
STU14163,50,34,68.4,2
STU14164,40,29,71.7,2
STU14165,40,26,65.9,5
STU14166,50,32,63.7,2
STU14167,50,33,65.5,6
STU14168,40,28,70.8,5
STU14169,45,41,91.1,1
STU14170,50,26,51.2,5
STU14171,40,20,49.7,4
STU14172,45,22,49.2,6
STU14173,45,24,52.7,1
STU14174,45,36,80.6,1
STU14175,45,31,69.9,4
STU14176,45,29,64.9,2
STU14177,40,23,58.3,3
STU14178,40,30,74.4,3
STU14179,45,24,54.2,2
STU14180,40,24,61.1,3
STU14181,40,19,47.6,1
STU14182,40,22,55.9,3
STU14183,50,22,43.4,2
STU14184,45,30,67.4,3
STU14185,45,30,66.8,2
STU14186,40,19,47.8,2
STU14187,40,28,69.3,2
STU14188,40,24,60.1,1
STU14189,50,38,76.5,1
STU14190,50,39,78.3,3
STU14191,45,27,60.5,8
STU14192,45,29,64.1,5
STU14193,50,29,57.3,4
STU14194,50,35,69.1,4
STU14195,50,40,79.1,3
STU14196,45,31,68.4,6
STU14197,45,32,71.0,6
STU14198,45,28,61.4,2
STU14199,40,28,69.9,5
STU14200,45,30,67.1,2
STU14201,40,24,60.2,2
STU14202,45,36,79.6,3
STU14203,45,30,67.3,2
STU14204,45,37,83.2,1
STU14205,40,24,59.0,2
STU14206,50,29,57.8,5
STU14207,40,29,72.0,1
STU14208,45,31,69.1,3
STU14209,50,32,63.9,3
STU14210,40,25,61.9,2
STU14211,50,30,60.5,2
STU14212,40,30,75.8,1
STU14213,50,34,68.3,0
STU14214,45,32,71.3,6
STU14215,40,22,53.9,4
STU14216,40,26,65.5,3
STU14217,40,29,72.7,2
STU14218,50,36,71.3,4
STU14219,45,25,56.0,2
STU14220,45,24,53.4,4
STU14221,45,35,77.4,5
STU14222,40,28,69.0,5
STU14223,40,24,60.6,6
STU14224,50,32,63.6,3
STU14225,40,29,71.7,0
STU14226,45,28,62.6,2
STU14227,40,22,54.2,5
STU14228,45,34,75.6,0
STU14229,45,29,63.4,3
STU14230,50,30,60.1,3
STU14231,45,32,71.1,0
STU14232,45,20,43.8,2
STU14233,50,45,90.3,1
STU14234,45,25,56.1,1
STU14235,50,33,66.9,4
STU14236,40,32,79.2,6
STU14237,40,18,44.3,7
STU14238,40,33,83.0,4
STU14239,45,41,90.4,3
STU14240,40,26,64.9,3
STU14241,40,23,57.7,3
STU14242,40,24,60.8,2
STU14243,50,31,61.6,2
STU14244,45,26,57.7,1
STU14245,45,29,64.8,3
STU14246,50,31,61.4,3
STU14247,45,34,76.6,3
STU14248,45,14,30.0,3
STU14249,40,27,67.1,3
STU14250,40,27,66.7,1
STU14251,45,33,73.2,1
STU14252,50,31,62.4,2
STU14253,50,38,75.8,4
STU14254,40,27,67.5,4
STU14255,40,31,77.1,1
STU14256,45,20,45.1,6
STU14257,50,28,57.0,3
STU14258,50,33,65.3,4
STU14259,40,21,52.0,4
STU14260,50,39,77.2,1
STU14261,50,37,73.9,2
STU14262,40,23,57.6,1
STU14263,50,42,84.1,4
STU14264,40,29,73.7,1
STU14265,50,34,68.1,6
STU14266,40,25,63.5,2
STU14267,45,40,88.9,2
STU14268,50,29,57.2,3
STU14269,50,43,86.2,2
STU14270,45,32,72.1,6
STU14271,50,36,72.7,6
STU14272,40,27,66.9,2
STU14273,50,30,60.2,1
STU14274,45,31,69.3,2
STU14275,40,30,75.1,6
STU14276,40,30,74.9,3
STU14277,50,35,69.2,2
STU14278,45,20,44.2,5
STU14279,50,35,69.8,4
STU14280,50,32,64.8,5
STU14281,50,21,41.3,4
STU14282,45,30,67.3,2
STU14283,40,27,67.1,2
STU14284,45,29,65.1,0
STU14285,45,39,86.2,3
STU14286,40,23,57.7,1
STU14287,50,25,49.4,4
STU14288,50,28,55.7,3
STU14289,45,26,57.9,5
STU14290,45,31,69.4,6
STU14291,40,31,76.3,3
STU14292,45,24,53.8,1
STU14293,50,34,67.7,3
STU14294,40,34,84.4,2
STU14295,50,33,66.3,2
STU14296,50,30,60.5,1
STU14297,40,25,61.9,4
STU14298,40,28,70.0,4
STU14299,50,22,44.6,2
STU14300,40,31,78.1,0
STU14301,40,28,69.9,9
STU14302,45,33,74.2,2
STU14303,45,24,53.7,2
STU14304,50,34,67.3,3
STU14305,50,41,82.7,4
STU14306,40,21,52.4,4
STU14307,40,33,82.9,3
STU14308,45,31,68.3,1
STU14309,40,31,76.7,4
STU14310,50,28,56.3,3
STU14311,45,27,61.0,2
STU14312,50,27,54.9,4
STU14313,50,28,56.8,0
STU14314,50,31,61.4,2
STU14315,50,31,61.6,5
STU14316,50,37,73.3,6
STU14317,45,32,70.5,6
STU14318,50,34,67.3,4
STU14319,50,40,80.3,4
STU14320,50,30,61.0,5
STU14321,50,32,64.4,1
STU14322,40,35,86.4,3
STU14323,45,35,77.0,2
STU14324,45,33,73.2,3
STU14325,40,30,74.6,1
STU14326,50,30,59.5,3
STU14327,45,32,72.0,2
STU14328,50,27,54.7,3
STU14329,40,19,46.7,0
STU14330,45,32,70.3,3
STU14331,45,23,50.6,4
STU14332,50,38,76.7,3
STU14333,40,29,73.4,4
STU14334,45,24,54.2,1
STU14335,50,30,61.0,3
STU14336,50,22,44.7,2
STU14337,50,24,48.3,3
STU14338,50,39,78.5,5
STU14339,40,32,78.9,4
STU14340,45,24,52.7,3
STU14341,50,40,80.1,2
STU14342,40,33,82.9,5
STU14343,45,36,79.7,1
STU14344,45,26,57.9,1
STU14345,50,29,57.1,1
STU14346,45,26,56.9,2
STU14347,50,40,79.9,1
STU14348,40,22,55.3,1
STU14349,45,34,75.2,0
STU14350,50,40,79.5,4
STU14351,40,30,75.9,3
STU14352,50,37,73.4,2
STU14353,45,23,51.7,1
STU14354,40,20,49.7,4
STU14355,45,32,71.5,2
STU14356,45,33,73.2,2
STU14357,50,29,58.2,3
STU14358,50,33,66.4,0
STU14359,40,27,68.6,2
STU14360,50,38,75.5,3
STU14361,40,27,66.5,1
STU14362,45,30,67.6,0
STU14363,45,36,80.0,4
STU14364,45,29,64.9,4
STU14365,45,30,67.7,6
STU14366,40,26,66.1,2
STU14367,40,31,78.6,7
STU14368,45,24,53.8,6
STU14369,50,19,37.9,2
STU14370,45,30,67.4,8
STU14371,40,34,85.0,5
STU14372,50,42,84.4,1
STU14373,45,27,60.6,4
STU14374,45,22,49.2,3
STU14375,40,32,78.9,5
STU14376,40,21,53.7,4
STU14377,40,29,72.5,3
STU14378,40,26,65.1,2
STU14379,50,27,54.2,2
STU14380,50,35,69.8,6
STU14381,40,24,59.4,3
STU14382,50,19,38.0,7
STU14383,45,33,72.6,7
STU14384,50,31,61.3,3
STU14385,45,32,72.1,9
STU14386,40,31,78.2,2
STU14387,45,26,57.3,6
STU14388,40,28,70.0,0
STU14389,40,30,74.7,7
STU14390,40,26,65.1,6
STU14391,50,31,61.3,5
STU14392,45,28,62.4,6
STU14393,50,31,62.5,3
STU14394,40,27,66.5,2
STU14395,50,37,74.1,1
STU14396,40,28,69.8,1
STU14397,45,28,61.8,6
STU14398,40,23,58.6,1
STU14399,40,26,63.8,2
STU14400,50,29,57.9,6
STU14401,40,31,78.5,9
STU14402,45,26,57.6,3
STU14403,45,32,70.7,7
STU14404,40,30,76.2,1
STU14405,45,24,53.7,3
STU14406,40,24,59.2,3
STU14407,40,22,53.8,3
STU14408,45,32,71.0,1
STU14409,50,35,69.4,2
STU14410,40,25,63.1,2
STU14411,50,40,79.9,2
STU14412,50,29,58.0,3
STU14413,40,30,74.1,3
STU14414,45,26,57.2,1
STU14415,40,34,84.2,3
STU14416,45,18,39.3,1
STU14417,40,27,66.4,5
STU14418,50,47,93.5,6
STU14419,40,26,64.7,3
STU14420,45,27,59.9,0
STU14421,45,29,64.8,5
STU14422,40,19,47.4,6
STU14423,45,42,92.4,6
STU14424,40,26,64.9,4
STU14425,50,34,68.7,3
STU14426,40,20,48.8,3
STU14427,40,23,58.4,0
STU14428,45,32,72.2,3
STU14429,40,24,61.2,5
STU14430,50,31,61.2,0
STU14431,50,31,62.3,6
STU14432,40,27,68.0,5
STU14433,45,39,86.5,2
STU14434,50,26,52.4,4
STU14435,40,29,73.3,2
STU14436,40,23,58.4,3
STU14437,50,39,78.1,2
STU14438,45,27,61.0,3
STU14439,40,24,59.7,2
STU14440,50,26,52.1,1
STU14441,40,20,50.7,3
STU14442,50,27,53.9,3
STU14443,40,22,54.3,4
STU14444,45,22,49.3,3
STU14445,45,35,77.6,2
STU14446,50,35,70.5,2
STU14447,40,25,61.8,3
STU14448,45,28,62.6,5
STU14449,50,39,77.7,2
STU14450,45,36,80.2,4
STU14451,45,40,87.8,2
STU14452,40,30,74.2,3
STU14453,40,24,60.6,3
STU14454,45,39,86.4,2
STU14455,45,31,69.5,3
STU14456,45,27,61.1,0
STU14457,45,27,61.0,2
STU14458,50,20,40.4,5
STU14459,50,35,70.3,1
STU14460,45,27,59.5,2
STU14461,40,30,75.8,1
STU14462,40,31,78.4,3
STU14463,50,38,76.1,4
STU14464,45,21,46.8,1
STU14465,40,32,79.1,2
STU14466,45,30,66.3,2
STU14467,50,38,75.3,3
STU14468,50,33,65.4,3
STU14469,40,29,72.7,1
STU14470,45,24,54.1,4
STU14471,50,34,67.2,4
STU14472,40,19,47.3,4
STU14473,45,34,75.4,4
STU14474,45,23,51.2,6
STU14475,50,30,60.4,1
STU14476,40,29,72.9,3
STU14477,45,26,57.3,1
STU14478,40,24,60.7,2
STU14479,45,30,65.6,2
STU14480,45,32,70.6,4
STU14481,45,22,49.8,4
STU14482,40,38,94.0,3
STU14483,50,28,56.0,2
STU14484,45,29,63.7,7
STU14485,50,42,83.1,1
STU14486,45,35,76.9,3
STU14487,50,32,63.7,4
STU14488,40,29,71.6,3
STU14489,45,29,63.6,2
STU14490,45,36,79.2,2
STU14491,50,31,61.7,4
STU14492,50,28,56.8,2
STU14493,50,34,68.1,6
STU14494,40,29,72.5,2
STU14495,45,35,78.0,1
STU14496,40,22,54.8,3
STU14497,40,18,44.7,1
STU14498,50,34,67.4,2
STU14499,50,32,64.8,5
STU14500,45,22,49.6,1
STU14501,45,34,75.5,3
STU14502,45,31,69.9,4
STU14503,50,27,54.6,1
STU14504,50,42,84.6,9
STU14505,40,30,74.6,3
STU14506,45,28,63.0,3
STU14507,40,31,78.0,4
STU14508,45,29,64.2,4
STU14509,45,25,55.6,4
STU14510,45,19,41.6,3
STU14511,40,23,57.1,2
STU14512,40,27,68.0,6
STU14513,40,26,66.2,2
STU14514,50,32,64.3,1
STU14515,50,31,62.2,0
STU14516,40,24,60.1,2
STU14517,50,29,57.4,4
STU14518,50,28,56.9,4
STU14519,40,20,49.6,4
STU14520,45,35,78.3,2
STU14521,50,26,51.9,5
STU14522,40,30,74.9,3
STU14523,45,20,43.6,2
STU14524,50,33,65.6,4
STU14525,40,30,74.7,6
STU14526,45,35,77.6,2
STU14527,50,39,78.8,2
STU14528,40,24,60.0,0
STU14529,40,25,61.6,2
STU14530,50,26,51.2,3
STU14531,40,32,79.6,3
STU14532,45,17,38.1,2
STU14533,40,23,57.4,6
STU14534,50,24,48.8,4
STU14535,45,31,68.4,1
STU14536,40,32,80.0,1
STU14537,40,30,73.9,3
STU14538,45,27,60.8,4
STU14539,45,32,71.4,7
STU14540,50,24,48.7,1
STU14541,40,22,54.0,5
STU14542,45,35,78.7,2
STU14543,40,25,63.0,6
STU14544,40,25,63.5,2
STU14545,40,25,62.6,2
STU14546,50,35,70.3,4
STU14547,40,23,57.5,4
STU14548,50,34,68.9,4
STU14549,40,27,67.8,1
STU14550,50,41,81.7,4
STU14551,50,34,68.0,6
STU14552,40,32,81.0,3
STU14553,50,29,57.3,3
STU14554,50,37,74.1,3
STU14555,50,33,65.7,0
STU14556,40,22,54.5,4
STU14557,45,34,75.6,1
STU14558,45,30,66.5,4
STU14559,40,31,77.9,3
STU14560,50,33,66.2,3
STU14561,40,27,66.3,2
STU14562,45,32,72.1,1
STU14563,45,17,38.1,2
STU14564,50,36,72.5,4
STU14565,40,26,64.5,0
STU14566,45,30,67.7,3
STU14567,40,29,72.7,3
STU14568,45,26,58.3,2
STU14569,45,33,72.6,4
STU14570,45,39,86.0,3
STU14571,40,15,36.4,3
STU14572,40,20,51.0,3
STU14573,50,25,49.5,3
STU14574,40,23,56.5,0
STU14575,40,21,52.5,2
STU14576,45,33,72.7,6
STU14577,50,34,67.6,1
STU14578,50,23,46.8,1
STU14579,40,20,49.9,3
STU14580,40,25,61.9,1
STU14581,40,27,67.0,3
STU14582,40,22,53.8,0
STU14583,40,26,64.5,6
STU14584,50,29,57.3,2
STU14585,50,37,73.6,2
STU14586,50,34,68.6,2
STU14587,45,17,36.8,1
STU14588,45,33,73.4,2
STU14589,40,30,73.9,3
STU14590,45,30,65.8,3
STU14591,50,47,93.3,5
STU14592,40,27,67.5,1
STU14593,45,28,62.5,1
STU14594,50,41,81.7,4
STU14595,40,22,55.2,1
STU14596,40,35,86.4,1
STU14597,50,35,69.7,10
STU14598,50,38,76.7,2
STU14599,45,19,42.5,7
STU14600,50,27,53.8,4
STU14601,50,27,53.3,5
STU14602,50,28,56.4,1
STU14603,40,25,62.9,3
STU14604,50,38,75.0,11
STU14605,50,26,52.7,1
STU14606,40,21,53.7,3
STU14607,40,33,81.5,0
STU14608,40,18,46.0,1
STU14609,40,23,58.1,2
STU14610,40,24,59.1,1
STU14611,50,38,76.5,5
STU14612,50,30,60.0,3
STU14613,45,34,75.3,1
STU14614,50,34,67.0,5
STU14615,40,28,70.8,5
STU14616,50,34,67.5,5
STU14617,50,28,55.7,4
STU14618,45,27,60.5,3
STU14619,40,27,66.9,3
STU14620,50,37,74.6,3
STU14621,45,43,95.1,3
STU14622,50,41,82.2,5
STU14623,50,19,38.8,3
STU14624,50,42,83.2,1
STU14625,45,26,57.8,2
STU14626,50,33,65.1,2
STU14627,50,31,62.5,6
STU14628,45,18,39.5,3
STU14629,40,32,80.5,5
STU14630,40,26,64.9,1
STU14631,50,38,75.4,4
STU14632,45,17,38.4,2
STU14633,50,27,54.8,2
STU14634,50,35,70.9,6
STU14635,45,33,73.3,4
STU14636,40,30,75.4,2
STU14637,45,25,54.7,2
STU14638,45,42,93.1,1
STU14639,50,42,84.8,1
STU14640,45,36,81.0,2
STU14641,45,25,54.8,1
STU14642,50,27,53.4,4
STU14643,45,35,77.5,4
STU14644,45,24,52.4,5
STU14645,45,32,71.4,0
STU14646,40,23,57.7,3
STU14647,45,29,65.2,3
STU14648,45,35,78.5,5
STU14649,45,29,65.4,3
STU14650,50,29,58.4,1
STU14651,50,43,86.0,2
STU14652,50,36,72.8,4
STU14653,50,35,69.9,2
STU14654,40,23,56.7,3
STU14655,50,30,59.4,2
STU14656,50,38,75.0,2
STU14657,45,31,69.2,3
STU14658,45,42,92.4,0
STU14659,50,32,64.2,3
STU14660,50,25,50.2,7
STU14661,45,31,68.6,1
STU14662,50,29,58.9,4
STU14663,40,27,67.6,5
STU14664,45,32,70.2,3
STU14665,50,25,49.6,2
STU14666,45,30,66.9,3
STU14667,50,31,62.2,0
STU14668,40,29,72.5,1
STU14669,40,22,54.6,2
STU14670,40,32,79.3,3
STU14671,45,34,75.4,1
STU14672,50,38,76.5,2
STU14673,45,30,67.0,2
STU14674,45,29,64.1,4
STU14675,45,43,95.3,6
STU14676,40,33,83.0,1
STU14677,40,24,59.9,1
STU14678,50,29,58.3,2
STU14679,40,28,69.9,2
STU14680,50,20,40.9,1
STU14681,50,41,82.9,3
STU14682,40,26,65.4,4
STU14683,40,28,69.4,8
STU14684,40,23,56.5,6
STU14685,50,30,60.1,1
STU14686,45,30,66.0,5
STU14687,50,30,60.8,2
STU14688,50,41,81.4,2
STU14689,45,38,83.5,3
STU14690,50,37,74.9,3
STU14691,50,32,64.0,1
STU14692,40,22,54.6,2
STU14693,40,19,48.0,2
STU14694,45,41,92.0,0
STU14695,40,25,61.5,2
STU14696,40,30,75.4,2
STU14697,40,23,58.5,2
STU14698,45,37,82.1,2
STU14699,45,29,64.4,4
STU14700,40,26,64.0,3
STU14701,50,28,55.7,0
STU14702,45,16,36.5,1
STU14703,45,27,60.9,3
STU14704,50,31,61.2,4
STU14705,50,35,70.2,3
STU14706,40,32,80.3,2
STU14707,50,37,73.5,1
STU14708,50,38,77.0,3
STU14709,50,38,76.8,6
STU14710,40,19,48.2,5
STU14711,40,30,74.0,2
STU14712,40,26,64.2,2
STU14713,40,18,46.1,6
STU14714,45,35,78.0,3
STU14715,40,26,63.9,1
STU14716,40,21,53.7,2
STU14717,50,31,62.4,6
STU14718,40,23,57.6,3
STU14719,40,26,65.9,3
STU14720,50,29,58.2,5
STU14721,40,25,62.1,4
STU14722,50,21,41.8,6
STU14723,45,31,69.6,4
STU14724,50,39,78.5,2
STU14725,50,37,73.2,0
STU14726,45,25,55.0,3
STU14727,50,35,69.4,5
STU14728,50,32,63.4,3
STU14729,45,29,64.2,3
STU14730,50,44,87.0,3
STU14731,45,35,77.7,3
STU14732,45,29,64.9,2
STU14733,45,30,67.0,2
STU14734,40,25,63.4,5
STU14735,45,35,76.8,4
STU14736,50,30,60.9,2
STU14737,40,24,60.2,6
STU14738,50,27,53.7,3
STU14739,45,31,70.0,3
STU14740,40,35,87.2,0
STU14741,50,35,69.6,4
STU14742,40,28,70.4,2
STU14743,40,33,83.1,4
STU14744,45,29,64.7,2
STU14745,40,27,67.2,1
STU14746,50,24,47.4,4
STU14747,40,33,81.7,1
STU14748,40,21,53.5,3
STU14749,45,34,76.3,2
STU14750,45,32,71.0,3
STU14751,45,26,57.8,2
STU14752,45,32,72.2,3
STU14753,45,24,54.1,5
STU14754,40,29,72.5,3
STU14755,45,39,86.0,1
STU14756,40,32,80.6,3
STU14757,45,25,56.5,3
STU14758,45,28,61.3,2
STU14759,50,23,45.6,9
STU14760,45,29,63.4,2
STU14761,45,28,61.9,5
STU14762,40,21,52.5,2
STU14763,40,19,48.7,3
STU14764,45,39,86.7,1
STU14765,45,25,56.2,2
STU14766,50,33,66.4,5
STU14767,50,39,77.2,2
STU14768,40,21,51.3,2
STU14769,40,15,36.5,2
STU14770,40,28,69.5,3
STU14771,40,29,72.4,3
STU14772,40,23,56.6,3
STU14773,50,33,66.2,4
STU14774,50,36,71.6,2
STU14775,40,20,49.4,2
STU14776,50,46,91.0,3
STU14777,50,35,69.3,6
STU14778,40,29,73.1,2
STU14779,45,33,72.5,2
STU14780,40,25,63.6,2
STU14781,40,32,80.0,2
STU14782,40,25,62.0,6
STU14783,50,42,84.2,6
STU14784,40,28,70.4,4
STU14785,45,28,61.4,1
STU14786,40,35,88.3,7
STU14787,40,21,51.7,3
STU14788,45,30,67.6,3
STU14789,50,34,68.9,7
STU14790,50,36,71.8,3
STU14791,40,29,71.8,4
STU14792,45,28,62.1,3
STU14793,50,27,54.6,3
STU14794,50,33,65.3,7
STU14795,45,32,70.9,5
STU14796,45,38,84.6,6
STU14797,45,21,46.9,3
STU14798,50,43,86.3,5
STU14799,40,26,65.3,1
STU14800,45,31,69.5,4
STU14801,40,18,46.2,5
STU14802,45,40,89.5,4
STU14803,45,34,75.2,3
STU14804,45,38,83.8,2
STU14805,45,25,54.6,3
STU14806,40,26,65.5,0
STU14807,50,34,69.0,4
STU14808,50,43,86.0,1
STU14809,40,34,84.6,1
STU14810,45,31,69.2,2
STU14811,45,28,61.9,2
STU14812,50,30,60.8,5
STU14813,40,26,66.0,4
STU14814,40,19,48.6,6
STU14815,50,28,55.0,5
STU14816,45,37,82.6,1
STU14817,45,27,60.0,2
STU14818,45,29,65.5,5
STU14819,50,36,72.9,0
STU14820,50,23,45.1,4
STU14821,50,30,60.4,3
STU14822,45,35,77.2,3
STU14823,40,23,58.1,2
STU14824,45,24,53.1,3
STU14825,50,35,69.5,2
STU14826,50,36,71.3,3
STU14827,50,38,75.5,1
STU14828,50,36,71.9,4
STU14829,50,23,46.3,3
STU14830,40,36,89.5,2
STU14831,50,36,72.0,5
STU14832,40,36,90.6,4
STU14833,50,34,68.3,7
STU14834,40,32,80.3,3
STU14835,45,20,45.2,3
STU14836,45,29,65.1,3
STU14837,45,30,67.6,0
STU14838,40,34,85.0,2
STU14839,40,22,55.7,1
STU14840,50,24,48.5,3
STU14841,45,33,72.5,4
STU14842,50,41,81.8,3
STU14843,45,31,68.0,4
STU14844,50,37,74.7,3
STU14845,45,29,64.1,5
STU14846,45,22,47.9,1
STU14847,40,28,70.7,3
STU14848,40,29,72.3,4
STU14849,40,26,65.8,3
STU14850,50,32,64.8,6
STU14851,50,34,67.6,2
STU14852,50,24,47.6,3
STU14853,50,30,59.0,9
STU14854,50,25,49.6,3
STU14855,40,27,67.3,2
STU14856,50,38,75.3,7
STU14857,45,30,66.4,4
STU14858,50,34,68.2,1
STU14859,45,19,42.1,5
STU14860,40,24,60.8,0
STU14861,50,34,67.4,4
STU14862,50,28,55.1,5
STU14863,45,34,75.9,5
STU14864,40,20,50.5,0
STU14865,40,34,84.7,4
STU14866,45,28,62.8,2
STU14867,40,26,64.4,4
STU14868,50,43,85.8,4
STU14869,40,34,85.2,7
STU14870,40,17,42.5,5
STU14871,50,26,52.6,1
STU14872,45,34,76.5,3
STU14873,40,26,65.6,2
STU14874,50,28,57.0,7
STU14875,50,29,58.7,2
STU14876,50,32,64.6,3
STU14877,45,27,60.6,3
STU14878,40,25,62.7,2
STU14879,40,25,61.4,5
STU14880,45,24,53.5,3
STU14881,45,22,48.8,2
STU14882,50,30,59.9,7
STU14883,45,32,70.4,3
STU14884,45,42,92.6,2
STU14885,40,23,58.1,2
STU14886,40,16,39.6,0
STU14887,40,38,95.1,4
STU14888,50,28,55.9,4
STU14889,50,35,69.3,1
STU14890,50,29,57.2,1
STU14891,50,28,55.3,3
STU14892,40,32,79.3,4
STU14893,40,29,71.5,1
STU14894,45,28,61.6,2
STU14895,50,39,78.2,4
STU14896,45,35,77.3,4
STU14897,50,25,49.5,3
STU14898,50,31,61.5,5
STU14899,50,32,64.8,3
STU14900,40,21,53.2,2
STU14901,50,30,61.0,4
STU14902,45,26,58.3,0
STU14903,45,26,57.3,2
STU14904,40,31,78.4,2
STU14905,50,28,55.8,2
STU14906,40,29,71.3,2
STU14907,45,20,43.8,2
STU14908,50,27,54.2,0
STU14909,40,32,80.5,2
STU14910,50,35,70.8,4
STU14911,45,33,72.8,0
STU14912,50,32,63.1,3
STU14913,50,39,77.4,3
STU14914,40,23,57.0,2
STU14915,40,33,82.2,7
STU14916,50,41,82.1,3
STU14917,50,38,76.0,1
STU14918,45,27,60.3,0
STU14919,45,22,49.6,1
STU14920,45,29,63.4,3
STU14921,40,15,36.5,3
STU14922,45,32,71.0,1
STU14923,40,25,61.6,1
STU14924,45,28,62.7,3
STU14925,45,30,67.1,4
STU14926,45,26,57.2,4
STU14927,50,34,69.0,1
STU14928,50,40,79.0,3
STU14929,45,26,57.0,4
STU14930,50,39,78.7,5
STU14931,40,27,66.8,1
STU14932,40,28,70.9,4
STU14933,50,35,70.8,3
STU14934,45,25,56.3,6
STU14935,50,39,78.8,1
STU14936,50,35,69.5,4
STU14937,40,26,64.8,1
STU14938,45,37,81.9,2
STU14939,40,24,60.6,4
STU14940,50,31,62.4,0
STU14941,50,42,84.7,0
STU14942,45,28,62.4,2
STU14943,45,30,67.0,4
STU14944,40,27,66.7,3
STU14945,45,30,66.9,0
STU14946,45,33,73.5,0
STU14947,50,35,70.8,0
STU14948,50,30,60.8,3
STU14949,50,33,66.7,1
STU14950,45,30,67.6,1
STU14951,45,39,87.1,3
STU14952,50,28,57.0,5
STU14953,45,27,59.7,2
STU14954,50,33,66.1,6
STU14955,45,23,52.1,1
STU14956,50,18,36.7,2
STU14957,40,25,61.3,2
STU14958,45,30,66.2,5
STU14959,40,22,54.1,1
STU14960,50,41,82.6,5
STU14961,40,30,74.1,1
STU14962,45,32,70.8,2
STU14963,40,28,70.8,3
STU14964,50,38,75.7,2
STU14965,40,36,91.0,2
STU14966,50,34,67.8,4
STU14967,50,38,76.0,2
STU14968,40,32,81.0,3
STU14969,50,28,57.0,3
STU14970,50,28,56.6,3
STU14971,45,28,62.9,1
STU14972,50,28,56.1,2
STU14973,40,21,53.7,1
STU14974,50,37,74.9,7
STU14975,45,34,74.7,1
STU14976,50,35,70.5,3
STU14977,50,27,53.7,5
STU14978,50,34,67.0,3
STU14979,50,37,73.3,2
STU14980,45,22,48.3,0
STU14981,50,30,59.5,3
STU14982,50,38,75.3,4
STU14983,50,35,70.0,4
STU14984,40,20,49.2,2
STU14985,50,27,54.6,2
STU14986,45,32,70.5,6
STU14987,50,35,70.8,3
STU14988,45,23,51.3,4
STU14989,40,32,80.7,5
STU14990,45,22,49.5,2
STU14991,50,34,68.1,1
STU14992,45,23,51.4,2
STU14993,40,23,57.7,3
STU14994,50,45,89.2,3
STU14995,40,26,65.5,5
STU14996,50,37,73.4,4
STU14997,40,32,80.6,5
STU14998,50,37,73.2,1
STU14999,40,22,54.6,1
