student_id,lms_logins_per_week,video_watch_hours,forum_posts,quiz_attempts,avg_quiz_score
STU10000,23,22.5,4,8,66.8
STU10001,17,12.6,6,12,77.0
STU10002,12,14.9,6,2,83.6
STU10003,12,18.9,4,11,76.8
STU10004,11,17.6,5,2,69.4
STU10005,6,18.8,3,13,67.8
STU10006,11,19.5,0,9,71.6
STU10007,9,6.3,5,6,76.9
STU10008,13,7.9,8,7,46.4
STU10009,11,20.9,3,5,77.2
STU10010,9,11.1,4,5,82.4
STU10011,20,11.6,4,11,69.2
STU10012,17,8.7,2,14,63.9
STU10013,19,13.0,3,10,61.3
STU10014,11,13.3,2,9,48.4
STU10015,14,10.3,1,12,72.1
STU10016,12,9.7,5,14,75.3
STU10017,10,16.6,2,13,81.8
STU10018,13,11.0,4,5,100.0
STU10019,14,12.0,2,8,73.1
STU10020,15,4.1,4,9,84.7
STU10021,14,24.7,4,8,52.6
STU10022,14,19.7,3,6,66.4
STU10023,11,12.5,3,11,84.1
STU10024,13,10.5,5,2,73.7
STU10025,11,15.1,2,7,85.5
STU10026,12,14.9,3,9,85.2
STU10027,11,8.6,5,12,92.5
STU10028,12,2.2,6,7,80.9
STU10029,9,12.4,5,9,70.3
STU10030,14,7.2,5,7,82.6
STU10031,12,15.9,5,3,60.2
STU10032,10,15.9,4,7,97.5
STU10033,10,10.1,2,10,66.2
STU10034,15,12.3,2,14,71.8
STU10035,21,23.8,0,3,75.6
STU10036,9,18.9,3,4,80.2
STU10037,9,12.7,7,10,86.8
STU10038,18,26.5,4,14,62.6
STU10039,12,9.0,5,8,57.8
STU10040,9,10.9,1,2,61.8
STU10041,11,14.4,3,12,74.3
STU10042,10,7.3,5,14,80.0
STU10043,8,24.0,2,5,79.4
STU10044,14,15.9,3,5,76.1
STU10045,6,11.1,7,11,75.8
STU10046,13,17.2,5,6,85.2
STU10047,11,15.7,5,8,82.2
STU10048,8,13.5,1,6,55.0
STU10049,20,9.0,9,11,77.5
STU10050,12,7.8,6,7,79.3
STU10051,4,25.9,3,10,63.4
STU10052,11,8.2,5,3,81.6
STU10053,15,23.5,4,7,71.4
STU10054,7,10.8,6,14,80.8
STU10055,11,19.0,4,7,56.5
STU10056,12,17.3,2,13,59.1
STU10057,12,18.3,5,2,84.1
STU10058,11,18.7,8,7,81.7
STU10059,5,6.9,6,8,46.9
STU10060,11,11.6,3,14,69.9
STU10061,19,8.2,3,8,43.1
STU10062,10,15.9,3,4,96.0
STU10063,11,8.4,4,9,65.6
STU10064,9,5.1,2,8,68.5
STU10065,4,13.8,9,5,63.3
STU10066,9,4.0,4,5,68.0
STU10067,14,16.3,2,11,65.0
STU10068,18,8.7,3,14,86.3
STU10069,8,10.8,3,14,70.0
STU10070,11,3.6,1,8,65.2
STU10071,9,23.3,6,3,77.2
STU10072,11,7.7,3,6,48.6
STU10073,14,13.2,3,14,64.5
STU10074,9,6.0,5,7,69.2
STU10075,14,10.8,2,5,58.3
STU10076,13,23.8,5,2,78.5
STU10077,10,16.5,6,12,71.2
STU10078,18,11.4,7,12,78.9
STU10079,16,14.8,6,2,78.6
STU10080,14,12.2,3,4,89.2
STU10081,8,14.5,5,10,60.4
STU10082,12,18.7,4,14,83.5
STU10083,14,13.3,3,3,65.6
STU10084,8,16.1,3,6,73.3
STU10085,13,16.2,5,8,77.5
STU10086,16,13.4,4,3,84.9
STU10087,7,11.3,3,2,73.0
STU10088,12,12.4,3,8,83.4
STU10089,11,18.5,2,6,89.5
STU10090,16,18.9,3,8,67.6
STU10091,10,9.3,2,2,68.6
STU10092,8,13.7,2,7,62.2
STU10093,16,11.2,2,7,65.6
STU10094,15,19.0,4,8,74.8
STU10095,10,12.6,1,13,70.3
STU10096,11,26.0,6,9,69.8
STU10097,17,16.1,6,10,75.8
STU10098,6,20.9,8,14,69.4
STU10099,8,9.9,3,11,55.1
STU10100,16,15.1,5,13,61.5
STU10101,7,18.1,3,14,76.7
STU10102,8,9.8,5,6,75.6
STU10103,10,15.1,4,14,61.9
STU10104,16,20.3,5,5,64.4
STU10105,13,13.4,5,6,63.7
STU10106,10,10.7,6,11,68.2
STU10107,15,24.0,3,6,82.7
STU10108,10,9.1,3,12,91.1
STU10109,13,15.8,4,10,74.9
STU10110,11,11.5,4,8,90.2
STU10111,12,10.3,1,12,67.7
STU10112,8,18.7,0,3,76.3
STU10113,13,14.0,8,3,69.3
STU10114,14,17.0,5,2,80.2
STU10115,13,3.7,5,3,82.2
STU10116,5,17.5,3,3,65.3
STU10117,15,11.4,1,6,85.2
STU10118,8,5.6,7,10,65.7
STU10119,16,24.4,3,8,58.6
STU10120,8,18.0,0,12,85.0
STU10121,11,16.1,7,14,76.0
STU10122,10,21.2,2,6,74.0
STU10123,10,16.2,4,12,75.8
STU10124,12,11.0,2,11,68.1
STU10125,11,14.1,5,5,79.3
STU10126,10,11.6,4,7,56.9
STU10127,14,12.5,3,5,95.2
STU10128,15,8.7,3,11,61.5
STU10129,8,10.1,2,8,58.5
STU10130,13,19.5,1,14,79.7
STU10131,15,16.7,5,4,60.6
STU10132,6,12.5,4,13,82.8
STU10133,6,9.9,5,14,80.7
STU10134,12,13.0,6,9,58.5
STU10135,14,6.6,7,13,70.8
STU10136,10,15.6,7,9,90.5
STU10137,8,19.7,2,4,66.2
STU10138,14,26.8,9,14,63.1
STU10139,13,9.5,6,8,70.6
STU10140,14,19.5,1,2,78.3
STU10141,15,11.5,6,6,66.3
STU10142,13,9.4,3,10,62.9
STU10143,8,9.4,6,3,80.4
STU10144,15,15.7,6,4,95.3
STU10145,11,10.3,3,5,72.0
STU10146,10,12.0,8,3,64.8
STU10147,7,12.8,11,11,68.9
STU10148,16,11.3,5,7,53.8
STU10149,8,10.9,3,6,71.5
STU10150,9,2.9,3,6,78.5
STU10151,9,15.4,7,9,64.5
STU10152,5,15.3,0,7,52.7
STU10153,6,11.0,4,2,82.9
STU10154,14,16.8,3,2,53.8
STU10155,5,22.0,7,11,69.4
STU10156,10,15.1,7,11,90.6
STU10157,10,21.7,1,6,76.5
STU10158,13,26.2,4,14,48.7
STU10159,11,27.7,7,13,57.7
STU10160,8,9.1,4,4,62.2
STU10161,8,9.1,3,13,58.2
STU10162,7,12.8,3,9,55.2
STU10163,15,15.6,4,12,59.5
STU10164,13,22.9,5,3,79.5
STU10165,13,18.1,3,6,82.5
STU10166,15,9.0,5,13,52.1
STU10167,8,11.9,5,7,97.5
STU10168,16,14.8,8,4,82.9
STU10169,11,7.6,7,9,93.3
STU10170,18,15.1,2,9,58.6
STU10171,12,9.1,5,7,57.1
STU10172,12,6.7,2,10,82.3
STU10173,10,10.3,5,4,77.7
STU10174,18,17.1,2,4,76.4
STU10175,15,17.0,5,9,68.1
STU10176,8,15.5,2,14,69.3
STU10177,14,20.0,2,13,82.3
STU10178,14,19.4,4,11,64.3
STU10179,12,16.0,5,5,53.8
STU10180,10,15.3,9,11,75.9
STU10181,12,15.6,4,2,88.4
STU10182,15,14.3,4,9,54.1
STU10183,13,4.1,0,9,71.6
STU10184,11,20.7,2,6,46.1
STU10185,13,17.0,4,12,85.8
STU10186,12,8.9,5,13,61.3
STU10187,13,22.1,5,13,72.2
STU10188,12,12.1,4,3,72.7
STU10189,9,14.5,2,8,73.1
STU10190,17,20.1,2,5,78.3
STU10191,13,16.1,5,9,90.7
STU10192,15,21.7,6,12,68.1
STU10193,8,13.2,2,11,69.3
STU10194,13,23.5,3,12,58.5
STU10195,11,11.1,3,7,50.5
STU10196,10,21.6,6,8,65.0
STU10197,9,3.7,7,11,77.2
STU10198,16,9.5,4,12,69.2
STU10199,16,16.5,7,3,87.7
STU10200,3,13.0,3,6,71.7
STU10201,15,14.6,3,5,89.2
STU10202,14,15.2,4,4,73.6
STU10203,10,9.0,5,8,65.4
STU10204,11,9.4,2,2,56.3
STU10205,10,16.2,5,14,44.0
STU10206,10,11.7,4,14,63.9
STU10207,17,21.7,2,7,80.3
STU10208,11,14.0,6,12,66.8
STU10209,18,18.6,6,4,60.5
STU10210,11,17.2,6,8,70.7
STU10211,10,12.0,2,10,71.0
STU10212,17,5.1,5,4,66.2
STU10213,9,20.9,3,2,78.5
STU10214,12,10.1,3,4,69.5
STU10215,14,13.0,3,10,90.4
STU10216,13,14.2,4,11,65.9
STU10217,11,14.7,0,5,63.6
STU10218,14,19.8,1,13,68.3
STU10219,10,15.0,3,12,81.7
STU10220,8,14.4,1,4,78.2
STU10221,9,20.1,2,8,65.5
STU10222,9,18.0,5,13,59.8
STU10223,14,11.3,1,8,56.0
STU10224,13,9.3,4,5,57.9
STU10225,10,10.9,4,10,90.7
STU10226,12,14.8,2,10,62.6
STU10227,16,8.8,3,3,62.4
STU10228,7,15.5,1,8,80.6
STU10229,13,14.4,4,9,72.0
STU10230,20,2.3,4,9,84.4
STU10231,15,8.0,3,11,87.5
STU10232,6,1.0,7,2,85.5
STU10233,9,13.3,5,3,66.0
STU10234,10,20.4,1,9,41.2
STU10235,9,5.5,7,14,52.7
STU10236,16,8.4,4,8,72.9
STU10237,5,14.2,5,8,85.2
STU10238,16,9.7,4,2,60.7
STU10239,8,9.7,3,3,77.0
STU10240,9,17.7,2,3,67.1
STU10241,13,12.5,4,4,91.5
STU10242,8,7.6,3,4,65.3
STU10243,11,4.6,3,4,81.7
STU10244,7,26.0,4,13,70.4
STU10245,11,20.6,0,5,75.6
STU10246,9,12.7,3,5,66.0
STU10247,16,15.4,2,10,76.1
STU10248,13,12.6,5,4,47.6
STU10249,14,17.6,1,4,56.4
STU10250,11,10.7,5,10,60.3
STU10251,14,12.3,5,5,79.4
STU10252,13,17.3,4,7,67.8
STU10253,7,22.3,2,11,45.1
STU10254,10,18.7,3,6,72.2
STU10255,11,21.2,3,12,53.8
STU10256,13,13.4,3,13,82.4
STU10257,7,11.9,3,11,78.1
STU10258,11,5.3,4,4,54.5
STU10259,15,15.4,2,9,76.8
STU10260,18,16.9,4,12,91.4
STU10261,10,13.5,3,6,55.8
STU10262,10,11.1,2,9,73.1
STU10263,12,21.2,5,13,74.9
STU10264,7,18.2,2,7,64.6
STU10265,9,21.6,3,10,75.7
STU10266,12,10.2,5,3,65.3
STU10267,9,11.5,5,8,55.5
STU10268,16,21.0,3,11,78.9
STU10269,16,14.8,4,5,65.4
STU10270,10,12.2,1,11,56.9
STU10271,9,12.5,5,8,77.3
STU10272,16,14.9,3,10,74.8
STU10273,8,20.0,0,11,90.4
STU10274,11,14.2,2,13,77.9
STU10275,17,19.0,4,2,67.0
STU10276,9,17.3,3,6,80.0
STU10277,15,10.6,4,7,59.9
STU10278,12,10.6,3,5,89.5
STU10279,6,12.7,6,14,65.0
STU10280,12,8.3,3,11,51.9
STU10281,12,12.4,9,7,64.8
STU10282,13,22.6,2,2,65.7
STU10283,11,14.8,4,9,83.1
STU10284,9,11.2,2,7,59.6
STU10285,9,24.6,1,11,66.2
STU10286,10,10.3,4,5,72.5
STU10287,7,10.2,12,6,72.0
STU10288,9,21.1,4,9,91.0
STU10289,8,18.3,4,14,79.6
STU10290,13,14.3,4,3,62.2
STU10291,11,19.2,4,5,79.8
STU10292,9,16.5,2,8,67.8
STU10293,13,9.1,4,3,93.1
STU10294,8,3.0,5,7,69.0
STU10295,9,12.2,6,12,81.1
STU10296,12,20.4,3,13,85.1
STU10297,15,12.9,2,13,68.3
STU10298,23,17.3,6,10,70.4
STU10299,15,15.9,2,12,66.8
STU10300,16,6.5,6,14,79.6
STU10301,11,13.0,3,3,100.0
STU10302,8,16.8,7,14,79.0
STU10303,12,11.1,4,5,76.2
STU10304,11,13.2,3,11,62.5
STU10305,9,17.0,2,14,84.9
STU10306,12,15.4,4,11,74.1
STU10307,11,20.2,1,6,99.7
STU10308,10,16.9,8,11,92.8
STU10309,17,10.2,2,9,73.4
STU10310,15,12.6,2,6,75.9
STU10311,12,15.1,5,6,71.9
STU10312,10,21.7,1,11,60.2
STU10313,14,12.6,5,10,81.5
STU10314,13,6.3,5,11,69.5
STU10315,13,17.2,3,7,97.5
STU10316,7,11.2,1,6,72.8
STU10317,11,8.6,4,4,57.2
STU10318,10,15.1,5,13,77.4
STU10319,14,19.9,3,2,82.2
STU10320,16,12.1,4,7,78.5
STU10321,13,17.5,4,11,75.8
STU10322,12,18.4,4,13,70.5
STU10323,9,19.0,8,10,75.3
STU10324,8,11.3,4,12,74.1
STU10325,10,9.4,4,5,58.4
STU10326,11,10.1,9,9,95.9
STU10327,14,19.0,3,3,75.8
STU10328,13,18.3,4,12,72.3
STU10329,15,10.2,5,3,92.2
STU10330,14,25.7,4,5,55.4
STU10331,9,9.6,3,3,98.9
STU10332,11,20.0,2,7,62.6
STU10333,19,22.6,7,9,89.4
STU10334,10,15.5,3,4,60.4
STU10335,12,11.2,2,4,61.2
STU10336,7,11.3,6,5,79.2
STU10337,12,13.7,6,13,74.6
STU10338,10,20.4,6,6,60.8
STU10339,11,9.0,4,4,61.9
STU10340,13,5.8,4,7,67.2
STU10341,19,16.8,4,6,85.2
STU10342,12,17.9,1,9,75.5
STU10343,16,24.8,6,11,78.7
STU10344,9,8.1,5,5,65.6
STU10345,13,14.3,7,7,77.7
STU10346,20,20.8,2,10,55.4
STU10347,12,15.6,2,7,61.7
STU10348,5,14.0,7,11,83.6
STU10349,10,18.9,4,6,75.7
STU10350,9,12.0,3,12,93.8
STU10351,10,19.3,5,9,79.8
STU10352,13,8.7,6,5,56.9
STU10353,14,7.4,2,13,81.7
STU10354,10,13.6,1,7,56.1
STU10355,9,2.2,2,8,80.3
STU10356,17,15.4,2,11,69.0
STU10357,6,6.3,8,7,63.6
STU10358,8,16.4,4,9,72.3
STU10359,11,15.9,4,3,57.8
STU10360,10,14.7,6,13,68.2
STU10361,11,17.2,4,6,47.1
STU10362,18,16.0,5,4,85.1
STU10363,9,13.5,4,5,75.6
STU10364,16,24.2,6,13,70.2
STU10365,9,17.0,4,11,78.0
STU10366,10,18.9,3,9,58.4
STU10367,10,20.4,5,12,69.0
STU10368,16,18.3,3,13,79.3
STU10369,10,25.3,4,3,61.9
STU10370,13,15.8,1,10,86.2
STU10371,10,15.0,5,8,69.3
STU10372,11,11.8,2,13,50.4
STU10373,8,13.7,2,2,74.9
STU10374,11,11.3,4,12,68.4
STU10375,7,18.4,2,4,95.9
STU10376,11,10.4,3,13,68.7
STU10377,14,15.4,1,14,82.1
STU10378,19,17.8,4,9,67.2
STU10379,12,15.8,5,3,52.8
STU10380,11,10.5,4,11,75.6
STU10381,13,18.5,4,14,75.9
STU10382,11,14.6,4,8,83.2
STU10383,6,1.0,5,2,51.4
STU10384,13,10.1,4,4,77.9
STU10385,11,22.0,3,13,77.1
STU10386,6,22.4,1,11,76.2
STU10387,17,17.6,3,3,41.8
STU10388,16,18.9,5,13,84.2
STU10389,12,11.1,7,13,59.0
STU10390,14,13.7,4,3,82.9
STU10391,11,21.2,0,11,92.7
STU10392,12,17.1,5,3,81.6
STU10393,13,15.3,2,5,75.1
STU10394,8,14.1,4,7,69.9
STU10395,15,20.9,3,2,73.8
STU10396,8,20.6,3,11,59.7
STU10397,13,18.2,3,8,77.2
STU10398,18,15.3,4,8,70.0
STU10399,14,13.2,2,2,58.1
STU10400,11,18.5,2,11,60.4
STU10401,9,9.5,4,13,71.6
STU10402,8,10.5,7,14,56.2
STU10403,12,7.7,6,10,72.6
STU10404,9,21.2,4,9,87.0
STU10405,9,11.4,6,14,74.3
STU10406,12,17.0,7,3,69.7
STU10407,20,14.4,2,8,62.7
STU10408,8,29.5,0,3,77.0
STU10409,9,17.2,4,5,54.2
STU10410,10,5.7,5,14,70.8
STU10411,14,20.9,3,6,73.6
STU10412,14,13.1,6,11,64.4
STU10413,7,14.0,5,4,75.3
STU10414,8,11.6,4,8,95.4
STU10415,12,16.0,3,8,78.1
STU10416,15,15.9,2,7,86.2
STU10417,5,11.8,4,8,82.2
STU10418,13,12.5,4,4,89.8
STU10419,12,15.5,4,14,66.3
STU10420,11,3.3,5,8,48.0
STU10421,19,7.8,4,14,68.3
STU10422,5,23.3,6,8,60.5
STU10423,16,16.6,6,10,65.7
STU10424,16,12.4,4,3,62.9
STU10425,8,6.5,2,4,77.9
STU10426,13,14.7,2,5,89.1
STU10427,13,19.9,2,9,86.0
STU10428,13,28.2,4,2,70.8
STU10429,8,24.5,4,12,49.9
STU10430,16,10.6,9,3,62.7
STU10431,13,12.5,7,3,54.7
STU10432,11,7.6,0,3,71.2
STU10433,13,10.8,6,12,81.1
STU10434,13,13.9,3,3,97.3
STU10435,13,13.2,7,8,73.1
STU10436,14,25.3,3,7,45.9
STU10437,13,8.4,4,13,53.3
STU10438,10,14.8,4,8,69.8
STU10439,12,4.7,3,7,94.7
STU10440,6,16.7,4,11,84.5
STU10441,16,8.3,4,2,51.1
STU10442,14,20.5,1,7,53.8
STU10443,6,13.5,8,5,42.7
STU10444,9,8.0,4,10,80.1
STU10445,13,4.5,9,7,64.3
STU10446,12,10.1,1,10,64.0
STU10447,9,16.2,5,9,83.7
STU10448,8,17.1,6,14,59.8
STU10449,11,12.5,3,6,60.4
STU10450,12,19.6,6,11,74.2
STU10451,15,9.3,3,13,69.9
STU10452,15,1.0,7,8,82.8
STU10453,13,16.4,4,12,59.2
STU10454,17,21.5,2,9,75.3
STU10455,13,21.5,2,14,66.4
STU10456,11,8.5,5,13,69.7
STU10457,15,12.3,4,6,69.6
STU10458,16,18.6,4,13,65.7
STU10459,13,11.9,3,9,82.0
STU10460,16,15.5,5,11,73.7
STU10461,15,11.4,4,10,56.6
STU10462,16,9.6,6,6,74.4
STU10463,15,10.5,7,9,67.1
STU10464,13,19.8,4,10,66.2
STU10465,13,15.1,4,2,79.8
STU10466,9,21.4,2,8,68.6
STU10467,7,17.6,6,8,73.5
STU10468,17,23.0,3,12,79.6
STU10469,12,19.1,2,12,71.6
STU10470,9,18.8,2,3,43.7
STU10471,6,14.4,0,13,84.1
STU10472,15,30.0,3,3,48.7
STU10473,12,15.6,5,13,58.4
STU10474,20,5.1,2,9,67.2
STU10475,12,16.3,7,8,71.4
STU10476,11,10.1,2,4,52.2
STU10477,14,20.1,8,11,74.5
STU10478,12,18.6,5,5,83.0
STU10479,11,14.0,5,4,69.2
STU10480,10,10.6,1,5,67.6
STU10481,7,15.7,2,11,86.0
STU10482,12,11.8,2,14,66.0
STU10483,9,18.9,3,6,42.4
STU10484,16,17.8,3,11,75.0
STU10485,9,29.7,4,2,65.5
STU10486,16,12.8,6,7,63.7
STU10487,14,13.5,3,14,91.4
STU10488,14,14.2,4,6,60.1
STU10489,4,14.4,4,6,64.2
STU10490,7,20.1,6,10,60.4
STU10491,10,13.6,5,4,79.8
STU10492,12,24.9,3,4,83.4
STU10493,14,17.9,5,10,79.8
STU10494,10,12.6,1,9,74.1
STU10495,15,11.3,3,10,76.2
STU10496,8,20.2,5,11,78.2
STU10497,10,15.1,6,11,85.2
STU10498,8,15.0,9,9,98.0
STU10499,11,12.0,7,8,77.2
STU10500,8,14.7,4,3,64.3
STU10501,13,11.8,7,12,46.5
STU10502,8,21.8,3,13,83.6
STU10503,13,18.6,4,6,86.8
STU10504,9,14.1,3,11,65.2
STU10505,9,14.1,1,8,73.4
STU10506,12,15.5,3,6,81.1
STU10507,15,15.0,4,2,53.3
STU10508,17,10.2,2,12,47.4
STU10509,10,5.5,4,11,66.5
STU10510,10,11.0,4,7,62.6
STU10511,13,14.4,1,7,90.0
STU10512,18,11.3,6,13,72.8
STU10513,10,19.1,4,7,82.7
STU10514,13,13.9,5,4,46.8
STU10515,13,24.4,3,2,69.4
STU10516,11,12.2,1,8,66.4
STU10517,10,15.7,7,7,74.3
STU10518,14,13.6,5,6,81.4
STU10519,13,17.2,4,4,67.6
STU10520,11,20.3,2,14,84.3
STU10521,15,18.0,4,7,71.3
STU10522,17,4.8,3,11,63.8
STU10523,14,17.5,5,10,68.7
STU10524,10,9.9,4,13,45.0
STU10525,10,13.5,3,9,85.4
STU10526,11,18.4,3,12,70.8
STU10527,9,9.4,5,14,78.3
STU10528,10,20.8,3,9,86.4
STU10529,7,13.2,2,9,50.5
STU10530,15,25.9,5,2,41.2
STU10531,8,15.3,6,8,89.9
STU10532,14,23.5,4,2,60.8
STU10533,10,21.0,2,8,72.1
STU10534,12,11.9,5,3,66.1
STU10535,10,8.5,3,4,72.9
STU10536,14,15.6,3,11,84.5
STU10537,18,12.1,3,3,58.5
STU10538,9,22.9,4,11,92.6
STU10539,13,13.8,2,2,68.2
STU10540,10,13.5,6,6,91.8
STU10541,10,8.0,3,14,44.3
STU10542,14,17.1,4,9,62.2
STU10543,11,9.1,3,13,57.3
STU10544,10,17.2,4,7,56.5
STU10545,9,17.9,5,5,87.1
STU10546,12,11.3,5,14,60.2
STU10547,11,19.8,3,11,84.0
STU10548,17,13.6,1,2,80.9
STU10549,13,7.6,1,11,85.5
STU10550,14,22.7,3,3,51.5
STU10551,12,10.4,3,3,79.8
STU10552,11,17.5,3,12,87.4
STU10553,11,17.1,5,4,84.1
STU10554,15,16.9,9,3,71.3
STU10555,18,16.9,2,5,51.4
STU10556,17,10.1,3,5,72.7
STU10557,11,23.5,6,6,78.9
STU10558,13,19.8,4,10,66.1
STU10559,14,17.4,5,4,71.0
STU10560,9,8.3,3,7,83.6
STU10561,9,10.1,5,11,74.6
STU10562,11,18.3,1,12,89.8
STU10563,12,5.0,5,14,74.7
STU10564,14,16.7,4,5,69.3
STU10565,11,8.3,3,8,83.2
STU10566,10,10.7,2,5,81.1
STU10567,11,7.9,2,8,70.1
STU10568,9,16.2,3,2,87.2
STU10569,11,20.6,8,10,57.0
STU10570,12,16.7,4,14,68.5
STU10571,12,17.3,4,2,100.0
STU10572,18,15.8,5,6,88.5
STU10573,8,18.4,4,9,83.5
STU10574,13,17.3,4,9,60.9
STU10575,14,1.4,7,7,48.7
STU10576,12,19.5,4,7,68.8
STU10577,12,19.0,6,12,77.7
STU10578,7,13.2,1,3,86.3
STU10579,14,5.1,1,5,58.7
STU10580,12,16.2,2,9,74.6
STU10581,13,16.6,5,3,68.5
STU10582,7,12.8,2,7,73.8
STU10583,13,15.9,5,4,77.6
STU10584,12,20.4,3,8,68.5
STU10585,13,27.0,6,10,64.6
STU10586,17,15.7,5,9,69.9
STU10587,7,16.7,0,13,78.5
STU10588,14,10.9,2,9,78.4
STU10589,10,12.5,3,10,59.5
STU10590,8,14.3,4,3,57.3
STU10591,13,20.9,7,7,83.8
STU10592,6,19.1,2,10,56.1
STU10593,12,24.6,4,14,64.4
STU10594,9,7.5,3,3,69.7
STU10595,7,8.4,5,10,72.5
STU10596,14,20.5,1,3,71.4
STU10597,9,22.2,5,10,80.0
STU10598,8,15.2,4,2,90.6
STU10599,10,1.0,6,7,71.2
STU10600,12,11.3,4,7,60.9
STU10601,12,16.7,4,3,75.3
STU10602,10,10.5,4,12,68.6
STU10603,6,15.9,6,8,66.6
STU10604,13,24.5,4,11,80.7
STU10605,13,22.1,6,5,57.8
STU10606,9,19.0,5,5,65.5
STU10607,15,14.7,5,12,69.6
STU10608,9,12.5,3,10,81.8
STU10609,15,18.8,5,3,79.4
STU10610,10,15.1,5,10,83.8
STU10611,14,15.3,6,10,63.7
STU10612,12,7.2,6,13,92.6
STU10613,12,11.4,3,7,68.2
STU10614,12,18.8,2,11,79.1
STU10615,11,9.5,7,14,74.4
STU10616,15,16.3,2,8,63.2
STU10617,7,17.1,2,5,68.1
STU10618,10,17.4,7,2,79.1
STU10619,13,17.8,9,10,78.5
STU10620,8,18.1,2,14,76.2
STU10621,15,11.9,4,10,85.9
STU10622,13,7.7,6,12,87.3
STU10623,10,10.6,3,14,69.8
STU10624,11,18.6,4,2,62.5
STU10625,11,9.0,3,13,58.3
STU10626,11,9.8,6,5,77.6
STU10627,13,9.8,3,8,88.9
STU10628,15,5.8,2,4,74.7
STU10629,12,9.3,7,6,70.0
STU10630,13,20.0,3,6,84.3
STU10631,7,11.4,1,9,61.9
STU10632,11,6.3,2,10,70.8
STU10633,16,12.4,3,2,59.4
STU10634,8,17.6,0,3,79.9
STU10635,17,5.8,3,12,58.4
STU10636,10,19.8,8,6,83.9
STU10637,11,7.8,4,2,67.2
STU10638,8,13.0,5,7,95.4
STU10639,20,13.0,3,14,45.2
STU10640,8,12.2,4,7,75.2
STU10641,16,14.7,2,4,76.7
STU10642,16,18.9,1,5,66.6
STU10643,13,14.8,2,4,97.0
STU10644,11,12.0,2,6,90.8
STU10645,10,17.3,3,10,79.6
STU10646,8,16.0,4,14,66.2
STU10647,10,11.7,3,11,66.8
STU10648,15,15.2,6,4,60.9
STU10649,7,11.2,3,3,78.1
STU10650,16,10.7,3,14,51.3
STU10651,11,19.0,4,14,73.1
STU10652,9,17.2,3,7,73.6
STU10653,9,18.9,8,11,59.0
STU10654,16,18.2,7,2,77.8
STU10655,16,10.6,3,10,67.2
STU10656,11,20.0,4,12,72.3
STU10657,16,13.5,6,11,71.0
STU10658,12,19.6,7,4,65.7
STU10659,17,14.4,7,4,68.5
STU10660,11,16.6,10,9,78.5
STU10661,10,16.7,3,13,85.3
STU10662,6,19.1,5,7,81.7
STU10663,19,6.8,3,4,84.2
STU10664,14,7.1,3,7,54.1
STU10665,10,18.4,1,7,62.0
STU10666,10,16.8,2,4,59.8
STU10667,10,11.1,4,13,58.4
STU10668,13,16.8,5,12,67.0
STU10669,9,8.0,5,12,57.4
STU10670,7,31.3,4,7,68.0
STU10671,13,21.6,2,12,64.4
STU10672,12,18.1,2,11,87.6
STU10673,5,15.4,5,13,70.1
STU10674,12,11.9,0,9,92.6
STU10675,13,8.4,6,10,90.5
STU10676,13,14.4,4,4,69.5
STU10677,12,10.7,4,3,70.8
STU10678,10,11.0,2,11,81.3
STU10679,17,7.9,3,11,54.5
STU10680,10,16.2,1,13,81.8
STU10681,8,13.1,1,8,90.3
STU10682,7,17.7,5,13,62.2
STU10683,10,17.3,4,9,73.3
STU10684,11,16.1,5,14,65.2
STU10685,10,28.3,4,12,84.0
STU10686,7,19.1,4,10,92.2
STU10687,5,8.7,4,2,56.1
STU10688,9,17.3,6,14,73.1
STU10689,11,14.7,7,2,76.4
STU10690,12,8.3,1,12,80.4
STU10691,7,7.9,1,2,64.1
STU10692,13,17.3,6,12,65.7
STU10693,12,18.5,3,5,90.3
STU10694,12,9.8,3,13,53.4
STU10695,12,19.9,2,4,73.5
STU10696,15,16.4,5,8,65.7
STU10697,13,21.0,1,7,67.9
STU10698,11,20.4,8,4,92.8
STU10699,3,14.2,5,13,72.4
STU10700,9,23.2,1,4,89.8
STU10701,17,9.4,4,6,88.9
STU10702,9,27.0,2,5,85.3
STU10703,4,10.6,3,10,54.7
STU10704,15,14.8,4,13,71.9
STU10705,12,12.2,10,2,86.1
STU10706,12,13.1,5,2,86.7
STU10707,9,29.6,5,14,73.8
STU10708,13,12.7,8,13,75.1
STU10709,9,19.3,4,13,60.5
STU10710,16,13.8,3,6,41.6
STU10711,8,19.7,8,9,62.6
STU10712,16,12.3,5,5,92.9
STU10713,14,16.3,3,10,57.4
STU10714,11,18.1,4,8,75.4
STU10715,13,11.4,7,4,81.1
STU10716,11,28.8,4,7,64.3
STU10717,10,18.4,3,7,67.0
STU10718,10,13.9,3,6,67.7
STU10719,9,11.5,5,14,71.7
STU10720,16,15.5,3,9,78.5
STU10721,12,8.9,9,12,78.9
STU10722,13,23.9,1,2,59.8
STU10723,13,17.2,5,12,88.4
STU10724,11,14.6,6,13,71.1
STU10725,14,20.2,6,12,43.9
STU10726,13,11.4,4,14,58.0
STU10727,9,9.2,4,11,67.9
STU10728,17,14.3,4,5,63.4
STU10729,14,15.6,9,8,58.3
STU10730,11,17.7,4,7,70.5
STU10731,14,7.6,5,8,87.8
STU10732,8,12.7,4,4,78.9
STU10733,16,1.0,3,4,60.8
STU10734,10,9.1,2,2,93.3
STU10735,6,18.6,3,8,82.1
STU10736,7,19.8,5,5,59.5
STU10737,13,9.3,7,10,60.4
STU10738,14,13.4,6,6,70.7
STU10739,9,15.1,8,6,77.8
STU10740,9,20.4,4,10,85.1
STU10741,14,22.6,4,13,54.2
STU10742,10,15.8,8,2,71.6
STU10743,7,13.7,1,7,74.8
STU10744,7,7.8,1,9,75.3
STU10745,17,15.5,13,2,65.9
STU10746,13,25.4,7,13,75.7
STU10747,11,21.5,4,14,80.1
STU10748,9,15.9,6,11,52.2
STU10749,14,16.5,8,10,71.8
STU10750,12,11.6,5,9,46.6
STU10751,10,13.2,4,7,54.3
STU10752,9,15.7,3,10,54.9
STU10753,10,15.8,1,4,59.8
STU10754,7,20.1,2,5,77.2
STU10755,11,19.8,2,4,65.9
STU10756,11,17.6,4,6,82.5
STU10757,5,10.0,7,12,73.6
STU10758,12,10.2,4,13,74.5
STU10759,9,10.6,6,2,84.3
STU10760,6,16.2,5,2,58.0
STU10761,13,4.9,1,3,74.2
STU10762,10,15.0,1,14,72.9
STU10763,9,22.0,6,2,70.4
STU10764,12,18.3,3,4,87.2
STU10765,8,13.2,7,3,77.8
STU10766,9,11.5,3,11,64.7
STU10767,14,19.0,6,8,62.6
STU10768,13,16.5,2,14,70.3
STU10769,11,13.8,3,9,84.8
STU10770,11,12.1,3,3,79.4
STU10771,15,15.4,4,5,75.6
STU10772,3,13.5,1,9,63.3
STU10773,11,18.9,7,12,67.0
STU10774,9,21.2,3,11,45.0
STU10775,14,8.2,6,2,81.8
STU10776,14,8.9,4,12,78.3
STU10777,14,21.7,3,9,100.0
STU10778,12,15.8,5,14,75.0
STU10779,8,9.3,6,9,85.6
STU10780,14,19.9,4,3,77.3
STU10781,12,16.7,6,4,72.0
STU10782,9,26.0,3,10,77.4
STU10783,9,13.8,5,11,77.8
STU10784,12,20.5,2,14,72.1
STU10785,5,7.8,2,6,78.7
STU10786,13,22.0,4,8,89.7
STU10787,13,19.7,7,6,73.8
STU10788,8,23.0,1,11,85.6
STU10789,10,20.6,6,3,86.6
STU10790,12,14.5,3,3,76.7
STU10791,15,9.1,7,2,83.2
STU10792,12,12.0,2,7,49.2
STU10793,12,6.2,3,8,67.0
STU10794,12,10.4,5,6,71.4
STU10795,15,17.1,4,4,73.7
STU10796,13,14.8,6,12,81.6
STU10797,12,13.9,4,11,64.0
STU10798,16,11.0,6,14,55.8
STU10799,13,6.1,5,14,71.9
STU10800,16,15.9,2,11,57.9
STU10801,9,16.9,6,10,65.3
STU10802,14,10.0,1,12,56.5
STU10803,10,12.3,3,12,89.5
STU10804,11,22.7,2,13,74.1
STU10805,15,20.8,6,9,65.9
STU10806,14,7.6,7,3,62.0
STU10807,10,14.6,5,4,66.0
STU10808,17,22.3,2,8,90.2
STU10809,10,13.9,4,12,54.2
STU10810,9,13.7,4,10,68.6
STU10811,8,20.5,8,3,74.4
STU10812,9,19.9,4,11,59.8
STU10813,11,19.7,6,8,60.8
STU10814,15,13.7,4,9,59.6
STU10815,16,18.3,1,7,73.1
STU10816,14,22.5,4,7,78.7
STU10817,17,14.8,2,9,83.7
STU10818,11,13.0,5,12,67.5
STU10819,7,21.2,6,4,77.8
STU10820,13,25.2,3,9,84.4
STU10821,12,25.6,3,14,76.3
STU10822,20,13.1,7,13,72.8
STU10823,5,13.6,2,12,64.5
STU10824,13,9.9,6,11,62.5
STU10825,8,15.6,10,14,88.8
STU10826,10,9.6,5,2,68.8
STU10827,10,12.4,3,3,71.0
STU10828,7,18.5,8,14,100.0
STU10829,15,16.9,5,7,68.7
STU10830,9,5.9,6,3,67.6
STU10831,10,22.9,1,11,74.5
STU10832,11,9.6,4,3,53.5
STU10833,13,10.2,4,4,65.6
STU10834,12,8.8,5,4,64.1
STU10835,13,11.7,4,5,62.9
STU10836,10,10.5,4,10,88.1
STU10837,9,10.6,0,10,62.4
STU10838,10,2.7,3,12,63.6
STU10839,11,15.6,6,3,70.8
STU10840,6,16.2,2,3,62.6
STU10841,13,26.2,2,14,68.3
STU10842,11,17.4,5,7,67.2
STU10843,10,12.5,6,6,68.3
STU10844,17,9.0,1,6,55.6
STU10845,15,14.5,3,8,80.2
STU10846,10,17.2,3,10,76.2
STU10847,10,12.5,2,2,68.0
STU10848,11,15.3,12,6,74.5
STU10849,9,24.5,7,6,66.5
STU10850,5,13.1,3,6,70.9
STU10851,11,5.6,3,10,49.4
STU10852,11,19.4,6,12,77.8
STU10853,12,16.6,3,7,59.3
STU10854,11,6.5,3,9,69.9
STU10855,7,17.1,6,9,75.7
STU10856,10,10.0,0,7,93.5
STU10857,18,17.2,4,7,82.5
STU10858,9,24.5,3,11,47.0
STU10859,8,14.1,3,9,64.1
STU10860,16,20.4,4,12,68.9
STU10861,7,8.9,2,2,67.6
STU10862,13,7.4,5,10,51.4
STU10863,13,25.1,5,14,81.8
STU10864,12,16.5,6,12,76.4
STU10865,18,18.2,3,10,64.1
STU10866,14,20.8,5,9,65.1
STU10867,9,12.4,4,5,72.4
STU10868,16,19.1,2,12,82.2
STU10869,17,18.4,3,12,76.9
STU10870,11,8.5,8,2,64.2
STU10871,11,22.6,3,3,68.9
STU10872,12,21.5,6,2,78.5
STU10873,12,8.6,9,12,75.4
STU10874,15,16.0,2,13,58.3
STU10875,16,13.8,6,4,61.4
STU10876,6,22.1,5,10,83.9
STU10877,13,7.9,4,7,83.2
STU10878,8,33.0,1,6,78.3
STU10879,13,14.1,2,9,80.5
STU10880,15,18.7,5,11,54.8
STU10881,10,21.9,8,4,49.7
STU10882,14,14.0,7,13,64.5
STU10883,7,14.4,5,13,81.8
STU10884,14,12.5,2,13,69.3
STU10885,14,10.6,3,11,68.3
STU10886,11,16.4,6,4,100.0
STU10887,16,14.3,6,6,74.5
STU10888,18,12.5,5,2,69.6
STU10889,18,12.7,6,8,66.8
STU10890,15,17.9,3,4,79.1
STU10891,9,11.0,3,12,76.9
STU10892,19,13.8,6,14,72.7
STU10893,14,19.5,4,3,58.9
STU10894,13,16.2,4,8,77.6
STU10895,15,9.8,7,2,63.2
STU10896,7,14.9,3,2,61.4
STU10897,11,17.2,1,10,70.4
STU10898,10,19.9,4,8,77.3
STU10899,12,11.2,6,4,77.1
STU10900,7,12.2,7,6,100.0
STU10901,13,11.5,3,14,77.3
STU10902,14,11.8,7,3,67.2
STU10903,18,17.0,2,14,64.0
STU10904,15,18.0,4,6,68.7
STU10905,17,20.3,5,10,67.6
STU10906,17,14.5,6,11,91.3
STU10907,14,8.0,4,14,60.8
STU10908,15,18.3,4,14,67.1
STU10909,10,15.8,2,6,92.3
STU10910,16,15.3,1,14,82.8
STU10911,20,8.6,6,2,64.8
STU10912,11,14.0,1,12,94.1
STU10913,16,9.0,2,9,49.2
STU10914,10,17.4,6,7,69.4
STU10915,8,12.9,4,3,70.6
STU10916,11,12.4,1,12,78.2
STU10917,10,7.3,4,7,62.3
STU10918,12,20.1,5,10,64.3
STU10919,14,13.7,9,4,67.4
STU10920,9,15.4,4,6,67.9
STU10921,11,11.3,1,8,98.5
STU10922,9,6.7,5,11,90.6
STU10923,16,12.3,5,14,57.9
STU10924,14,13.1,4,3,70.5
STU10925,12,16.5,6,12,48.4
STU10926,6,13.2,5,14,65.4
STU10927,12,11.4,5,2,69.0
STU10928,6,7.5,8,6,62.3
STU10929,11,15.2,1,5,58.3
STU10930,7,11.0,6,10,67.8
STU10931,9,21.6,2,11,57.7
STU10932,10,15.8,3,5,75.5
STU10933,14,17.8,5,8,73.6
STU10934,10,13.8,1,6,49.7
STU10935,9,16.0,1,14,76.3
STU10936,9,10.5,1,6,59.0
STU10937,14,9.1,3,14,72.3
STU10938,11,15.1,6,7,58.0
STU10939,10,17.9,6,9,86.5
STU10940,8,5.3,9,5,73.9
STU10941,8,12.5,4,10,77.4
STU10942,15,24.2,3,7,53.3
STU10943,17,17.4,3,9,70.3
STU10944,12,22.7,2,5,81.0
STU10945,7,11.8,5,10,100.0
STU10946,9,12.7,3,12,83.1
STU10947,13,19.8,4,12,88.1
STU10948,15,18.1,1,10,79.7
STU10949,16,14.5,3,2,58.5
STU10950,8,8.7,3,2,70.1
STU10951,9,20.8,3,8,91.3
STU10952,10,27.6,7,4,71.5
STU10953,14,7.1,1,8,85.6
STU10954,14,22.0,6,2,65.9
STU10955,15,12.7,7,2,67.2
STU10956,13,13.3,6,8,53.7
STU10957,12,16.3,6,5,92.4
STU10958,15,9.0,1,3,58.9
STU10959,11,14.8,3,6,70.2
STU10960,18,6.9,3,6,67.0
STU10961,8,17.4,2,5,68.9
STU10962,16,26.2,3,10,57.0
STU10963,17,11.8,3,3,59.1
STU10964,8,14.2,5,5,64.0
STU10965,19,14.4,4,3,82.7
STU10966,5,19.9,2,12,76.5
STU10967,10,17.0,4,11,60.5
STU10968,9,19.6,4,5,100.0
STU10969,5,12.5,5,7,64.6
STU10970,13,17.2,3,6,54.9
STU10971,10,1.0,3,12,60.5
STU10972,7,18.3,6,11,76.1
STU10973,11,8.9,7,14,61.8
STU10974,10,13.4,6,11,83.1
STU10975,7,18.7,6,7,48.7
STU10976,9,7.3,5,3,80.0
STU10977,9,20.4,1,2,61.5
STU10978,16,14.4,7,6,85.4
STU10979,8,22.3,3,12,58.5
STU10980,13,10.5,0,4,76.0
STU10981,12,5.9,5,4,83.9
STU10982,12,14.9,1,11,61.4
STU10983,8,17.9,6,6,66.0
STU10984,15,18.4,4,4,62.5
STU10985,11,9.3,2,7,79.9
STU10986,13,6.9,1,12,81.7
STU10987,21,13.4,6,8,42.5
STU10988,13,17.6,5,7,73.5
STU10989,16,17.3,5,11,69.8
STU10990,14,22.9,5,9,71.4
STU10991,11,13.1,2,5,85.3
STU10992,11,5.8,1,7,75.6
STU10993,14,21.0,4,12,59.9
STU10994,20,16.0,1,14,71.4
STU10995,11,16.4,9,4,93.7
STU10996,15,18.8,4,11,76.7
STU10997,9,21.3,2,13,57.2
STU10998,10,14.9,5,13,61.4
STU10999,13,20.9,3,8,75.1
STU11000,22,17.8,3,14,61.9
STU11001,3,11.7,7,7,59.0
STU11002,12,13.8,6,13,75.0
STU11003,12,18.1,9,7,84.9
STU11004,10,11.5,7,4,62.4
STU11005,8,19.4,5,2,59.1
STU11006,16,15.8,1,3,65.9
STU11007,13,16.9,7,12,72.1
STU11008,13,22.2,4,12,80.6
STU11009,14,16.8,3,11,81.4
STU11010,16,15.4,2,11,64.8
STU11011,7,14.6,4,4,74.4
STU11012,7,14.3,2,13,51.0
STU11013,11,16.6,7,14,67.8
STU11014,12,21.8,4,12,60.9
STU11015,13,11.9,5,2,54.7
STU11016,11,11.6,2,12,85.7
STU11017,15,21.4,2,9,56.8
STU11018,12,12.2,0,10,84.2
STU11019,15,16.1,3,8,96.5
STU11020,17,12.0,4,12,59.3
STU11021,15,6.6,5,8,71.6
STU11022,9,16.0,2,4,74.9
STU11023,14,20.6,4,10,86.5
STU11024,10,14.7,2,14,79.7
STU11025,7,7.6,7,10,72.7
STU11026,15,15.5,4,6,71.8
STU11027,12,11.2,3,8,61.8
STU11028,4,1.9,4,14,83.2
STU11029,14,14.6,8,2,79.8
STU11030,13,17.6,3,7,84.0
STU11031,8,20.9,3,11,69.4
STU11032,7,23.8,3,2,76.4
STU11033,10,18.3,7,11,80.8
STU11034,15,19.7,6,7,57.4
STU11035,15,8.6,4,7,87.5
STU11036,16,23.1,3,8,80.0
STU11037,7,21.3,3,8,56.1
STU11038,19,13.2,2,12,56.9
STU11039,18,18.4,3,11,75.4
STU11040,17,17.9,2,13,99.2
STU11041,18,22.4,5,4,70.9
STU11042,10,14.2,4,8,82.3
STU11043,14,11.3,8,12,69.1
STU11044,15,12.6,6,11,72.9
STU11045,12,19.5,5,3,83.8
STU11046,10,5.4,3,13,86.2
STU11047,16,1.0,4,12,63.2
STU11048,12,19.5,4,3,69.9
STU11049,9,16.4,2,2,61.8
STU11050,20,15.1,5,14,76.2
STU11051,16,8.5,3,14,74.3
STU11052,12,6.5,5,3,60.5
STU11053,11,11.8,7,13,72.0
STU11054,9,16.8,2,3,84.5
STU11055,13,12.1,6,13,74.8
STU11056,8,19.5,7,12,60.5
STU11057,13,10.2,1,10,75.9
STU11058,5,12.4,5,4,66.0
STU11059,15,18.5,8,2,74.2
STU11060,10,13.1,6,13,52.3
STU11061,13,13.4,6,3,79.8
STU11062,13,11.8,3,11,83.1
STU11063,12,10.9,2,9,55.9
STU11064,17,16.8,5,11,75.4
STU11065,18,17.4,4,3,62.0
STU11066,17,16.1,4,12,81.4
STU11067,17,11.9,9,12,77.2
STU11068,8,14.0,5,5,86.1
STU11069,16,23.0,4,10,87.8
STU11070,11,7.9,5,10,68.0
STU11071,12,24.4,3,8,73.4
STU11072,7,15.5,3,2,93.6
STU11073,9,14.1,5,11,47.4
STU11074,15,19.8,2,12,57.1
STU11075,15,4.7,6,6,83.8
STU11076,12,21.9,4,6,60.6
STU11077,16,24.3,4,3,91.5
STU11078,17,20.4,3,8,61.7
STU11079,14,4.5,5,14,79.0
STU11080,16,18.8,3,2,75.1
STU11081,12,23.2,3,2,70.7
STU11082,14,22.7,3,13,76.6
STU11083,20,8.0,2,11,75.0
STU11084,17,20.1,8,13,78.7
STU11085,8,24.0,3,2,90.2
STU11086,12,15.1,6,12,80.4
STU11087,14,7.7,3,11,85.6
STU11088,16,19.1,3,8,68.5
STU11089,13,20.3,1,5,54.8
STU11090,7,14.3,4,5,60.9
STU11091,14,9.0,6,10,91.9
STU11092,10,19.9,2,5,95.0
STU11093,9,11.2,5,9,58.6
STU11094,17,17.0,6,2,62.7
STU11095,9,22.8,6,4,68.3
STU11096,10,6.7,3,13,72.0
STU11097,9,19.5,4,2,87.7
STU11098,10,14.0,0,2,83.6
STU11099,16,14.1,3,4,58.2
STU11100,10,17.6,1,5,57.7
STU11101,12,11.1,1,7,55.1
STU11102,11,9.1,4,4,61.8
STU11103,11,6.1,4,9,55.7
STU11104,11,21.2,2,9,81.4
STU11105,16,13.1,2,4,56.5
STU11106,9,17.8,8,4,75.0
STU11107,15,12.6,7,13,55.8
STU11108,11,9.2,3,14,100.0
STU11109,13,18.3,2,7,77.9
STU11110,6,16.6,1,2,82.7
STU11111,9,13.8,2,2,67.9
STU11112,14,16.5,6,12,80.6
STU11113,8,10.2,5,12,67.3
STU11114,10,20.3,8,6,92.7
STU11115,9,21.5,4,11,59.2
STU11116,13,18.8,1,8,71.7
STU11117,6,13.1,2,2,69.3
STU11118,12,15.3,4,3,56.0
STU11119,11,22.8,2,12,83.8
STU11120,12,21.4,3,10,60.7
STU11121,10,25.0,3,2,52.4
STU11122,12,11.1,8,4,80.1
STU11123,9,10.6,0,9,53.9
STU11124,15,15.7,11,3,79.6
STU11125,11,17.0,1,11,84.6
STU11126,16,14.3,3,13,58.9
STU11127,14,13.1,6,13,80.6
STU11128,11,21.3,7,14,59.2
STU11129,16,14.5,2,8,67.3
STU11130,17,8.9,1,14,71.8
STU11131,12,9.5,5,3,57.0
STU11132,9,16.2,5,4,57.6
STU11133,11,30.0,8,11,85.9
STU11134,7,10.1,2,10,46.3
STU11135,10,13.4,5,5,67.8
STU11136,9,27.0,5,13,75.0
STU11137,9,12.6,5,8,78.1
STU11138,12,17.3,4,7,88.9
STU11139,13,24.4,2,8,81.2
STU11140,16,10.2,6,8,75.2
STU11141,18,13.5,3,3,70.3
STU11142,16,12.6,4,2,67.4
STU11143,9,7.4,1,11,68.2
STU11144,13,22.8,2,7,69.0
STU11145,10,12.1,6,8,77.0
STU11146,5,10.6,1,3,66.4
STU11147,13,12.8,2,3,81.6
STU11148,15,19.6,0,10,74.6
STU11149,17,15.6,5,13,59.1
STU11150,7,11.0,6,12,72.2
STU11151,16,17.0,3,6,71.4
STU11152,14,19.1,3,8,68.5
STU11153,7,14.9,5,2,76.7
STU11154,8,13.8,5,5,52.5
STU11155,9,20.1,6,3,67.5
STU11156,4,14.1,4,12,70.4
STU11157,13,23.0,5,14,66.0
STU11158,14,11.2,2,6,75.1
STU11159,6,11.1,5,2,67.3
STU11160,13,10.5,3,11,67.5
STU11161,11,13.8,1,8,70.9
STU11162,10,15.0,7,3,61.4
STU11163,13,8.4,5,4,57.4
STU11164,8,15.5,3,6,95.0
STU11165,14,17.8,3,10,66.0
STU11166,9,7.7,4,11,70.3
STU11167,11,12.4,5,14,85.8
STU11168,12,17.8,6,14,75.7
STU11169,10,9.6,5,5,63.2
STU11170,12,13.4,2,9,50.0
STU11171,8,20.4,3,12,53.9
STU11172,15,24.0,4,9,60.1
STU11173,12,17.2,3,11,66.2
STU11174,14,14.2,5,5,79.0
STU11175,8,12.5,4,12,61.0
STU11176,11,19.6,2,5,60.8
STU11177,15,20.7,1,3,85.2
STU11178,15,9.2,4,9,93.1
STU11179,11,19.6,2,2,77.6
STU11180,15,12.0,4,13,70.1
STU11181,6,10.7,4,13,69.9
STU11182,13,14.2,6,6,60.2
STU11183,9,20.0,3,9,83.7
STU11184,9,16.5,7,7,72.6
STU11185,12,16.4,5,11,60.3
STU11186,8,16.8,2,5,64.7
STU11187,6,17.3,2,10,83.5
STU11188,14,14.4,1,13,62.2
STU11189,12,18.2,4,4,63.9
STU11190,10,11.7,5,10,100.0
STU11191,13,18.3,7,2,62.0
STU11192,15,19.3,0,13,75.5
STU11193,9,18.5,0,5,67.7
STU11194,21,18.8,2,14,100.0
STU11195,8,17.3,3,11,86.6
STU11196,13,20.9,1,14,75.4
STU11197,18,3.6,7,4,61.3
STU11198,17,19.3,5,3,61.2
STU11199,16,24.9,6,14,92.1
STU11200,12,11.9,5,14,55.1
STU11201,8,11.3,5,5,78.3
STU11202,11,21.4,4,14,78.2
STU11203,11,10.4,6,5,98.1
STU11204,10,11.7,5,10,53.7
STU11205,21,15.8,2,11,78.1
STU11206,13,11.0,5,13,78.7
STU11207,14,19.4,4,7,77.9
STU11208,12,11.0,6,7,75.5
STU11209,6,16.8,3,7,89.9
STU11210,11,16.4,4,14,72.4
STU11211,18,23.3,10,7,63.9
STU11212,15,20.8,3,9,53.7
STU11213,8,12.4,5,5,69.9
STU11214,9,8.7,7,2,66.0
STU11215,16,19.2,3,12,83.1
STU11216,13,11.7,3,4,55.7
STU11217,10,13.3,5,9,98.4
STU11218,12,9.7,6,2,72.0
STU11219,15,18.4,0,6,84.7
STU11220,16,11.8,7,3,83.6
STU11221,11,14.8,0,11,60.4
STU11222,18,14.9,7,5,71.2
STU11223,9,15.9,9,4,87.5
STU11224,13,18.3,4,2,81.4
STU11225,13,13.8,4,6,75.6
STU11226,17,11.3,6,10,78.3
STU11227,12,5.7,5,4,64.6
STU11228,13,15.5,3,2,51.9
STU11229,17,14.2,4,2,89.1
STU11230,14,11.4,6,2,64.4
STU11231,7,15.3,2,5,58.4
STU11232,12,19.3,2,6,92.6
STU11233,17,20.6,6,9,75.0
STU11234,6,7.3,3,11,47.7
STU11235,14,13.2,4,14,57.5
STU11236,14,19.8,2,12,73.8
STU11237,9,23.0,2,8,65.0
STU11238,6,10.9,4,11,76.8
STU11239,6,21.9,3,5,68.5
STU11240,11,8.2,5,3,67.0
STU11241,10,20.7,4,3,76.9
STU11242,11,13.6,5,3,56.0
STU11243,14,22.8,2,2,55.1
STU11244,19,12.7,6,12,81.0
STU11245,7,13.5,4,7,73.4
STU11246,9,14.3,3,5,87.4
STU11247,10,7.3,3,4,58.1
STU11248,9,6.2,3,2,73.1
STU11249,11,17.6,4,13,60.0
STU11250,15,19.9,6,8,71.8
STU11251,21,18.0,6,10,88.3
STU11252,19,8.7,1,13,80.6
STU11253,10,17.4,5,5,64.7
STU11254,8,10.0,3,14,72.9
STU11255,15,17.0,2,2,69.4
STU11256,19,20.7,4,4,61.9
STU11257,15,16.8,4,10,64.3
STU11258,8,22.3,3,2,62.5
STU11259,13,14.3,6,2,83.8
STU11260,13,13.9,3,6,69.2
STU11261,12,15.3,3,14,68.9
STU11262,9,8.3,3,6,66.4
STU11263,13,13.0,3,14,95.4
STU11264,11,13.4,5,9,54.8
STU11265,16,13.6,1,2,64.7
STU11266,14,16.3,2,9,71.3
STU11267,9,7.6,5,12,70.3
STU11268,14,9.3,2,3,81.0
STU11269,15,20.7,3,2,100.0
STU11270,14,5.0,9,12,50.7
STU11271,9,18.1,2,9,58.3
STU11272,12,13.1,5,11,72.0
STU11273,6,15.8,3,3,77.1
STU11274,16,22.8,3,6,58.2
STU11275,12,14.3,8,11,75.4
STU11276,12,18.1,2,7,63.4
STU11277,12,15.3,2,4,77.5
STU11278,20,14.5,9,14,72.1
STU11279,15,13.8,3,10,76.2
STU11280,11,18.5,1,10,78.4
STU11281,9,11.3,5,9,79.9
STU11282,8,9.3,2,14,54.1
STU11283,11,15.4,5,8,74.4
STU11284,12,16.0,5,6,83.9
STU11285,8,5.9,7,11,76.8
STU11286,17,14.9,3,3,62.9
STU11287,8,8.9,3,4,71.9
STU11288,8,18.1,8,6,70.7
STU11289,13,6.0,2,9,71.0
STU11290,10,24.6,4,2,68.9
STU11291,12,13.3,7,12,69.7
STU11292,8,10.7,4,2,78.9
STU11293,11,13.6,0,8,52.7
STU11294,14,17.8,2,2,66.1
STU11295,8,19.5,7,4,62.4
STU11296,19,13.6,2,9,81.3
STU11297,13,7.8,4,10,68.2
STU11298,14,8.9,3,6,66.5
STU11299,8,16.4,7,7,68.0
STU11300,14,19.9,2,14,65.6
STU11301,14,20.6,4,9,87.4
STU11302,9,15.8,3,4,70.5
STU11303,8,19.8,3,2,82.1
STU11304,12,24.6,2,10,68.2
STU11305,12,21.0,5,3,88.8
STU11306,20,19.6,5,13,85.7
STU11307,16,11.0,4,12,71.3
STU11308,9,19.8,2,10,79.7
STU11309,14,17.3,1,12,74.6
STU11310,15,18.3,1,3,71.7
STU11311,18,21.3,2,9,68.4
STU11312,13,16.8,4,4,72.6
STU11313,9,14.5,5,14,72.0
STU11314,12,9.7,3,10,63.3
STU11315,17,13.5,2,11,76.6
STU11316,15,16.1,5,14,57.9
STU11317,12,16.4,3,5,74.3
STU11318,13,16.2,4,9,62.1
STU11319,8,19.8,4,5,88.4
STU11320,5,19.3,7,4,80.9
STU11321,14,14.7,5,2,75.6
STU11322,10,10.8,3,5,79.3
STU11323,13,16.9,2,3,79.2
STU11324,14,26.2,5,10,79.9
STU11325,13,16.6,3,3,52.9
STU11326,12,13.5,2,9,65.3
STU11327,17,17.7,6,11,64.5
STU11328,12,18.0,1,11,63.3
STU11329,6,17.9,2,8,91.4
STU11330,13,21.9,7,7,71.6
STU11331,14,16.9,3,5,84.0
STU11332,11,21.6,2,4,70.3
STU11333,15,16.2,5,13,63.5
STU11334,16,22.6,4,13,72.6
STU11335,9,21.0,4,12,67.2
STU11336,7,19.6,6,14,87.3
STU11337,8,18.9,3,11,52.6
STU11338,13,26.5,5,6,82.0
STU11339,12,20.4,5,3,72.9
STU11340,14,10.8,3,14,70.2
STU11341,13,16.2,7,3,70.5
STU11342,12,13.7,3,9,76.8
STU11343,15,25.3,4,4,70.5
STU11344,14,21.3,5,8,83.5
STU11345,11,25.2,5,12,50.5
STU11346,22,11.2,7,7,65.6
STU11347,10,20.5,4,9,61.8
STU11348,10,8.2,6,4,54.5
STU11349,16,7.0,3,2,74.8
STU11350,6,13.0,4,7,89.1
STU11351,10,22.6,5,7,76.9
STU11352,12,10.0,2,9,67.8
STU11353,13,14.9,6,11,81.6
STU11354,12,20.9,2,4,78.3
STU11355,8,19.2,5,14,60.9
STU11356,14,26.1,4,10,64.7
STU11357,7,15.0,4,7,94.0
STU11358,9,12.8,1,2,87.7
STU11359,8,9.5,1,4,76.9
STU11360,15,13.2,3,5,82.5
STU11361,11,9.5,4,4,86.2
STU11362,14,6.0,3,7,87.0
STU11363,10,24.8,2,8,82.8
STU11364,9,15.2,7,13,62.9
STU11365,9,28.0,10,12,74.3
STU11366,9,10.8,2,3,83.2
STU11367,8,12.9,6,14,74.4
STU11368,11,11.1,2,7,70.8
STU11369,18,11.8,2,5,66.5
STU11370,15,19.4,3,13,54.6
STU11371,11,17.8,6,2,64.4
STU11372,15,19.4,3,13,57.3
STU11373,16,21.7,6,3,75.3
STU11374,13,20.5,7,6,65.4
STU11375,17,10.0,5,13,71.8
STU11376,16,12.4,4,10,74.9
STU11377,10,15.6,1,6,75.7
STU11378,7,33.6,4,9,66.1
STU11379,9,18.9,2,13,67.5
STU11380,4,15.5,4,11,72.8
STU11381,10,18.4,4,3,72.8
STU11382,11,12.0,3,6,81.8
STU11383,11,16.3,6,2,73.1
STU11384,12,19.8,1,3,59.2
STU11385,15,14.9,2,12,66.0
STU11386,14,11.2,5,4,63.4
STU11387,8,14.6,7,9,67.5
STU11388,12,13.4,6,13,78.5
STU11389,8,8.2,6,11,80.1
STU11390,19,12.1,2,4,74.4
STU11391,10,8.0,1,13,55.8
STU11392,9,8.8,5,5,63.9
STU11393,11,9.3,5,5,67.2
STU11394,7,19.8,5,10,78.8
STU11395,11,22.4,0,5,54.6
STU11396,11,7.3,6,10,59.0
STU11397,8,22.9,4,12,78.3
STU11398,12,9.4,7,9,76.8
STU11399,14,18.7,4,5,89.4
STU11400,18,16.3,6,4,94.9
STU11401,7,18.2,5,3,60.9
STU11402,22,9.2,7,9,57.5
STU11403,11,5.9,2,9,61.8
STU11404,10,11.0,1,2,100.0
STU11405,13,17.1,6,8,65.1
STU11406,16,24.8,5,9,87.3
STU11407,13,9.9,5,8,87.4
STU11408,10,14.5,4,12,48.6
STU11409,12,11.3,11,13,75.5
STU11410,13,14.9,5,4,73.8
STU11411,9,5.3,7,5,83.5
STU11412,13,22.5,6,6,87.9
STU11413,10,15.1,6,2,83.3
STU11414,12,19.6,2,11,74.8
STU11415,14,13.8,2,4,80.8
STU11416,14,16.0,7,7,42.0
STU11417,10,20.6,4,4,55.6
STU11418,14,15.7,3,6,64.0
STU11419,11,15.8,6,5,75.4
STU11420,12,11.0,7,3,56.8
STU11421,17,12.3,2,5,76.3
STU11422,15,9.9,1,5,85.1
STU11423,10,11.3,3,12,46.9
STU11424,14,21.3,1,4,96.4
STU11425,12,24.0,4,12,59.8
STU11426,12,8.8,0,9,79.7
STU11427,4,17.0,3,7,60.6
STU11428,13,13.4,2,2,74.0
STU11429,9,22.0,2,10,48.5
STU11430,17,15.7,3,4,85.5
STU11431,16,15.0,7,5,55.6
STU11432,12,11.3,3,11,76.7
STU11433,14,7.3,4,11,83.8
STU11434,7,18.8,8,13,65.3
STU11435,12,16.8,1,8,63.4
STU11436,8,16.9,5,6,50.9
STU11437,15,12.0,2,5,74.1
STU11438,13,14.3,8,3,73.8
STU11439,11,19.0,9,6,60.9
STU11440,13,19.9,5,14,71.9
STU11441,13,9.1,3,9,55.1
STU11442,14,11.8,1,3,56.5
STU11443,13,8.1,9,14,80.8
STU11444,9,16.0,4,2,70.1
STU11445,8,19.4,2,12,57.3
STU11446,12,13.6,2,7,85.4
STU11447,14,11.7,6,14,69.8
STU11448,5,13.3,4,14,76.0
STU11449,11,26.5,0,2,77.8
STU11450,9,21.0,2,10,72.1
STU11451,8,18.7,4,9,70.1
STU11452,17,16.6,3,5,85.6
STU11453,14,14.9,2,8,55.4
STU11454,10,10.5,3,11,47.4
STU11455,19,9.7,3,5,63.4
STU11456,14,12.2,3,7,65.1
STU11457,8,10.2,2,11,51.7
STU11458,10,12.0,1,8,77.2
STU11459,10,14.5,6,10,69.5
STU11460,10,14.9,4,12,79.8
STU11461,8,11.9,3,3,70.9
STU11462,14,17.5,5,11,55.5
STU11463,7,14.1,2,9,63.2
STU11464,9,16.1,7,10,73.1
STU11465,14,11.3,0,14,88.6
STU11466,12,18.5,7,5,72.4
STU11467,16,12.3,5,9,73.0
STU11468,10,23.0,9,12,85.5
STU11469,14,13.9,4,11,77.1
STU11470,12,14.5,2,6,70.8
STU11471,9,18.0,5,10,63.2
STU11472,12,19.1,5,3,95.5
STU11473,12,19.6,4,14,58.5
STU11474,10,23.9,3,13,64.5
STU11475,10,18.3,9,2,47.5
STU11476,9,14.7,7,14,94.5
STU11477,14,12.4,3,14,70.3
STU11478,9,14.3,7,11,85.0
STU11479,11,22.4,5,7,73.7
STU11480,12,8.1,5,5,79.5
STU11481,6,10.9,3,7,67.1
STU11482,11,13.9,5,8,37.0
STU11483,13,10.8,4,10,84.0
STU11484,11,13.0,4,2,70.8
STU11485,10,24.0,3,13,74.8
STU11486,13,13.5,4,4,74.9
STU11487,12,17.1,5,3,64.9
STU11488,19,6.7,4,6,81.5
STU11489,13,9.5,5,11,56.1
STU11490,6,19.7,1,9,73.1
STU11491,8,23.3,4,13,64.2
STU11492,11,16.1,5,6,71.3
STU11493,16,13.5,0,9,71.6
STU11494,11,17.5,6,4,78.6
STU11495,13,2.0,6,13,53.0
STU11496,12,16.1,2,11,44.9
STU11497,15,9.8,1,14,69.0
STU11498,9,19.0,9,2,99.1
STU11499,18,4.0,4,14,91.3
STU11500,17,11.9,6,14,67.5
STU11501,6,14.8,4,5,85.3
STU11502,8,11.2,2,4,88.3
STU11503,7,13.1,4,14,58.6
STU11504,10,19.5,2,14,74.4
STU11505,14,14.9,4,9,44.1
STU11506,10,10.3,4,12,65.5
STU11507,15,19.7,4,9,62.1
STU11508,18,16.3,7,9,77.7
STU11509,10,16.5,5,4,67.0
STU11510,7,10.5,5,9,66.5
STU11511,12,2.3,5,7,87.2
STU11512,8,10.5,3,9,47.3
STU11513,6,10.0,3,14,55.5
STU11514,17,11.9,5,10,78.9
STU11515,9,10.8,3,2,64.5
STU11516,15,15.6,5,2,76.6
STU11517,11,19.4,5,13,85.8
STU11518,14,20.4,3,5,81.6
STU11519,11,19.2,3,2,87.2
STU11520,12,10.5,4,10,73.4
STU11521,20,15.3,6,10,60.8
STU11522,16,22.8,5,12,57.9
STU11523,7,7.1,6,8,64.3
STU11524,16,21.7,5,3,81.1
STU11525,11,10.0,3,5,75.8
STU11526,17,16.5,4,13,86.0
STU11527,11,17.1,3,5,87.9
STU11528,4,15.9,3,11,59.3
STU11529,12,26.1,4,6,81.8
STU11530,12,13.5,2,13,68.3
STU11531,15,6.8,6,6,58.3
STU11532,19,16.8,4,9,90.9
STU11533,8,14.1,3,4,69.5
STU11534,4,17.8,4,8,82.8
STU11535,12,19.4,2,2,97.4
STU11536,12,14.8,2,2,53.6
STU11537,7,17.2,3,4,71.9
STU11538,14,15.7,5,2,61.9
STU11539,11,24.0,5,12,68.7
STU11540,12,13.1,3,2,74.2
STU11541,12,11.6,5,4,62.4
STU11542,15,19.4,3,12,79.9
STU11543,10,10.4,5,10,85.5
STU11544,8,17.0,5,6,78.3
STU11545,14,14.2,5,13,78.6
STU11546,17,14.5,2,5,69.2
STU11547,16,27.2,8,8,63.7
STU11548,12,21.2,0,3,70.1
STU11549,13,20.1,3,7,72.5
STU11550,12,17.7,6,11,69.0
STU11551,8,11.5,3,2,71.8
STU11552,14,16.3,4,5,61.5
STU11553,14,17.9,4,7,82.8
STU11554,13,16.0,1,11,70.5
STU11555,12,15.5,4,5,91.6
STU11556,9,13.0,7,8,84.9
STU11557,12,16.4,5,4,83.4
STU11558,12,12.4,3,14,66.5
STU11559,12,18.5,2,4,68.0
STU11560,10,4.9,5,11,70.4
STU11561,9,21.8,3,9,76.6
STU11562,16,8.4,0,3,77.5
STU11563,13,9.7,4,2,68.1
STU11564,11,17.0,3,6,97.0
STU11565,12,17.7,1,8,66.0
STU11566,16,25.4,8,14,41.3
STU11567,12,16.5,5,5,61.4
STU11568,14,14.8,6,9,74.0
STU11569,15,16.0,2,2,67.9
STU11570,17,23.0,6,6,78.1
STU11571,10,27.1,5,3,72.5
STU11572,10,14.1,4,12,68.6
STU11573,17,17.7,3,4,60.4
STU11574,13,14.6,6,7,81.7
STU11575,9,14.5,6,14,57.7
STU11576,11,24.4,5,12,62.2
STU11577,10,10.4,4,3,89.7
STU11578,10,3.3,7,9,68.0
STU11579,16,16.6,3,5,44.7
STU11580,17,21.0,2,11,81.2
STU11581,11,16.1,7,8,91.8
STU11582,14,17.5,3,6,55.2
STU11583,10,18.8,5,8,71.1
STU11584,9,15.6,2,8,98.0
STU11585,18,17.8,3,11,88.8
STU11586,9,17.7,6,3,92.8
STU11587,20,5.2,5,12,65.3
STU11588,16,15.6,0,7,67.4
STU11589,20,7.1,7,13,87.7
STU11590,20,14.8,9,9,74.9
STU11591,12,12.5,1,9,87.4
STU11592,14,20.2,4,10,68.6
STU11593,11,16.2,7,6,82.9
STU11594,19,17.4,2,14,65.7
STU11595,13,14.0,3,11,59.8
STU11596,17,20.3,5,4,74.2
STU11597,6,7.0,4,12,63.2
STU11598,13,10.5,3,6,54.0
STU11599,10,21.4,3,7,52.5
STU11600,10,12.8,2,10,79.1
STU11601,11,4.3,8,10,71.3
STU11602,11,22.3,5,5,61.2
STU11603,14,20.4,5,11,73.9
STU11604,9,18.6,7,6,79.6
STU11605,12,15.5,7,9,77.2
STU11606,11,23.3,7,10,78.0
STU11607,12,21.3,4,2,77.8
STU11608,18,22.7,4,4,65.2
STU11609,8,18.5,3,13,79.6
STU11610,11,15.6,3,14,58.2
STU11611,16,13.0,1,5,75.8
STU11612,14,8.7,4,10,61.8
STU11613,17,17.5,2,13,50.8
STU11614,11,17.9,6,2,51.0
STU11615,14,13.3,6,12,48.9
STU11616,17,18.1,5,11,78.5
STU11617,12,13.3,5,9,87.4
STU11618,13,19.3,3,14,87.0
STU11619,7,10.6,8,3,79.9
STU11620,7,9.7,5,13,69.9
STU11621,17,13.8,5,2,54.7
STU11622,8,19.1,4,11,77.3
STU11623,12,9.2,0,12,81.2
STU11624,11,20.2,3,8,70.5
STU11625,8,6.8,2,5,84.3
STU11626,8,13.8,5,13,62.7
STU11627,15,7.9,2,3,82.6
STU11628,9,2.0,7,5,67.2
STU11629,9,16.8,2,14,80.8
STU11630,10,14.1,2,11,87.2
STU11631,7,8.0,5,3,60.9
STU11632,10,12.4,5,12,66.6
STU11633,6,17.2,5,5,64.4
STU11634,8,13.2,5,12,85.6
STU11635,9,14.0,0,13,85.2
STU11636,11,13.0,7,3,68.3
STU11637,10,12.1,8,13,79.4
STU11638,9,12.0,4,8,66.2
STU11639,11,11.9,4,4,62.6
STU11640,6,11.2,4,8,78.3
STU11641,10,9.9,4,3,79.3
STU11642,10,13.1,1,5,60.5
STU11643,11,11.8,4,12,71.3
STU11644,13,9.6,8,8,69.3
STU11645,11,18.8,3,13,49.4
STU11646,7,21.2,2,7,65.7
STU11647,11,15.0,5,4,73.8
STU11648,11,15.3,3,14,63.3
STU11649,10,11.5,4,9,61.9
STU11650,11,20.3,7,12,71.9
STU11651,14,23.7,3,10,72.0
STU11652,10,14.2,2,5,74.2
STU11653,15,12.4,2,10,72.0
STU11654,13,16.7,4,14,80.9
STU11655,14,15.6,6,4,80.9
STU11656,15,12.5,2,3,82.1
STU11657,13,17.4,3,9,85.5
STU11658,19,19.7,6,11,83.8
STU11659,6,11.1,4,7,63.6
STU11660,14,27.7,8,9,57.3
STU11661,15,7.3,5,4,79.9
STU11662,14,10.7,5,14,88.2
STU11663,13,16.2,5,9,63.9
STU11664,14,26.2,1,12,81.7
STU11665,10,12.2,7,11,92.9
STU11666,17,9.7,1,11,70.4
STU11667,7,17.7,2,3,56.1
STU11668,12,13.8,6,12,88.8
STU11669,11,18.3,7,14,79.6
STU11670,12,14.6,4,14,74.5
STU11671,12,10.7,8,8,81.0
STU11672,10,26.7,2,14,69.0
STU11673,10,1.0,4,3,90.7
STU11674,7,24.1,8,13,71.2
STU11675,15,19.7,3,12,49.5
STU11676,12,11.3,2,3,67.3
STU11677,10,24.4,4,6,49.1
STU11678,10,8.1,3,12,72.8
STU11679,15,20.0,5,14,98.1
STU11680,15,4.6,2,10,58.0
STU11681,12,9.3,4,3,65.9
STU11682,8,9.3,4,14,54.4
STU11683,14,11.2,3,10,70.7
STU11684,12,15.1,5,14,74.6
STU11685,12,10.9,1,9,48.5
STU11686,15,4.8,5,11,80.4
STU11687,11,17.3,1,5,69.2
STU11688,17,15.2,7,6,69.7
STU11689,12,17.0,4,14,59.3
STU11690,10,15.9,1,7,73.0
STU11691,6,19.8,3,10,91.3
STU11692,9,14.6,1,11,81.7
STU11693,18,20.1,3,14,82.3
STU11694,11,11.1,2,7,56.4
STU11695,9,11.4,3,7,100.0
STU11696,12,21.9,6,12,66.1
STU11697,11,21.8,7,7,79.4
STU11698,10,17.9,3,11,73.7
STU11699,12,10.6,6,2,73.9
STU11700,12,10.2,12,2,82.7
STU11701,16,21.6,2,10,84.9
STU11702,15,21.4,1,11,53.0
STU11703,14,14.7,4,3,54.9
STU11704,17,26.7,2,6,70.5
STU11705,5,17.3,8,10,78.0
STU11706,11,9.5,4,7,72.6
STU11707,8,13.6,3,10,60.8
STU11708,19,15.0,4,3,81.8
STU11709,13,15.4,0,11,90.5
STU11710,14,21.3,3,12,70.4
STU11711,10,10.2,4,2,78.1
STU11712,19,8.3,5,3,53.1
STU11713,11,18.0,3,3,67.7
STU11714,11,12.5,6,6,80.0
STU11715,11,27.1,4,2,73.4
STU11716,8,19.7,2,12,62.4
STU11717,8,12.4,6,3,68.1
STU11718,6,21.1,3,6,82.3
STU11719,14,18.7,4,6,68.4
STU11720,9,18.2,3,8,65.4
STU11721,13,14.4,0,5,76.8
STU11722,10,17.1,3,7,71.2
STU11723,10,4.5,4,7,84.2
STU11724,13,21.6,7,10,65.6
STU11725,13,1.0,2,14,76.9
STU11726,12,12.8,1,4,57.0
STU11727,11,7.0,3,10,73.7
STU11728,10,12.5,6,12,89.0
STU11729,12,14.6,5,14,45.8
STU11730,14,9.0,9,10,77.3
STU11731,15,1.1,1,14,67.7
STU11732,15,16.0,2,14,71.4
STU11733,17,25.4,4,14,67.8
STU11734,16,13.2,5,3,72.4
STU11735,7,19.8,5,3,78.0
STU11736,14,22.5,4,8,55.8
STU11737,12,5.5,4,9,78.6
STU11738,13,12.7,4,4,91.2
STU11739,15,8.6,1,8,69.1
STU11740,12,11.0,0,8,65.1
STU11741,14,23.5,2,8,69.6
STU11742,13,16.1,5,3,75.1
STU11743,11,18.9,4,9,62.9
STU11744,7,14.8,1,12,79.0
STU11745,1,8.9,3,11,95.5
STU11746,9,18.4,6,9,92.1
STU11747,17,21.3,5,6,83.6
STU11748,13,16.6,2,8,83.3
STU11749,5,17.4,3,8,86.1
STU11750,14,8.8,4,11,72.3
STU11751,16,18.5,2,5,54.9
STU11752,7,21.7,2,6,83.9
STU11753,4,17.0,5,13,54.2
STU11754,13,6.0,3,14,65.3
STU11755,15,23.2,5,7,78.4
STU11756,9,10.3,3,7,61.8
STU11757,11,16.9,1,11,95.3
STU11758,14,19.8,4,10,67.0
STU11759,17,20.4,3,4,57.0
STU11760,16,6.0,2,6,75.6
STU11761,14,15.6,2,2,63.1
STU11762,14,15.3,1,2,67.0
STU11763,11,22.2,4,11,78.4
STU11764,16,17.3,3,6,81.4
STU11765,8,22.2,4,2,78.7
STU11766,14,17.7,4,12,70.9
STU11767,5,14.6,4,13,55.5
STU11768,16,16.0,4,8,78.3
STU11769,10,22.6,7,11,73.2
STU11770,7,8.5,7,9,73.4
STU11771,10,19.5,3,11,64.3
STU11772,11,11.9,2,3,74.8
STU11773,6,10.8,6,4,65.0
STU11774,14,20.1,9,11,75.0
STU11775,11,10.6,6,9,50.7
STU11776,13,16.9,1,12,90.9
STU11777,16,12.6,1,2,74.5
STU11778,18,3.2,3,14,67.2
STU11779,13,17.4,6,10,67.8
STU11780,8,15.6,3,6,87.5
STU11781,12,5.4,4,11,60.0
STU11782,13,11.5,1,2,65.1
STU11783,12,6.0,4,12,58.0
STU11784,5,18.7,4,11,73.6
STU11785,10,21.9,6,9,78.8
STU11786,14,19.2,5,10,74.7
STU11787,9,19.9,4,10,77.8
STU11788,11,12.4,6,12,84.8
STU11789,16,17.7,11,12,70.4
STU11790,11,15.0,3,10,61.4
STU11791,12,15.9,4,7,61.0
STU11792,9,19.8,8,12,62.5
STU11793,13,20.9,7,8,86.0
STU11794,6,13.1,7,13,80.9
STU11795,9,8.0,8,8,42.2
STU11796,9,14.1,5,5,75.0
STU11797,13,13.9,5,4,77.9
STU11798,21,16.4,4,10,63.4
STU11799,10,19.2,4,4,67.1
STU11800,16,5.4,3,4,60.2
STU11801,9,11.6,3,14,57.1
STU11802,8,10.2,5,5,65.8
STU11803,11,21.3,3,11,91.3
STU11804,12,14.0,6,11,63.8
STU11805,11,12.4,3,11,69.1
STU11806,11,17.7,2,4,61.2
STU11807,20,12.0,1,3,48.6
STU11808,9,14.9,5,6,69.9
STU11809,10,24.1,5,12,83.2
STU11810,5,23.9,3,2,76.9
STU11811,6,13.0,7,2,65.7
STU11812,14,14.1,3,12,78.3
STU11813,17,11.9,5,7,67.2
STU11814,10,5.4,4,13,56.0
STU11815,13,20.2,5,5,46.1
STU11816,13,27.1,3,9,69.3
STU11817,14,12.8,2,2,99.7
STU11818,12,10.9,1,11,57.7
STU11819,10,13.6,4,6,63.0
STU11820,10,15.4,1,12,82.9
STU11821,11,9.3,4,14,59.5
STU11822,11,12.7,3,14,73.8
STU11823,16,20.1,6,7,60.6
STU11824,10,15.6,3,6,53.7
STU11825,18,21.4,7,12,57.0
STU11826,17,16.8,3,11,72.3
STU11827,9,9.6,6,7,94.0
STU11828,17,12.1,4,4,70.0
STU11829,5,16.2,5,10,82.8
STU11830,9,9.4,4,8,61.9
STU11831,12,8.7,2,11,71.8
STU11832,18,9.0,2,2,56.0
STU11833,13,17.6,6,6,69.1
STU11834,12,13.2,6,11,65.8
STU11835,14,20.9,3,14,86.2
STU11836,11,10.5,3,2,68.8
STU11837,14,2.7,4,4,71.2
STU11838,9,14.3,4,7,86.3
STU11839,7,23.2,3,3,80.0
STU11840,13,15.2,5,6,80.5
STU11841,14,8.1,2,8,54.8
STU11842,8,6.9,4,13,87.4
STU11843,9,21.0,4,14,89.4
STU11844,13,11.0,5,10,83.9
STU11845,15,22.7,7,2,80.3
STU11846,10,18.3,5,8,77.2
STU11847,12,11.2,4,9,90.2
STU11848,8,20.8,2,4,72.2
STU11849,16,10.4,5,3,83.9
STU11850,13,7.8,5,9,81.1
STU11851,13,10.7,4,8,77.0
STU11852,22,18.8,6,13,84.7
STU11853,9,20.7,4,2,73.4
STU11854,14,13.0,3,3,83.2
STU11855,7,5.7,2,5,81.9
STU11856,8,7.2,6,4,69.4
STU11857,15,9.7,7,3,78.5
STU11858,15,8.5,2,6,53.4
STU11859,9,16.3,3,7,79.8
STU11860,13,24.7,5,7,41.4
STU11861,8,19.0,5,8,87.9
STU11862,10,9.4,2,13,54.7
STU11863,18,11.5,3,14,69.5
STU11864,14,12.5,5,7,86.7
STU11865,11,16.9,5,14,78.2
STU11866,10,22.9,7,7,64.8
STU11867,7,12.7,5,9,67.6
STU11868,12,22.7,6,13,82.2
STU11869,14,25.5,1,6,62.2
STU11870,16,13.3,2,13,74.0
STU11871,11,13.1,6,6,64.7
STU11872,13,13.2,2,12,77.9
STU11873,16,15.3,5,12,78.3
STU11874,12,13.2,4,8,67.5
STU11875,12,19.4,9,11,61.3
STU11876,10,7.3,5,14,65.3
STU11877,14,12.3,4,12,56.7
STU11878,6,16.6,3,12,55.3
STU11879,15,19.4,3,8,82.9
STU11880,12,26.0,5,4,76.7
STU11881,15,8.6,8,2,63.8
STU11882,7,11.7,5,6,88.2
STU11883,15,3.7,5,11,79.3
STU11884,11,9.5,4,12,77.7
STU11885,19,6.2,6,5,84.9
STU11886,6,12.4,5,2,83.6
STU11887,9,13.9,1,6,80.1
STU11888,12,17.3,4,7,71.1
STU11889,13,13.5,2,8,71.9
STU11890,18,17.3,5,11,51.1
STU11891,9,15.6,2,12,75.8
STU11892,12,9.8,5,13,79.0
STU11893,14,6.6,7,10,71.3
STU11894,14,17.9,2,13,47.2
STU11895,14,23.2,4,5,46.5
STU11896,14,27.7,2,2,45.4
STU11897,15,19.7,6,5,54.1
STU11898,16,22.3,2,12,74.0
STU11899,12,17.3,5,8,72.1
STU11900,9,16.5,5,2,72.0
STU11901,13,15.6,3,14,67.9
STU11902,13,14.5,3,10,62.2
STU11903,11,18.0,2,7,65.5
STU11904,22,12.4,4,11,69.8
STU11905,13,14.3,5,9,80.2
STU11906,12,9.1,1,7,81.1
STU11907,14,17.4,5,8,73.0
STU11908,13,10.2,1,4,49.9
STU11909,15,15.2,8,9,69.9
STU11910,16,17.5,4,6,74.5
STU11911,13,17.9,3,8,61.9
STU11912,13,18.9,4,8,95.5
STU11913,9,13.9,3,7,64.3
STU11914,20,17.4,4,4,67.5
STU11915,10,12.6,7,12,68.4
STU11916,11,5.1,3,2,56.5
STU11917,18,17.7,6,7,50.9
STU11918,9,16.5,3,14,65.2
STU11919,10,20.1,3,10,35.9
STU11920,13,14.9,2,3,74.0
STU11921,9,7.0,2,3,66.5
STU11922,15,14.5,4,11,64.3
STU11923,15,19.4,6,2,77.0
STU11924,7,17.4,3,2,63.0
STU11925,12,14.3,4,3,60.8
STU11926,14,6.7,4,2,50.7
STU11927,9,9.9,2,13,53.9
STU11928,7,17.4,6,13,83.5
STU11929,14,6.7,5,13,63.4
STU11930,16,13.4,2,12,70.0
STU11931,10,15.2,4,14,65.5
STU11932,14,20.7,6,7,79.4
STU11933,12,18.1,5,6,61.3
STU11934,6,19.8,6,9,60.0
STU11935,12,16.5,9,14,52.2
STU11936,9,10.8,5,11,74.4
STU11937,14,11.9,3,8,80.9
STU11938,14,10.3,3,13,78.4
STU11939,16,18.0,6,5,83.3
STU11940,12,11.5,6,10,73.0
STU11941,11,13.0,4,12,78.3
STU11942,14,15.1,5,12,82.0
STU11943,14,23.2,7,5,59.2
STU11944,13,18.3,3,10,85.8
STU11945,11,11.1,5,5,77.1
STU11946,13,15.8,5,3,83.5
STU11947,13,23.3,2,3,80.8
STU11948,14,18.1,3,14,52.9
STU11949,12,7.0,2,7,80.9
STU11950,14,10.4,6,7,74.9
STU11951,9,10.0,4,8,66.5
STU11952,12,22.2,13,14,78.1
STU11953,14,21.3,1,13,79.4
STU11954,10,11.9,3,8,88.9
STU11955,13,11.8,5,14,92.9
STU11956,7,15.2,5,13,78.2
STU11957,22,15.4,4,4,77.6
STU11958,10,10.2,4,11,80.5
STU11959,15,13.8,7,8,65.5
STU11960,9,7.7,3,10,83.6
STU11961,11,21.4,4,10,65.0
STU11962,15,6.2,2,12,69.6
STU11963,8,6.1,5,8,65.3
STU11964,10,17.2,7,5,62.9
STU11965,18,8.8,2,9,83.6
STU11966,12,12.5,2,3,73.2
STU11967,21,15.3,1,9,77.6
STU11968,7,18.4,8,13,77.8
STU11969,16,13.9,2,13,59.2
STU11970,7,23.9,3,12,56.4
STU11971,16,15.0,2,4,92.9
STU11972,14,21.0,6,6,63.0
STU11973,10,16.4,6,4,75.9
STU11974,8,25.7,5,14,69.9
STU11975,14,20.3,4,7,71.2
STU11976,10,15.2,5,7,79.8
STU11977,10,18.1,2,9,60.8
STU11978,18,13.7,9,2,67.5
STU11979,15,13.6,3,6,87.0
STU11980,9,8.5,3,6,71.6
STU11981,13,11.0,3,10,88.2
STU11982,13,25.3,2,11,79.7
STU11983,12,9.0,1,5,80.9
STU11984,12,11.7,8,7,76.1
STU11985,13,14.5,2,13,100.0
STU11986,12,14.7,5,12,63.6
STU11987,10,16.9,1,12,52.3
STU11988,14,12.7,4,11,61.8
STU11989,11,17.2,3,8,69.2
STU11990,12,20.7,3,4,100.0
STU11991,14,21.3,5,13,81.2
STU11992,8,13.7,5,7,85.4
STU11993,14,18.1,6,14,46.0
STU11994,9,9.3,3,14,66.7
STU11995,13,11.4,1,4,79.8
STU11996,13,9.1,2,13,74.3
STU11997,9,14.8,2,7,53.2
STU11998,7,10.7,2,2,76.7
STU11999,13,7.4,5,10,63.2
STU12000,11,13.1,7,7,76.1
STU12001,8,6.4,2,7,56.2
STU12002,18,21.6,5,14,71.5
STU12003,14,12.2,6,5,87.6
STU12004,9,19.9,5,6,67.4
STU12005,5,12.5,7,5,88.8
STU12006,11,9.0,4,7,57.8
STU12007,11,20.9,4,8,67.0
STU12008,14,15.4,4,2,77.5
STU12009,10,24.4,5,4,64.2
STU12010,14,12.7,6,3,68.0
STU12011,15,12.8,0,12,57.8
STU12012,8,20.0,10,13,51.8
STU12013,9,20.1,4,6,75.9
STU12014,18,15.8,2,9,68.0
STU12015,9,31.7,3,6,86.0
STU12016,13,13.6,3,10,58.3
STU12017,6,8.7,6,2,66.8
STU12018,7,10.0,4,12,63.4
STU12019,12,13.6,2,7,60.5
STU12020,11,22.6,4,4,87.9
STU12021,13,14.1,4,3,60.1
STU12022,9,22.8,3,5,72.0
STU12023,13,17.2,6,4,74.1
STU12024,11,20.4,2,12,59.9
STU12025,16,16.9,2,10,81.7
STU12026,12,16.9,3,13,58.3
STU12027,18,18.8,4,10,85.6
STU12028,9,12.2,2,9,63.9
STU12029,11,12.2,3,8,77.0
STU12030,10,16.7,1,11,97.8
STU12031,16,24.7,1,4,84.0
STU12032,18,7.3,3,12,56.6
STU12033,9,4.9,2,4,41.1
STU12034,11,13.7,7,14,88.7
STU12035,14,20.2,4,8,74.5
STU12036,18,15.3,3,5,90.5
STU12037,12,9.2,5,9,82.0
STU12038,11,15.4,4,2,71.7
STU12039,14,6.3,1,2,86.8
STU12040,12,18.1,6,8,67.7
STU12041,13,13.5,3,10,92.8
STU12042,15,14.6,4,3,66.4
STU12043,11,17.1,5,6,67.1
STU12044,10,16.0,2,3,79.0
STU12045,6,12.3,5,13,68.3
STU12046,10,20.2,5,10,81.2
STU12047,8,19.0,4,10,69.2
STU12048,13,6.1,4,2,77.5
STU12049,16,13.8,4,12,87.3
STU12050,7,9.6,6,8,73.5
STU12051,4,8.7,2,12,69.4
STU12052,12,17.7,8,2,69.3
STU12053,15,12.9,4,8,81.5
STU12054,13,14.3,6,9,85.7
STU12055,9,11.7,1,2,50.4
STU12056,14,16.9,4,4,79.8
STU12057,12,18.4,1,11,59.5
STU12058,8,25.9,2,6,66.4
STU12059,10,14.1,8,11,72.4
STU12060,7,7.8,4,8,71.8
STU12061,14,12.5,7,6,70.4
STU12062,17,19.2,7,4,75.7
STU12063,12,11.1,7,9,65.2
STU12064,10,7.6,4,7,78.5
STU12065,9,11.2,4,2,69.7
STU12066,9,12.3,5,8,76.2
STU12067,17,9.6,4,10,66.5
STU12068,12,16.1,2,2,61.6
STU12069,11,14.6,8,8,59.6
STU12070,10,18.9,4,3,67.6
STU12071,12,12.8,3,2,59.8
STU12072,8,17.8,7,14,83.3
STU12073,17,12.5,7,2,77.6
STU12074,7,9.4,5,4,58.1
STU12075,8,12.3,1,2,51.2
STU12076,14,6.9,7,11,81.9
STU12077,14,23.9,3,3,79.3
STU12078,13,15.7,4,8,56.3
STU12079,10,11.0,2,9,65.0
STU12080,18,13.1,3,4,80.0
STU12081,7,2.7,4,8,42.4
STU12082,10,22.2,5,13,59.6
STU12083,12,21.7,7,8,64.8
STU12084,14,15.5,3,11,81.3
STU12085,14,16.6,4,5,68.4
STU12086,14,8.7,2,12,81.4
STU12087,12,9.0,2,2,63.2
STU12088,12,6.5,4,5,76.9
STU12089,8,14.2,4,12,74.0
STU12090,11,20.3,3,13,62.0
STU12091,11,13.1,4,13,66.5
STU12092,8,16.7,7,2,76.2
STU12093,17,19.9,5,11,72.0
STU12094,13,6.9,4,5,77.2
STU12095,14,24.2,4,6,81.9
STU12096,13,20.8,3,10,69.2
STU12097,12,17.6,4,8,39.1
STU12098,20,19.6,2,14,57.9
STU12099,13,19.9,2,10,53.6
STU12100,15,16.5,3,10,54.3
STU12101,14,22.1,2,9,70.1
STU12102,11,12.7,7,3,77.1
STU12103,19,17.3,6,6,56.8
STU12104,13,21.6,6,5,80.8
STU12105,15,1.5,5,2,81.6
STU12106,15,17.2,5,7,95.6
STU12107,15,18.6,2,6,83.1
STU12108,13,6.5,4,14,84.4
STU12109,10,16.4,3,11,74.1
STU12110,12,11.0,9,14,60.7
STU12111,13,17.0,2,13,68.6
STU12112,11,14.5,3,14,84.6
STU12113,17,10.3,8,11,69.8
STU12114,13,20.5,7,8,74.3
STU12115,13,12.9,6,2,82.4
STU12116,8,16.3,6,6,73.5
STU12117,12,21.6,1,14,69.1
STU12118,11,10.4,4,4,64.3
STU12119,11,15.0,2,5,96.4
STU12120,14,12.5,4,5,76.3
STU12121,12,13.6,4,13,58.5
STU12122,18,25.8,2,7,63.4
STU12123,10,17.3,5,14,71.7
STU12124,10,16.6,4,13,79.6
STU12125,11,17.6,1,5,70.2
STU12126,13,17.2,2,8,53.8
STU12127,13,5.9,4,4,49.1
STU12128,11,26.5,2,9,50.5
STU12129,16,7.7,2,3,78.1
STU12130,13,23.7,6,3,74.0
STU12131,9,18.1,1,2,63.5
STU12132,15,15.9,2,7,96.0
STU12133,14,13.5,5,12,71.4
STU12134,10,28.0,4,7,52.3
STU12135,11,18.0,5,14,70.2
STU12136,18,15.1,10,7,77.1
STU12137,14,12.3,1,2,65.9
STU12138,16,11.7,1,5,69.7
STU12139,14,15.3,6,2,79.3
STU12140,15,10.3,5,3,74.4
STU12141,17,18.4,5,9,79.6
STU12142,10,11.8,6,9,80.5
STU12143,9,20.0,6,2,53.3
STU12144,10,19.9,5,2,78.8
STU12145,12,14.7,5,12,79.3
STU12146,14,17.9,4,13,74.9
STU12147,19,18.2,8,14,75.8
STU12148,13,7.7,2,14,61.1
STU12149,10,23.7,4,4,90.3
STU12150,10,13.7,4,8,78.9
STU12151,12,18.5,4,7,80.1
STU12152,8,18.6,2,4,88.6
STU12153,11,2.6,2,9,82.2
STU12154,7,11.7,4,9,82.5
STU12155,6,19.2,3,14,42.7
STU12156,13,15.3,2,7,37.8
STU12157,15,18.4,6,2,70.2
STU12158,5,15.5,4,13,75.0
STU12159,10,21.1,3,9,76.0
STU12160,10,15.6,4,6,75.4
STU12161,8,22.1,5,10,75.4
STU12162,13,10.1,5,10,73.6
STU12163,12,14.4,4,3,62.9
STU12164,10,12.0,3,12,55.1
STU12165,7,16.9,4,14,70.4
STU12166,7,13.6,3,14,64.3
STU12167,7,13.9,4,7,66.9
STU12168,16,11.5,4,5,51.9
STU12169,9,12.7,1,8,69.8
STU12170,11,14.9,4,7,74.9
STU12171,14,4.9,3,8,54.6
STU12172,15,3.5,6,6,77.1
STU12173,14,15.3,7,10,55.7
STU12174,13,1.2,6,2,77.8
STU12175,10,14.0,3,13,62.3
STU12176,8,13.1,3,8,84.4
STU12177,9,17.7,2,10,62.7
STU12178,18,11.6,3,9,59.3
STU12179,10,22.8,6,2,71.4
STU12180,11,19.2,7,9,76.0
STU12181,12,7.4,4,14,83.2
STU12182,13,13.6,5,4,78.9
STU12183,15,22.6,5,14,60.1
STU12184,16,11.5,3,11,74.9
STU12185,12,14.7,8,13,57.3
STU12186,15,22.0,6,7,83.7
STU12187,14,12.3,3,10,87.8
STU12188,15,20.6,1,8,73.3
STU12189,9,10.5,2,14,68.2
STU12190,8,1.0,4,6,90.8
STU12191,13,21.1,3,9,88.0
STU12192,9,17.2,4,9,47.9
STU12193,10,17.5,7,7,77.4
STU12194,8,9.5,4,7,68.9
STU12195,14,9.9,5,10,53.4
STU12196,12,20.8,7,5,90.5
STU12197,6,16.2,3,14,60.6
STU12198,14,14.4,4,4,82.3
STU12199,10,16.1,6,9,63.9
STU12200,10,22.5,3,10,56.5
STU12201,9,18.6,4,5,72.6
STU12202,9,12.6,1,3,51.7
STU12203,12,8.0,4,7,96.1
STU12204,10,17.9,3,10,79.2
STU12205,11,10.4,3,3,64.3
STU12206,11,9.1,4,10,69.8
STU12207,12,21.6,4,6,60.1
STU12208,10,19.4,3,5,75.0
STU12209,13,16.9,2,12,54.7
STU12210,15,8.8,1,9,52.7
STU12211,10,23.9,6,3,74.3
STU12212,10,20.1,4,8,90.4
STU12213,15,13.5,3,11,60.6
STU12214,8,12.4,3,8,62.7
STU12215,9,15.4,3,2,66.3
STU12216,10,12.6,4,11,64.5
STU12217,14,26.1,1,9,67.6
STU12218,10,13.1,7,2,76.3
STU12219,11,9.7,2,10,68.0
STU12220,8,22.9,7,3,50.9
STU12221,11,12.2,7,11,66.9
STU12222,14,18.9,3,8,75.7
STU12223,16,18.4,5,6,61.6
STU12224,19,14.7,4,14,77.3
STU12225,14,10.1,2,14,82.9
STU12226,18,14.8,6,13,74.9
STU12227,18,9.2,4,12,61.4
STU12228,19,14.9,3,6,88.8
STU12229,9,18.9,5,6,84.3
STU12230,8,23.6,1,10,74.3
STU12231,10,9.6,5,12,67.0
STU12232,12,13.7,4,11,83.9
STU12233,18,12.4,9,13,75.4
STU12234,16,16.4,2,3,83.5
STU12235,24,7.4,3,10,68.3
STU12236,14,10.4,8,13,66.6
STU12237,8,6.5,4,14,51.5
STU12238,10,7.8,6,8,90.8
STU12239,13,11.7,4,4,87.4
STU12240,3,23.4,3,4,64.3
STU12241,17,16.7,8,14,73.6
STU12242,12,15.3,3,3,80.0
STU12243,14,21.7,4,11,79.5
STU12244,15,16.9,4,14,75.5
STU12245,19,17.4,5,6,66.3
STU12246,12,12.6,4,4,68.2
STU12247,12,11.8,7,3,72.0
STU12248,9,8.4,6,13,67.4
STU12249,6,12.0,6,5,94.6
STU12250,10,13.6,7,10,70.3
STU12251,7,16.7,4,2,70.1
STU12252,11,14.8,7,10,68.0
STU12253,9,13.2,7,8,58.2
STU12254,14,10.4,5,3,82.0
STU12255,13,17.0,1,13,51.3
STU12256,14,12.5,2,3,76.1
STU12257,6,16.8,9,6,56.2
STU12258,13,5.4,4,4,77.4
STU12259,13,16.7,2,2,84.7
STU12260,15,18.7,1,9,79.4
STU12261,17,18.1,2,6,62.9
STU12262,16,14.0,3,6,60.0
STU12263,8,19.6,5,7,70.8
STU12264,13,8.6,4,12,58.3
STU12265,7,14.6,3,9,62.8
STU12266,14,14.0,2,5,66.6
STU12267,14,20.2,4,13,78.8
STU12268,10,4.9,2,14,98.1
STU12269,17,9.7,3,4,74.0
STU12270,11,23.7,1,13,64.5
STU12271,10,2.8,0,8,85.7
STU12272,11,19.1,2,2,84.3
STU12273,9,11.5,2,3,81.6
STU12274,7,16.3,4,4,84.6
STU12275,11,22.1,4,6,94.0
STU12276,14,16.5,3,11,42.2
STU12277,18,22.2,3,5,70.6
STU12278,13,12.5,3,13,58.3
STU12279,13,13.2,1,4,78.3
STU12280,8,18.9,1,11,76.4
STU12281,14,12.8,2,5,76.6
STU12282,14,18.0,4,12,66.2
STU12283,7,20.9,4,11,75.8
STU12284,13,19.3,4,8,77.8
STU12285,8,7.1,5,8,67.0
STU12286,9,13.3,6,6,59.0
STU12287,8,16.4,5,6,89.9
STU12288,7,13.8,2,8,81.8
STU12289,9,15.4,5,5,30.0
STU12290,17,16.5,5,12,58.2
STU12291,12,12.4,2,2,66.8
STU12292,9,14.0,6,5,80.3
STU12293,11,9.1,4,10,48.1
STU12294,10,12.6,4,11,56.6
STU12295,8,7.4,4,12,69.1
STU12296,11,15.6,3,13,73.9
STU12297,14,14.0,6,14,63.8
STU12298,10,10.4,7,11,75.7
STU12299,16,23.9,7,11,65.4
STU12300,11,13.8,2,3,53.7
STU12301,7,16.4,3,2,75.7
STU12302,7,11.8,2,10,79.9
STU12303,18,12.9,3,7,83.6
STU12304,11,16.6,6,3,57.0
STU12305,15,13.3,6,8,78.6
STU12306,14,15.0,1,5,76.3
STU12307,17,19.0,6,10,93.9
STU12308,12,12.4,4,12,59.6
STU12309,12,8.3,7,14,73.1
STU12310,10,7.4,2,13,71.5
STU12311,11,22.2,3,7,52.3
STU12312,7,19.7,6,8,88.4
STU12313,17,18.3,5,4,61.1
STU12314,9,12.8,4,7,62.0
STU12315,14,8.3,3,2,69.7
STU12316,11,13.6,4,6,62.1
STU12317,13,14.5,6,11,79.0
STU12318,13,9.3,6,6,72.1
STU12319,10,7.7,7,3,48.1
STU12320,15,6.3,4,7,50.5
STU12321,10,18.3,6,12,77.7
STU12322,12,9.0,4,4,63.1
STU12323,13,16.5,4,5,71.2
STU12324,6,13.0,2,4,75.9
STU12325,12,17.9,2,2,58.5
STU12326,13,16.7,11,2,56.4
STU12327,9,13.8,2,6,79.5
STU12328,6,15.7,4,11,67.1
STU12329,15,14.4,5,7,86.4
STU12330,12,11.9,4,6,79.5
STU12331,12,19.9,3,13,76.1
STU12332,13,12.9,5,5,95.1
STU12333,13,14.6,3,7,65.2
STU12334,13,7.9,7,10,66.3
STU12335,15,16.4,2,5,79.7
STU12336,17,11.9,4,10,71.4
STU12337,16,12.6,7,11,63.5
STU12338,17,10.8,6,8,64.1
STU12339,14,14.4,2,14,56.2
STU12340,14,5.0,5,5,73.2
STU12341,8,18.4,4,11,80.3
STU12342,9,14.8,7,5,71.2
STU12343,15,12.7,6,4,81.4
STU12344,12,7.3,6,8,71.3
STU12345,12,17.2,4,5,68.5
STU12346,7,11.8,4,11,75.8
STU12347,11,21.5,6,5,69.1
STU12348,13,17.4,8,12,71.3
STU12349,15,22.7,0,8,70.9
STU12350,8,15.7,2,8,56.3
STU12351,13,20.4,4,13,75.3
STU12352,9,17.3,1,3,58.4
STU12353,14,12.7,1,9,67.4
STU12354,11,15.9,3,8,97.1
STU12355,12,10.8,4,2,85.1
STU12356,12,25.3,1,11,63.4
STU12357,9,14.5,5,10,60.4
STU12358,11,15.1,3,9,67.5
STU12359,3,16.9,5,2,74.6
STU12360,17,9.6,5,6,50.5
STU12361,10,21.6,5,7,67.2
STU12362,12,9.9,5,9,86.1
STU12363,8,8.7,5,11,68.3
STU12364,8,14.2,3,8,60.3
STU12365,14,8.6,5,6,57.4
STU12366,14,22.8,3,2,57.2
STU12367,15,13.8,3,5,87.3
STU12368,11,1.0,3,10,74.7
STU12369,11,16.0,3,9,71.2
STU12370,14,17.8,5,11,82.2
STU12371,10,12.9,5,11,81.7
STU12372,11,8.2,3,3,71.0
STU12373,10,14.5,3,3,78.3
STU12374,11,12.6,3,9,56.9
STU12375,11,10.1,4,13,70.8
STU12376,7,9.7,5,14,70.5
STU12377,17,15.8,5,4,55.2
STU12378,12,19.5,6,6,67.3
STU12379,17,17.3,4,10,95.9
STU12380,13,6.4,2,3,77.3
STU12381,8,18.1,6,9,70.8
STU12382,7,18.9,5,3,58.9
STU12383,16,22.0,2,4,92.9
STU12384,10,10.3,0,8,84.1
STU12385,13,14.7,6,8,79.9
STU12386,15,17.8,2,6,66.9
STU12387,15,12.4,4,2,45.0
STU12388,12,17.8,3,3,88.1
STU12389,6,14.9,3,8,88.6
STU12390,8,10.8,4,9,71.9
STU12391,12,11.2,3,7,56.2
STU12392,15,21.2,5,4,76.3
STU12393,7,10.0,4,4,69.5
STU12394,8,9.2,5,10,91.0
STU12395,13,16.7,11,4,71.7
STU12396,14,14.8,2,7,70.5
STU12397,6,8.4,4,4,66.3
STU12398,13,12.4,4,14,67.8
STU12399,10,10.9,3,11,58.7
STU12400,8,11.8,6,14,84.4
STU12401,19,27.6,5,4,56.7
STU12402,15,13.5,2,13,70.5
STU12403,10,10.6,6,10,76.0
STU12404,16,25.1,7,9,52.7
STU12405,10,19.4,8,8,65.2
STU12406,10,18.6,2,4,74.0
STU12407,10,10.8,4,12,71.2
STU12408,11,21.0,6,6,71.7
STU12409,4,19.1,5,2,55.3
STU12410,10,15.7,4,3,57.1
STU12411,14,6.4,7,10,79.5
STU12412,13,14.9,2,4,83.7
STU12413,9,23.6,5,6,85.8
STU12414,8,16.1,4,5,71.4
STU12415,13,13.1,3,9,79.2
STU12416,8,13.9,8,12,53.4
STU12417,26,14.2,3,2,56.5
STU12418,12,11.0,4,7,67.6
STU12419,25,14.8,5,7,70.7
STU12420,16,22.2,5,9,66.5
STU12421,8,21.6,8,2,68.2
STU12422,6,11.2,6,5,57.1
STU12423,12,21.4,6,2,64.8
STU12424,8,18.8,4,10,55.6
STU12425,8,18.2,3,7,85.7
STU12426,8,17.2,4,8,59.2
STU12427,10,10.3,5,14,80.1
STU12428,12,13.0,1,2,71.3
STU12429,14,19.2,4,11,78.2
STU12430,12,9.0,2,5,72.6
STU12431,16,9.8,5,12,66.2
STU12432,10,16.5,5,8,66.9
STU12433,14,11.1,3,5,83.5
STU12434,14,19.1,7,12,62.9
STU12435,7,11.2,3,6,68.5
STU12436,13,16.2,2,2,92.2
STU12437,15,16.6,1,4,68.4
STU12438,8,12.6,4,9,72.2
STU12439,12,13.8,5,12,51.3
STU12440,11,11.6,1,14,69.0
STU12441,3,14.9,4,13,70.6
STU12442,13,10.2,4,13,68.6
STU12443,9,13.9,6,13,77.4
STU12444,7,18.7,1,10,70.4
STU12445,8,9.3,6,14,63.1
STU12446,11,12.6,6,9,66.3
STU12447,9,17.6,4,12,77.3
STU12448,14,4.6,5,13,56.3
STU12449,10,24.3,8,5,68.9
STU12450,10,20.2,5,13,73.2
STU12451,10,7.3,3,11,88.1
STU12452,10,4.5,4,2,90.5
STU12453,13,15.1,3,5,77.9
STU12454,9,9.4,3,7,70.9
STU12455,13,19.8,6,3,86.5
STU12456,9,17.0,5,8,83.7
STU12457,17,15.6,4,14,76.7
STU12458,11,12.1,1,4,81.8
STU12459,13,23.0,7,9,67.4
STU12460,9,18.8,0,5,55.2
STU12461,13,18.0,3,10,82.0
STU12462,8,21.0,2,13,68.9
STU12463,10,9.9,3,2,72.6
STU12464,8,21.4,2,11,73.7
STU12465,14,13.7,1,2,83.3
STU12466,14,16.7,5,6,64.0
STU12467,19,14.2,7,10,54.5
STU12468,16,5.6,1,7,75.0
STU12469,10,19.8,2,12,86.3
STU12470,14,5.9,4,3,55.3
STU12471,19,10.2,6,10,74.1
STU12472,8,12.7,2,13,75.4
STU12473,17,5.2,4,8,93.6
STU12474,16,9.5,4,6,78.4
STU12475,15,16.2,3,8,58.8
STU12476,14,13.3,3,12,77.1
STU12477,12,13.7,2,10,73.6
STU12478,18,10.4,4,9,76.1
STU12479,21,15.2,3,9,51.9
STU12480,12,13.4,1,10,57.9
STU12481,10,6.8,2,12,59.5
STU12482,11,14.0,1,4,94.0
STU12483,11,8.8,8,2,72.6
STU12484,11,19.5,6,13,60.9
STU12485,12,13.0,3,13,75.0
STU12486,11,27.6,5,5,74.6
STU12487,9,19.8,2,10,77.2
STU12488,8,14.3,6,11,58.8
STU12489,13,17.9,3,2,74.9
STU12490,11,4.6,4,11,67.0
STU12491,8,19.8,2,13,63.2
STU12492,14,10.9,3,2,87.2
STU12493,8,15.4,6,7,88.2
STU12494,16,11.4,4,5,75.2
STU12495,8,11.9,2,2,65.6
STU12496,11,14.1,5,5,73.3
STU12497,12,15.4,4,12,30.1
STU12498,7,14.9,7,7,90.0
STU12499,7,15.0,6,9,91.0
STU12500,20,6.9,4,10,90.5
STU12501,10,26.7,5,11,61.8
STU12502,12,16.2,2,13,71.8
STU12503,7,17.2,5,7,87.3
STU12504,10,13.3,5,14,54.8
STU12505,14,10.6,3,3,74.7
STU12506,15,15.8,2,14,66.4
STU12507,12,16.4,5,13,46.3
STU12508,10,21.5,8,7,78.4
STU12509,16,25.4,5,2,74.4
STU12510,14,22.4,4,2,73.1
STU12511,6,6.2,3,2,58.5
STU12512,18,12.7,4,14,85.9
STU12513,16,16.7,4,7,76.7
STU12514,16,13.0,3,13,77.3
STU12515,10,14.8,1,12,83.4
STU12516,15,4.3,3,8,79.0
STU12517,7,19.6,4,2,64.3
STU12518,10,5.6,4,13,78.1
STU12519,10,7.1,5,4,73.0
STU12520,6,9.9,2,4,72.8
STU12521,11,14.5,2,8,79.2
STU12522,14,6.9,4,5,59.9
STU12523,16,9.7,2,10,41.6
STU12524,12,20.7,7,10,67.9
STU12525,10,14.4,3,11,52.3
STU12526,9,17.2,1,5,67.4
STU12527,13,8.8,2,4,51.8
STU12528,12,14.7,5,14,72.9
STU12529,19,14.3,3,14,70.7
STU12530,10,11.0,0,7,71.0
STU12531,18,14.7,5,10,78.8
STU12532,11,5.5,1,11,85.5
STU12533,12,17.2,7,9,64.9
STU12534,19,13.0,4,8,74.6
STU12535,10,13.7,5,8,74.7
STU12536,15,19.3,7,6,54.4
STU12537,8,17.2,3,10,82.7
STU12538,10,13.4,3,3,61.0
STU12539,16,9.4,2,14,62.9
STU12540,16,21.6,1,12,68.2
STU12541,12,8.3,3,6,59.4
STU12542,19,18.1,2,6,61.8
STU12543,12,7.0,3,6,77.7
STU12544,16,19.6,1,9,57.7
STU12545,13,20.1,5,14,83.0
STU12546,19,5.4,1,2,60.6
STU12547,9,17.2,2,13,81.4
STU12548,8,16.8,3,12,77.1
STU12549,10,18.5,3,5,59.3
STU12550,13,16.8,2,2,60.4
STU12551,23,10.2,6,6,78.8
STU12552,11,13.9,5,8,84.5
STU12553,13,23.3,2,3,72.4
STU12554,7,9.5,1,3,85.6
STU12555,11,16.6,5,13,86.3
STU12556,11,20.8,6,8,61.5
STU12557,7,10.0,5,3,87.7
STU12558,8,7.9,6,13,80.0
STU12559,11,8.7,4,12,61.9
STU12560,13,17.0,7,3,64.9
STU12561,21,8.6,3,7,85.6
STU12562,14,14.3,3,6,90.0
STU12563,16,21.9,3,2,69.9
STU12564,10,14.7,4,12,100.0
STU12565,13,11.1,4,8,90.6
STU12566,7,15.6,4,3,80.4
STU12567,13,14.7,4,3,79.1
STU12568,7,17.3,3,13,79.3
STU12569,9,23.1,4,4,53.6
STU12570,14,17.0,4,10,65.0
STU12571,7,25.2,5,2,71.7
STU12572,8,17.3,3,13,67.8
STU12573,8,11.2,4,13,79.9
STU12574,14,26.4,5,13,74.3
STU12575,6,14.4,2,9,79.2
STU12576,5,9.7,2,3,69.9
STU12577,15,26.6,5,12,88.1
STU12578,8,11.3,5,10,74.9
STU12579,6,11.1,3,6,69.6
STU12580,11,12.2,6,10,80.4
STU12581,10,15.8,6,12,81.3
STU12582,10,19.7,4,13,73.3
STU12583,16,1.8,5,11,54.2
STU12584,18,19.6,2,10,84.0
STU12585,14,12.2,3,6,53.1
STU12586,9,12.9,5,3,56.3
STU12587,10,23.6,2,10,73.6
STU12588,9,16.1,6,9,67.1
STU12589,15,17.2,4,4,73.3
STU12590,14,14.8,5,2,90.0
STU12591,11,18.8,3,6,77.5
STU12592,15,23.1,7,3,63.5
STU12593,16,2.6,3,10,82.8
STU12594,9,20.4,2,6,55.8
STU12595,15,22.7,2,8,64.9
STU12596,11,17.5,4,2,71.9
STU12597,12,11.6,4,2,65.4
STU12598,11,9.2,1,9,80.7
STU12599,11,26.8,4,9,72.9
STU12600,8,10.5,3,13,76.0
STU12601,11,22.6,4,9,73.9
STU12602,13,17.0,5,8,83.7
STU12603,11,25.2,8,6,60.6
STU12604,9,13.4,1,2,52.7
STU12605,10,7.0,4,9,81.3
STU12606,11,15.0,3,11,63.8
STU12607,11,7.6,1,12,60.7
STU12608,9,28.4,5,8,74.1
STU12609,12,18.1,5,13,75.2
STU12610,5,18.9,3,13,85.6
STU12611,12,18.9,1,13,73.7
STU12612,17,11.5,7,4,72.8
STU12613,10,14.3,7,8,64.3
STU12614,12,15.6,5,6,90.5
STU12615,14,24.7,8,11,85.9
STU12616,9,9.2,5,12,51.3
STU12617,15,11.4,4,11,89.2
STU12618,16,13.2,6,11,65.2
STU12619,14,11.6,5,5,85.1
STU12620,10,7.7,3,2,77.0
STU12621,16,1.5,2,11,83.9
STU12622,15,5.9,5,3,83.0
STU12623,10,20.5,3,3,77.6
STU12624,12,15.0,4,11,80.6
STU12625,12,19.2,5,13,62.1
STU12626,16,12.1,3,3,100.0
STU12627,16,14.5,5,10,63.7
STU12628,8,23.1,5,7,77.0
STU12629,6,22.8,4,14,73.2
STU12630,6,19.7,4,6,76.9
STU12631,14,16.0,2,11,59.5
STU12632,8,17.6,4,5,72.3
STU12633,10,16.9,4,10,62.3
STU12634,13,14.2,1,10,52.1
STU12635,14,13.0,3,11,66.9
STU12636,11,20.6,3,13,93.6
STU12637,17,8.5,4,8,65.5
STU12638,11,22.4,3,6,77.3
STU12639,11,13.6,5,7,78.3
STU12640,12,8.4,1,4,82.7
STU12641,11,12.3,10,3,74.3
STU12642,15,10.6,3,11,82.4
STU12643,9,12.1,8,11,78.0
STU12644,12,12.0,2,5,91.2
STU12645,12,11.8,2,4,62.2
STU12646,14,13.5,5,5,83.9
STU12647,13,14.7,3,11,76.3
STU12648,11,18.8,7,12,66.0
STU12649,7,13.8,2,2,71.8
STU12650,15,16.6,6,2,93.4
STU12651,9,15.0,5,7,71.2
STU12652,9,17.7,4,12,83.4
STU12653,9,15.2,3,11,75.5
STU12654,8,11.8,1,5,88.5
STU12655,7,10.4,0,3,70.4
STU12656,14,16.1,6,4,84.7
STU12657,17,21.4,4,9,68.4
STU12658,10,13.9,5,7,75.0
STU12659,9,11.5,5,3,58.0
STU12660,10,13.7,1,8,60.5
STU12661,7,12.2,6,3,72.6
STU12662,9,11.7,4,2,70.9
STU12663,6,7.8,3,6,52.8
STU12664,10,13.8,6,13,75.2
STU12665,11,16.2,4,11,74.1
STU12666,8,9.6,5,10,61.2
STU12667,13,10.6,4,6,84.3
STU12668,8,10.3,5,2,72.7
STU12669,10,8.1,2,3,60.6
STU12670,11,10.2,5,5,81.4
STU12671,13,14.0,2,6,48.8
STU12672,10,8.3,5,3,52.3
STU12673,10,14.3,2,4,55.4
STU12674,9,11.5,3,7,75.1
STU12675,15,10.4,2,7,79.6
STU12676,17,16.9,2,11,61.9
STU12677,12,11.8,4,2,76.7
STU12678,12,12.6,2,11,88.6
STU12679,13,21.5,6,9,65.0
STU12680,17,10.4,8,12,55.3
STU12681,7,22.8,5,7,100.0
STU12682,17,13.3,4,4,74.7
STU12683,13,9.3,0,3,57.6
STU12684,14,12.2,4,12,65.9
STU12685,16,15.3,5,10,41.9
STU12686,7,21.3,7,12,59.3
STU12687,12,19.0,10,9,73.6
STU12688,14,15.3,6,4,75.3
STU12689,10,21.3,3,8,51.3
STU12690,16,5.6,6,8,77.3
STU12691,9,16.2,3,13,67.2
STU12692,14,16.5,3,2,76.1
STU12693,14,16.6,2,7,89.1
STU12694,10,6.9,4,4,81.3
STU12695,8,9.9,8,11,71.9
STU12696,12,14.2,5,4,67.7
STU12697,10,20.6,2,6,61.0
STU12698,8,24.6,2,14,55.9
STU12699,11,11.7,5,7,61.7
STU12700,7,8.5,4,10,81.3
STU12701,11,19.1,3,14,68.9
STU12702,14,28.1,5,6,51.6
STU12703,10,20.5,4,4,64.7
STU12704,13,11.3,3,2,86.4
STU12705,18,29.3,6,13,67.9
STU12706,15,18.4,5,4,54.6
STU12707,9,11.0,2,5,75.8
STU12708,14,24.7,5,11,74.0
STU12709,13,10.7,3,8,63.9
STU12710,16,11.9,3,6,75.9
STU12711,14,18.6,4,4,75.5
STU12712,17,14.9,9,10,72.7
STU12713,13,15.2,0,14,87.8
STU12714,8,15.2,2,11,75.2
STU12715,18,20.6,4,7,71.2
STU12716,8,3.4,7,6,73.6
STU12717,7,16.4,4,8,74.6
STU12718,10,13.5,2,14,77.0
STU12719,13,11.2,4,13,71.3
STU12720,14,11.2,5,11,89.8
STU12721,2,1.8,2,2,59.8
STU12722,10,11.0,5,9,82.0
STU12723,10,21.5,4,8,65.9
STU12724,15,19.2,3,14,72.3
STU12725,12,14.0,3,6,85.7
STU12726,10,7.9,6,7,79.5
STU12727,20,19.1,3,10,73.0
STU12728,18,21.5,5,2,70.9
STU12729,13,20.2,3,12,58.2
STU12730,9,10.2,6,4,88.1
STU12731,17,10.7,5,14,73.4
STU12732,13,23.3,4,12,78.0
STU12733,7,9.0,7,14,88.3
STU12734,10,17.4,4,10,68.3
STU12735,8,6.1,3,4,58.6
STU12736,7,13.5,4,7,63.7
STU12737,14,17.9,4,11,58.3
STU12738,11,14.9,5,3,92.5
STU12739,15,17.6,4,10,66.4
STU12740,7,8.9,8,6,49.4
STU12741,7,10.9,4,9,55.1
STU12742,12,17.4,7,3,97.0
STU12743,18,18.5,7,12,75.4
STU12744,14,16.1,9,9,82.7
STU12745,14,19.7,6,13,56.6
STU12746,16,6.7,6,6,84.9
STU12747,12,12.7,8,4,56.7
STU12748,10,24.1,5,14,69.1
STU12749,12,21.4,3,7,75.5
STU12750,11,18.2,6,7,72.2
STU12751,11,14.2,2,12,74.3
STU12752,9,20.2,3,9,62.6
STU12753,12,17.1,7,8,69.4
STU12754,19,7.4,6,10,59.0
STU12755,15,20.0,2,2,88.8
STU12756,17,10.7,1,9,70.6
STU12757,8,18.8,1,2,59.4
STU12758,8,6.9,3,10,93.2
STU12759,13,23.0,3,12,66.3
STU12760,15,13.6,1,11,81.1
STU12761,14,9.5,3,4,65.9
STU12762,11,11.6,5,4,73.0
STU12763,8,13.3,3,13,80.2
STU12764,10,15.0,4,13,69.4
STU12765,8,21.6,3,4,78.3
STU12766,12,15.4,4,2,85.8
STU12767,15,4.1,7,8,60.7
STU12768,12,8.9,3,13,51.5
STU12769,11,28.8,1,5,66.9
STU12770,12,15.7,3,4,82.8
STU12771,15,19.8,3,6,65.8
STU12772,7,13.5,2,13,86.0
STU12773,10,10.0,4,2,79.1
STU12774,8,12.6,3,12,79.8
STU12775,10,15.6,6,6,70.4
STU12776,16,12.7,4,3,64.3
STU12777,7,24.6,4,9,69.6
STU12778,10,11.9,3,10,72.2
STU12779,12,9.7,4,10,71.9
STU12780,16,19.0,3,4,73.2
STU12781,12,19.7,8,9,68.2
STU12782,11,15.1,7,3,67.3
STU12783,12,12.0,4,2,85.4
STU12784,13,5.5,2,2,60.9
STU12785,15,21.1,3,8,69.6
STU12786,7,19.3,2,12,90.4
STU12787,14,12.8,7,2,70.4
STU12788,15,15.3,1,7,82.5
STU12789,13,13.9,1,9,65.6
STU12790,13,23.1,2,14,59.8
STU12791,10,9.8,4,11,93.6
STU12792,13,11.9,2,13,59.9
STU12793,12,11.4,3,5,72.1
STU12794,18,16.6,6,3,90.6
STU12795,12,15.3,4,14,58.3
STU12796,12,16.0,13,12,79.8
STU12797,11,10.6,6,12,78.3
STU12798,9,22.4,3,5,72.1
STU12799,7,12.7,5,10,93.5
STU12800,6,20.9,5,3,75.2
STU12801,10,30.7,5,6,73.4
STU12802,4,10.6,5,12,61.9
STU12803,11,16.7,5,3,71.3
STU12804,10,14.3,7,2,79.3
STU12805,9,25.2,6,13,82.2
STU12806,11,13.6,6,10,80.6
STU12807,10,16.2,1,6,52.1
STU12808,12,16.1,7,7,71.5
STU12809,7,14.5,5,7,62.5
STU12810,15,18.8,5,9,54.5
STU12811,12,15.5,3,5,64.9
STU12812,14,17.4,2,2,66.8
STU12813,13,16.1,4,8,60.5
STU12814,9,12.0,3,7,72.3
STU12815,18,13.7,2,8,80.9
STU12816,8,17.8,5,9,77.9
STU12817,11,17.8,3,6,66.8
STU12818,10,21.2,8,7,82.0
STU12819,17,24.3,6,14,64.4
STU12820,11,12.4,5,14,90.9
STU12821,15,15.7,9,3,74.5
STU12822,16,14.0,5,6,82.4
STU12823,17,9.5,5,4,66.4
STU12824,9,17.8,1,6,69.2
STU12825,12,18.9,4,10,73.2
STU12826,17,9.6,2,4,70.6
STU12827,14,13.1,3,13,67.4
STU12828,17,12.6,3,4,56.2
STU12829,7,7.5,4,2,64.8
STU12830,15,14.8,7,13,58.7
STU12831,14,9.3,5,2,51.5
STU12832,11,15.8,1,8,74.4
STU12833,13,16.3,5,10,62.8
STU12834,9,17.0,7,3,86.7
STU12835,9,17.2,3,3,63.4
STU12836,11,22.7,3,2,61.5
STU12837,7,11.0,5,6,84.4
STU12838,14,11.2,2,11,78.9
STU12839,12,18.3,3,8,83.8
STU12840,10,14.3,2,2,68.9
STU12841,13,20.6,4,12,52.5
STU12842,10,17.8,3,9,79.4
STU12843,9,24.6,4,2,82.8
STU12844,11,14.5,2,2,68.5
STU12845,16,7.6,3,5,91.2
STU12846,5,16.7,0,3,78.5
STU12847,9,14.6,3,13,72.2
STU12848,13,17.7,5,14,79.2
STU12849,19,18.3,3,10,61.5
STU12850,8,12.3,5,11,73.4
STU12851,13,10.0,6,3,56.0
STU12852,18,14.3,7,8,74.1
STU12853,14,3.1,3,3,74.2
STU12854,12,15.4,8,2,74.5
STU12855,14,13.0,1,10,70.2
STU12856,16,19.3,3,12,60.5
STU12857,11,5.1,2,5,96.4
STU12858,13,15.0,3,13,60.6
STU12859,13,22.9,4,8,58.3
STU12860,13,18.4,2,2,70.9
STU12861,16,19.9,4,9,70.5
STU12862,10,16.7,5,14,74.4
STU12863,14,6.7,4,7,80.8
STU12864,10,15.8,7,3,60.3
STU12865,9,17.0,4,10,87.8
STU12866,13,9.6,3,2,68.0
STU12867,11,14.4,3,10,53.3
STU12868,14,1.0,0,11,77.4
STU12869,10,13.3,3,3,70.1
STU12870,14,12.8,4,7,73.8
STU12871,16,22.0,4,10,82.4
STU12872,14,12.0,6,4,87.2
STU12873,11,13.7,4,13,61.3
STU12874,15,14.6,4,4,44.2
STU12875,6,12.0,5,4,67.7
STU12876,12,18.6,2,10,64.9
STU12877,15,5.0,6,3,69.2
STU12878,7,20.7,3,5,53.2
STU12879,9,14.9,3,9,67.1
STU12880,8,21.5,3,12,62.8
STU12881,14,1.3,7,9,59.6
STU12882,20,2.8,6,6,51.5
STU12883,11,13.5,5,3,66.7
STU12884,14,17.5,4,7,85.8
STU12885,17,12.2,5,9,67.6
STU12886,9,17.9,4,3,49.3
STU12887,14,19.9,4,5,91.4
STU12888,11,18.3,3,5,50.6
STU12889,8,15.5,3,13,70.7
STU12890,11,15.5,3,10,64.4
STU12891,10,11.9,4,11,64.3
STU12892,9,14.7,7,2,65.2
STU12893,12,9.9,2,10,78.6
STU12894,13,11.1,4,9,70.7
STU12895,13,17.6,6,2,82.3
STU12896,14,12.7,4,11,99.8
STU12897,11,11.3,5,7,80.4
STU12898,13,17.2,2,14,79.7
STU12899,18,16.9,4,12,68.2
STU12900,8,13.9,6,11,82.1
STU12901,9,14.3,5,3,74.7
STU12902,13,17.1,2,13,65.2
STU12903,13,19.8,6,4,72.1
STU12904,7,16.0,6,13,66.4
STU12905,4,9.0,3,6,80.4
STU12906,16,13.9,6,9,54.8
STU12907,13,13.0,2,7,71.1
STU12908,15,9.7,6,10,81.6
STU12909,8,17.5,6,13,86.1
STU12910,8,17.9,5,14,68.8
STU12911,11,18.6,10,12,80.9
STU12912,7,10.0,5,2,85.4
STU12913,12,15.8,5,6,70.1
STU12914,6,15.0,3,5,88.7
STU12915,12,16.5,1,9,67.6
STU12916,8,15.6,7,14,56.2
STU12917,9,14.9,4,6,63.0
STU12918,14,14.3,2,10,70.4
STU12919,10,20.5,3,3,81.4
STU12920,15,10.7,3,9,55.4
STU12921,14,14.1,3,14,72.3
STU12922,13,20.4,5,2,90.1
STU12923,13,10.9,5,9,67.9
STU12924,12,11.2,3,10,77.5
STU12925,13,18.7,7,12,72.3
STU12926,5,7.9,5,4,72.2
STU12927,11,18.3,2,3,59.7
STU12928,14,12.6,3,13,57.9
STU12929,14,17.1,5,14,73.3
STU12930,7,8.9,4,6,78.5
STU12931,21,20.9,5,10,78.1
STU12932,18,8.9,6,9,80.0
STU12933,13,18.6,1,2,77.8
STU12934,15,9.1,8,2,69.8
STU12935,14,24.0,1,9,63.9
STU12936,12,14.6,8,4,82.9
STU12937,8,24.8,6,2,64.0
STU12938,16,10.9,2,11,72.1
STU12939,11,12.8,5,2,48.5
STU12940,16,21.1,4,5,90.1
STU12941,16,7.9,4,7,66.7
STU12942,9,11.5,2,10,49.5
STU12943,12,17.5,2,6,88.4
STU12944,8,9.9,2,14,71.5
STU12945,13,17.6,5,8,71.4
STU12946,12,15.9,7,10,92.0
STU12947,14,7.4,5,6,66.7
STU12948,14,19.8,1,8,89.0
STU12949,9,8.7,2,10,56.8
STU12950,14,18.9,0,7,77.2
STU12951,13,15.6,3,10,75.7
STU12952,8,12.7,4,7,80.8
STU12953,21,9.5,5,12,60.2
STU12954,5,16.6,5,7,52.9
STU12955,11,10.6,2,4,99.5
STU12956,17,21.0,3,6,84.2
STU12957,10,21.2,5,14,69.3
STU12958,14,23.2,5,8,78.4
STU12959,9,16.4,1,3,64.7
STU12960,15,13.0,5,7,73.1
STU12961,12,13.5,4,3,62.5
STU12962,16,13.1,7,10,70.3
STU12963,13,16.2,5,11,57.3
STU12964,9,17.2,8,13,92.9
STU12965,9,21.2,1,4,70.4
STU12966,10,15.1,4,8,63.9
STU12967,17,8.0,4,8,60.6
STU12968,13,13.0,3,6,91.6
STU12969,10,22.8,2,11,72.1
STU12970,15,7.2,4,13,89.1
STU12971,8,18.7,5,3,74.6
STU12972,10,13.0,7,6,79.6
STU12973,14,10.6,5,3,74.8
STU12974,9,17.0,4,4,57.7
STU12975,9,22.8,1,9,87.7
STU12976,13,16.7,5,7,75.6
STU12977,13,13.7,3,11,65.0
STU12978,9,8.5,4,13,71.9
STU12979,6,14.5,6,11,76.5
STU12980,14,8.3,2,14,67.2
STU12981,15,13.5,5,11,62.2
STU12982,6,14.7,4,5,59.4
STU12983,11,3.2,4,9,68.9
STU12984,15,21.9,7,11,84.9
STU12985,16,8.8,5,10,64.8
STU12986,11,14.1,8,6,65.2
STU12987,18,17.7,3,2,68.5
STU12988,13,21.5,0,7,67.8
STU12989,13,11.0,2,10,75.2
STU12990,10,2.5,5,7,70.5
STU12991,15,20.4,1,7,65.6
STU12992,13,8.8,2,6,73.9
STU12993,15,16.8,4,8,82.7
STU12994,10,17.1,5,14,80.0
STU12995,8,1.0,5,5,67.8
STU12996,12,6.9,3,5,79.1
STU12997,17,12.7,5,5,72.1
STU12998,5,2.1,6,10,66.2
STU12999,13,8.3,1,11,50.3
STU13000,8,15.6,6,4,75.7
STU13001,13,14.6,2,11,70.4
STU13002,11,16.5,3,4,81.6
STU13003,13,17.2,6,12,93.8
STU13004,12,6.6,5,4,62.3
STU13005,9,8.6,4,4,56.1
STU13006,6,18.8,2,14,58.6
STU13007,18,22.6,7,13,76.7
STU13008,7,10.2,3,14,68.0
STU13009,16,16.3,3,9,73.7
STU13010,8,19.0,4,10,69.9
STU13011,14,16.2,5,14,82.9
STU13012,17,13.8,2,9,72.3
STU13013,8,11.8,2,5,58.8
STU13014,9,24.9,5,11,62.3
STU13015,8,15.5,5,8,82.8
STU13016,10,16.9,2,5,65.3
STU13017,15,16.6,3,11,79.4
STU13018,15,10.9,5,2,73.1
STU13019,9,15.3,4,8,82.3
STU13020,10,13.4,2,4,88.8
STU13021,14,13.3,0,6,63.2
STU13022,7,16.6,7,4,85.6
STU13023,9,10.4,6,2,60.2
STU13024,12,9.0,6,10,82.3
STU13025,8,17.5,5,3,66.5
STU13026,10,12.3,2,3,46.2
STU13027,9,13.3,3,7,96.5
STU13028,13,5.4,4,2,70.7
STU13029,14,19.8,4,9,81.0
STU13030,16,17.6,2,5,69.0
STU13031,15,18.5,1,4,82.4
STU13032,11,16.9,4,6,63.2
STU13033,12,7.4,9,9,66.4
STU13034,8,16.1,6,2,79.3
STU13035,14,12.0,2,6,70.7
STU13036,13,10.2,3,10,60.6
STU13037,12,17.5,3,3,77.2
STU13038,9,23.3,6,9,76.2
STU13039,13,22.5,4,3,70.1
STU13040,19,18.1,5,8,64.3
STU13041,14,14.8,6,10,70.8
STU13042,11,13.9,7,6,81.9
STU13043,7,10.5,2,12,67.8
STU13044,12,13.7,5,10,52.5
STU13045,14,19.5,3,2,69.8
STU13046,8,24.1,4,8,71.5
STU13047,11,10.9,6,5,74.3
STU13048,9,5.0,1,8,74.0
STU13049,7,12.3,7,2,79.7
STU13050,13,19.5,3,8,70.6
STU13051,16,25.4,1,8,70.1
STU13052,13,21.6,5,11,75.1
STU13053,11,21.4,6,13,51.5
STU13054,6,10.8,5,13,66.9
STU13055,17,10.9,4,11,67.1
STU13056,6,8.4,7,8,69.5
STU13057,14,11.7,3,11,58.1
STU13058,12,19.6,3,3,73.3
STU13059,13,23.1,4,14,68.7
STU13060,9,16.7,3,7,54.6
STU13061,13,13.7,1,13,65.3
STU13062,10,9.7,5,4,72.7
STU13063,13,14.4,3,12,85.2
STU13064,10,16.0,2,7,90.3
STU13065,10,7.7,1,6,70.5
STU13066,16,19.6,5,12,85.7
STU13067,12,12.9,3,5,83.9
STU13068,14,19.3,2,9,78.6
STU13069,15,14.9,8,3,61.8
STU13070,7,16.5,2,8,79.5
STU13071,16,11.5,4,5,64.0
STU13072,14,13.3,2,8,82.1
STU13073,8,18.2,7,6,69.7
STU13074,13,14.3,8,6,70.3
STU13075,7,9.5,6,10,79.3
STU13076,22,15.6,5,14,91.3
STU13077,17,16.9,4,6,77.6
STU13078,6,21.9,5,9,94.4
STU13079,11,20.8,4,8,61.8
STU13080,7,14.7,6,13,66.1
STU13081,9,12.3,3,5,69.3
STU13082,8,13.9,7,14,65.8
STU13083,16,12.4,7,9,82.1
STU13084,7,17.5,4,8,65.3
STU13085,13,20.2,4,13,65.2
STU13086,12,21.2,2,5,55.2
STU13087,12,12.9,12,7,71.9
STU13088,12,12.4,4,8,85.5
STU13089,11,12.9,3,14,78.9
STU13090,16,5.3,4,11,96.5
STU13091,13,9.0,3,14,85.2
STU13092,15,14.8,4,12,85.7
STU13093,11,16.9,4,13,95.1
STU13094,18,17.5,5,8,79.7
STU13095,15,11.1,9,9,57.9
STU13096,9,12.5,4,10,79.4
STU13097,14,13.7,5,6,78.3
STU13098,9,13.1,2,3,69.8
STU13099,9,18.4,5,11,63.1
STU13100,11,8.5,4,13,80.0
STU13101,18,9.3,1,14,69.5
STU13102,11,13.5,5,6,67.7
STU13103,12,8.2,5,12,97.1
STU13104,9,5.5,6,8,88.1
STU13105,12,7.5,5,14,54.7
STU13106,13,13.8,2,4,100.0
STU13107,9,18.2,7,11,75.5
STU13108,15,18.3,3,6,81.4
STU13109,7,22.9,2,7,84.5
STU13110,20,15.5,2,7,87.4
STU13111,12,16.2,7,5,83.2
STU13112,13,13.7,5,4,64.0
STU13113,15,14.0,1,12,79.7
STU13114,14,25.4,3,5,85.2
STU13115,7,16.3,7,2,87.0
STU13116,8,16.7,8,9,59.8
STU13117,10,9.3,4,13,81.8
STU13118,10,17.1,2,4,83.2
STU13119,11,18.3,4,5,62.9
STU13120,8,20.6,4,12,80.2
STU13121,12,18.2,1,10,69.6
STU13122,10,14.4,2,14,64.9
STU13123,9,14.2,2,11,61.7
STU13124,10,14.6,2,10,69.0
STU13125,17,15.5,4,14,81.6
STU13126,12,21.3,9,7,43.5
STU13127,12,20.4,6,5,57.8
STU13128,13,18.8,2,12,66.2
STU13129,9,25.1,9,9,86.3
STU13130,8,1.7,6,8,71.2
STU13131,10,12.7,6,7,87.3
STU13132,14,14.9,2,7,67.0
STU13133,14,11.6,3,10,53.6
STU13134,14,10.4,4,5,54.9
STU13135,11,6.4,1,14,65.2
STU13136,5,13.4,6,7,52.5
STU13137,11,19.5,3,3,73.2
STU13138,12,18.9,7,10,94.9
STU13139,12,11.2,4,8,56.0
STU13140,11,16.1,7,9,81.6
STU13141,16,21.8,5,3,89.5
STU13142,9,7.4,2,13,67.2
STU13143,6,14.2,5,6,68.7
STU13144,10,16.4,4,10,56.8
STU13145,15,15.1,2,14,55.8
STU13146,11,19.3,3,4,74.3
STU13147,8,7.5,7,8,99.5
STU13148,10,10.0,5,14,65.2
STU13149,16,18.4,3,6,79.6
STU13150,10,6.5,4,7,60.9
STU13151,15,19.1,7,6,64.3
STU13152,12,17.2,3,7,59.5
STU13153,13,18.7,1,10,63.2
STU13154,11,12.7,3,8,73.4
STU13155,13,17.5,3,2,51.6
STU13156,11,9.1,7,10,70.4
STU13157,13,12.9,4,3,46.6
STU13158,7,15.2,4,5,66.2
STU13159,12,10.5,8,5,57.1
STU13160,10,16.1,3,6,88.9
STU13161,20,9.3,2,11,74.2
STU13162,7,16.3,4,5,69.6
STU13163,15,23.7,7,9,55.4
STU13164,7,8.7,2,10,71.5
STU13165,15,14.9,1,12,68.6
STU13166,10,6.9,5,12,74.8
STU13167,10,10.8,1,13,69.3
STU13168,8,18.5,4,3,62.6
STU13169,10,12.8,3,13,71.7
STU13170,13,18.7,2,10,54.3
STU13171,16,16.8,3,3,38.7
STU13172,16,14.7,7,4,60.7
STU13173,7,9.9,3,7,54.8
STU13174,12,18.4,4,14,85.9
STU13175,19,16.5,1,10,87.2
STU13176,10,7.4,2,8,80.5
STU13177,9,10.2,3,9,70.5
STU13178,14,1.2,5,3,59.8
STU13179,13,8.2,5,14,71.5
STU13180,10,13.4,7,10,60.3
STU13181,15,9.7,7,7,62.5
STU13182,12,10.8,5,4,62.3
STU13183,11,22.0,6,3,81.9
STU13184,10,20.1,5,13,68.2
STU13185,15,11.5,1,3,40.7
STU13186,9,19.0,2,11,61.6
STU13187,18,21.1,5,10,70.3
STU13188,14,18.1,8,5,73.4
STU13189,15,16.5,5,9,53.5
STU13190,14,20.5,5,12,79.5
STU13191,20,18.8,3,8,83.9
STU13192,10,8.9,3,6,76.9
STU13193,17,14.1,4,12,72.5
STU13194,12,12.2,10,5,78.3
STU13195,12,20.8,0,7,76.5
STU13196,10,12.1,3,14,60.3
STU13197,15,11.2,4,11,83.6
STU13198,13,20.1,3,9,85.1
STU13199,7,16.3,1,6,50.9
STU13200,16,25.6,5,3,54.1
STU13201,7,10.7,5,5,74.7
STU13202,9,12.4,1,12,75.6
STU13203,9,20.6,4,2,82.8
STU13204,12,8.6,0,14,83.1
STU13205,11,21.6,5,10,78.3
STU13206,12,9.0,3,7,71.3
STU13207,9,18.1,3,8,60.6
STU13208,9,5.8,7,2,82.7
STU13209,9,15.2,4,6,80.2
STU13210,14,8.2,7,10,83.0
STU13211,16,24.6,1,2,56.5
STU13212,18,9.6,4,2,85.7
STU13213,18,10.9,2,12,84.9
STU13214,15,17.7,6,3,60.6
STU13215,10,12.0,3,4,74.3
STU13216,13,18.5,6,7,77.3
STU13217,12,11.4,3,12,83.3
STU13218,9,11.1,2,7,69.9
STU13219,10,14.9,5,11,68.7
STU13220,19,8.9,2,11,71.6
STU13221,19,17.0,6,2,60.7
STU13222,8,19.4,4,4,72.2
STU13223,9,17.8,6,14,78.4
STU13224,13,18.2,2,14,79.7
STU13225,15,5.4,6,10,68.7
STU13226,23,12.7,2,9,79.9
STU13227,17,13.9,2,12,74.1
STU13228,11,22.3,6,10,72.2
STU13229,9,12.1,0,12,95.5
STU13230,12,3.5,6,9,75.3
STU13231,12,10.0,5,10,70.4
STU13232,12,11.7,6,8,73.7
STU13233,12,4.2,4,11,72.2
STU13234,26,19.8,5,14,69.5
STU13235,12,7.2,2,10,80.6
STU13236,8,17.2,4,4,73.2
STU13237,9,9.5,5,7,84.7
STU13238,12,22.5,2,7,70.4
STU13239,12,13.6,6,14,92.3
STU13240,16,12.6,1,2,71.9
STU13241,9,17.6,2,13,72.5
STU13242,13,10.0,3,14,65.8
STU13243,10,17.9,5,13,76.3
STU13244,7,12.6,5,12,96.3
STU13245,13,12.0,4,11,72.7
STU13246,9,14.6,4,11,81.9
STU13247,11,9.6,8,8,69.8
STU13248,16,14.0,5,4,42.4
STU13249,7,16.7,4,13,91.6
STU13250,13,3.5,3,3,78.2
STU13251,9,20.5,2,8,100.0
STU13252,15,19.1,4,11,73.5
STU13253,15,5.7,5,5,69.9
STU13254,14,4.9,3,8,71.8
STU13255,14,19.2,4,2,80.5
STU13256,13,18.8,3,11,69.9
STU13257,14,18.1,6,9,66.7
STU13258,8,7.9,5,3,63.1
STU13259,16,24.1,2,9,72.4
STU13260,7,11.2,6,9,83.1
STU13261,11,16.2,2,10,76.0
STU13262,8,16.3,9,5,74.1
STU13263,14,23.0,4,13,70.8
STU13264,11,15.6,7,2,59.8
STU13265,8,17.1,6,11,77.3
STU13266,4,14.6,3,9,64.7
STU13267,19,9.0,2,10,74.5
STU13268,12,3.4,4,12,86.8
STU13269,15,15.2,4,10,69.4
STU13270,15,7.9,4,7,60.5
STU13271,12,16.8,3,9,79.5
STU13272,10,15.7,4,9,78.9
STU13273,9,15.6,7,6,61.3
STU13274,16,9.7,3,5,61.4
STU13275,11,20.2,7,11,76.9
STU13276,11,17.4,4,11,85.2
STU13277,11,9.1,3,12,80.1
STU13278,17,25.3,10,3,65.9
STU13279,21,13.9,4,4,89.1
STU13280,17,8.3,4,12,66.9
STU13281,9,11.2,2,13,86.4
STU13282,10,7.5,0,4,87.0
STU13283,17,21.8,3,13,80.4
STU13284,21,20.4,1,7,63.1
STU13285,7,18.7,2,8,86.8
STU13286,9,17.8,7,7,95.4
STU13287,12,21.2,3,12,86.5
STU13288,10,13.8,5,2,59.5
STU13289,18,17.1,0,8,57.6
STU13290,9,10.9,4,13,77.4
STU13291,8,14.2,2,14,57.9
STU13292,10,17.3,2,10,74.6
STU13293,11,1.0,3,9,71.8
STU13294,17,11.9,4,12,62.5
STU13295,14,15.8,0,6,82.8
STU13296,12,14.6,1,5,60.9
STU13297,14,12.7,6,6,81.0
STU13298,12,17.9,2,14,70.5
STU13299,13,11.5,2,4,72.6
STU13300,15,8.9,2,10,70.8
STU13301,10,20.9,1,6,71.1
STU13302,13,20.2,3,8,90.9
STU13303,13,12.0,2,8,46.8
STU13304,13,14.7,4,2,88.9
STU13305,11,19.2,2,7,47.6
STU13306,9,15.2,2,14,85.4
STU13307,12,17.7,6,5,70.7
STU13308,15,17.4,4,4,78.5
STU13309,9,13.4,5,14,70.1
STU13310,9,17.6,4,4,71.1
STU13311,8,10.2,5,7,73.1
STU13312,10,17.0,6,2,74.6
STU13313,11,14.6,5,6,63.2
STU13314,10,13.2,4,5,56.8
STU13315,12,8.8,3,11,40.3
STU13316,15,15.7,7,9,71.6
STU13317,8,15.2,4,10,100.0
STU13318,11,10.8,6,9,51.9
STU13319,13,7.0,6,8,92.3
STU13320,6,6.8,4,4,74.9
STU13321,14,13.7,2,9,71.7
STU13322,10,16.5,6,2,80.4
STU13323,11,24.2,2,5,68.7
STU13324,6,14.8,4,4,64.0
STU13325,14,6.9,4,12,53.6
STU13326,10,14.0,4,4,72.0
STU13327,10,21.3,2,3,69.7
STU13328,9,11.6,5,8,67.8
STU13329,13,20.6,5,11,83.2
STU13330,11,15.9,4,4,68.0
STU13331,11,18.2,3,8,81.9
STU13332,20,24.3,4,3,56.6
STU13333,15,5.8,3,4,83.8
STU13334,11,19.5,3,13,87.5
STU13335,12,14.5,7,4,72.7
STU13336,9,10.3,3,8,72.5
STU13337,12,14.5,1,11,81.3
STU13338,17,23.5,2,5,78.9
STU13339,8,21.7,1,13,66.2
STU13340,16,5.0,2,11,73.6
STU13341,12,11.2,3,8,99.4
STU13342,9,19.7,7,4,65.6
STU13343,10,14.9,4,11,78.8
STU13344,9,14.9,7,10,78.0
STU13345,17,7.2,2,3,73.1
STU13346,15,11.3,1,13,86.6
STU13347,12,8.2,6,12,92.3
STU13348,10,6.7,4,14,90.4
STU13349,13,8.7,4,4,82.2
STU13350,16,10.4,6,13,88.7
STU13351,9,11.2,6,7,59.6
STU13352,5,10.8,6,12,51.8
STU13353,10,20.1,4,13,40.3
STU13354,9,10.5,5,14,65.7
STU13355,10,22.1,4,7,91.7
STU13356,12,12.6,2,7,75.3
STU13357,11,17.2,4,11,62.1
STU13358,17,17.4,5,9,100.0
STU13359,12,10.5,5,9,61.8
STU13360,13,13.4,5,7,61.5
STU13361,12,12.5,2,9,64.5
STU13362,14,16.9,0,2,82.1
STU13363,7,14.4,3,8,57.0
STU13364,12,11.3,9,4,78.1
STU13365,11,15.6,6,14,58.1
STU13366,12,16.7,0,4,78.1
STU13367,10,24.3,3,10,79.7
STU13368,17,15.3,3,2,65.5
STU13369,14,15.1,3,10,68.9
STU13370,12,17.1,7,6,47.1
STU13371,11,10.3,4,10,75.8
STU13372,9,6.4,1,2,70.6
STU13373,13,13.4,1,7,59.2
STU13374,9,20.4,4,2,90.5
STU13375,11,21.2,2,2,73.7
STU13376,15,5.6,4,6,70.3
STU13377,8,18.3,5,12,88.5
STU13378,12,4.1,3,14,48.9
STU13379,9,17.3,2,6,61.6
STU13380,10,17.0,2,2,67.3
STU13381,12,6.4,1,3,48.6
STU13382,14,20.0,5,4,67.5
STU13383,13,23.7,5,4,47.7
STU13384,10,14.7,8,8,57.6
STU13385,7,15.7,4,3,75.3
STU13386,10,22.4,1,4,69.1
STU13387,13,9.4,4,2,74.2
STU13388,8,9.5,3,2,58.1
STU13389,21,10.8,2,2,68.0
STU13390,11,15.2,3,2,67.2
STU13391,9,15.2,9,5,49.6
STU13392,14,12.2,1,2,80.3
STU13393,8,13.5,4,5,88.3
STU13394,10,12.3,2,7,85.8
STU13395,8,12.5,5,4,50.9
STU13396,16,11.2,3,4,82.0
STU13397,12,11.2,3,13,66.0
STU13398,9,5.0,5,12,93.8
STU13399,12,13.9,2,6,70.3
STU13400,9,5.2,3,11,85.4
STU13401,10,18.8,2,14,57.8
STU13402,7,12.2,5,13,72.3
STU13403,14,14.4,1,3,100.0
STU13404,8,13.1,4,5,55.5
STU13405,9,13.8,1,2,74.2
STU13406,13,21.3,4,11,80.9
STU13407,15,8.2,5,13,66.6
STU13408,11,6.9,4,10,62.5
STU13409,8,15.6,4,4,87.4
STU13410,14,12.5,2,9,76.1
STU13411,14,16.8,10,5,94.5
STU13412,10,18.6,3,7,68.4
STU13413,11,9.5,2,11,76.2
STU13414,7,18.0,11,12,59.9
STU13415,13,9.9,6,5,83.6
STU13416,13,15.4,2,5,61.9
STU13417,8,8.8,3,12,79.0
STU13418,8,15.7,2,7,68.7
STU13419,16,14.9,3,9,71.6
STU13420,7,9.5,5,10,73.2
STU13421,12,8.2,5,3,72.9
STU13422,12,18.8,3,7,73.2
STU13423,12,12.7,4,2,56.4
STU13424,12,20.1,5,8,77.0
STU13425,12,12.3,3,11,65.8
STU13426,12,21.5,5,4,78.2
STU13427,8,10.3,5,10,79.0
STU13428,14,22.4,6,7,62.5
STU13429,12,15.9,4,14,57.5
STU13430,9,17.0,2,14,77.3
STU13431,10,10.0,7,13,71.6
STU13432,10,18.6,4,10,73.9
STU13433,21,18.8,4,7,67.1
STU13434,11,13.4,3,5,68.4
STU13435,12,4.3,6,7,62.8
STU13436,13,9.4,5,2,73.4
STU13437,9,9.4,2,11,65.5
STU13438,7,17.2,1,9,49.1
STU13439,11,12.7,10,11,72.5
STU13440,16,12.8,2,9,73.1
STU13441,13,12.2,7,4,94.4
STU13442,9,22.3,2,6,60.9
STU13443,13,15.2,6,6,71.7
STU13444,6,16.0,2,4,84.8
STU13445,15,11.9,3,12,74.5
STU13446,9,14.9,4,12,80.5
STU13447,12,10.1,5,7,74.6
STU13448,12,16.7,5,12,72.5
STU13449,8,9.3,2,10,72.0
STU13450,9,18.7,5,12,76.3
STU13451,9,11.3,6,13,83.8
STU13452,10,19.7,3,4,90.8
STU13453,16,24.5,4,10,54.4
STU13454,10,15.0,1,14,61.6
STU13455,10,21.6,2,9,87.2
STU13456,18,18.8,2,6,83.8
STU13457,12,7.8,3,14,73.2
STU13458,15,15.6,2,10,73.6
STU13459,13,17.5,6,8,78.0
STU13460,12,18.0,1,4,77.2
STU13461,9,15.9,4,11,65.2
STU13462,17,15.8,0,14,55.3
STU13463,13,15.0,5,14,62.7
STU13464,11,15.7,3,3,70.4
STU13465,16,8.9,3,12,72.0
STU13466,13,13.8,5,6,64.7
STU13467,9,7.7,5,4,94.5
STU13468,10,12.5,2,13,61.4
STU13469,9,12.0,3,11,60.9
STU13470,10,11.7,1,10,70.0
STU13471,19,9.7,6,12,60.0
STU13472,9,16.3,4,11,87.8
STU13473,16,13.4,6,8,71.7
STU13474,21,12.9,5,11,95.6
STU13475,9,8.0,4,11,89.8
STU13476,7,13.5,1,9,68.7
STU13477,16,20.7,8,7,63.2
STU13478,12,20.8,8,10,76.6
STU13479,5,16.9,2,7,88.1
STU13480,12,13.5,6,14,59.0
STU13481,12,17.8,3,13,48.5
STU13482,7,11.7,5,14,66.7
STU13483,8,13.5,3,4,62.7
STU13484,15,11.3,4,3,83.8
STU13485,16,19.5,4,14,59.4
STU13486,9,18.9,7,2,77.8
STU13487,15,14.8,7,10,64.4
STU13488,12,23.7,5,7,62.6
STU13489,18,17.1,1,5,77.6
STU13490,9,16.8,6,6,56.8
STU13491,11,16.2,4,9,86.2
STU13492,7,8.7,3,2,75.1
STU13493,18,10.5,3,9,61.9
STU13494,12,14.7,7,8,97.6
STU13495,8,14.8,3,10,91.4
STU13496,10,17.9,4,5,49.1
STU13497,9,11.7,8,12,67.6
STU13498,20,15.4,10,6,66.7
STU13499,16,15.4,3,9,62.6
STU13500,20,15.6,0,4,86.5
STU13501,11,15.1,5,11,61.8
STU13502,11,8.0,2,12,69.4
STU13503,21,3.7,6,2,68.9
STU13504,14,10.3,4,2,44.2
STU13505,16,12.3,3,12,81.8
STU13506,8,9.1,3,12,91.2
STU13507,15,14.7,2,11,62.5
STU13508,15,20.5,2,7,77.7
STU13509,7,18.6,4,3,74.0
STU13510,14,17.3,2,14,81.0
STU13511,14,19.9,6,10,90.3
STU13512,14,10.4,9,6,70.9
STU13513,13,12.7,1,14,56.3
STU13514,11,18.1,8,12,99.2
STU13515,10,12.6,5,10,71.4
STU13516,15,12.9,4,9,60.2
STU13517,6,24.3,4,9,67.5
STU13518,12,15.5,3,6,70.4
STU13519,17,23.8,1,12,58.8
STU13520,15,5.9,0,13,61.3
STU13521,9,11.8,2,3,84.0
STU13522,8,17.0,1,12,75.4
STU13523,12,15.5,8,12,81.2
STU13524,12,4.7,5,14,79.3
STU13525,9,13.9,3,12,59.3
STU13526,10,27.4,8,7,71.7
STU13527,13,16.2,5,12,88.5
STU13528,9,18.0,5,6,72.7
STU13529,15,11.8,6,4,82.6
STU13530,9,16.2,6,11,79.0
STU13531,17,14.9,4,10,61.4
STU13532,8,20.6,4,8,85.3
STU13533,15,20.4,5,14,88.8
STU13534,11,17.0,2,13,72.9
STU13535,10,15.4,5,13,84.5
STU13536,14,6.6,5,10,73.2
STU13537,9,6.4,1,11,72.6
STU13538,13,15.4,1,12,68.2
STU13539,10,19.4,3,5,60.0
STU13540,8,21.7,4,4,63.8
STU13541,15,10.6,5,3,59.0
STU13542,9,7.5,7,6,86.6
STU13543,6,19.7,7,2,72.4
STU13544,9,10.9,2,7,86.5
STU13545,15,7.1,8,3,46.9
STU13546,12,12.5,4,13,59.3
STU13547,12,12.4,2,13,66.1
STU13548,9,21.6,3,10,82.8
STU13549,11,19.3,6,6,74.2
STU13550,10,11.3,5,3,72.0
STU13551,13,22.0,4,5,52.1
STU13552,14,15.6,4,7,81.5
STU13553,13,20.3,3,5,71.7
STU13554,9,21.6,4,6,94.8
STU13555,11,13.7,2,5,44.8
STU13556,12,17.9,8,5,70.5
STU13557,15,13.0,2,4,58.6
STU13558,5,19.7,1,10,58.1
STU13559,11,15.5,9,4,64.1
STU13560,14,19.8,4,5,90.8
STU13561,7,22.6,4,9,72.6
STU13562,10,17.7,6,6,68.7
STU13563,9,14.5,1,8,69.0
STU13564,8,14.6,4,7,76.0
STU13565,9,1.0,5,2,66.2
STU13566,11,11.4,2,3,75.5
STU13567,8,19.7,3,11,74.6
STU13568,17,19.8,1,6,70.8
STU13569,7,11.3,2,11,76.7
STU13570,20,15.8,4,4,62.9
STU13571,11,14.1,6,13,69.5
STU13572,14,18.4,6,9,55.9
STU13573,9,26.0,4,9,50.8
STU13574,7,18.5,3,3,87.8
STU13575,13,11.6,7,7,81.0
STU13576,6,14.6,7,8,88.1
STU13577,11,22.0,6,8,83.5
STU13578,12,8.0,4,4,63.4
STU13579,8,11.9,4,10,46.2
STU13580,9,18.5,6,14,63.0
STU13581,12,21.5,1,8,77.5
STU13582,11,18.0,2,2,73.0
STU13583,12,12.0,4,10,72.5
STU13584,13,17.7,3,12,67.4
STU13585,15,17.1,4,7,57.9
STU13586,14,16.8,5,7,91.7
STU13587,11,14.5,2,8,79.3
STU13588,11,15.3,6,3,78.2
STU13589,4,10.5,4,12,53.7
STU13590,14,27.4,5,3,69.8
STU13591,6,15.8,3,5,78.8
STU13592,18,17.7,2,14,95.5
STU13593,11,13.9,1,13,85.1
STU13594,14,19.2,1,3,67.9
STU13595,8,8.5,6,8,80.3
STU13596,20,6.3,3,11,76.5
STU13597,21,14.8,2,10,81.6
STU13598,18,25.3,8,3,68.2
STU13599,18,21.0,4,2,73.9
STU13600,16,11.0,2,2,61.9
STU13601,10,17.6,1,14,68.2
STU13602,11,11.8,6,3,86.5
STU13603,8,17.1,4,13,74.6
STU13604,13,17.5,7,4,55.1
STU13605,11,19.6,2,2,66.5
STU13606,11,7.2,1,9,79.9
STU13607,16,8.7,2,7,51.0
STU13608,11,14.6,3,4,81.0
STU13609,15,9.8,5,10,84.7
STU13610,7,9.5,3,5,75.8
STU13611,9,16.4,3,10,64.7
STU13612,12,10.4,2,6,52.5
STU13613,11,26.3,9,10,59.3
STU13614,13,12.3,7,9,90.9
STU13615,15,13.6,9,3,70.3
STU13616,21,16.5,3,6,86.9
STU13617,13,7.5,6,2,68.1
STU13618,11,17.5,3,2,63.5
STU13619,14,16.7,3,4,71.5
STU13620,13,13.3,2,2,87.1
STU13621,8,16.4,4,7,79.0
STU13622,10,17.1,2,7,59.3
STU13623,10,22.2,4,6,63.6
STU13624,13,27.5,3,10,55.5
STU13625,14,9.7,3,12,87.7
STU13626,9,8.5,2,5,74.2
STU13627,12,15.5,6,4,75.4
STU13628,9,4.6,5,4,77.2
STU13629,13,18.2,3,2,71.6
STU13630,22,15.6,6,5,63.5
STU13631,14,16.8,4,8,48.2
STU13632,10,13.5,4,9,74.1
STU13633,15,16.3,2,14,98.3
STU13634,17,17.4,3,7,60.5
STU13635,13,16.0,5,8,50.3
STU13636,13,8.3,3,6,68.4
STU13637,7,15.9,2,9,76.4
STU13638,4,24.3,4,11,59.9
STU13639,11,16.2,2,4,64.7
STU13640,12,15.7,6,9,57.1
STU13641,13,22.8,3,12,72.5
STU13642,14,11.3,4,11,76.3
STU13643,9,19.4,1,8,67.7
STU13644,13,12.3,5,10,61.1
STU13645,9,20.4,4,14,79.1
STU13646,15,19.0,4,7,80.9
STU13647,14,12.9,4,14,69.6
STU13648,9,13.7,4,11,76.3
STU13649,12,19.9,2,11,82.4
STU13650,13,5.7,4,3,61.9
STU13651,11,12.8,4,13,54.8
STU13652,6,18.1,7,12,81.3
STU13653,12,13.5,3,6,95.5
STU13654,19,15.7,3,10,48.0
STU13655,9,4.8,7,8,91.0
STU13656,14,10.7,6,13,71.2
STU13657,17,18.4,3,12,83.7
STU13658,9,11.2,2,13,56.2
STU13659,7,8.5,4,4,65.4
STU13660,9,20.3,2,3,83.2
STU13661,13,17.6,4,9,83.4
STU13662,15,9.6,4,9,68.4
STU13663,14,15.7,8,2,70.9
STU13664,12,9.7,8,3,66.5
STU13665,15,14.2,5,6,56.1
STU13666,9,15.9,4,14,73.4
STU13667,11,11.0,5,6,70.4
STU13668,13,18.7,0,8,67.3
STU13669,15,19.5,4,6,56.1
STU13670,11,16.3,8,13,69.0
STU13671,14,17.1,2,10,74.3
STU13672,11,7.7,6,2,79.0
STU13673,8,21.8,4,6,73.9
STU13674,16,14.5,3,4,53.1
STU13675,15,10.3,10,11,68.7
STU13676,13,15.7,1,14,83.4
STU13677,9,18.7,3,12,65.2
STU13678,10,17.6,6,7,48.0
STU13679,14,9.6,4,2,66.0
STU13680,17,18.8,4,3,64.8
STU13681,16,14.7,3,10,85.1
STU13682,17,17.5,4,10,80.1
STU13683,13,11.0,7,13,94.9
STU13684,8,20.2,5,3,75.5
STU13685,9,15.9,5,5,100.0
STU13686,12,20.9,8,14,96.9
STU13687,12,7.3,3,11,79.3
STU13688,7,8.0,2,4,83.4
STU13689,15,13.8,5,9,83.6
STU13690,10,22.3,2,2,80.8
STU13691,13,24.8,7,10,61.4
STU13692,8,10.6,3,5,69.8
STU13693,4,15.3,5,13,69.4
STU13694,7,15.8,3,9,84.9
STU13695,10,18.6,3,9,78.7
STU13696,13,19.4,7,7,74.2
STU13697,14,9.4,6,13,57.3
STU13698,10,15.3,6,11,65.8
STU13699,4,5.0,6,10,65.2
STU13700,16,19.1,2,9,96.5
STU13701,18,13.3,3,4,69.5
STU13702,16,9.0,2,7,61.8
STU13703,9,16.7,0,3,73.9
STU13704,16,13.2,4,2,75.4
STU13705,7,21.3,6,6,70.3
STU13706,13,10.5,3,14,89.7
STU13707,17,26.1,6,8,86.3
STU13708,11,19.3,1,13,64.1
STU13709,16,21.4,2,7,62.6
STU13710,10,9.9,6,5,54.6
STU13711,13,23.9,2,5,100.0
STU13712,12,8.9,4,10,64.4
STU13713,13,14.0,4,13,72.1
STU13714,8,21.5,6,4,66.5
STU13715,12,17.5,4,12,56.9
STU13716,17,8.8,5,14,88.1
STU13717,10,20.7,4,3,77.9
STU13718,15,16.7,4,7,69.0
STU13719,11,12.9,5,2,50.0
STU13720,15,7.3,6,3,70.5
STU13721,6,17.2,3,5,78.1
STU13722,9,14.2,4,10,59.8
STU13723,15,15.8,4,5,83.2
STU13724,21,7.1,5,11,86.4
STU13725,8,12.9,5,14,77.8
STU13726,12,17.4,1,12,60.5
STU13727,16,24.4,2,4,64.4
STU13728,14,14.0,2,12,77.7
STU13729,16,22.2,7,2,85.8
STU13730,20,18.9,0,13,66.3
STU13731,9,16.2,4,9,70.9
STU13732,15,9.9,4,12,63.9
STU13733,9,10.1,6,5,68.0
STU13734,4,18.1,9,12,87.6
STU13735,11,12.4,3,3,71.6
STU13736,10,11.9,3,8,59.4
STU13737,10,14.1,2,14,55.4
STU13738,11,14.2,3,13,69.3
STU13739,8,19.5,0,2,89.7
STU13740,17,12.5,6,4,59.6
STU13741,10,19.0,3,11,78.7
STU13742,14,17.2,5,12,80.6
STU13743,14,6.6,3,6,56.1
STU13744,9,16.5,4,8,60.5
STU13745,11,1.7,3,4,65.4
STU13746,8,10.5,4,14,78.9
STU13747,7,17.3,4,5,48.4
STU13748,9,14.9,5,6,87.2
STU13749,11,6.2,6,11,59.9
STU13750,12,9.4,5,3,65.6
STU13751,14,2.0,1,13,45.8
STU13752,15,8.3,4,10,64.5
STU13753,8,17.9,6,8,91.5
STU13754,18,12.2,4,3,60.0
STU13755,10,15.8,4,13,89.5
STU13756,13,15.1,7,7,52.3
STU13757,13,15.2,3,8,60.9
STU13758,12,20.1,2,13,72.0
STU13759,12,14.0,3,11,75.5
STU13760,10,19.6,3,13,76.2
STU13761,8,2.6,5,5,54.6
STU13762,14,20.6,8,12,90.1
STU13763,8,8.5,3,5,70.0
STU13764,4,9.6,3,9,82.8
STU13765,10,11.5,3,3,63.1
STU13766,19,20.4,5,3,76.1
STU13767,13,10.6,4,3,67.5
STU13768,10,11.7,4,12,84.4
STU13769,17,10.2,5,3,79.0
STU13770,16,16.3,6,8,75.7
STU13771,11,18.7,4,5,72.5
STU13772,8,23.5,2,6,51.8
STU13773,17,27.0,1,9,90.0
STU13774,14,18.3,4,8,99.5
STU13775,14,16.8,1,12,75.0
STU13776,14,8.9,4,9,63.7
STU13777,13,24.5,3,6,68.9
STU13778,13,16.1,7,9,87.2
STU13779,11,13.6,5,2,67.6
STU13780,10,16.9,3,6,90.3
STU13781,12,11.8,2,13,77.0
STU13782,15,3.3,4,12,60.2
STU13783,8,17.9,1,11,84.1
STU13784,10,21.7,7,3,81.5
STU13785,14,17.8,2,6,63.9
STU13786,14,15.0,3,14,74.9
STU13787,7,15.1,8,14,57.2
STU13788,14,15.9,5,13,72.4
STU13789,15,15.7,2,3,79.2
STU13790,13,14.7,4,7,64.6
STU13791,7,15.1,5,10,81.3
STU13792,15,22.8,5,13,70.0
STU13793,9,17.4,4,3,66.1
STU13794,18,15.5,4,11,94.7
STU13795,16,18.3,6,3,84.1
STU13796,10,18.3,5,11,43.0
STU13797,16,19.7,4,4,87.6
STU13798,12,11.2,3,11,73.0
STU13799,9,12.6,4,6,76.3
STU13800,16,10.9,6,11,66.9
STU13801,18,18.8,7,10,60.4
STU13802,19,18.6,4,4,89.7
STU13803,7,8.6,5,10,68.9
STU13804,17,17.0,4,10,66.9
STU13805,9,21.9,7,10,54.7
STU13806,10,13.8,3,5,79.8
STU13807,10,16.6,6,11,60.1
STU13808,11,18.7,5,7,59.4
STU13809,13,8.4,4,3,83.8
STU13810,10,15.8,3,2,39.5
STU13811,11,21.4,5,3,56.7
STU13812,13,12.0,4,5,80.3
STU13813,16,19.2,2,8,85.2
STU13814,11,15.1,8,3,55.5
STU13815,6,11.6,4,11,88.7
STU13816,10,14.5,6,2,80.7
STU13817,9,12.4,4,4,62.1
STU13818,20,10.6,3,8,80.7
STU13819,10,13.7,2,4,74.9
STU13820,12,15.3,2,3,68.5
STU13821,11,14.2,3,2,79.3
STU13822,12,13.7,7,4,64.5
STU13823,11,16.1,5,8,81.3
STU13824,12,17.7,3,4,65.2
STU13825,9,9.3,2,6,77.8
STU13826,10,13.7,5,12,64.0
STU13827,12,5.1,8,7,69.1
STU13828,11,14.2,4,13,59.6
STU13829,13,15.8,5,6,58.1
STU13830,7,17.8,5,2,86.7
STU13831,8,15.8,4,6,83.5
STU13832,12,17.7,4,4,89.2
STU13833,15,15.3,4,9,77.6
STU13834,13,11.6,5,6,97.6
STU13835,10,9.4,8,9,62.3
STU13836,12,13.7,2,10,76.0
STU13837,16,11.2,10,3,45.4
STU13838,8,14.4,4,5,75.8
STU13839,4,12.5,1,11,59.7
STU13840,15,17.1,4,2,69.7
STU13841,12,15.2,5,11,54.9
STU13842,16,17.2,8,13,62.3
STU13843,11,17.2,2,10,94.2
STU13844,14,14.1,2,11,80.2
STU13845,14,14.4,1,13,58.4
STU13846,14,17.5,8,9,72.0
STU13847,5,27.2,3,14,86.2
STU13848,9,10.1,3,3,46.9
STU13849,12,15.2,3,14,85.3
STU13850,12,9.0,4,12,70.2
STU13851,10,14.9,4,7,100.0
STU13852,9,11.6,3,6,61.9
STU13853,15,14.4,2,6,81.5
STU13854,13,15.8,2,4,48.1
STU13855,11,12.6,5,2,70.2
STU13856,7,6.1,3,12,69.3
STU13857,12,22.1,9,7,62.4
STU13858,9,19.2,6,7,71.4
STU13859,10,14.3,5,6,79.4
STU13860,8,10.5,3,10,91.8
STU13861,5,15.4,7,11,75.7
STU13862,7,16.8,3,13,71.5
STU13863,10,18.9,5,10,74.9
STU13864,9,19.3,1,14,78.1
STU13865,13,20.3,3,11,72.2
STU13866,10,6.3,2,2,88.7
STU13867,15,13.5,2,8,67.9
STU13868,12,20.0,6,13,54.0
STU13869,10,10.4,2,7,68.3
STU13870,13,21.1,4,14,73.8
STU13871,14,24.1,4,4,75.8
STU13872,5,21.0,5,5,83.3
STU13873,10,18.3,4,5,88.6
STU13874,11,12.8,5,5,58.2
STU13875,8,16.4,4,8,71.4
STU13876,13,8.3,2,5,93.6
STU13877,21,11.1,3,11,56.4
STU13878,12,11.4,6,7,63.0
STU13879,16,15.3,2,2,76.2
STU13880,10,13.0,4,9,47.2
STU13881,10,16.3,4,13,53.3
STU13882,6,19.4,5,5,79.9
STU13883,12,11.5,8,14,79.9
STU13884,17,15.7,5,4,79.3
STU13885,12,12.9,3,14,75.6
STU13886,17,16.0,2,10,61.0
STU13887,12,18.4,4,3,71.1
STU13888,12,19.6,5,9,84.6
STU13889,15,18.4,10,12,52.9
STU13890,10,17.1,4,7,85.0
STU13891,12,7.9,5,14,54.7
STU13892,17,9.6,3,14,81.8
STU13893,12,10.9,8,7,64.1
STU13894,13,16.8,6,11,66.2
STU13895,13,8.5,2,7,57.2
STU13896,13,16.7,4,3,100.0
STU13897,9,16.3,3,12,76.5
STU13898,8,5.3,4,13,88.2
STU13899,9,9.6,2,8,50.6
STU13900,17,20.2,3,9,82.7
STU13901,10,18.5,5,9,84.7
STU13902,9,10.7,2,11,73.0
STU13903,9,9.8,2,14,67.1
STU13904,12,2.7,2,8,61.1
STU13905,10,22.4,5,8,79.7
STU13906,12,15.2,2,6,61.2
STU13907,9,24.4,7,5,74.9
STU13908,8,14.0,1,5,85.4
STU13909,10,16.4,5,3,90.3
STU13910,13,19.5,5,5,78.0
STU13911,7,23.2,3,8,67.9
STU13912,14,17.5,3,14,79.4
STU13913,15,15.0,3,3,81.5
STU13914,19,15.1,5,12,53.7
STU13915,14,9.8,3,8,69.3
STU13916,18,13.1,2,10,64.0
STU13917,18,15.3,4,11,79.9
STU13918,11,21.9,5,4,43.7
STU13919,14,12.8,4,9,68.9
STU13920,16,20.3,4,6,77.8
STU13921,15,14.6,4,11,57.0
STU13922,14,21.2,4,11,71.8
STU13923,12,18.4,1,11,76.5
STU13924,16,18.0,2,5,43.9
STU13925,12,19.9,4,13,71.9
STU13926,14,19.2,2,14,63.0
STU13927,12,20.3,3,12,60.7
STU13928,11,25.7,2,9,84.0
STU13929,15,23.1,4,11,98.2
STU13930,13,17.3,3,2,80.4
STU13931,11,12.8,7,8,80.3
STU13932,6,16.8,6,10,51.2
STU13933,11,5.4,7,8,65.9
STU13934,10,19.1,5,10,74.7
STU13935,11,9.7,6,8,62.2
STU13936,9,20.6,8,13,100.0
STU13937,11,24.9,5,14,70.8
STU13938,11,7.7,4,3,90.1
STU13939,8,14.7,3,6,78.0
STU13940,12,9.7,2,5,77.6
STU13941,11,6.4,3,11,76.7
STU13942,8,14.5,4,9,95.0
STU13943,16,18.2,3,11,70.3
STU13944,14,18.8,3,14,59.0
STU13945,22,15.8,2,10,70.5
STU13946,16,6.7,2,10,59.1
STU13947,11,15.6,4,4,60.5
STU13948,10,7.5,3,4,66.0
STU13949,12,7.9,5,6,64.2
STU13950,9,10.0,9,3,39.3
STU13951,10,20.2,6,13,71.4
STU13952,11,17.7,7,5,79.8
STU13953,14,16.6,1,4,68.7
STU13954,8,10.7,3,12,93.0
STU13955,12,13.1,3,13,79.4
STU13956,7,8.1,2,7,81.2
STU13957,11,21.8,3,2,54.2
STU13958,14,26.0,4,6,71.7
STU13959,15,17.8,1,12,81.8
STU13960,20,18.7,3,12,64.2
STU13961,14,14.2,3,5,97.6
STU13962,14,6.9,2,2,84.5
STU13963,7,10.8,8,5,79.8
STU13964,12,12.7,10,8,70.2
STU13965,7,13.1,8,4,42.4
STU13966,13,11.9,1,13,82.4
STU13967,15,15.2,4,6,64.6
STU13968,11,10.7,4,9,63.2
STU13969,18,25.8,6,12,67.8
STU13970,10,8.2,4,4,55.6
STU13971,10,19.4,3,4,59.8
STU13972,16,13.7,3,12,80.9
STU13973,5,17.3,4,9,78.4
STU13974,12,17.5,5,4,75.0
STU13975,13,15.8,3,3,52.2
STU13976,16,9.3,5,3,87.4
STU13977,13,13.3,1,13,78.6
STU13978,12,15.8,6,9,52.1
STU13979,19,15.5,2,7,81.7
STU13980,11,9.9,4,11,65.7
STU13981,13,21.5,3,4,78.6
STU13982,12,2.5,6,12,51.9
STU13983,17,13.7,5,12,65.6
STU13984,14,10.4,2,11,42.7
STU13985,11,15.9,4,11,70.8
STU13986,12,20.1,6,2,78.8
STU13987,11,8.0,3,12,63.0
STU13988,12,26.8,3,7,74.2
STU13989,6,16.0,7,10,56.5
STU13990,10,16.9,6,7,71.1
STU13991,9,7.8,6,2,88.8
STU13992,9,14.8,2,7,69.9
STU13993,19,19.9,5,10,83.6
STU13994,5,16.0,9,7,80.1
STU13995,13,15.7,4,4,83.3
STU13996,5,14.7,3,3,53.5
STU13997,18,8.1,5,12,82.1
STU13998,11,8.1,4,9,89.3
STU13999,7,20.8,3,3,92.3
STU14000,18,19.4,5,8,61.5
STU14001,11,20.2,4,4,72.9
STU14002,13,10.9,0,14,56.2
STU14003,14,14.2,5,6,65.9
STU14004,11,21.2,3,12,57.6
STU14005,7,8.9,6,4,84.7
STU14006,15,20.6,6,4,84.3
STU14007,11,12.1,2,14,79.2
STU14008,18,10.7,7,8,74.7
STU14009,15,14.8,5,8,75.5
STU14010,13,9.4,3,8,70.2
STU14011,8,5.5,0,12,79.7
STU14012,16,15.4,6,13,85.3
STU14013,10,17.7,2,13,81.3
STU14014,9,21.1,4,5,87.1
STU14015,11,18.0,6,12,100.0
STU14016,9,24.8,0,9,80.4
STU14017,8,21.8,1,10,58.8
STU14018,12,18.7,4,2,59.6
STU14019,4,17.3,4,8,58.7
STU14020,12,21.2,1,9,69.6
STU14021,13,3.9,2,3,70.7
STU14022,10,12.6,5,7,72.2
STU14023,8,5.7,2,13,72.2
STU14024,14,18.3,2,6,76.0
STU14025,11,11.3,6,5,74.1
STU14026,11,30.1,5,5,89.1
STU14027,11,12.4,7,11,88.1
STU14028,11,15.5,6,7,69.5
STU14029,11,13.0,2,13,75.3
STU14030,15,12.6,5,2,93.1
STU14031,14,8.8,0,14,65.3
STU14032,14,8.6,4,2,61.4
STU14033,9,4.1,3,5,62.9
STU14034,11,17.7,3,4,55.6
STU14035,11,12.9,6,6,64.9
STU14036,12,24.7,5,14,52.4
STU14037,11,8.8,3,11,62.4
STU14038,13,22.4,6,11,89.9
STU14039,14,22.9,7,14,52.4
STU14040,11,21.4,2,6,71.1
STU14041,9,16.2,3,2,62.2
STU14042,11,13.3,2,13,73.2
STU14043,12,21.4,2,6,71.0
STU14044,13,11.0,4,7,79.7
STU14045,9,16.4,3,12,74.3
STU14046,14,14.8,4,5,55.1
STU14047,7,10.5,2,14,72.7
STU14048,13,16.4,5,11,47.3
STU14049,17,18.7,5,3,48.8
STU14050,11,10.3,3,11,85.7
STU14051,9,17.3,6,12,77.6
STU14052,19,3.9,3,10,63.5
STU14053,11,9.8,8,13,70.1
STU14054,11,12.7,2,10,83.1
STU14055,14,16.8,2,10,72.4
STU14056,4,19.3,5,10,62.4
STU14057,18,15.4,1,11,61.5
STU14058,12,17.8,3,8,51.9
STU14059,12,14.2,8,13,63.5
STU14060,10,17.0,3,3,56.6
STU14061,12,16.8,6,8,80.3
STU14062,12,12.5,9,2,76.2
STU14063,10,13.2,6,7,58.2
STU14064,9,18.0,2,7,61.1
STU14065,14,24.1,5,6,67.8
STU14066,20,21.0,7,8,65.1
STU14067,19,9.4,3,4,85.7
STU14068,12,9.4,4,8,97.4
STU14069,12,12.3,0,7,59.5
STU14070,11,15.5,3,4,84.2
STU14071,15,15.2,6,7,68.7
STU14072,13,21.2,4,2,71.5
STU14073,8,21.5,2,3,74.1
STU14074,16,15.0,6,13,65.2
STU14075,6,13.9,3,11,62.2
STU14076,10,17.6,3,5,65.0
STU14077,9,20.3,3,14,74.9
STU14078,17,17.8,1,13,75.8
STU14079,15,12.8,5,13,96.2
STU14080,10,11.9,4,6,70.7
STU14081,13,9.4,4,4,65.5
STU14082,11,16.0,6,13,66.2
STU14083,8,18.1,2,14,67.8
STU14084,13,18.7,3,5,70.4
STU14085,18,20.8,1,3,75.4
STU14086,15,22.4,5,9,100.0
STU14087,11,8.1,4,6,70.4
STU14088,10,17.0,1,2,55.4
STU14089,14,17.2,3,5,90.1
STU14090,15,14.6,2,13,77.6
STU14091,20,10.9,1,11,52.2
STU14092,12,22.2,7,3,74.3
STU14093,14,12.1,4,10,73.7
STU14094,7,4.0,5,6,81.3
STU14095,12,15.1,2,7,100.0
STU14096,11,13.8,5,10,71.9
STU14097,18,24.3,5,10,67.6
STU14098,15,17.4,4,4,73.1
STU14099,13,13.5,5,10,67.5
STU14100,9,14.0,7,5,55.5
STU14101,10,14.0,3,2,80.5
STU14102,7,26.1,1,9,45.7
STU14103,13,18.4,3,3,55.8
STU14104,13,8.0,7,11,54.9
STU14105,17,13.8,7,5,71.6
STU14106,14,14.9,6,4,64.9
STU14107,14,9.5,7,10,82.5
STU14108,13,6.1,5,6,85.9
STU14109,8,18.0,2,3,56.0
STU14110,17,11.0,5,5,56.3
STU14111,18,21.2,5,6,54.3
STU14112,8,15.0,9,7,87.1
STU14113,10,12.6,4,9,73.3
STU14114,15,2.9,5,10,61.6
STU14115,22,21.1,5,10,80.0
STU14116,12,16.5,4,2,63.9
STU14117,18,12.8,1,14,76.6
STU14118,13,10.5,6,2,66.9
STU14119,16,23.0,3,4,57.2
STU14120,14,9.7,3,9,82.4
STU14121,10,13.2,4,6,67.6
STU14122,15,17.8,1,11,83.3
STU14123,16,22.3,3,7,93.6
STU14124,10,13.9,3,12,81.0
STU14125,13,11.3,4,9,84.2
STU14126,16,14.5,6,5,81.0
STU14127,19,19.5,5,10,66.0
STU14128,16,20.6,8,13,81.1
STU14129,7,8.1,4,11,71.6
STU14130,4,15.6,1,5,51.0
STU14131,13,7.8,3,11,78.1
STU14132,10,19.4,4,13,80.5
STU14133,9,17.1,6,11,65.1
STU14134,17,10.4,2,14,52.3
STU14135,11,22.7,4,6,91.2
STU14136,13,16.7,2,7,75.7
STU14137,16,16.1,2,7,84.7
STU14138,17,14.1,3,13,67.7
STU14139,14,15.0,2,12,70.1
STU14140,12,13.1,12,9,59.6
STU14141,6,11.3,5,12,92.4
STU14142,14,21.1,1,14,100.0
STU14143,6,12.5,7,10,70.3
STU14144,16,12.4,3,2,74.5
STU14145,10,14.4,4,4,90.6
STU14146,10,22.1,2,8,48.7
STU14147,12,20.7,2,13,100.0
STU14148,16,13.0,7,4,95.2
STU14149,16,21.1,1,6,58.4
STU14150,8,15.5,0,5,59.8
STU14151,12,10.8,4,6,54.3
STU14152,16,12.6,3,4,55.2
STU14153,17,21.9,5,4,79.6
STU14154,9,25.4,3,14,61.9
STU14155,17,16.6,5,13,76.3
STU14156,7,12.2,3,13,87.8
STU14157,11,14.4,5,11,82.9
STU14158,11,11.2,7,14,84.1
STU14159,12,11.9,1,9,80.8
STU14160,16,11.4,5,4,85.4
STU14161,14,14.6,2,14,72.6
STU14162,9,15.6,2,9,64.9
STU14163,13,14.3,2,6,55.8
STU14164,13,13.9,8,2,82.5
STU14165,12,18.8,4,3,84.0
STU14166,6,13.9,2,13,62.9
STU14167,12,14.2,6,8,66.7
STU14168,13,14.1,5,2,71.4
STU14169,19,22.7,5,3,69.5
STU14170,6,12.5,3,2,59.9
STU14171,6,18.0,2,11,91.3
STU14172,11,11.3,5,8,66.0
STU14173,9,16.7,6,3,77.8
STU14174,18,17.7,4,14,65.6
STU14175,15,20.4,7,11,63.0
STU14176,8,13.1,3,4,68.2
STU14177,13,9.4,3,12,60.3
STU14178,15,11.1,3,12,53.2
STU14179,14,19.8,8,12,69.4
STU14180,10,25.4,4,8,76.0
STU14181,9,19.2,2,2,78.6
STU14182,11,8.7,1,13,71.3
STU14183,5,19.0,5,5,66.7
STU14184,11,10.3,5,8,76.3
STU14185,16,13.3,3,3,60.7
STU14186,9,15.9,6,5,88.7
STU14187,11,16.8,1,10,71.6
STU14188,12,15.3,2,8,83.5
STU14189,14,12.0,2,4,78.7
STU14190,17,20.3,5,4,70.2
STU14191,10,12.4,7,12,74.1
STU14192,16,21.3,9,5,58.1
STU14193,8,8.2,3,5,75.4
STU14194,14,16.1,3,14,62.6
STU14195,14,8.9,2,14,63.1
STU14196,15,10.8,4,13,86.1
STU14197,15,12.4,4,9,64.8
STU14198,14,22.6,7,7,85.5
STU14199,9,21.5,3,7,61.9
STU14200,11,19.4,1,9,83.6
STU14201,8,15.2,4,12,61.5
STU14202,13,15.9,7,9,72.2
STU14203,13,21.3,2,9,75.0
STU14204,16,18.5,5,13,77.4
STU14205,13,15.1,6,2,72.4
STU14206,14,22.4,3,9,57.4
STU14207,11,19.1,2,6,52.2
STU14208,12,16.2,7,4,71.2
STU14209,16,12.7,2,8,95.2
STU14210,9,12.3,5,14,66.3
STU14211,8,13.3,4,3,89.2
STU14212,12,17.3,4,11,84.7
STU14213,8,19.2,6,11,80.9
STU14214,10,7.8,7,7,58.1
STU14215,9,5.3,1,5,78.7
STU14216,11,10.2,3,14,78.3
STU14217,15,13.0,3,2,72.2
STU14218,14,21.0,2,14,75.7
STU14219,14,13.6,4,7,64.8
STU14220,6,16.3,5,4,79.8
STU14221,14,17.1,5,13,84.9
STU14222,10,9.9,2,14,47.7
STU14223,13,22.3,3,5,72.9
STU14224,10,11.7,4,5,54.1
STU14225,13,22.8,3,9,63.4
STU14226,16,14.4,5,8,76.1
STU14227,5,13.3,6,10,75.7
STU14228,13,9.4,3,12,65.8
STU14229,12,16.0,5,8,95.5
STU14230,10,26.3,6,10,74.9
STU14231,16,17.1,4,2,64.8
STU14232,6,16.4,5,5,76.2
STU14233,19,11.7,5,13,52.0
STU14234,9,18.0,4,2,76.9
STU14235,8,15.8,4,7,68.4
STU14236,16,14.7,4,3,88.0
STU14237,7,17.5,8,11,59.1
STU14238,15,5.9,5,10,82.4
STU14239,18,14.5,4,13,71.8
STU14240,7,9.0,1,5,81.9
STU14241,10,15.1,4,12,84.4
STU14242,12,11.4,5,5,77.3
STU14243,11,11.7,3,7,83.9
STU14244,11,8.3,9,6,76.0
STU14245,10,20.6,8,7,64.2
STU14246,12,11.6,2,14,93.0
STU14247,13,11.9,5,13,47.5
STU14248,6,22.7,5,10,57.7
STU14249,10,17.8,2,7,68.0
STU14250,10,4.8,7,7,63.2
STU14251,18,21.9,6,14,71.7
STU14252,8,23.2,4,5,72.6
STU14253,12,22.8,7,8,64.0
STU14254,11,18.3,1,5,77.3
STU14255,15,9.5,2,6,58.2
STU14256,8,14.8,4,5,78.3
STU14257,8,7.8,1,10,65.6
STU14258,9,10.7,6,7,69.8
STU14259,8,9.4,4,11,58.3
STU14260,15,11.9,2,7,99.2
STU14261,15,15.8,1,14,64.2
STU14262,9,12.8,3,6,92.3
STU14263,15,12.6,5,13,59.3
STU14264,12,13.5,2,10,66.5
STU14265,8,22.5,5,6,75.9
STU14266,13,25.8,4,13,74.6
STU14267,18,12.7,0,13,65.8
STU14268,9,16.7,8,9,71.2
STU14269,17,10.8,7,7,86.1
STU14270,15,18.8,2,7,54.9
STU14271,12,12.6,6,13,83.2
STU14272,12,11.4,2,12,75.9
STU14273,15,25.0,4,4,77.4
STU14274,9,8.2,3,10,51.7
STU14275,16,2.7,3,11,81.1
STU14276,12,18.7,3,4,51.6
STU14277,10,13.2,3,10,66.3
STU14278,9,11.8,2,13,64.7
STU14279,12,28.7,2,13,70.9
STU14280,14,18.7,2,3,69.6
STU14281,9,14.7,7,14,68.6
STU14282,15,11.5,4,9,71.1
STU14283,12,17.2,6,12,82.9
STU14284,12,6.3,1,8,100.0
STU14285,17,12.4,2,4,50.0
STU14286,15,14.8,6,8,61.6
STU14287,6,16.1,3,9,72.0
STU14288,11,14.3,3,5,66.2
STU14289,15,11.5,5,10,69.6
STU14290,13,19.6,3,9,69.7
STU14291,13,6.7,8,11,75.2
STU14292,9,13.6,6,3,90.3
STU14293,15,12.4,2,14,89.7
STU14294,15,20.1,4,14,61.1
STU14295,14,12.7,0,7,60.4
STU14296,12,17.2,2,2,57.4
STU14297,7,16.7,5,2,55.8
STU14298,15,5.8,5,11,51.0
STU14299,11,14.7,3,13,89.2
STU14300,17,6.3,3,2,82.3
STU14301,13,16.8,6,8,65.6
STU14302,12,11.3,6,8,70.3
STU14303,8,20.9,2,2,61.8
STU14304,12,14.1,2,6,57.7
STU14305,18,11.1,5,6,81.5
STU14306,10,21.0,6,7,76.5
STU14307,18,10.6,8,14,61.3
STU14308,11,19.5,1,5,91.9
STU14309,12,17.3,3,3,88.6
STU14310,11,13.2,4,5,58.7
STU14311,14,8.3,6,6,55.4
STU14312,7,21.2,5,12,76.6
STU14313,4,17.5,6,4,99.1
STU14314,13,11.1,5,3,61.2
STU14315,8,16.2,4,14,81.0
STU14316,11,20.0,6,7,66.4
STU14317,9,15.6,3,14,80.2
STU14318,12,16.2,6,13,46.9
STU14319,18,20.2,5,11,62.1
STU14320,9,22.7,7,5,75.4
STU14321,12,14.4,5,8,75.7
STU14322,16,8.3,3,7,47.9
STU14323,14,8.5,1,9,62.1
STU14324,11,11.5,2,6,64.2
STU14325,15,10.3,3,7,79.8
STU14326,9,6.6,3,10,70.0
STU14327,16,24.2,5,12,76.8
STU14328,11,17.6,6,6,88.5
STU14329,6,12.4,5,10,70.0
STU14330,14,14.8,3,4,79.8
STU14331,10,6.1,1,10,83.9
STU14332,15,20.8,5,3,68.3
STU14333,12,5.3,2,9,66.4
STU14334,10,17.6,7,2,80.7
STU14335,8,5.8,2,10,77.2
STU14336,10,12.9,6,8,85.8
STU14337,10,21.2,4,11,77.2
STU14338,13,6.8,2,2,68.7
STU14339,15,14.3,3,12,74.4
STU14340,9,18.1,6,2,65.5
STU14341,16,17.3,5,9,47.4
STU14342,18,15.4,5,10,82.3
STU14343,13,17.5,3,3,58.4
STU14344,10,11.9,3,4,76.2
STU14345,7,24.7,7,3,72.5
STU14346,12,6.9,6,2,75.0
STU14347,14,20.8,6,3,56.4
STU14348,9,15.9,2,9,54.1
STU14349,14,18.1,4,3,71.9
STU14350,16,19.0,9,10,73.3
STU14351,13,17.8,2,2,75.6
STU14352,12,10.9,6,7,64.0
STU14353,8,13.6,7,7,58.7
STU14354,10,7.7,4,7,80.5
STU14355,10,13.5,1,8,94.2
STU14356,13,16.6,1,14,78.2
STU14357,12,18.0,8,2,83.9
STU14358,12,17.0,2,10,50.2
STU14359,10,6.2,1,14,82.4
STU14360,13,12.2,3,12,65.1
STU14361,9,11.7,4,6,68.5
STU14362,10,8.4,2,9,88.0
STU14363,13,10.8,2,3,66.6
STU14364,11,15.0,4,14,79.6
STU14365,13,22.1,4,6,67.7
STU14366,13,10.2,5,8,52.3
STU14367,14,9.4,4,4,81.3
STU14368,7,12.0,2,13,72.9
STU14369,7,16.7,1,8,73.9
STU14370,12,21.1,5,8,75.8
STU14371,23,14.6,1,12,89.3
STU14372,17,7.8,3,14,72.0
STU14373,15,8.8,7,11,42.5
STU14374,6,15.9,3,3,89.9
STU14375,18,20.0,6,9,75.5
STU14376,7,24.1,0,13,60.6
STU14377,15,9.1,4,10,82.7
STU14378,10,15.7,4,7,56.3
STU14379,11,9.9,7,7,45.6
STU14380,10,10.5,5,9,85.1
STU14381,15,10.1,5,6,85.9
STU14382,6,13.3,4,2,86.1
STU14383,13,10.6,1,11,66.5
STU14384,14,27.4,7,10,68.2
STU14385,13,12.7,4,4,66.6
STU14386,13,19.9,3,8,54.9
STU14387,8,11.7,10,7,67.4
STU14388,14,26.2,8,12,68.2
STU14389,11,16.7,5,5,57.6
STU14390,12,19.2,4,8,89.3
STU14391,10,12.0,1,10,63.2
STU14392,10,19.9,2,5,90.2
STU14393,11,16.7,2,12,83.1
STU14394,11,13.1,2,7,74.6
STU14395,13,9.6,2,4,55.4
STU14396,9,13.8,6,13,80.7
STU14397,6,13.4,8,4,96.4
STU14398,12,19.3,3,8,64.2
STU14399,9,13.8,3,10,77.3
STU14400,15,5.4,2,14,68.1
STU14401,16,18.2,3,6,51.1
STU14402,5,21.5,3,4,72.7
STU14403,10,6.7,3,14,69.0
STU14404,16,24.0,7,14,56.5
STU14405,10,22.0,3,14,83.6
STU14406,13,11.8,2,7,62.4
STU14407,12,9.4,1,9,64.7
STU14408,10,20.3,5,12,79.4
STU14409,13,8.2,1,14,57.9
STU14410,10,11.7,6,13,81.2
STU14411,15,8.4,6,5,74.3
STU14412,11,15.0,5,8,75.4
STU14413,12,22.3,5,8,86.7
STU14414,4,16.9,5,6,66.0
STU14415,18,20.1,6,11,60.7
STU14416,9,13.2,5,3,41.2
STU14417,15,15.5,4,5,62.7
STU14418,19,8.9,2,13,69.8
STU14419,11,14.5,1,6,65.2
STU14420,7,11.3,2,4,75.7
STU14421,18,14.2,6,5,56.5
STU14422,7,13.9,4,14,67.0
STU14423,18,13.4,7,13,79.6
STU14424,11,25.5,7,13,82.8
STU14425,9,23.8,1,14,91.0
STU14426,7,22.1,6,6,65.0
STU14427,10,24.0,7,2,57.0
STU14428,13,22.1,3,4,82.3
STU14429,9,14.9,2,10,73.2
STU14430,11,14.4,5,10,65.7
STU14431,13,16.2,5,10,59.3
STU14432,13,13.9,5,10,59.8
STU14433,18,9.8,5,10,68.1
STU14434,11,16.5,8,5,100.0
STU14435,12,7.2,4,8,72.3
STU14436,12,15.7,4,2,82.5
STU14437,17,10.0,4,6,60.0
STU14438,7,14.6,6,12,46.1
STU14439,7,16.0,7,3,80.0
STU14440,6,13.2,4,11,59.8
STU14441,10,6.8,7,5,60.0
STU14442,9,9.1,3,10,71.9
STU14443,11,17.3,3,6,89.7
STU14444,8,12.2,5,3,82.9
STU14445,13,17.8,11,2,63.8
STU14446,11,15.0,5,3,75.8
STU14447,8,14.0,7,11,78.0
STU14448,8,16.7,0,2,78.4
STU14449,17,11.6,5,4,68.2
STU14450,14,17.0,7,12,78.1
STU14451,16,12.9,3,9,78.4
STU14452,16,27.7,3,13,76.9
STU14453,10,9.3,5,8,58.2
STU14454,20,13.2,4,14,72.1
STU14455,15,13.4,6,2,83.3
STU14456,11,8.2,4,11,45.9
STU14457,12,18.6,2,4,86.6
STU14458,12,12.9,4,8,82.3
STU14459,12,3.1,3,6,76.9
STU14460,11,18.5,3,7,78.1
STU14461,14,11.8,3,6,72.1
STU14462,15,14.5,3,9,60.4
STU14463,13,18.4,6,2,69.1
STU14464,7,13.2,6,8,72.5
STU14465,15,13.1,8,10,69.0
STU14466,10,27.3,5,10,76.5
STU14467,15,4.2,11,4,76.1
STU14468,7,8.6,6,5,72.4
STU14469,13,9.5,1,5,78.5
STU14470,9,23.9,6,9,79.8
STU14471,12,11.8,2,13,59.3
STU14472,6,16.2,2,8,86.1
STU14473,15,12.6,5,9,64.4
STU14474,6,18.0,3,6,76.2
STU14475,12,14.9,2,14,69.2
STU14476,13,16.3,5,4,72.2
STU14477,12,21.4,9,10,86.8
STU14478,11,17.2,4,10,69.9
STU14479,10,11.3,1,11,76.4
STU14480,16,16.6,4,11,84.7
STU14481,5,27.1,2,3,81.7
STU14482,24,17.8,6,9,78.1
STU14483,6,15.8,8,14,97.3
STU14484,9,8.1,4,13,73.1
STU14485,16,18.6,2,4,84.4
STU14486,14,19.4,7,13,100.0
STU14487,12,16.6,4,10,65.2
STU14488,15,15.6,4,3,91.7
STU14489,11,29.2,4,13,78.1
STU14490,16,19.3,4,10,92.8
STU14491,8,21.2,1,3,74.2
STU14492,10,15.3,2,8,82.3
STU14493,19,14.3,2,8,55.6
STU14494,16,18.2,1,9,58.1
STU14495,14,14.3,3,13,79.7
STU14496,12,14.7,10,5,80.1
STU14497,5,17.3,4,5,62.7
STU14498,9,12.4,4,9,80.7
STU14499,11,16.1,3,7,77.0
STU14500,6,15.4,4,7,79.0
STU14501,14,19.8,1,11,84.9
STU14502,14,11.9,2,6,56.1
STU14503,9,5.0,7,11,82.0
STU14504,15,13.4,6,4,78.1
STU14505,13,17.0,8,3,63.5
STU14506,10,19.8,5,9,57.8
STU14507,13,11.5,5,13,66.5
STU14508,14,17.7,1,2,67.9
STU14509,7,20.7,5,2,66.9
STU14510,10,18.8,5,13,73.9
STU14511,13,11.0,5,6,85.9
STU14512,13,11.6,5,6,76.5
STU14513,11,17.2,8,3,59.8
STU14514,14,23.1,8,11,76.3
STU14515,6,15.1,3,8,67.9
STU14516,12,14.2,3,2,67.3
STU14517,8,8.2,1,5,65.8
STU14518,12,13.2,4,5,75.2
STU14519,11,11.4,7,3,73.0
STU14520,13,15.1,5,4,64.8
STU14521,8,7.4,4,3,76.5
STU14522,12,13.4,9,7,69.9
STU14523,9,10.0,8,3,67.8
STU14524,11,19.7,3,14,73.8
STU14525,16,10.7,4,8,69.9
STU14526,15,12.1,4,7,66.4
STU14527,13,16.4,2,11,84.0
STU14528,8,12.7,5,3,84.5
STU14529,13,26.8,3,4,65.5
STU14530,8,19.7,3,9,76.1
STU14531,15,15.1,6,2,67.7
STU14532,7,16.8,1,10,68.6
STU14533,11,3.2,5,3,65.2
STU14534,13,21.2,5,9,59.4
STU14535,14,17.6,6,9,72.1
STU14536,14,14.6,4,9,69.9
STU14537,12,17.8,1,5,68.1
STU14538,16,18.4,3,3,87.2
STU14539,11,12.9,5,14,76.2
STU14540,10,16.9,5,12,76.2
STU14541,12,20.2,2,3,92.3
STU14542,14,17.3,3,8,77.7
STU14543,8,13.7,5,2,96.6
STU14544,10,16.5,4,3,67.9
STU14545,8,21.9,3,4,72.3
STU14546,10,18.9,1,8,84.5
STU14547,12,9.2,4,12,47.2
STU14548,13,17.9,8,13,74.5
STU14549,15,17.3,3,9,100.0
STU14550,14,20.8,1,5,60.6
STU14551,9,15.2,6,5,89.2
STU14552,13,13.2,2,11,70.7
STU14553,10,8.2,6,2,100.0
STU14554,15,11.5,5,14,63.0
STU14555,8,21.0,2,2,63.5
STU14556,14,16.0,2,8,61.0
STU14557,16,14.5,5,12,74.3
STU14558,12,21.5,1,10,67.2
STU14559,13,20.4,3,3,65.1
STU14560,11,11.3,7,13,76.2
STU14561,12,21.0,2,10,79.8
STU14562,10,6.7,6,12,47.4
STU14563,10,17.3,1,8,82.8
STU14564,18,16.7,1,12,57.5
STU14565,11,20.7,4,9,68.3
STU14566,11,16.9,5,6,67.7
STU14567,11,13.8,4,2,76.7
STU14568,11,14.2,3,9,62.6
STU14569,10,28.5,4,11,81.4
STU14570,16,15.4,1,4,62.4
STU14571,9,18.0,6,6,84.6
STU14572,14,4.9,7,8,70.2
STU14573,9,10.9,6,8,74.1
STU14574,13,17.6,5,8,84.3
STU14575,9,6.9,4,12,69.9
STU14576,14,17.7,3,14,98.3
STU14577,13,11.4,4,12,69.7
STU14578,12,9.8,4,3,74.6
STU14579,10,11.4,3,3,91.4
STU14580,10,22.6,2,4,78.0
STU14581,13,16.7,2,7,82.8
STU14582,10,10.4,1,13,67.7
STU14583,9,18.9,3,11,47.6
STU14584,7,19.1,3,3,64.9
STU14585,16,13.1,1,14,71.6
STU14586,12,19.8,3,8,63.1
STU14587,7,20.0,2,14,72.7
STU14588,13,19.3,5,10,54.1
STU14589,11,11.6,7,10,73.0
STU14590,10,9.1,4,3,63.3
STU14591,21,6.5,6,9,52.4
STU14592,13,11.7,3,9,73.4
STU14593,15,13.2,2,9,72.3
STU14594,15,13.6,4,3,68.2
STU14595,11,14.8,6,4,60.8
STU14596,16,23.7,4,5,59.6
STU14597,12,13.3,3,12,89.8
STU14598,12,14.8,4,7,80.4
STU14599,8,5.9,5,3,65.1
STU14600,7,26.1,2,6,65.4
STU14601,12,8.4,2,10,59.4
STU14602,12,11.5,8,7,70.3
STU14603,8,18.5,2,13,86.9
STU14604,11,16.2,3,14,77.8
STU14605,7,23.2,4,9,82.8
STU14606,3,18.6,2,3,57.8
STU14607,15,14.6,5,5,65.0
STU14608,5,20.2,3,7,75.5
STU14609,11,20.8,4,5,45.2
STU14610,14,11.7,3,10,64.3
STU14611,19,19.8,3,13,61.8
STU14612,11,13.9,1,3,87.9
STU14613,12,14.5,5,8,82.4
STU14614,9,15.7,3,10,77.8
STU14615,13,13.1,3,3,71.5
STU14616,12,12.8,5,13,78.6
STU14617,7,19.9,5,7,68.9
STU14618,14,7.4,3,3,83.3
STU14619,15,9.7,2,6,61.2
STU14620,11,18.4,3,13,59.2
STU14621,20,14.6,1,12,71.2
STU14622,18,20.0,5,9,75.1
STU14623,7,16.8,4,4,86.3
STU14624,16,8.3,4,6,62.1
STU14625,11,15.3,7,4,71.5
STU14626,12,17.7,1,4,73.5
STU14627,14,16.2,3,2,64.0
STU14628,6,12.7,6,3,78.8
STU14629,16,13.6,2,8,59.9
STU14630,11,12.2,4,5,70.5
STU14631,16,8.4,4,12,76.7
STU14632,7,7.7,1,13,76.7
STU14633,9,17.0,4,14,74.7
STU14634,11,10.6,4,12,57.8
STU14635,14,17.9,3,2,84.8
STU14636,13,12.0,7,5,71.5
STU14637,11,8.4,6,14,53.6
STU14638,18,13.0,3,10,58.1
STU14639,15,25.5,1,9,55.3
STU14640,14,14.5,7,7,58.8
STU14641,9,18.2,5,7,69.2
STU14642,9,15.8,6,3,43.6
STU14643,12,8.0,5,6,81.8
STU14644,13,22.2,4,10,87.1
STU14645,16,13.8,5,9,84.8
STU14646,12,8.4,12,5,56.6
STU14647,11,12.4,1,8,79.3
STU14648,15,14.0,1,10,84.5
STU14649,10,18.7,5,6,96.2
STU14650,11,11.6,0,3,56.3
STU14651,20,28.1,5,3,80.6
STU14652,12,10.3,4,9,68.1
STU14653,11,18.1,3,9,77.7
STU14654,9,5.1,4,9,65.7
STU14655,13,14.4,2,6,76.3
STU14656,14,16.8,3,13,96.0
STU14657,18,9.4,3,3,62.1
STU14658,18,22.5,3,12,56.4
STU14659,7,17.2,5,12,64.0
STU14660,9,13.4,3,11,78.9
STU14661,18,17.1,0,13,78.5
STU14662,10,12.0,6,13,49.3
STU14663,10,21.3,2,9,69.4
STU14664,11,20.1,3,13,78.8
STU14665,15,16.9,8,5,75.6
STU14666,10,18.1,2,13,75.3
STU14667,11,7.6,3,10,88.3
STU14668,12,22.3,4,11,69.3
STU14669,13,14.5,2,14,76.6
STU14670,13,20.1,2,7,60.0
STU14671,12,18.7,5,12,89.7
STU14672,12,20.0,2,11,57.4
STU14673,14,9.8,6,8,65.2
STU14674,20,10.4,4,4,72.3
STU14675,22,26.2,4,3,66.8
STU14676,16,7.4,4,3,77.7
STU14677,9,9.5,5,4,54.8
STU14678,8,15.2,2,8,50.3
STU14679,11,15.2,4,9,60.8
STU14680,4,12.3,2,5,85.7
STU14681,15,18.1,4,4,49.0
STU14682,9,19.5,1,12,77.8
STU14683,12,14.9,3,8,83.5
STU14684,10,13.7,2,4,74.0
STU14685,14,14.9,6,9,60.5
STU14686,9,12.5,6,5,63.1
STU14687,8,6.5,9,9,84.7
STU14688,15,16.5,6,3,71.2
STU14689,15,18.8,4,14,73.6
STU14690,18,14.2,3,9,70.6
STU14691,17,3.7,9,9,74.0
STU14692,7,12.1,5,14,73.5
STU14693,8,19.5,7,11,83.2
STU14694,20,7.8,3,4,65.3
STU14695,13,18.5,4,3,60.3
STU14696,12,12.8,6,8,71.9
STU14697,9,14.9,1,10,70.6
STU14698,17,11.6,5,11,72.1
STU14699,7,9.3,7,2,95.3
STU14700,13,22.2,3,14,63.9
STU14701,13,19.1,1,6,81.9
STU14702,6,18.2,8,14,67.7
STU14703,12,19.5,7,4,80.0
STU14704,10,17.5,1,10,73.7
STU14705,15,19.7,3,9,77.4
STU14706,17,11.7,8,10,79.2
STU14707,10,21.9,5,10,64.1
STU14708,13,21.4,3,11,43.4
STU14709,14,16.9,1,4,82.8
STU14710,8,13.6,6,8,43.1
STU14711,16,8.9,4,6,64.0
STU14712,11,16.1,5,7,59.8
STU14713,5,23.4,7,9,82.5
STU14714,16,9.2,5,11,91.6
STU14715,16,20.1,5,12,72.9
STU14716,7,12.6,4,9,66.7
STU14717,8,13.1,2,8,62.9
STU14718,8,9.1,2,14,76.2
STU14719,13,11.2,4,2,55.1
STU14720,8,18.2,3,2,51.3
STU14721,12,18.9,4,7,61.6
STU14722,8,16.2,4,10,66.4
STU14723,12,12.5,2,9,45.9
STU14724,13,9.5,4,13,92.1
STU14725,15,15.3,9,2,64.0
STU14726,6,13.2,3,9,60.5
STU14727,13,16.1,5,6,80.7
STU14728,11,13.4,4,3,54.9
STU14729,13,13.5,8,8,67.1
STU14730,16,15.8,3,3,74.6
STU14731,14,16.8,5,13,60.3
STU14732,9,21.1,3,5,70.3
STU14733,12,13.3,1,14,77.9
STU14734,9,17.7,0,12,65.9
STU14735,15,24.0,8,13,95.2
STU14736,9,17.9,2,5,69.4
STU14737,18,20.8,2,6,71.7
STU14738,10,11.9,3,7,69.8
STU14739,10,11.4,9,3,71.8
STU14740,17,14.2,2,9,65.5
STU14741,14,14.7,2,14,86.5
STU14742,12,20.4,3,10,88.3
STU14743,20,11.4,2,4,79.0
STU14744,12,14.6,4,8,72.2
STU14745,14,20.4,2,5,66.3
STU14746,9,16.1,2,12,66.5
STU14747,14,14.9,5,14,98.4
STU14748,15,16.2,6,11,67.7
STU14749,16,9.4,5,12,49.3
STU14750,9,9.3,2,5,90.8
STU14751,10,7.1,4,2,54.0
STU14752,15,16.0,5,12,58.9
STU14753,11,19.6,7,6,70.9
STU14754,15,18.8,6,7,71.6
STU14755,18,20.7,5,14,71.3
STU14756,15,22.3,7,12,74.0
STU14757,8,15.7,4,6,63.8
STU14758,9,14.7,3,7,52.6
STU14759,8,22.4,3,4,67.6
STU14760,7,11.5,6,12,57.8
STU14761,14,9.1,5,3,81.5
STU14762,10,13.3,6,6,65.2
STU14763,5,12.7,2,7,69.3
STU14764,17,15.2,3,11,88.5
STU14765,14,10.7,6,7,74.6
STU14766,13,16.8,3,6,62.1
STU14767,14,12.2,3,3,68.2
STU14768,11,21.1,1,2,72.2
STU14769,8,9.0,3,14,79.4
STU14770,12,14.3,0,11,71.9
STU14771,14,13.3,4,7,61.3
STU14772,14,16.2,2,2,85.8
STU14773,15,19.6,4,2,57.9
STU14774,14,16.3,2,7,78.9
STU14775,7,14.4,3,2,75.5
STU14776,18,18.5,5,3,70.9
STU14777,10,19.2,8,2,60.3
STU14778,13,16.3,3,8,40.2
STU14779,12,16.9,5,5,52.8
STU14780,9,18.2,2,14,76.5
STU14781,14,6.8,5,5,77.0
STU14782,11,13.2,3,5,90.3
STU14783,18,16.9,5,6,72.5
STU14784,16,13.5,3,13,72.6
STU14785,15,13.6,10,10,63.6
STU14786,17,16.9,7,12,67.5
STU14787,8,17.0,3,13,72.0
STU14788,14,17.3,2,6,92.0
STU14789,9,11.0,7,11,76.2
STU14790,11,7.9,3,3,67.0
STU14791,16,19.0,1,9,63.7
STU14792,12,11.3,6,9,45.9
STU14793,6,10.9,2,10,56.2
STU14794,8,10.5,3,5,67.6
STU14795,15,20.8,4,4,72.0
STU14796,16,16.1,7,11,61.5
STU14797,8,16.7,3,12,85.5
STU14798,17,18.4,3,7,81.4
STU14799,10,14.8,2,2,77.3
STU14800,10,20.1,4,7,85.3
STU14801,10,9.0,5,14,86.5
STU14802,22,9.6,4,6,65.9
STU14803,13,9.3,4,2,66.2
STU14804,14,17.1,4,7,70.7
STU14805,6,17.5,4,4,67.1
STU14806,8,12.6,8,9,52.4
STU14807,13,13.8,5,4,77.4
STU14808,18,21.3,3,4,72.3
STU14809,15,11.5,6,8,85.7
STU14810,11,16.5,10,2,55.2
STU14811,10,11.6,4,11,82.3
STU14812,7,20.5,4,11,97.1
STU14813,9,18.1,3,9,62.1
STU14814,9,8.0,7,5,65.3
STU14815,12,13.7,1,6,74.3
STU14816,17,4.6,0,6,77.5
STU14817,8,19.5,5,5,46.5
STU14818,11,25.2,2,12,82.4
STU14819,15,4.1,4,2,50.2
STU14820,8,7.9,4,14,81.8
STU14821,9,15.8,3,4,49.3
STU14822,16,14.9,5,9,63.5
STU14823,11,12.9,6,3,83.5
STU14824,6,6.3,4,9,63.9
STU14825,13,16.6,5,12,84.7
STU14826,12,19.4,6,5,72.3
STU14827,12,29.2,3,10,73.3
STU14828,14,21.5,2,9,66.3
STU14829,9,8.5,2,14,60.4
STU14830,16,14.9,3,9,93.6
STU14831,13,18.0,2,5,73.2
STU14832,22,11.6,7,3,53.7
STU14833,11,18.9,3,9,79.0
STU14834,15,18.5,2,8,54.0
STU14835,11,21.2,6,3,70.5
STU14836,10,19.0,2,8,56.2
STU14837,13,16.4,5,2,60.9
STU14838,17,11.8,2,7,73.8
STU14839,17,8.5,3,8,74.5
STU14840,10,16.1,2,14,56.5
STU14841,15,13.0,4,3,73.5
STU14842,17,13.5,2,13,51.2
STU14843,11,20.6,3,3,85.4
STU14844,12,21.8,3,14,72.1
STU14845,10,8.8,3,12,71.7
STU14846,9,13.9,3,9,61.9
STU14847,11,12.8,6,3,62.7
STU14848,16,16.6,5,11,82.0
STU14849,13,3.7,0,3,76.4
STU14850,14,7.7,4,12,83.1
STU14851,15,14.4,4,6,63.3
STU14852,10,18.9,6,5,69.2
STU14853,10,15.4,13,14,75.7
STU14854,9,18.4,2,2,69.3
STU14855,8,16.0,3,9,77.3
STU14856,15,21.4,5,5,64.8
STU14857,11,22.4,3,12,57.4
STU14858,20,11.2,3,10,76.7
STU14859,7,19.4,4,3,54.4
STU14860,9,17.5,1,3,96.5
STU14861,17,27.5,8,7,68.1
STU14862,9,11.0,8,14,67.2
STU14863,21,14.4,5,12,74.6
STU14864,8,9.8,4,12,76.9
STU14865,21,10.1,6,3,66.1
STU14866,9,16.9,1,3,74.3
STU14867,9,16.0,4,7,65.7
STU14868,18,17.7,1,7,86.7
STU14869,17,17.6,4,9,82.1
STU14870,10,13.8,2,12,65.8
STU14871,11,13.8,2,12,67.0
STU14872,12,10.1,4,14,65.1
STU14873,14,11.5,2,11,71.2
STU14874,9,14.7,7,12,77.8
STU14875,6,16.0,4,2,80.0
STU14876,8,18.6,4,2,73.5
STU14877,9,18.0,5,8,74.4
STU14878,10,22.8,1,10,71.1
STU14879,13,10.1,2,8,83.2
STU14880,11,13.8,4,5,68.0
STU14881,8,10.6,8,10,95.2
STU14882,11,21.4,7,12,88.3
STU14883,15,12.5,5,13,68.6
STU14884,19,20.8,4,7,70.9
STU14885,12,22.3,0,11,35.8
STU14886,8,17.1,6,12,57.1
STU14887,20,16.5,3,2,66.6
STU14888,12,15.2,7,7,67.0
STU14889,12,13.4,3,11,78.3
STU14890,12,12.8,2,7,81.2
STU14891,11,14.3,3,2,52.2
STU14892,12,24.1,2,9,58.3
STU14893,14,9.8,3,6,55.7
STU14894,11,16.0,5,5,55.1
STU14895,12,18.6,5,11,71.7
STU14896,17,13.6,7,2,83.4
STU14897,10,17.1,5,6,87.5
STU14898,15,7.5,5,13,86.2
STU14899,13,21.6,4,2,49.5
STU14900,9,20.7,2,4,66.3
STU14901,15,14.5,9,14,74.2
STU14902,8,10.6,6,11,81.1
STU14903,11,19.0,5,2,41.5
STU14904,13,9.3,4,11,62.7
STU14905,15,10.0,7,4,89.5
STU14906,12,14.7,4,3,70.9
STU14907,10,22.6,5,14,88.6
STU14908,6,18.2,3,5,80.1
STU14909,14,11.8,3,8,64.8
STU14910,17,6.6,3,2,78.3
STU14911,17,15.2,3,8,85.1
STU14912,7,16.3,4,7,67.6
STU14913,13,14.6,3,5,63.6
STU14914,13,24.0,7,10,59.4
STU14915,17,14.3,2,8,82.3
STU14916,15,3.6,6,11,82.8
STU14917,12,13.0,3,11,61.6
STU14918,8,17.3,7,6,57.0
STU14919,10,16.9,5,3,64.9
STU14920,9,14.1,5,12,69.0
STU14921,9,13.3,5,14,80.5
STU14922,13,5.0,3,2,91.0
STU14923,10,15.4,7,3,63.8
STU14924,11,13.3,3,10,91.8
STU14925,12,16.2,3,3,58.9
STU14926,10,17.5,4,6,79.7
STU14927,13,21.2,4,9,87.0
STU14928,17,10.2,5,9,59.9
STU14929,9,8.5,9,12,58.7
STU14930,13,12.1,2,10,74.3
STU14931,11,11.3,2,5,85.1
STU14932,11,10.9,2,11,69.9
STU14933,11,22.2,5,14,82.5
STU14934,12,15.7,3,8,80.1
STU14935,18,24.9,3,10,54.4
STU14936,10,15.0,4,8,72.0
STU14937,9,9.1,4,14,84.0
STU14938,14,11.0,3,2,61.1
STU14939,9,20.1,3,12,63.3
STU14940,14,9.3,1,7,85.7
STU14941,19,17.8,4,3,70.0
STU14942,17,13.2,4,8,77.3
STU14943,10,10.4,6,10,51.0
STU14944,12,21.9,5,8,78.5
STU14945,12,12.1,3,13,63.3
STU14946,12,10.9,1,9,53.1
STU14947,9,14.6,5,3,69.0
STU14948,9,12.5,5,11,81.9
STU14949,8,26.1,4,6,83.0
STU14950,11,20.3,3,11,71.3
STU14951,15,12.0,4,2,66.1
STU14952,11,12.6,4,4,53.9
STU14953,11,4.9,4,2,78.9
STU14954,12,15.7,3,3,70.8
STU14955,13,11.3,7,13,69.5
STU14956,8,15.4,5,5,67.5
STU14957,9,5.2,6,7,82.3
STU14958,9,14.9,0,2,80.2
STU14959,9,23.5,3,10,83.7
STU14960,17,15.3,6,2,80.5
STU14961,15,11.1,9,9,67.4
STU14962,15,14.9,3,2,65.8
STU14963,13,14.7,1,14,70.2
STU14964,13,26.0,3,2,71.0
STU14965,18,13.3,8,9,81.2
STU14966,13,9.0,3,14,71.3
STU14967,15,15.1,3,3,70.5
STU14968,14,16.0,3,2,76.4
STU14969,7,17.8,6,8,77.5
STU14970,7,18.8,5,2,63.0
STU14971,12,24.8,3,5,67.1
STU14972,7,12.0,4,11,60.7
STU14973,13,11.6,3,11,64.4
STU14974,11,5.7,5,10,85.8
STU14975,12,18.3,4,11,80.7
STU14976,10,10.6,7,4,79.5
STU14977,13,19.5,1,7,81.0
STU14978,19,12.5,4,13,42.4
STU14979,11,23.6,5,11,69.3
STU14980,7,7.8,3,12,74.1
STU14981,14,20.1,3,10,61.3
STU14982,15,19.5,2,5,53.0
STU14983,11,17.6,6,13,68.5
STU14984,15,9.4,5,13,79.6
STU14985,11,17.7,6,4,82.9
STU14986,11,15.6,3,6,55.7
STU14987,16,5.8,6,13,75.7
STU14988,12,22.8,3,12,55.5
STU14989,17,13.3,4,8,75.9
STU14990,5,22.4,5,6,62.8
STU14991,14,14.7,5,12,78.5
STU14992,7,19.9,3,12,75.4
STU14993,15,10.7,9,12,92.1
STU14994,19,16.1,6,5,71.6
STU14995,10,15.7,4,2,77.1
STU14996,10,13.4,3,7,79.5
STU14997,17,10.7,6,5,66.2
STU14998,15,1.0,2,7,85.2
STU14999,11,10.8,6,7,100.0
