student_id,age,gender,socio_economic_tier,distance_from_campus_km,internet_access,parent_education
STU10000,20,Male,Medium,15.6,High-Speed,Bachelors
STU10001,25,Female,High,0.2,High-Speed,High School
STU10002,24,Female,Low,2.0,Limited,High School
STU10003,25,Female,Low,10.1,High-Speed,Masters
STU10004,25,Male,Medium,4.5,Moderate,High School
STU10005,20,Male,High,38.4,Moderate,Bachelors
STU10006,23,Male,Medium,10.4,High-Speed,Bachelors
STU10007,21,Female,Medium,29.8,Moderate,Bachelors
STU10008,20,Female,Medium,2.1,High-Speed,High School
STU10009,22,Female,High,19.0,Moderate,High School
STU10010,20,Male,High,3.7,High-Speed,Bachelors
STU10011,22,Female,High,43.3,High-Speed,High School
STU10012,25,Female,Low,1.6,High-Speed,Doctorate
STU10013,24,Male,Low,6.9,High-Speed,Masters
STU10014,20,Male,Medium,15.0,Moderate,Bachelors
STU10015,22,Male,High,5.4,Limited,Masters
STU10016,20,Male,Low,6.0,Moderate,High School
STU10017,24,Female,Low,40.8,High-Speed,Bachelors
STU10018,25,Male,Medium,5.3,Limited,High School
STU10019,20,Male,Low,8.8,High-Speed,Bachelors
STU10020,19,Female,Medium,0.5,High-Speed,Bachelors
STU10021,22,Male,Medium,17.5,High-Speed,High School
STU10022,24,Male,Medium,9.9,High-Speed,High School
STU10023,22,Male,Medium,4.9,Moderate,Bachelors
STU10024,22,Male,Medium,0.2,High-Speed,Bachelors
STU10025,18,Female,Medium,8.5,High-Speed,High School
STU10026,24,Male,Medium,0.1,Moderate,Bachelors
STU10027,20,Female,Medium,0.0,Limited,Bachelors
STU10028,22,Female,Medium,9.1,Moderate,Bachelors
STU10029,23,Male,Low,2.0,High-Speed,Bachelors
STU10030,18,Female,Low,2.0,Moderate,High School
STU10031,19,Male,Low,10.1,High-Speed,Bachelors
STU10032,22,Male,Low,0.5,High-Speed,Masters
STU10033,25,Female,Medium,3.6,Limited,Bachelors
STU10034,22,Female,High,1.5,Limited,Bachelors
STU10035,18,Female,Medium,8.2,Moderate,Bachelors
STU10036,20,Male,Medium,10.3,High-Speed,High School
STU10037,23,Male,Medium,12.1,Moderate,Bachelors
STU10038,25,Female,Medium,2.8,Limited,Masters
STU10039,19,Male,Medium,0.9,High-Speed,High School
STU10040,25,Male,Low,0.8,High-Speed,Masters
STU10041,22,Female,Low,5.3,Moderate,High School
STU10042,20,Male,Medium,27.7,High-Speed,Bachelors
STU10043,24,Female,High,2.3,Limited,Masters
STU10044,23,Male,Low,2.8,High-Speed,Masters
STU10045,24,Female,Low,1.0,Moderate,Masters
STU10046,23,Male,Medium,8.8,Moderate,Masters
STU10047,19,Female,Low,10.8,High-Speed,Bachelors
STU10048,21,Female,High,9.8,Moderate,Bachelors
STU10049,23,Male,Medium,18.8,High-Speed,High School
STU10050,21,Female,High,6.3,High-Speed,High School
STU10051,24,Female,Medium,1.4,High-Speed,Bachelors
STU10052,23,Female,Medium,3.2,High-Speed,Bachelors
STU10053,19,Female,Medium,10.3,Moderate,Bachelors
STU10054,18,Female,Medium,9.0,Limited,Masters
STU10055,19,Female,Medium,7.2,High-Speed,Bachelors
STU10056,19,Male,Low,10.9,High-Speed,High School
STU10057,18,Male,Medium,9.6,High-Speed,Bachelors
STU10058,18,Male,Medium,20.2,Moderate,Bachelors
STU10059,20,Male,High,8.4,Limited,Bachelors
STU10060,23,Male,Medium,14.3,Moderate,Masters
STU10061,24,Male,Medium,2.7,Moderate,Bachelors
STU10062,20,Female,Low,10.8,High-Speed,Masters
STU10063,18,Male,Medium,22.1,High-Speed,Bachelors
STU10064,21,Male,Medium,4.6,Moderate,Bachelors
STU10065,24,Female,High,14.3,Moderate,Bachelors
STU10066,21,Male,High,12.3,Moderate,High School
STU10067,19,Female,Low,0.6,Moderate,High School
STU10068,22,Male,High,8.3,Moderate,High School
STU10069,19,Other,Low,1.3,Moderate,Bachelors
STU10070,19,Female,Medium,32.5,Limited,High School
STU10071,22,Male,Medium,15.8,Limited,Doctorate
STU10072,23,Male,Low,1.1,High-Speed,Bachelors
STU10073,18,Female,Medium,1.2,High-Speed,Bachelors
STU10074,21,Female,Low,8.6,High-Speed,High School
STU10075,19,Female,Low,4.0,Moderate,High School
STU10076,22,Female,Medium,0.3,High-Speed,High School
STU10077,20,Male,Medium,7.4,High-Speed,Bachelors
STU10078,19,Male,High,4.7,High-Speed,Bachelors
STU10079,21,Male,Medium,1.0,Moderate,Bachelors
STU10080,18,Female,Medium,15.4,High-Speed,Bachelors
STU10081,19,Female,Medium,23.4,High-Speed,Bachelors
STU10082,19,Male,Low,13.4,High-Speed,High School
STU10083,23,Male,Low,16.4,Moderate,Bachelors
STU10084,25,Male,Medium,2.3,High-Speed,Bachelors
STU10085,22,Male,Medium,2.9,High-Speed,Bachelors
STU10086,20,Female,Medium,2.2,Moderate,High School
STU10087,20,Female,Medium,13.8,High-Speed,Bachelors
STU10088,24,Female,Medium,28.1,High-Speed,High School
STU10089,18,Male,Low,12.0,Moderate,Doctorate
STU10090,24,Male,Low,20.3,High-Speed,Bachelors
STU10091,21,Female,High,9.7,Moderate,Doctorate
STU10092,18,Female,Medium,4.7,High-Speed,Bachelors
STU10093,19,Female,High,5.3,High-Speed,High School
STU10094,25,Female,Low,0.7,Moderate,Bachelors
STU10095,19,Female,High,0.3,Moderate,High School
STU10096,20,Female,Low,11.3,High-Speed,Masters
STU10097,21,Male,Low,5.5,High-Speed,Masters
STU10098,22,Male,High,7.6,Moderate,Bachelors
STU10099,21,Male,Low,7.7,Moderate,Bachelors
STU10100,19,Male,Medium,3.1,High-Speed,Bachelors
STU10101,22,Female,Low,6.1,Moderate,Doctorate
STU10102,21,Male,Medium,6.0,High-Speed,High School
STU10103,25,Female,High,4.7,High-Speed,Bachelors
STU10104,25,Female,Medium,16.3,High-Speed,Bachelors
STU10105,21,Male,Medium,5.7,High-Speed,Doctorate
STU10106,22,Male,Low,8.8,High-Speed,Masters
STU10107,19,Female,Medium,21.5,High-Speed,Doctorate
STU10108,21,Male,Medium,19.1,High-Speed,Bachelors
STU10109,22,Male,Low,21.0,High-Speed,High School
STU10110,23,Male,Medium,3.0,High-Speed,Bachelors
STU10111,25,Male,Low,0.3,High-Speed,Bachelors
STU10112,23,Female,High,2.9,Moderate,Bachelors
STU10113,19,Female,Medium,3.1,High-Speed,High School
STU10114,22,Female,Low,22.8,Moderate,Bachelors
STU10115,23,Female,Medium,10.0,High-Speed,High School
STU10116,22,Female,Medium,0.8,High-Speed,Masters
STU10117,21,Male,Medium,1.4,High-Speed,High School
STU10118,19,Female,High,1.6,Limited,Bachelors
STU10119,23,Female,Medium,9.5,High-Speed,High School
STU10120,24,Female,High,12.6,High-Speed,High School
STU10121,21,Female,Medium,18.7,Moderate,Masters
STU10122,25,Male,Low,26.8,Limited,High School
STU10123,24,Male,Medium,2.1,Limited,High School
STU10124,24,Male,Medium,3.5,High-Speed,High School
STU10125,18,Male,Medium,2.6,High-Speed,Bachelors
STU10126,18,Female,High,4.2,Moderate,Bachelors
STU10127,19,Female,Medium,23.4,High-Speed,High School
STU10128,23,Male,High,8.1,Moderate,Bachelors
STU10129,23,Female,Medium,12.7,Moderate,High School
STU10130,23,Male,Medium,6.4,Moderate,Masters
STU10131,22,Male,Medium,0.3,High-Speed,Masters
STU10132,21,Male,Medium,0.6,High-Speed,Doctorate
STU10133,23,Male,High,7.3,Moderate,Masters
STU10134,21,Female,Medium,12.1,High-Speed,High School
STU10135,19,Male,Low,2.3,High-Speed,High School
STU10136,24,Female,Medium,12.2,High-Speed,Bachelors
STU10137,23,Female,Medium,15.8,High-Speed,High School
STU10138,19,Male,Low,5.0,High-Speed,High School
STU10139,23,Female,Low,13.0,Moderate,High School
STU10140,18,Female,Medium,4.9,High-Speed,Bachelors
STU10141,20,Male,Medium,10.8,High-Speed,Bachelors
STU10142,19,Female,Medium,13.7,High-Speed,High School
STU10143,23,Male,Low,45.8,High-Speed,High School
STU10144,25,Male,Low,4.0,Limited,Bachelors
STU10145,20,Male,Medium,5.0,Moderate,High School
STU10146,19,Female,Medium,1.7,High-Speed,Doctorate
STU10147,25,Female,Low,2.2,Moderate,High School
STU10148,25,Male,Medium,11.2,High-Speed,Bachelors
STU10149,22,Male,Medium,23.6,Limited,Bachelors
STU10150,25,Female,Low,4.8,High-Speed,High School
STU10151,23,Male,Low,1.9,High-Speed,Bachelors
STU10152,22,Male,Low,3.2,High-Speed,Bachelors
STU10153,18,Male,High,5.8,Moderate,Masters
STU10154,23,Other,Medium,3.3,High-Speed,Bachelors
STU10155,24,Male,Medium,2.5,Moderate,High School
STU10156,25,Female,Medium,12.7,High-Speed,High School
STU10157,18,Female,Medium,0.1,Limited,High School
STU10158,20,Male,Medium,7.4,High-Speed,High School
STU10159,19,Female,Medium,15.0,Limited,Bachelors
STU10160,25,Male,Low,2.9,High-Speed,Doctorate
STU10161,21,Female,Medium,8.8,High-Speed,Bachelors
STU10162,18,Female,Medium,10.5,Limited,Bachelors
STU10163,21,Female,Medium,10.1,Limited,Bachelors
STU10164,25,Male,Medium,5.6,Moderate,Masters
STU10165,21,Female,Low,4.0,High-Speed,High School
STU10166,25,Male,Medium,17.2,High-Speed,Bachelors
STU10167,19,Male,Medium,13.5,High-Speed,Masters
STU10168,20,Male,High,3.7,High-Speed,High School
STU10169,19,Female,Medium,1.0,High-Speed,High School
STU10170,23,Female,Medium,0.7,High-Speed,Doctorate
STU10171,18,Male,Medium,0.9,Moderate,Bachelors
STU10172,21,Female,High,8.3,Moderate,High School
STU10173,19,Male,Medium,0.5,High-Speed,Bachelors
STU10174,25,Female,Medium,3.9,High-Speed,Bachelors
STU10175,19,Male,Medium,13.3,High-Speed,Bachelors
STU10176,19,Female,Medium,3.3,Moderate,High School
STU10177,18,Male,High,13.7,High-Speed,High School
STU10178,20,Female,Low,13.0,Moderate,Bachelors
STU10179,24,Male,Low,2.7,High-Speed,Bachelors
STU10180,19,Male,High,12.4,High-Speed,Masters
STU10181,18,Male,Medium,13.1,Moderate,High School
STU10182,21,Female,Medium,4.8,Moderate,Masters
STU10183,25,Female,Medium,2.2,High-Speed,High School
STU10184,23,Male,Low,7.0,High-Speed,Bachelors
STU10185,24,Female,Medium,24.2,Limited,Masters
STU10186,22,Female,Medium,9.7,High-Speed,Bachelors
STU10187,24,Female,Medium,1.8,Moderate,High School
STU10188,25,Female,Medium,10.9,Moderate,High School
STU10189,24,Male,High,5.3,Moderate,Bachelors
STU10190,25,Male,Low,8.5,High-Speed,Bachelors
STU10191,18,Female,High,12.6,High-Speed,Doctorate
STU10192,22,Female,Low,6.9,Limited,Bachelors
STU10193,19,Female,Medium,16.0,High-Speed,Masters
STU10194,19,Male,High,12.2,High-Speed,Bachelors
STU10195,24,Male,Medium,9.1,Moderate,Masters
STU10196,18,Female,Medium,1.6,High-Speed,High School
STU10197,22,Female,Medium,17.2,Moderate,Masters
STU10198,19,Female,Medium,26.1,Moderate,High School
STU10199,21,Female,Low,1.4,Moderate,Masters
STU10200,20,Female,High,6.4,Moderate,High School
STU10201,20,Male,Medium,2.8,High-Speed,Bachelors
STU10202,19,Male,Medium,13.3,High-Speed,Bachelors
STU10203,22,Female,Medium,12.1,Moderate,Doctorate
STU10204,23,Female,Low,1.4,High-Speed,Bachelors
STU10205,19,Male,Low,19.9,Limited,High School
STU10206,23,Male,Medium,1.9,Moderate,Bachelors
STU10207,23,Female,Medium,15.2,High-Speed,High School
STU10208,25,Male,Medium,5.8,Moderate,High School
STU10209,25,Male,High,3.8,High-Speed,High School
STU10210,22,Female,Low,1.6,High-Speed,High School
STU10211,23,Female,Medium,1.7,Moderate,Bachelors
STU10212,21,Female,Low,10.3,Moderate,Masters
STU10213,22,Male,Medium,7.6,High-Speed,Masters
STU10214,19,Female,Low,1.2,High-Speed,High School
STU10215,24,Male,High,1.1,High-Speed,High School
STU10216,21,Male,Low,0.7,High-Speed,High School
STU10217,18,Female,High,12.9,High-Speed,High School
STU10218,20,Female,Medium,11.8,High-Speed,High School
STU10219,19,Female,High,0.6,Moderate,High School
STU10220,19,Female,Medium,7.8,Limited,Bachelors
STU10221,19,Female,High,0.8,High-Speed,Bachelors
STU10222,21,Male,Low,22.2,High-Speed,Bachelors
STU10223,18,Male,Medium,22.6,Moderate,High School
STU10224,24,Male,High,11.4,Moderate,Bachelors
STU10225,22,Male,Low,24.8,Limited,Masters
STU10226,25,Female,Low,15.8,High-Speed,High School
STU10227,18,Male,Medium,16.8,High-Speed,High School
STU10228,21,Female,High,8.0,High-Speed,High School
STU10229,19,Female,Medium,3.5,Moderate,High School
STU10230,20,Female,Medium,2.3,High-Speed,Bachelors
STU10231,19,Female,Low,3.8,High-Speed,High School
STU10232,22,Female,Low,9.4,High-Speed,Bachelors
STU10233,23,Female,High,1.8,High-Speed,High School
STU10234,20,Male,Low,2.8,Moderate,Bachelors
STU10235,19,Female,Medium,6.0,High-Speed,High School
STU10236,24,Male,High,2.5,Moderate,Bachelors
STU10237,20,Male,Low,8.4,High-Speed,High School
STU10238,23,Female,Medium,24.4,High-Speed,High School
STU10239,25,Male,Low,13.1,High-Speed,Masters
STU10240,18,Female,Medium,10.4,High-Speed,Bachelors
STU10241,21,Female,Low,8.3,High-Speed,High School
STU10242,25,Female,Medium,6.4,Moderate,Bachelors
STU10243,19,Male,Medium,2.0,Moderate,Bachelors
STU10244,22,Male,Medium,21.4,High-Speed,Bachelors
STU10245,18,Female,Medium,2.7,High-Speed,Bachelors
STU10246,25,Male,Low,0.9,Limited,Masters
STU10247,19,Female,Medium,13.2,High-Speed,High School
STU10248,18,Female,Medium,1.8,High-Speed,High School
STU10249,25,Female,Medium,4.4,High-Speed,High School
STU10250,22,Male,Low,0.3,Moderate,Bachelors
STU10251,19,Male,Medium,1.4,High-Speed,Masters
STU10252,23,Female,Low,1.8,High-Speed,Masters
STU10253,23,Male,Medium,0.5,High-Speed,Bachelors
STU10254,22,Male,Low,10.2,High-Speed,Doctorate
STU10255,20,Female,Medium,17.2,High-Speed,Bachelors
STU10256,22,Female,Low,4.4,Moderate,Bachelors
STU10257,20,Female,High,19.7,Moderate,Doctorate
STU10258,19,Female,High,2.3,High-Speed,High School
STU10259,25,Male,Low,3.7,High-Speed,Bachelors
STU10260,20,Female,Medium,1.6,Moderate,Bachelors
STU10261,19,Other,Low,9.2,Moderate,Masters
STU10262,19,Male,Medium,5.2,High-Speed,Masters
STU10263,24,Female,Medium,9.0,High-Speed,Masters
STU10264,21,Female,Medium,13.6,High-Speed,Masters
STU10265,19,Female,Medium,7.5,High-Speed,Bachelors
STU10266,20,Female,Low,9.4,High-Speed,High School
STU10267,21,Female,Medium,26.0,Moderate,High School
STU10268,21,Male,Low,3.4,High-Speed,Bachelors
STU10269,19,Male,Medium,4.2,Moderate,Bachelors
STU10270,22,Female,Medium,12.0,Moderate,Bachelors
STU10271,22,Female,Medium,9.0,Moderate,Bachelors
STU10272,23,Female,Low,1.9,High-Speed,Masters
STU10273,21,Female,Medium,4.5,High-Speed,High School
STU10274,19,Female,Medium,6.0,Limited,Masters
STU10275,24,Female,Low,5.2,Moderate,Masters
STU10276,22,Female,Medium,1.9,Moderate,Bachelors
STU10277,24,Female,High,24.5,High-Speed,Bachelors
STU10278,19,Female,High,13.6,High-Speed,Bachelors
STU10279,19,Female,Medium,6.2,Moderate,Bachelors
STU10280,25,Female,Medium,10.8,High-Speed,High School
STU10281,21,Male,Low,21.6,High-Speed,High School
STU10282,25,Male,High,1.4,High-Speed,High School
STU10283,24,Male,Low,2.7,High-Speed,High School
STU10284,25,Female,High,7.4,High-Speed,High School
STU10285,23,Male,Medium,15.2,High-Speed,High School
STU10286,21,Male,Medium,0.4,High-Speed,Bachelors
STU10287,18,Female,High,39.3,Moderate,Doctorate
STU10288,25,Male,Low,5.8,High-Speed,Bachelors
STU10289,24,Female,Medium,4.2,High-Speed,Masters
STU10290,22,Male,Medium,3.3,Moderate,Bachelors
STU10291,22,Male,Low,1.8,High-Speed,Bachelors
STU10292,22,Female,Medium,14.9,High-Speed,Bachelors
STU10293,20,Male,Medium,29.5,Moderate,High School
STU10294,19,Male,Medium,5.1,Limited,Masters
STU10295,21,Female,Low,28.9,High-Speed,Masters
STU10296,22,Female,High,16.5,High-Speed,Bachelors
STU10297,18,Male,Low,6.2,Moderate,High School
STU10298,22,Female,Low,10.6,High-Speed,Bachelors
STU10299,23,Male,Low,5.4,Moderate,High School
STU10300,19,Male,Low,7.8,Limited,High School
STU10301,24,Female,Low,0.6,Limited,Masters
STU10302,19,Female,High,11.3,High-Speed,Bachelors
STU10303,25,Female,Medium,0.5,High-Speed,Bachelors
STU10304,24,Female,Low,16.1,Limited,Masters
STU10305,24,Female,Low,16.6,High-Speed,Bachelors
STU10306,25,Female,Medium,2.6,High-Speed,Bachelors
STU10307,21,Male,High,3.7,Moderate,High School
STU10308,25,Female,Low,6.2,High-Speed,High School
STU10309,20,Male,Low,8.6,High-Speed,Bachelors
STU10310,24,Male,Low,3.2,Moderate,Bachelors
STU10311,24,Male,Low,8.5,High-Speed,High School
STU10312,25,Male,Low,3.4,High-Speed,High School
STU10313,21,Female,Medium,0.5,High-Speed,Bachelors
STU10314,22,Female,Low,0.0,Moderate,Bachelors
STU10315,23,Female,Medium,1.0,High-Speed,Bachelors
STU10316,18,Male,Low,14.9,High-Speed,Bachelors
STU10317,21,Male,High,30.9,Moderate,High School
STU10318,20,Male,High,5.3,Moderate,Bachelors
STU10319,21,Male,Medium,6.8,High-Speed,Masters
STU10320,19,Female,Medium,1.5,Moderate,High School
STU10321,22,Female,Medium,7.6,High-Speed,Bachelors
STU10322,22,Female,Medium,1.5,Moderate,Bachelors
STU10323,24,Male,Medium,9.0,High-Speed,Bachelors
STU10324,22,Female,Medium,25.7,High-Speed,High School
STU10325,22,Female,High,2.1,Moderate,Masters
STU10326,25,Female,High,13.7,High-Speed,Bachelors
STU10327,22,Female,Medium,0.2,High-Speed,Masters
STU10328,22,Male,Medium,4.5,High-Speed,High School
STU10329,18,Male,Low,1.1,Moderate,Bachelors
STU10330,20,Male,Low,4.1,High-Speed,Bachelors
STU10331,24,Female,Medium,1.8,High-Speed,High School
STU10332,25,Male,Low,4.4,High-Speed,High School
STU10333,22,Male,High,5.1,High-Speed,Bachelors
STU10334,24,Male,Low,3.4,High-Speed,High School
STU10335,20,Male,Medium,10.2,High-Speed,Bachelors
STU10336,25,Female,Medium,23.9,High-Speed,High School
STU10337,23,Female,Medium,4.9,High-Speed,High School
STU10338,22,Male,Medium,2.0,Moderate,Bachelors
STU10339,24,Male,High,3.0,Moderate,High School
STU10340,21,Female,Medium,18.3,Moderate,Doctorate
STU10341,25,Male,Medium,8.1,High-Speed,Masters
STU10342,25,Male,Low,5.8,Limited,Bachelors
STU10343,24,Male,Medium,1.5,High-Speed,Masters
STU10344,22,Male,High,5.7,Limited,Masters
STU10345,19,Female,Medium,3.1,High-Speed,High School
STU10346,18,Female,High,27.2,High-Speed,Masters
STU10347,21,Male,Medium,20.5,High-Speed,High School
STU10348,21,Male,Low,0.8,High-Speed,Bachelors
STU10349,19,Female,Low,6.9,Moderate,Bachelors
STU10350,22,Female,Medium,2.4,Moderate,Bachelors
STU10351,25,Female,Medium,5.0,Limited,High School
STU10352,25,Female,Medium,19.9,Moderate,High School
STU10353,18,Male,Low,7.1,High-Speed,Bachelors
STU10354,21,Male,Medium,3.9,High-Speed,High School
STU10355,18,Female,Medium,2.2,Limited,Bachelors
STU10356,21,Male,Medium,15.3,High-Speed,Bachelors
STU10357,22,Female,Low,9.3,Moderate,High School
STU10358,23,Female,Low,6.0,High-Speed,High School
STU10359,21,Female,Low,2.3,High-Speed,Bachelors
STU10360,23,Male,Low,3.9,Limited,Bachelors
STU10361,21,Female,Low,30.5,High-Speed,High School
STU10362,25,Male,Low,7.0,High-Speed,High School
STU10363,20,Female,Medium,4.9,High-Speed,High School
STU10364,22,Female,Medium,7.0,Moderate,High School
STU10365,19,Male,High,14.3,High-Speed,Bachelors
STU10366,23,Female,Low,3.9,High-Speed,Bachelors
STU10367,19,Female,Medium,1.9,High-Speed,Bachelors
STU10368,22,Male,Medium,8.4,High-Speed,Masters
STU10369,24,Male,Low,10.4,High-Speed,High School
STU10370,19,Male,High,11.8,High-Speed,Bachelors
STU10371,22,Male,Low,20.3,Limited,Bachelors
STU10372,25,Male,High,4.4,Limited,Bachelors
STU10373,19,Female,High,0.7,High-Speed,Bachelors
STU10374,23,Male,Medium,30.2,Moderate,Bachelors
STU10375,20,Male,Medium,5.4,High-Speed,Bachelors
STU10376,19,Female,Medium,9.3,High-Speed,High School
STU10377,23,Male,Medium,10.4,High-Speed,Bachelors
STU10378,21,Female,Medium,7.5,High-Speed,Bachelors
STU10379,22,Male,Low,2.2,High-Speed,Doctorate
STU10380,18,Male,Low,13.4,High-Speed,Bachelors
STU10381,24,Female,Medium,15.5,Moderate,Bachelors
STU10382,25,Female,Medium,7.6,High-Speed,Bachelors
STU10383,18,Female,High,6.4,Moderate,Masters
STU10384,25,Female,Low,1.1,High-Speed,Doctorate
STU10385,22,Female,High,0.8,High-Speed,Bachelors
STU10386,25,Male,Low,3.9,High-Speed,Bachelors
STU10387,20,Male,Medium,3.5,High-Speed,High School
STU10388,19,Female,Medium,29.2,Moderate,Bachelors
STU10389,20,Female,Medium,14.5,Moderate,Bachelors
STU10390,18,Other,Low,10.2,High-Speed,Bachelors
STU10391,24,Male,Medium,6.9,Moderate,High School
STU10392,23,Male,High,1.7,Limited,Bachelors
STU10393,24,Female,Medium,36.5,Moderate,High School
STU10394,22,Male,Medium,4.5,High-Speed,Bachelors
STU10395,22,Female,High,1.1,Moderate,High School
STU10396,20,Female,Medium,6.5,High-Speed,Bachelors
STU10397,23,Male,Medium,19.7,Moderate,High School
STU10398,20,Female,Low,20.7,High-Speed,High School
STU10399,19,Female,High,0.1,High-Speed,Bachelors
STU10400,21,Male,Medium,20.7,High-Speed,High School
STU10401,23,Female,Low,3.0,High-Speed,Bachelors
STU10402,21,Female,Low,0.4,Limited,Masters
STU10403,24,Female,High,17.9,High-Speed,Doctorate
STU10404,19,Male,Low,18.9,High-Speed,High School
STU10405,25,Female,High,8.6,Limited,Masters
STU10406,25,Male,Low,8.1,High-Speed,High School
STU10407,21,Male,Medium,15.9,High-Speed,Masters
STU10408,18,Female,Medium,14.7,High-Speed,Bachelors
STU10409,24,Male,Medium,21.0,High-Speed,High School
STU10410,21,Male,High,7.6,High-Speed,Bachelors
STU10411,19,Female,Medium,32.6,High-Speed,High School
STU10412,21,Female,Medium,52.8,Moderate,Bachelors
STU10413,22,Female,Low,1.2,Limited,Bachelors
STU10414,20,Female,Low,18.0,High-Speed,Bachelors
STU10415,18,Male,Low,6.6,High-Speed,Bachelors
STU10416,22,Male,Medium,4.7,High-Speed,Doctorate
STU10417,22,Male,Low,9.0,Moderate,Masters
STU10418,19,Female,Low,0.5,High-Speed,Bachelors
STU10419,20,Female,Medium,6.7,Moderate,Bachelors
STU10420,20,Female,Medium,19.4,High-Speed,Masters
STU10421,23,Female,Medium,2.3,Limited,Masters
STU10422,24,Male,Low,5.3,High-Speed,High School
STU10423,18,Female,Low,26.6,Moderate,High School
STU10424,24,Male,High,5.3,High-Speed,High School
STU10425,19,Female,Low,4.2,Moderate,Bachelors
STU10426,18,Male,High,5.5,High-Speed,High School
STU10427,23,Female,High,7.0,High-Speed,Bachelors
STU10428,21,Male,Medium,9.5,High-Speed,Bachelors
STU10429,22,Male,Low,15.3,Moderate,Bachelors
STU10430,18,Male,High,5.7,Moderate,Bachelors
STU10431,24,Female,Medium,16.2,High-Speed,High School
STU10432,22,Female,Medium,7.2,High-Speed,Masters
STU10433,19,Male,Medium,3.9,High-Speed,Masters
STU10434,24,Male,Low,10.2,Moderate,Bachelors
STU10435,21,Female,Low,12.0,Moderate,Masters
STU10436,19,Male,Medium,7.8,Moderate,High School
STU10437,25,Female,Medium,0.6,High-Speed,Bachelors
STU10438,21,Female,Medium,1.8,Limited,High School
STU10439,21,Male,Medium,3.2,Moderate,Bachelors
STU10440,22,Male,Medium,3.2,Moderate,High School
STU10441,19,Other,Medium,10.6,High-Speed,Bachelors
STU10442,19,Male,High,0.2,Moderate,High School
STU10443,18,Male,Low,13.4,High-Speed,Bachelors
STU10444,24,Female,Medium,2.9,High-Speed,High School
STU10445,25,Female,Low,3.5,High-Speed,Masters
STU10446,19,Other,Medium,7.1,High-Speed,Bachelors
STU10447,18,Female,Medium,2.3,High-Speed,High School
STU10448,25,Male,High,20.5,High-Speed,High School
STU10449,20,Male,Low,0.8,High-Speed,Masters
STU10450,20,Female,High,5.6,Moderate,High School
STU10451,25,Female,Low,18.0,High-Speed,Bachelors
STU10452,20,Male,Medium,9.1,High-Speed,Bachelors
STU10453,23,Female,Low,3.3,High-Speed,High School
STU10454,19,Male,High,5.2,Moderate,High School
STU10455,23,Female,Medium,11.7,Moderate,Bachelors
STU10456,24,Male,Medium,34.4,High-Speed,High School
STU10457,19,Male,High,21.2,Limited,High School
STU10458,18,Male,Low,4.0,High-Speed,High School
STU10459,23,Male,Low,60.0,Limited,High School
STU10460,23,Male,High,0.0,High-Speed,High School
STU10461,24,Female,Medium,0.3,High-Speed,Doctorate
STU10462,23,Female,Low,16.5,High-Speed,Bachelors
STU10463,21,Female,Medium,2.1,High-Speed,Bachelors
STU10464,18,Female,Medium,0.6,High-Speed,High School
STU10465,20,Male,Low,2.6,Moderate,High School
STU10466,18,Male,Low,5.3,Moderate,Masters
STU10467,21,Female,Low,12.5,High-Speed,Bachelors
STU10468,24,Male,Medium,9.3,High-Speed,High School
STU10469,24,Female,High,2.6,High-Speed,Bachelors
STU10470,19,Male,High,6.6,High-Speed,Bachelors
STU10471,18,Female,Medium,24.8,Moderate,Masters
STU10472,25,Male,Low,16.0,High-Speed,High School
STU10473,25,Female,High,3.7,Moderate,Bachelors
STU10474,24,Female,Medium,38.3,High-Speed,Bachelors
STU10475,23,Other,Low,11.7,High-Speed,Doctorate
STU10476,24,Male,High,0.6,High-Speed,Masters
STU10477,24,Female,Medium,0.3,High-Speed,High School
STU10478,24,Female,Medium,1.8,High-Speed,Bachelors
STU10479,24,Female,Medium,12.4,Moderate,Bachelors
STU10480,25,Female,Low,1.9,High-Speed,Bachelors
STU10481,25,Female,Low,6.8,High-Speed,Masters
STU10482,20,Male,Medium,0.9,Moderate,Masters
STU10483,20,Female,Low,24.1,High-Speed,High School
STU10484,19,Female,Medium,4.0,Moderate,High School
STU10485,24,Female,Medium,22.7,High-Speed,Bachelors
STU10486,25,Male,Medium,27.5,High-Speed,High School
STU10487,18,Male,Medium,0.1,Moderate,High School
STU10488,21,Female,Medium,5.9,Moderate,Bachelors
STU10489,19,Female,High,0.2,High-Speed,Masters
STU10490,25,Male,Medium,22.7,High-Speed,High School
STU10491,18,Female,Low,6.9,Moderate,Bachelors
STU10492,24,Male,Low,0.7,High-Speed,High School
STU10493,22,Male,Medium,1.1,High-Speed,High School
STU10494,24,Male,Low,4.6,Moderate,High School
STU10495,20,Male,Low,26.8,Moderate,High School
STU10496,21,Female,Low,11.2,Moderate,Masters
STU10497,25,Male,Medium,19.2,Moderate,Masters
STU10498,25,Female,High,4.3,Moderate,Bachelors
STU10499,23,Other,Low,0.4,Moderate,High School
STU10500,21,Female,Medium,34.8,Moderate,Bachelors
STU10501,23,Female,Medium,0.2,High-Speed,High School
STU10502,21,Male,Low,28.0,High-Speed,High School
STU10503,20,Female,High,4.4,Moderate,Bachelors
STU10504,23,Female,Medium,0.1,Moderate,Bachelors
STU10505,18,Male,Medium,11.1,High-Speed,High School
STU10506,23,Female,Medium,37.4,High-Speed,High School
STU10507,19,Female,Low,32.0,Limited,Masters
STU10508,18,Female,Medium,1.7,High-Speed,Bachelors
STU10509,19,Female,Low,1.9,High-Speed,Masters
STU10510,24,Female,High,7.9,Moderate,Doctorate
STU10511,21,Male,Medium,9.6,Limited,Bachelors
STU10512,18,Female,Medium,12.8,Moderate,High School
STU10513,21,Female,Low,1.9,Moderate,Bachelors
STU10514,24,Male,Medium,30.3,High-Speed,High School
STU10515,22,Male,Medium,9.7,Moderate,High School
STU10516,25,Male,Medium,17.8,High-Speed,Bachelors
STU10517,21,Female,Medium,7.4,Moderate,Bachelors
STU10518,24,Other,Medium,5.1,High-Speed,High School
STU10519,21,Male,High,35.9,High-Speed,Bachelors
STU10520,24,Female,Medium,8.3,High-Speed,Bachelors
STU10521,19,Male,High,19.2,High-Speed,High School
STU10522,24,Female,High,29.1,Moderate,High School
STU10523,23,Female,Medium,10.7,Limited,High School
STU10524,22,Female,Low,7.6,Moderate,High School
STU10525,21,Male,Medium,0.0,Moderate,Bachelors
STU10526,24,Male,High,0.4,High-Speed,Bachelors
STU10527,24,Male,Low,2.1,Moderate,Bachelors
STU10528,21,Male,Medium,2.0,Moderate,High School
STU10529,25,Female,High,2.8,Moderate,High School
STU10530,22,Female,Medium,3.5,High-Speed,High School
STU10531,22,Other,Medium,4.2,Moderate,High School
STU10532,24,Other,Low,5.2,Moderate,High School
STU10533,18,Female,Low,1.0,High-Speed,Bachelors
STU10534,19,Female,Medium,0.4,Moderate,High School
STU10535,22,Female,Low,10.6,Limited,Bachelors
STU10536,22,Female,Low,7.3,High-Speed,Bachelors
STU10537,20,Male,High,5.6,Moderate,Bachelors
STU10538,23,Male,Medium,9.6,Moderate,High School
STU10539,22,Male,High,16.7,Moderate,Masters
STU10540,19,Female,High,5.3,High-Speed,Doctorate
STU10541,23,Female,Low,9.7,Moderate,High School
STU10542,23,Male,Low,29.2,High-Speed,Bachelors
STU10543,21,Female,Medium,17.4,High-Speed,Masters
STU10544,21,Female,Medium,5.3,Moderate,Bachelors
STU10545,21,Male,Low,9.8,Moderate,High School
STU10546,21,Male,Medium,1.9,Moderate,Bachelors
STU10547,20,Female,Low,7.8,High-Speed,Bachelors
STU10548,22,Female,High,37.8,High-Speed,Bachelors
STU10549,21,Female,Low,6.9,Limited,Masters
STU10550,24,Female,Low,24.9,High-Speed,Bachelors
STU10551,18,Female,Low,5.0,Moderate,High School
STU10552,21,Female,High,64.3,Moderate,Bachelors
STU10553,22,Female,Medium,8.2,Moderate,Bachelors
STU10554,21,Female,High,0.4,High-Speed,High School
STU10555,20,Male,Medium,8.4,Moderate,High School
STU10556,19,Male,Medium,3.0,Moderate,Masters
STU10557,19,Male,Low,0.3,High-Speed,Bachelors
STU10558,22,Female,Medium,16.3,High-Speed,High School
STU10559,24,Female,Medium,3.1,High-Speed,High School
STU10560,19,Female,Medium,15.1,High-Speed,Bachelors
STU10561,25,Male,Low,3.2,Moderate,Bachelors
STU10562,19,Male,High,2.1,Moderate,High School
STU10563,18,Male,Low,34.6,Limited,Bachelors
STU10564,22,Male,High,4.3,High-Speed,High School
STU10565,24,Female,Low,8.7,Moderate,High School
STU10566,22,Male,Medium,8.9,High-Speed,Bachelors
STU10567,19,Male,Medium,7.8,Moderate,High School
STU10568,19,Female,Medium,23.4,Moderate,Masters
STU10569,19,Male,Medium,10.7,Limited,High School
STU10570,23,Female,Medium,4.9,Moderate,Bachelors
STU10571,20,Female,Medium,18.8,Limited,High School
STU10572,21,Male,Medium,1.9,Moderate,High School
STU10573,25,Female,Medium,7.5,Moderate,Bachelors
STU10574,20,Female,High,28.6,High-Speed,Bachelors
STU10575,22,Female,Low,9.3,Moderate,Bachelors
STU10576,25,Male,Medium,16.1,Moderate,Bachelors
STU10577,18,Female,Medium,10.1,High-Speed,Bachelors
STU10578,21,Female,Medium,17.4,High-Speed,Bachelors
STU10579,18,Male,Medium,27.5,Moderate,Bachelors
STU10580,24,Male,Medium,3.0,High-Speed,Bachelors
STU10581,23,Other,Low,1.8,High-Speed,Bachelors
STU10582,22,Female,Low,6.3,Moderate,Masters
STU10583,23,Male,Low,11.5,Limited,High School
STU10584,22,Female,Medium,2.4,Moderate,Bachelors
STU10585,18,Male,Medium,0.0,High-Speed,High School
STU10586,18,Male,High,4.0,High-Speed,High School
STU10587,18,Male,Medium,33.0,High-Speed,Bachelors
STU10588,22,Male,Low,11.3,High-Speed,Masters
STU10589,19,Male,High,4.9,High-Speed,Bachelors
STU10590,18,Male,High,2.0,Limited,Bachelors
STU10591,23,Female,Medium,4.2,High-Speed,High School
STU10592,24,Male,Medium,1.8,High-Speed,Bachelors
STU10593,21,Male,High,1.1,High-Speed,Masters
STU10594,22,Female,Medium,22.5,High-Speed,High School
STU10595,25,Male,High,57.5,High-Speed,High School
STU10596,23,Female,Low,1.7,High-Speed,Bachelors
STU10597,20,Male,Low,0.5,Limited,Bachelors
STU10598,24,Male,Medium,3.8,High-Speed,Bachelors
STU10599,20,Male,Medium,5.9,High-Speed,Bachelors
STU10600,21,Male,High,2.2,High-Speed,Bachelors
STU10601,19,Male,High,3.4,High-Speed,High School
STU10602,18,Male,Medium,2.1,High-Speed,Bachelors
STU10603,22,Male,Low,14.1,High-Speed,High School
STU10604,23,Male,High,11.8,High-Speed,High School
STU10605,25,Male,Medium,9.6,Moderate,Bachelors
STU10606,18,Male,Low,4.7,High-Speed,Masters
STU10607,23,Male,Medium,22.8,High-Speed,Bachelors
STU10608,22,Female,Medium,33.2,High-Speed,Bachelors
STU10609,20,Female,Medium,1.8,High-Speed,High School
STU10610,18,Male,Medium,2.4,High-Speed,High School
STU10611,21,Female,Medium,7.1,High-Speed,High School
STU10612,19,Female,High,0.9,High-Speed,Masters
STU10613,21,Male,Medium,5.4,High-Speed,Masters
STU10614,19,Female,Medium,8.3,High-Speed,Doctorate
STU10615,24,Female,Low,7.0,High-Speed,High School
STU10616,23,Male,Medium,3.8,High-Speed,Bachelors
STU10617,18,Male,Low,7.4,Limited,Bachelors
STU10618,18,Female,Low,30.3,Moderate,Bachelors
STU10619,24,Female,Medium,2.2,Moderate,Bachelors
STU10620,19,Male,Low,10.1,Moderate,Bachelors
STU10621,20,Male,Medium,0.4,Limited,High School
STU10622,22,Male,Low,0.7,Moderate,High School
STU10623,21,Male,Medium,7.6,Moderate,High School
STU10624,24,Female,Low,1.1,High-Speed,High School
STU10625,25,Male,Low,0.2,High-Speed,High School
STU10626,25,Male,Low,1.8,Moderate,High School
STU10627,23,Female,High,7.9,Limited,High School
STU10628,24,Male,High,11.5,High-Speed,Bachelors
STU10629,21,Male,Low,2.1,Moderate,Masters
STU10630,21,Female,Medium,10.5,High-Speed,Masters
STU10631,23,Female,Medium,1.9,High-Speed,High School
STU10632,23,Female,High,9.0,High-Speed,High School
STU10633,18,Female,Medium,5.0,High-Speed,High School
STU10634,21,Male,Medium,10.1,High-Speed,Doctorate
STU10635,22,Male,Low,50.4,Moderate,Bachelors
STU10636,25,Female,Medium,26.4,Moderate,High School
STU10637,22,Male,High,0.0,Moderate,Masters
STU10638,19,Male,Medium,20.6,High-Speed,High School
STU10639,24,Male,Low,0.7,Moderate,Masters
STU10640,23,Male,Low,29.1,High-Speed,High School
STU10641,18,Male,Medium,3.1,High-Speed,High School
STU10642,22,Male,Medium,4.6,Moderate,Bachelors
STU10643,20,Male,Medium,0.9,High-Speed,Masters
STU10644,25,Male,High,1.1,High-Speed,Masters
STU10645,18,Female,Low,12.3,High-Speed,Bachelors
STU10646,18,Female,Medium,27.4,Moderate,High School
STU10647,22,Female,High,9.0,High-Speed,Bachelors
STU10648,20,Female,Medium,12.0,Moderate,Doctorate
STU10649,19,Female,Low,13.6,Moderate,Bachelors
STU10650,22,Male,Medium,2.9,Moderate,Bachelors
STU10651,20,Female,High,0.4,Moderate,Bachelors
STU10652,18,Female,Low,0.0,High-Speed,Bachelors
STU10653,25,Female,High,4.1,High-Speed,Bachelors
STU10654,20,Male,Medium,2.6,High-Speed,Bachelors
STU10655,18,Male,Low,0.6,High-Speed,Masters
STU10656,24,Male,Medium,1.9,Moderate,Bachelors
STU10657,22,Male,Medium,1.3,High-Speed,Bachelors
STU10658,23,Female,Medium,23.4,High-Speed,High School
STU10659,22,Female,Medium,1.4,Moderate,High School
STU10660,24,Male,High,7.3,Moderate,Masters
STU10661,21,Other,Low,8.5,Moderate,High School
STU10662,21,Female,Medium,7.4,Moderate,Masters
STU10663,21,Male,Medium,1.0,Moderate,Bachelors
STU10664,22,Male,Medium,3.6,Moderate,Bachelors
STU10665,19,Male,Medium,0.5,High-Speed,Masters
STU10666,22,Male,Low,4.8,Limited,Bachelors
STU10667,25,Male,Medium,2.0,High-Speed,Masters
STU10668,24,Male,Medium,7.8,High-Speed,High School
STU10669,25,Male,Low,11.2,High-Speed,Bachelors
STU10670,24,Male,High,7.2,Moderate,Bachelors
STU10671,23,Female,High,5.4,Limited,High School
STU10672,20,Male,Medium,4.7,High-Speed,Bachelors
STU10673,22,Female,Low,17.5,High-Speed,Bachelors
STU10674,22,Male,Medium,2.4,Moderate,Masters
STU10675,18,Other,Low,12.6,Limited,High School
STU10676,24,Male,Low,13.5,High-Speed,Bachelors
STU10677,18,Male,Medium,5.2,High-Speed,High School
STU10678,18,Female,Low,3.4,Moderate,Bachelors
STU10679,22,Female,Low,6.0,High-Speed,Bachelors
STU10680,19,Female,Low,0.9,Moderate,Bachelors
STU10681,20,Male,Low,0.4,High-Speed,Bachelors
STU10682,20,Male,Low,1.1,High-Speed,High School
STU10683,25,Female,High,2.0,High-Speed,High School
STU10684,24,Female,Low,6.7,High-Speed,High School
STU10685,23,Female,Low,18.0,High-Speed,Bachelors
STU10686,24,Female,Low,2.6,High-Speed,Masters
STU10687,19,Male,High,26.0,Moderate,High School
STU10688,19,Female,Medium,29.4,High-Speed,High School
STU10689,20,Male,Medium,30.3,Limited,Bachelors
STU10690,21,Male,High,17.3,High-Speed,Bachelors
STU10691,18,Male,Medium,4.3,Moderate,High School
STU10692,18,Female,Medium,0.7,High-Speed,High School
STU10693,20,Male,Low,8.0,High-Speed,High School
STU10694,24,Male,Medium,7.8,High-Speed,High School
STU10695,19,Female,Medium,18.0,High-Speed,High School
STU10696,24,Male,Medium,52.4,Moderate,High School
STU10697,23,Female,Low,6.7,Moderate,Bachelors
STU10698,21,Male,Medium,4.0,Moderate,Bachelors
STU10699,20,Male,Low,2.0,High-Speed,High School
STU10700,18,Female,Low,0.0,Moderate,Bachelors
STU10701,22,Male,Medium,6.8,Moderate,Bachelors
STU10702,24,Male,High,7.7,Limited,Masters
STU10703,19,Male,Medium,16.6,Moderate,High School
STU10704,22,Male,Medium,6.7,High-Speed,Bachelors
STU10705,23,Other,Low,23.6,High-Speed,Bachelors
STU10706,20,Male,Low,9.4,High-Speed,High School
STU10707,24,Female,Low,17.4,Moderate,Masters
STU10708,18,Male,Medium,1.5,High-Speed,Bachelors
STU10709,24,Female,Low,18.4,Moderate,Bachelors
STU10710,21,Female,Low,10.7,High-Speed,High School
STU10711,25,Female,Medium,1.8,High-Speed,High School
STU10712,22,Male,Low,2.0,High-Speed,Bachelors
STU10713,21,Male,Medium,24.8,High-Speed,High School
STU10714,23,Male,Medium,0.3,Moderate,Bachelors
STU10715,18,Female,Medium,5.9,High-Speed,High School
STU10716,22,Female,Medium,3.6,Moderate,Bachelors
STU10717,23,Female,Medium,10.4,High-Speed,Bachelors
STU10718,21,Male,Low,17.4,High-Speed,High School
STU10719,21,Female,Medium,4.2,Moderate,Bachelors
STU10720,25,Female,High,5.3,High-Speed,Bachelors
STU10721,22,Male,Low,38.1,Moderate,High School
STU10722,18,Male,Low,14.6,Moderate,High School
STU10723,21,Female,High,21.6,Moderate,High School
STU10724,20,Female,Medium,5.5,High-Speed,High School
STU10725,25,Female,Medium,2.5,High-Speed,Masters
STU10726,23,Male,Medium,5.0,Moderate,Bachelors
STU10727,22,Female,Low,12.0,Moderate,High School
STU10728,19,Male,Medium,1.1,Moderate,High School
STU10729,19,Male,Medium,3.0,High-Speed,High School
STU10730,18,Male,Low,0.5,High-Speed,Bachelors
STU10731,20,Female,Medium,5.4,High-Speed,High School
STU10732,21,Female,Medium,16.7,Moderate,Bachelors
STU10733,19,Female,Medium,0.2,High-Speed,High School
STU10734,18,Male,Low,10.7,High-Speed,Masters
STU10735,23,Female,Medium,25.6,Moderate,High School
STU10736,25,Male,Medium,2.6,High-Speed,Bachelors
STU10737,20,Female,Medium,11.2,High-Speed,Bachelors
STU10738,20,Male,Medium,35.1,High-Speed,Bachelors
STU10739,24,Male,Low,31.1,High-Speed,Bachelors
STU10740,18,Male,Medium,2.5,High-Speed,Bachelors
STU10741,18,Male,Medium,1.0,High-Speed,Bachelors
STU10742,24,Female,Low,1.5,High-Speed,Bachelors
STU10743,25,Female,Medium,11.5,High-Speed,Doctorate
STU10744,21,Male,Medium,12.3,High-Speed,Bachelors
STU10745,18,Female,Medium,10.7,Moderate,Masters
STU10746,24,Male,Low,3.9,High-Speed,High School
STU10747,21,Female,Medium,1.8,High-Speed,Bachelors
STU10748,25,Female,High,8.3,High-Speed,Masters
STU10749,21,Female,Medium,6.3,High-Speed,High School
STU10750,22,Male,High,12.4,High-Speed,Doctorate
STU10751,20,Female,High,5.5,High-Speed,High School
STU10752,23,Female,Low,3.9,Moderate,Masters
STU10753,20,Male,Medium,3.3,High-Speed,Bachelors
STU10754,20,Male,Medium,2.3,Moderate,High School
STU10755,22,Female,High,2.9,High-Speed,Masters
STU10756,21,Female,Low,0.9,High-Speed,High School
STU10757,21,Female,High,4.0,High-Speed,High School
STU10758,18,Female,Medium,0.4,Moderate,High School
STU10759,22,Female,Medium,2.0,High-Speed,Bachelors
STU10760,18,Male,Low,13.0,High-Speed,Doctorate
STU10761,22,Male,Low,3.7,High-Speed,High School
STU10762,18,Male,Medium,10.5,High-Speed,Bachelors
STU10763,19,Female,Low,12.0,Limited,High School
STU10764,24,Male,High,8.3,High-Speed,Bachelors
STU10765,20,Female,Low,30.3,Moderate,High School
STU10766,20,Female,Medium,0.2,Moderate,High School
STU10767,25,Female,Medium,12.7,High-Speed,High School
STU10768,23,Male,Medium,30.3,High-Speed,Bachelors
STU10769,24,Female,Medium,18.8,Moderate,Masters
STU10770,21,Male,Medium,1.7,High-Speed,Bachelors
STU10771,23,Female,Low,3.8,High-Speed,High School
STU10772,19,Male,Low,1.8,Moderate,Bachelors
STU10773,25,Male,Medium,8.7,Moderate,Bachelors
STU10774,23,Female,Medium,11.8,Moderate,High School
STU10775,25,Male,Medium,3.6,Moderate,High School
STU10776,20,Male,Medium,7.4,High-Speed,High School
STU10777,21,Female,Medium,11.2,High-Speed,Bachelors
STU10778,19,Female,Medium,5.2,High-Speed,Bachelors
STU10779,20,Female,Low,18.3,Moderate,Bachelors
STU10780,24,Female,Medium,14.0,Limited,High School
STU10781,18,Female,High,0.6,High-Speed,High School
STU10782,22,Male,High,9.2,High-Speed,Doctorate
STU10783,19,Male,Medium,2.5,High-Speed,High School
STU10784,21,Male,Medium,7.7,Moderate,Masters
STU10785,25,Female,High,29.9,High-Speed,Bachelors
STU10786,23,Female,Medium,20.1,High-Speed,High School
STU10787,24,Male,Low,4.9,Limited,Bachelors
STU10788,23,Male,Low,3.3,Moderate,Masters
STU10789,19,Female,Medium,2.5,High-Speed,Bachelors
STU10790,24,Male,High,7.2,Limited,Masters
STU10791,21,Female,Medium,1.2,High-Speed,High School
STU10792,19,Female,Low,7.6,High-Speed,Bachelors
STU10793,21,Female,Low,0.0,High-Speed,Masters
STU10794,23,Male,Medium,3.7,Moderate,Masters
STU10795,20,Female,High,2.4,Moderate,Bachelors
STU10796,24,Female,Medium,33.7,High-Speed,Bachelors
STU10797,18,Female,Medium,12.3,Limited,High School
STU10798,20,Female,Low,4.1,High-Speed,High School
STU10799,18,Female,High,0.9,Moderate,High School
STU10800,23,Female,Medium,6.9,Moderate,High School
STU10801,25,Male,Low,2.3,High-Speed,High School
STU10802,24,Female,Medium,7.3,High-Speed,High School
STU10803,20,Female,Low,17.1,Moderate,Doctorate
STU10804,20,Male,Low,9.1,High-Speed,Bachelors
STU10805,19,Female,Low,9.5,Moderate,Bachelors
STU10806,22,Female,Low,7.4,High-Speed,Doctorate
STU10807,23,Female,Medium,24.9,Moderate,High School
STU10808,21,Male,Medium,25.5,High-Speed,Bachelors
STU10809,23,Male,Medium,6.8,High-Speed,Bachelors
STU10810,21,Other,Medium,3.5,High-Speed,High School
STU10811,24,Female,Low,5.8,Moderate,Bachelors
STU10812,21,Male,Low,2.0,High-Speed,High School
STU10813,25,Female,Medium,9.6,High-Speed,High School
STU10814,18,Female,Medium,6.6,Limited,High School
STU10815,21,Female,Low,1.0,Moderate,Masters
STU10816,21,Female,High,2.1,High-Speed,Bachelors
STU10817,19,Male,Medium,6.2,Limited,Bachelors
STU10818,20,Male,High,20.8,Moderate,Bachelors
STU10819,23,Male,Medium,7.9,High-Speed,High School
STU10820,23,Female,Low,10.9,High-Speed,Bachelors
STU10821,24,Male,Medium,3.9,Moderate,Bachelors
STU10822,24,Male,Low,8.0,Moderate,High School
STU10823,25,Male,Medium,5.6,High-Speed,Bachelors
STU10824,21,Female,Low,10.2,High-Speed,High School
STU10825,22,Female,High,0.5,High-Speed,High School
STU10826,23,Male,Low,6.5,High-Speed,Masters
STU10827,24,Male,High,3.3,High-Speed,Bachelors
STU10828,21,Female,High,3.8,High-Speed,Bachelors
STU10829,24,Male,Medium,30.8,Moderate,Bachelors
STU10830,25,Male,Medium,1.9,Moderate,High School
STU10831,18,Male,Medium,3.5,High-Speed,Bachelors
STU10832,18,Male,High,6.8,High-Speed,Bachelors
STU10833,24,Male,Medium,18.9,High-Speed,Bachelors
STU10834,18,Female,Medium,5.1,High-Speed,Doctorate
STU10835,24,Male,Medium,12.9,Limited,Doctorate
STU10836,21,Female,High,18.4,Moderate,Bachelors
STU10837,19,Male,Medium,3.5,High-Speed,Masters
STU10838,22,Female,Medium,4.7,High-Speed,Bachelors
STU10839,21,Female,Medium,4.2,High-Speed,Bachelors
STU10840,19,Male,High,17.0,Moderate,High School
STU10841,19,Female,Medium,0.4,High-Speed,Bachelors
STU10842,23,Male,Low,3.5,Moderate,Masters
STU10843,21,Female,Medium,10.8,Moderate,Bachelors
STU10844,21,Male,High,7.9,High-Speed,Bachelors
STU10845,24,Male,Medium,5.4,Moderate,High School
STU10846,19,Male,High,7.4,Moderate,High School
STU10847,19,Other,Low,2.1,Moderate,High School
STU10848,19,Female,Medium,5.4,Limited,High School
STU10849,24,Female,Medium,6.6,High-Speed,Bachelors
STU10850,23,Male,High,22.0,High-Speed,High School
STU10851,21,Female,Low,2.9,Moderate,Bachelors
STU10852,19,Male,High,19.2,Moderate,Bachelors
STU10853,18,Female,Medium,9.8,Limited,High School
STU10854,21,Male,Low,0.2,High-Speed,High School
STU10855,24,Male,Medium,12.3,Moderate,Masters
STU10856,23,Male,Low,0.3,High-Speed,High School
STU10857,18,Male,Medium,56.5,High-Speed,High School
STU10858,24,Female,Low,19.6,High-Speed,Masters
STU10859,20,Male,Low,3.4,High-Speed,Doctorate
STU10860,21,Female,High,2.8,High-Speed,Bachelors
STU10861,20,Male,Low,4.6,Moderate,High School
STU10862,24,Female,Low,4.2,High-Speed,High School
STU10863,24,Male,Medium,4.4,High-Speed,Doctorate
STU10864,24,Male,Medium,3.6,High-Speed,Masters
STU10865,19,Female,Medium,9.2,High-Speed,Bachelors
STU10866,23,Male,Medium,1.7,Limited,High School
STU10867,19,Male,Medium,17.8,High-Speed,High School
STU10868,23,Female,Medium,15.9,High-Speed,High School
STU10869,22,Female,Low,6.1,Moderate,Bachelors
STU10870,19,Male,Low,18.2,Moderate,High School
STU10871,20,Male,Medium,2.7,Moderate,Doctorate
STU10872,23,Female,Medium,0.2,Moderate,High School
STU10873,19,Male,Medium,9.2,Limited,Bachelors
STU10874,21,Male,Medium,5.8,High-Speed,High School
STU10875,24,Male,Medium,8.0,Limited,Bachelors
STU10876,23,Female,Low,21.8,Moderate,High School
STU10877,23,Female,Low,33.3,High-Speed,Bachelors
STU10878,19,Male,Medium,9.6,Moderate,Bachelors
STU10879,22,Male,Medium,13.7,Moderate,High School
STU10880,19,Male,Medium,0.8,High-Speed,Masters
STU10881,25,Female,Low,1.7,High-Speed,Bachelors
STU10882,20,Male,Medium,12.6,Limited,Masters
STU10883,20,Male,High,5.4,High-Speed,Masters
STU10884,23,Female,Low,5.6,High-Speed,Masters
STU10885,23,Male,Medium,3.5,Moderate,High School
STU10886,19,Female,High,8.9,High-Speed,High School
STU10887,20,Male,Medium,1.9,High-Speed,Doctorate
STU10888,20,Male,Medium,9.4,Moderate,Bachelors
STU10889,22,Male,Low,1.8,Moderate,High School
STU10890,21,Female,Medium,0.6,High-Speed,Bachelors
STU10891,22,Female,Low,3.8,Limited,High School
STU10892,25,Female,High,2.5,High-Speed,Bachelors
STU10893,18,Male,Medium,20.9,High-Speed,Masters
STU10894,24,Female,Medium,0.5,High-Speed,Bachelors
STU10895,22,Male,Medium,1.8,Moderate,High School
STU10896,25,Male,Medium,7.6,High-Speed,Bachelors
STU10897,19,Female,Medium,6.2,High-Speed,Bachelors
STU10898,21,Male,High,0.4,Moderate,Bachelors
STU10899,19,Male,High,0.1,High-Speed,High School
STU10900,24,Male,Medium,42.1,Moderate,Bachelors
STU10901,25,Male,High,10.2,High-Speed,Bachelors
STU10902,18,Male,Medium,4.3,Limited,Bachelors
STU10903,21,Female,Medium,6.0,High-Speed,Masters
STU10904,23,Male,Medium,2.9,High-Speed,Bachelors
STU10905,20,Female,Low,4.0,High-Speed,High School
STU10906,22,Female,Low,9.9,Moderate,Bachelors
STU10907,25,Male,Low,20.4,Moderate,Bachelors
STU10908,19,Male,Medium,1.9,High-Speed,High School
STU10909,18,Male,Medium,17.4,Moderate,Bachelors
STU10910,20,Female,Medium,1.2,High-Speed,High School
STU10911,22,Male,High,2.3,Limited,High School
STU10912,20,Female,Medium,0.4,Limited,Masters
STU10913,22,Male,Medium,1.4,Limited,Masters
STU10914,25,Female,Low,23.7,Moderate,Bachelors
STU10915,23,Male,Low,5.8,Limited,Bachelors
STU10916,21,Male,Medium,0.8,High-Speed,Masters
STU10917,25,Female,Medium,30.5,Moderate,Doctorate
STU10918,20,Female,Medium,20.1,Moderate,Bachelors
STU10919,20,Male,Low,13.3,Limited,Bachelors
STU10920,20,Female,Medium,25.7,High-Speed,Bachelors
STU10921,21,Male,Low,2.4,High-Speed,High School
STU10922,18,Female,Low,17.2,High-Speed,Bachelors
STU10923,22,Female,Low,11.1,Moderate,Bachelors
STU10924,25,Male,Low,19.4,High-Speed,Masters
STU10925,25,Male,Medium,15.1,High-Speed,Masters
STU10926,23,Male,Low,4.0,High-Speed,High School
STU10927,20,Female,High,14.1,High-Speed,Bachelors
STU10928,24,Female,Medium,2.9,High-Speed,High School
STU10929,25,Male,Low,3.8,High-Speed,High School
STU10930,21,Male,Low,1.1,Limited,Masters
STU10931,18,Female,Medium,26.0,Moderate,Bachelors
STU10932,25,Other,Low,3.3,High-Speed,Bachelors
STU10933,22,Female,High,7.0,Moderate,High School
STU10934,21,Male,High,4.7,Moderate,Bachelors
STU10935,23,Male,Low,30.6,High-Speed,Bachelors
STU10936,23,Male,Medium,3.9,High-Speed,High School
STU10937,22,Female,Low,14.3,Moderate,High School
STU10938,20,Male,Medium,18.4,High-Speed,High School
STU10939,23,Female,Medium,5.4,Moderate,Bachelors
STU10940,18,Male,Low,4.5,High-Speed,Doctorate
STU10941,21,Female,Low,13.1,High-Speed,Masters
STU10942,25,Female,Medium,23.2,Limited,Doctorate
STU10943,18,Female,Medium,13.4,High-Speed,Masters
STU10944,20,Male,Low,2.4,Moderate,Masters
STU10945,18,Male,Medium,20.8,High-Speed,Bachelors
STU10946,18,Male,Medium,4.7,High-Speed,Bachelors
STU10947,19,Female,High,8.2,High-Speed,Bachelors
STU10948,18,Female,Low,16.9,High-Speed,Masters
STU10949,22,Female,Medium,2.0,High-Speed,High School
STU10950,21,Female,Medium,14.6,High-Speed,High School
STU10951,19,Female,Low,8.6,High-Speed,Masters
STU10952,21,Male,Medium,21.3,Moderate,High School
STU10953,21,Female,Medium,1.8,High-Speed,Doctorate
STU10954,20,Male,High,5.2,Moderate,Bachelors
STU10955,20,Male,Low,17.0,High-Speed,High School
STU10956,19,Female,Medium,0.2,High-Speed,Bachelors
STU10957,23,Male,Medium,1.1,Moderate,Masters
STU10958,24,Male,High,44.3,High-Speed,High School
STU10959,20,Female,Medium,3.1,High-Speed,Bachelors
STU10960,24,Male,High,35.3,High-Speed,Masters
STU10961,20,Female,High,1.9,Moderate,High School
STU10962,20,Male,Low,4.3,Moderate,High School
STU10963,21,Male,High,13.3,High-Speed,High School
STU10964,19,Male,High,10.2,High-Speed,High School
STU10965,21,Male,Low,8.3,Moderate,High School
STU10966,25,Female,Medium,7.2,High-Speed,Bachelors
STU10967,22,Male,Medium,17.6,High-Speed,High School
STU10968,21,Female,Low,2.5,High-Speed,Masters
STU10969,24,Male,Low,5.6,High-Speed,High School
STU10970,24,Female,Low,1.6,High-Speed,Bachelors
STU10971,22,Female,Low,8.6,Moderate,Bachelors
STU10972,18,Female,Medium,2.7,High-Speed,Masters
STU10973,18,Male,Low,3.9,High-Speed,Bachelors
STU10974,22,Male,High,6.1,Limited,High School
STU10975,22,Male,Medium,0.3,High-Speed,Masters
STU10976,21,Female,Low,0.9,High-Speed,High School
STU10977,22,Male,Medium,11.0,High-Speed,High School
STU10978,25,Female,Medium,5.3,Moderate,Bachelors
STU10979,19,Female,High,19.0,High-Speed,Bachelors
STU10980,18,Male,Low,11.3,High-Speed,High School
STU10981,18,Female,Low,0.1,Limited,Bachelors
STU10982,25,Male,High,9.1,Moderate,Bachelors
STU10983,23,Male,High,0.9,Moderate,Masters
STU10984,25,Female,Medium,14.4,High-Speed,High School
STU10985,25,Female,Medium,45.3,High-Speed,High School
STU10986,22,Female,Low,7.2,High-Speed,Bachelors
STU10987,20,Male,Medium,10.9,High-Speed,High School
STU10988,20,Male,Low,2.6,Moderate,Bachelors
STU10989,25,Female,Low,5.5,High-Speed,Bachelors
STU10990,22,Female,High,18.4,Moderate,Bachelors
STU10991,19,Female,Low,1.7,High-Speed,Masters
STU10992,20,Male,Medium,2.9,High-Speed,Masters
STU10993,23,Female,High,5.6,Moderate,Bachelors
STU10994,24,Male,Low,11.8,High-Speed,Doctorate
STU10995,22,Male,High,4.5,Moderate,High School
STU10996,25,Female,High,25.0,Limited,Bachelors
STU10997,19,Male,Medium,0.9,High-Speed,Bachelors
STU10998,19,Female,Low,4.4,High-Speed,Masters
STU10999,21,Male,Medium,11.7,High-Speed,Bachelors
STU11000,19,Male,Medium,2.4,Moderate,Bachelors
STU11001,20,Female,Medium,10.1,High-Speed,Masters
STU11002,25,Female,Low,1.7,Moderate,Bachelors
STU11003,24,Female,High,0.5,High-Speed,Bachelors
STU11004,20,Female,Low,1.2,Moderate,High School
STU11005,22,Female,Medium,25.3,Moderate,High School
STU11006,24,Female,Low,7.6,High-Speed,Doctorate
STU11007,22,Female,Medium,15.1,High-Speed,Bachelors
STU11008,19,Male,High,3.8,High-Speed,Bachelors
STU11009,23,Male,Low,8.5,High-Speed,High School
STU11010,18,Male,Low,6.5,High-Speed,High School
STU11011,24,Other,Medium,27.7,High-Speed,High School
STU11012,25,Female,Medium,13.1,Limited,Bachelors
STU11013,21,Male,Medium,12.5,Limited,High School
STU11014,18,Female,Medium,0.5,Moderate,High School
STU11015,19,Female,Low,7.6,High-Speed,Bachelors
STU11016,19,Male,High,6.0,Moderate,Bachelors
STU11017,25,Female,High,25.0,High-Speed,High School
STU11018,18,Female,Medium,2.8,High-Speed,Bachelors
STU11019,21,Male,High,3.0,High-Speed,Masters
STU11020,24,Female,Medium,5.0,High-Speed,Bachelors
STU11021,24,Male,Medium,2.6,High-Speed,Masters
STU11022,18,Female,Low,1.3,High-Speed,Masters
STU11023,22,Female,Medium,18.5,Limited,High School
STU11024,20,Female,Medium,7.8,High-Speed,High School
STU11025,23,Male,Low,18.8,Limited,Bachelors
STU11026,22,Female,Medium,16.9,High-Speed,Bachelors
STU11027,24,Female,Medium,3.1,High-Speed,Bachelors
STU11028,20,Male,Medium,7.5,High-Speed,High School
STU11029,23,Female,Medium,0.8,Moderate,Bachelors
STU11030,23,Male,High,23.4,High-Speed,High School
STU11031,23,Female,Low,4.9,High-Speed,Doctorate
STU11032,19,Male,Medium,4.8,High-Speed,High School
STU11033,25,Male,Medium,3.4,High-Speed,Masters
STU11034,23,Male,Medium,5.9,Moderate,High School
STU11035,21,Female,Medium,2.8,High-Speed,High School
STU11036,18,Male,Low,4.5,High-Speed,High School
STU11037,24,Female,High,15.3,Moderate,Doctorate
STU11038,21,Male,Medium,17.1,High-Speed,High School
STU11039,18,Male,High,3.4,Moderate,Bachelors
STU11040,22,Female,Medium,6.0,Moderate,Masters
STU11041,25,Female,Medium,19.7,Limited,Bachelors
STU11042,22,Male,High,0.5,High-Speed,High School
STU11043,18,Female,Medium,20.9,Moderate,Doctorate
STU11044,21,Female,Medium,2.4,High-Speed,Masters
STU11045,18,Female,Medium,10.8,Moderate,Bachelors
STU11046,23,Male,High,8.3,High-Speed,Bachelors
STU11047,19,Male,Medium,7.6,High-Speed,Doctorate
STU11048,24,Female,Medium,18.6,Moderate,Doctorate
STU11049,22,Male,Low,1.0,High-Speed,Bachelors
STU11050,24,Female,High,4.0,Moderate,Masters
STU11051,19,Female,Low,7.3,Moderate,High School
STU11052,23,Female,Medium,15.8,High-Speed,High School
STU11053,23,Female,Medium,2.3,High-Speed,High School
STU11054,22,Other,Medium,15.4,High-Speed,High School
STU11055,22,Male,Medium,4.8,Limited,Bachelors
STU11056,23,Female,Low,2.0,High-Speed,Bachelors
STU11057,20,Male,Medium,13.5,High-Speed,High School
STU11058,24,Male,Medium,0.9,Moderate,Bachelors
STU11059,25,Female,High,6.9,Limited,High School
STU11060,19,Female,Low,0.6,Moderate,Doctorate
STU11061,24,Other,High,4.2,Moderate,Masters
STU11062,19,Female,Medium,8.7,High-Speed,High School
STU11063,20,Male,High,7.7,High-Speed,Masters
STU11064,25,Male,Medium,4.9,High-Speed,High School
STU11065,21,Female,Medium,5.3,Moderate,Bachelors
STU11066,19,Male,High,2.4,Moderate,Doctorate
STU11067,24,Male,High,5.8,Moderate,High School
STU11068,18,Male,Medium,29.1,Moderate,Bachelors
STU11069,25,Male,Low,18.1,High-Speed,High School
STU11070,23,Male,Medium,1.5,High-Speed,High School
STU11071,23,Male,Medium,0.3,High-Speed,Bachelors
STU11072,20,Male,Low,25.8,High-Speed,Doctorate
STU11073,19,Male,Low,7.1,Moderate,Bachelors
STU11074,21,Other,High,7.3,High-Speed,Masters
STU11075,19,Male,Low,14.4,Moderate,Masters
STU11076,23,Male,Medium,3.6,Moderate,High School
STU11077,22,Female,Low,6.2,High-Speed,Bachelors
STU11078,18,Male,Medium,32.9,High-Speed,Bachelors
STU11079,25,Female,Low,10.6,High-Speed,Bachelors
STU11080,20,Female,Low,1.6,High-Speed,High School
STU11081,22,Male,Medium,1.4,Moderate,Doctorate
STU11082,24,Male,High,2.2,High-Speed,Bachelors
STU11083,21,Female,Low,13.8,Moderate,Bachelors
STU11084,22,Female,Medium,3.3,Moderate,Bachelors
STU11085,24,Male,Medium,0.2,High-Speed,High School
STU11086,22,Female,High,27.4,Moderate,Bachelors
STU11087,21,Male,Medium,1.8,Moderate,Masters
STU11088,25,Other,Medium,0.1,Moderate,Masters
STU11089,22,Male,Medium,2.6,High-Speed,High School
STU11090,20,Female,High,2.5,High-Speed,Bachelors
STU11091,23,Female,Low,5.2,High-Speed,Bachelors
STU11092,19,Female,Medium,24.0,High-Speed,High School
STU11093,22,Female,High,20.1,Moderate,High School
STU11094,20,Male,Medium,5.8,Moderate,Bachelors
STU11095,19,Male,Medium,5.0,Limited,Bachelors
STU11096,25,Male,Medium,7.7,High-Speed,High School
STU11097,24,Male,Medium,2.7,High-Speed,High School
STU11098,19,Female,Medium,0.5,Moderate,High School
STU11099,24,Male,Medium,26.6,High-Speed,High School
STU11100,22,Male,Medium,2.0,High-Speed,Bachelors
STU11101,20,Female,Medium,2.1,High-Speed,High School
STU11102,23,Female,High,6.1,High-Speed,High School
STU11103,22,Female,Low,6.4,Moderate,Masters
STU11104,24,Other,Medium,0.2,High-Speed,High School
STU11105,21,Male,Medium,1.5,Moderate,Bachelors
STU11106,19,Male,Medium,4.5,Moderate,Doctorate
STU11107,22,Female,Low,10.9,High-Speed,Bachelors
STU11108,24,Female,Medium,2.5,Limited,Bachelors
STU11109,25,Male,High,5.2,High-Speed,Bachelors
STU11110,19,Female,Medium,7.7,Limited,High School
STU11111,25,Male,High,20.8,High-Speed,Bachelors
STU11112,24,Male,High,3.7,Moderate,Bachelors
STU11113,20,Female,Low,1.4,High-Speed,High School
STU11114,18,Female,Low,6.4,Moderate,Bachelors
STU11115,25,Female,High,13.0,Moderate,Masters
STU11116,22,Male,High,1.1,High-Speed,High School
STU11117,23,Female,Low,5.3,Limited,Bachelors
STU11118,22,Male,Low,0.2,High-Speed,Bachelors
STU11119,19,Male,Low,0.3,High-Speed,Masters
STU11120,20,Female,High,6.3,Moderate,Masters
STU11121,24,Female,Low,3.4,Moderate,Bachelors
STU11122,21,Female,Medium,17.7,High-Speed,High School
STU11123,23,Female,High,8.8,High-Speed,High School
STU11124,20,Female,Low,5.7,Limited,High School
STU11125,25,Female,Medium,5.0,Moderate,Bachelors
STU11126,25,Male,Low,6.5,High-Speed,Bachelors
STU11127,22,Male,High,0.4,High-Speed,Doctorate
STU11128,21,Male,Low,21.2,Limited,Bachelors
STU11129,20,Male,Medium,60.6,Moderate,Bachelors
STU11130,18,Female,Medium,1.9,Limited,Bachelors
STU11131,23,Female,Low,1.2,High-Speed,High School
STU11132,19,Male,Low,1.5,Moderate,Bachelors
STU11133,20,Male,Medium,10.3,Moderate,Bachelors
STU11134,20,Female,Low,10.3,High-Speed,Doctorate
STU11135,18,Male,High,17.9,High-Speed,High School
STU11136,22,Female,High,13.2,Moderate,Doctorate
STU11137,24,Female,Medium,5.7,High-Speed,Bachelors
STU11138,24,Male,Medium,9.0,Moderate,High School
STU11139,23,Female,Medium,11.1,Moderate,High School
STU11140,23,Female,High,6.8,Moderate,High School
STU11141,19,Male,Medium,6.1,Moderate,Bachelors
STU11142,20,Female,Low,9.8,High-Speed,High School
STU11143,21,Female,Low,7.7,High-Speed,Bachelors
STU11144,20,Male,Medium,9.8,Moderate,Doctorate
STU11145,24,Female,Medium,9.0,High-Speed,Bachelors
STU11146,19,Female,Medium,12.1,High-Speed,Bachelors
STU11147,20,Female,Low,9.8,High-Speed,High School
STU11148,18,Female,Medium,7.0,High-Speed,Bachelors
STU11149,24,Female,Low,10.9,Moderate,High School
STU11150,20,Female,Low,5.7,High-Speed,Masters
STU11151,20,Female,Medium,2.6,High-Speed,High School
STU11152,24,Female,Low,0.0,Limited,Bachelors
STU11153,21,Female,Medium,7.8,Moderate,Bachelors
STU11154,24,Female,Medium,8.5,Moderate,Bachelors
STU11155,18,Female,Medium,34.0,Moderate,Masters
STU11156,18,Male,Medium,4.3,Moderate,High School
STU11157,20,Female,Low,4.8,Moderate,High School
STU11158,23,Female,Low,2.1,High-Speed,Bachelors
STU11159,21,Male,High,0.7,Limited,Bachelors
STU11160,20,Female,Medium,14.1,High-Speed,Bachelors
STU11161,24,Male,Medium,2.7,Limited,High School
STU11162,20,Male,Low,8.9,High-Speed,Bachelors
STU11163,19,Female,Medium,11.1,High-Speed,Doctorate
STU11164,19,Male,Medium,6.1,High-Speed,Bachelors
STU11165,23,Female,Medium,19.9,High-Speed,Masters
STU11166,21,Female,Medium,5.6,Moderate,Bachelors
STU11167,22,Female,Low,3.2,Limited,High School
STU11168,25,Male,Low,21.5,Limited,High School
STU11169,19,Male,High,18.8,Limited,Bachelors
STU11170,22,Female,High,1.7,High-Speed,Bachelors
STU11171,18,Other,Low,0.2,Limited,Bachelors
STU11172,19,Female,Medium,0.9,High-Speed,Bachelors
STU11173,19,Male,Low,3.2,Moderate,Doctorate
STU11174,21,Female,Low,34.1,High-Speed,Bachelors
STU11175,23,Female,Medium,7.8,High-Speed,Bachelors
STU11176,22,Female,Low,4.4,Limited,High School
STU11177,24,Male,Medium,20.9,Limited,Bachelors
STU11178,19,Female,Medium,5.7,Moderate,Masters
STU11179,19,Female,Low,3.6,Moderate,High School
STU11180,21,Female,Low,26.9,High-Speed,Doctorate
STU11181,21,Male,High,18.0,Moderate,Doctorate
STU11182,23,Female,Low,17.6,Moderate,Bachelors
STU11183,22,Female,Medium,6.8,High-Speed,High School
STU11184,18,Male,Medium,14.8,High-Speed,High School
STU11185,24,Female,Medium,1.9,High-Speed,High School
STU11186,23,Female,Medium,8.1,Moderate,High School
STU11187,25,Male,Low,39.2,High-Speed,Bachelors
STU11188,18,Male,Low,3.3,High-Speed,High School
STU11189,20,Female,Low,15.0,High-Speed,Bachelors
STU11190,19,Male,Medium,6.4,High-Speed,High School
STU11191,22,Female,Medium,0.4,Moderate,High School
STU11192,23,Male,Low,13.7,Moderate,Bachelors
STU11193,19,Female,Low,1.8,High-Speed,Doctorate
STU11194,22,Male,Medium,9.5,High-Speed,Bachelors
STU11195,22,Female,Medium,0.9,High-Speed,Bachelors
STU11196,22,Female,High,27.9,Moderate,Bachelors
STU11197,19,Female,Medium,3.3,High-Speed,Bachelors
STU11198,23,Female,Medium,2.4,High-Speed,Masters
STU11199,24,Male,Medium,1.3,Moderate,High School
STU11200,21,Female,High,27.7,High-Speed,Masters
STU11201,19,Male,High,11.8,Moderate,High School
STU11202,25,Male,Medium,12.9,High-Speed,Masters
STU11203,22,Male,Low,6.6,Moderate,High School
STU11204,23,Male,Low,6.1,High-Speed,Masters
STU11205,24,Female,Medium,1.1,High-Speed,Doctorate
STU11206,20,Female,Medium,7.8,High-Speed,High School
STU11207,25,Male,Medium,2.7,Moderate,Doctorate
STU11208,18,Male,Low,35.9,Limited,High School
STU11209,25,Other,Medium,15.1,High-Speed,High School
STU11210,22,Male,High,5.1,Moderate,Bachelors
STU11211,20,Male,Low,1.6,Moderate,Doctorate
STU11212,21,Male,Medium,14.6,Limited,Bachelors
STU11213,24,Female,Medium,1.2,Moderate,Bachelors
STU11214,24,Female,High,2.0,High-Speed,Bachelors
STU11215,22,Male,High,2.3,Moderate,Doctorate
STU11216,25,Male,Medium,7.7,High-Speed,Bachelors
STU11217,25,Female,Medium,14.7,High-Speed,High School
STU11218,24,Female,High,3.6,High-Speed,High School
STU11219,20,Male,Medium,0.8,Limited,High School
STU11220,22,Female,Medium,5.9,Limited,Bachelors
STU11221,19,Male,Medium,13.1,Moderate,High School
STU11222,23,Male,Low,2.4,Limited,High School
STU11223,20,Female,Medium,2.4,Moderate,Masters
STU11224,23,Male,High,27.9,High-Speed,High School
STU11225,19,Female,Medium,29.3,High-Speed,Bachelors
STU11226,19,Male,Medium,44.2,High-Speed,High School
STU11227,23,Male,Low,15.7,High-Speed,High School
STU11228,20,Other,Medium,2.0,High-Speed,High School
STU11229,23,Male,Low,2.3,High-Speed,Bachelors
STU11230,23,Female,Low,4.0,Moderate,Masters
STU11231,18,Male,Medium,3.6,Moderate,High School
STU11232,20,Male,Low,29.8,Moderate,High School
STU11233,25,Male,Medium,14.8,Limited,Bachelors
STU11234,25,Female,Medium,12.2,High-Speed,Bachelors
STU11235,18,Male,High,2.0,Moderate,Bachelors
STU11236,22,Female,Medium,22.8,High-Speed,Doctorate
STU11237,24,Male,Low,16.7,High-Speed,Bachelors
STU11238,25,Female,Low,1.7,Limited,Bachelors
STU11239,23,Male,Medium,19.5,High-Speed,Masters
STU11240,22,Female,Medium,3.0,High-Speed,Bachelors
STU11241,25,Female,Medium,0.8,High-Speed,High School
STU11242,20,Female,Medium,10.2,Moderate,High School
STU11243,23,Female,Low,10.1,Limited,High School
STU11244,24,Female,Medium,0.9,High-Speed,High School
STU11245,22,Female,Medium,3.6,Moderate,High School
STU11246,25,Male,Low,46.9,High-Speed,High School
STU11247,25,Male,Low,10.8,High-Speed,Masters
STU11248,21,Female,Low,12.4,High-Speed,Masters
STU11249,25,Female,Low,2.3,Moderate,Bachelors
STU11250,19,Female,Medium,0.8,High-Speed,Masters
STU11251,23,Male,Low,3.1,High-Speed,High School
STU11252,24,Male,Low,2.7,High-Speed,Masters
STU11253,19,Male,Low,2.5,High-Speed,Bachelors
STU11254,18,Female,High,2.0,Moderate,High School
STU11255,22,Male,High,8.1,High-Speed,High School
STU11256,25,Male,Low,3.8,High-Speed,High School
STU11257,18,Female,Medium,16.3,High-Speed,High School
STU11258,24,Male,Low,1.9,High-Speed,High School
STU11259,23,Female,Medium,5.9,Moderate,High School
STU11260,19,Male,Low,0.1,High-Speed,High School
STU11261,19,Female,Medium,6.2,High-Speed,High School
STU11262,22,Male,Medium,0.5,High-Speed,Doctorate
STU11263,23,Male,High,36.1,High-Speed,High School
STU11264,25,Male,Low,14.9,Moderate,High School
STU11265,21,Male,High,6.4,Moderate,Bachelors
STU11266,21,Male,Medium,0.9,Moderate,Masters
STU11267,22,Male,Low,8.5,High-Speed,High School
STU11268,23,Female,Medium,13.5,Moderate,Masters
STU11269,22,Male,Low,2.0,Moderate,High School
STU11270,23,Female,Low,8.0,High-Speed,High School
STU11271,24,Female,Low,16.0,Moderate,High School
STU11272,24,Female,Medium,13.9,Moderate,Bachelors
STU11273,18,Male,Medium,15.4,High-Speed,High School
STU11274,25,Male,High,20.1,High-Speed,Bachelors
STU11275,22,Male,Low,26.4,Moderate,High School
STU11276,25,Male,High,4.9,High-Speed,Bachelors
STU11277,23,Other,Low,8.0,Moderate,High School
STU11278,21,Male,Medium,14.9,Moderate,Bachelors
STU11279,25,Female,Medium,11.3,Moderate,Bachelors
STU11280,23,Female,Low,51.4,High-Speed,Bachelors
STU11281,24,Female,High,0.1,High-Speed,High School
STU11282,23,Female,Medium,4.2,High-Speed,Masters
STU11283,22,Male,Medium,3.1,Moderate,Bachelors
STU11284,18,Male,Medium,2.9,Moderate,High School
STU11285,18,Female,Medium,2.4,Moderate,Doctorate
STU11286,18,Male,Medium,11.7,High-Speed,Bachelors
STU11287,18,Male,Medium,0.8,Limited,Bachelors
STU11288,24,Male,Low,12.9,Limited,High School
STU11289,20,Male,Medium,11.2,High-Speed,Bachelors
STU11290,25,Male,High,2.7,High-Speed,High School
STU11291,22,Male,Low,2.8,Moderate,Bachelors
STU11292,19,Female,Low,9.4,Moderate,Bachelors
STU11293,22,Female,Medium,13.6,Limited,Bachelors
STU11294,20,Female,Medium,19.9,High-Speed,High School
STU11295,18,Male,Medium,18.2,High-Speed,Masters
STU11296,20,Male,Low,31.8,Moderate,High School
STU11297,21,Male,Medium,8.3,Moderate,Bachelors
STU11298,21,Female,Low,22.7,Moderate,Bachelors
STU11299,25,Female,Medium,15.7,Limited,Bachelors
STU11300,24,Male,Medium,21.4,High-Speed,High School
STU11301,22,Female,Low,0.1,Moderate,High School
STU11302,22,Male,Medium,32.1,High-Speed,High School
STU11303,19,Female,High,6.1,High-Speed,Bachelors
STU11304,24,Female,Medium,15.2,High-Speed,High School
STU11305,19,Female,High,1.3,Moderate,Bachelors
STU11306,21,Female,Medium,4.8,Limited,Bachelors
STU11307,18,Female,Medium,3.0,High-Speed,High School
STU11308,20,Male,Low,3.3,High-Speed,High School
STU11309,19,Female,Low,1.2,Moderate,High School
STU11310,23,Male,Low,15.6,Moderate,High School
STU11311,19,Female,Medium,0.1,Limited,Bachelors
STU11312,18,Female,High,3.6,High-Speed,Bachelors
STU11313,18,Female,Medium,1.8,High-Speed,Bachelors
STU11314,22,Male,Medium,8.4,High-Speed,High School
STU11315,20,Female,Medium,2.8,High-Speed,Masters
STU11316,18,Female,Medium,2.8,High-Speed,High School
STU11317,24,Female,Medium,6.4,High-Speed,High School
STU11318,19,Male,Medium,10.0,High-Speed,Bachelors
STU11319,19,Male,Medium,1.2,High-Speed,Masters
STU11320,21,Male,Low,1.8,Limited,High School
STU11321,18,Male,High,2.7,High-Speed,Bachelors
STU11322,23,Female,Low,34.6,High-Speed,Masters
STU11323,22,Male,Low,4.8,Moderate,Bachelors
STU11324,20,Female,High,8.7,Moderate,High School
STU11325,23,Male,Medium,2.6,Moderate,Masters
STU11326,22,Male,Medium,6.4,Moderate,Bachelors
STU11327,19,Female,Medium,0.7,Moderate,Bachelors
STU11328,23,Female,Medium,0.3,Moderate,Bachelors
STU11329,22,Female,Low,6.0,Moderate,Doctorate
STU11330,19,Female,Medium,4.8,Moderate,Bachelors
STU11331,19,Female,Medium,1.4,High-Speed,High School
STU11332,19,Male,Medium,11.1,High-Speed,Bachelors
STU11333,19,Other,Medium,47.0,Moderate,High School
STU11334,24,Female,High,4.8,High-Speed,High School
STU11335,19,Female,Low,9.3,Limited,Bachelors
STU11336,21,Male,Medium,31.3,High-Speed,High School
STU11337,23,Female,Medium,16.9,High-Speed,Bachelors
STU11338,22,Male,High,5.9,Limited,Masters
STU11339,21,Male,Low,12.7,High-Speed,Bachelors
STU11340,24,Male,Medium,1.3,Limited,Masters
STU11341,25,Male,High,6.8,Limited,High School
STU11342,25,Female,Low,3.1,Moderate,Masters
STU11343,21,Female,High,1.7,High-Speed,Masters
STU11344,18,Female,Low,5.3,Moderate,High School
STU11345,18,Male,Medium,1.3,Moderate,High School
STU11346,18,Male,High,11.4,Moderate,High School
STU11347,20,Male,Medium,5.8,Moderate,Masters
STU11348,18,Other,Medium,7.2,Limited,Masters
STU11349,22,Male,Low,1.5,Moderate,High School
STU11350,21,Female,High,1.4,Limited,Bachelors
STU11351,22,Female,Medium,8.3,High-Speed,High School
STU11352,23,Male,Low,39.9,High-Speed,Bachelors
STU11353,18,Female,Medium,1.0,High-Speed,Doctorate
STU11354,24,Male,Medium,3.2,High-Speed,High School
STU11355,20,Female,Low,19.3,Moderate,Masters
STU11356,23,Female,Low,0.7,High-Speed,Masters
STU11357,24,Male,Low,19.8,Limited,Doctorate
STU11358,20,Male,Medium,7.1,High-Speed,High School
STU11359,25,Female,Medium,5.0,High-Speed,High School
STU11360,23,Female,Medium,3.5,High-Speed,High School
STU11361,25,Male,High,3.3,High-Speed,Bachelors
STU11362,21,Female,High,3.5,High-Speed,Bachelors
STU11363,22,Female,Medium,20.5,High-Speed,High School
STU11364,19,Female,Low,12.2,Moderate,Bachelors
STU11365,22,Male,Medium,10.5,High-Speed,High School
STU11366,18,Female,Medium,15.2,High-Speed,High School
STU11367,25,Female,Medium,2.8,Moderate,Bachelors
STU11368,24,Male,Medium,9.1,High-Speed,High School
STU11369,19,Male,Medium,5.9,High-Speed,High School
STU11370,20,Female,High,14.5,High-Speed,High School
STU11371,25,Male,Low,3.5,High-Speed,Masters
STU11372,21,Female,Medium,9.8,Moderate,Bachelors
STU11373,21,Female,Low,20.3,High-Speed,Bachelors
STU11374,25,Male,High,4.9,Moderate,Bachelors
STU11375,25,Female,Low,0.7,Limited,Bachelors
STU11376,25,Male,Low,6.9,High-Speed,High School
STU11377,20,Female,Medium,4.0,Limited,Bachelors
STU11378,18,Male,Medium,10.6,High-Speed,Bachelors
STU11379,20,Female,Low,28.7,High-Speed,Bachelors
STU11380,23,Male,Medium,6.3,High-Speed,Bachelors
STU11381,24,Male,Medium,6.0,High-Speed,Bachelors
STU11382,25,Female,Low,10.1,Moderate,High School
STU11383,24,Male,Medium,1.0,High-Speed,Masters
STU11384,18,Female,High,2.8,Moderate,High School
STU11385,19,Male,Medium,23.9,Moderate,Masters
STU11386,20,Female,Medium,10.5,High-Speed,High School
STU11387,18,Male,Medium,0.1,Moderate,High School
STU11388,24,Female,Medium,2.2,Limited,Bachelors
STU11389,19,Male,Low,10.9,High-Speed,High School
STU11390,20,Male,Low,13.7,High-Speed,Masters
STU11391,21,Male,High,17.4,High-Speed,Bachelors
STU11392,20,Male,High,3.3,High-Speed,Bachelors
STU11393,22,Female,Medium,25.4,High-Speed,High School
STU11394,20,Male,Low,7.6,High-Speed,High School
STU11395,22,Female,Low,11.3,Moderate,High School
STU11396,19,Male,Medium,8.6,Moderate,Bachelors
STU11397,20,Male,Medium,1.2,High-Speed,Bachelors
STU11398,19,Female,Low,31.3,High-Speed,Bachelors
STU11399,19,Female,High,1.2,High-Speed,Doctorate
STU11400,24,Male,Medium,2.8,High-Speed,Bachelors
STU11401,18,Male,High,16.0,High-Speed,Masters
STU11402,19,Male,Medium,9.2,Limited,High School
STU11403,19,Female,Medium,17.3,High-Speed,High School
STU11404,24,Female,Medium,6.9,High-Speed,High School
STU11405,24,Male,Medium,4.5,High-Speed,High School
STU11406,20,Female,Medium,24.2,Moderate,Bachelors
STU11407,24,Female,Medium,0.4,Moderate,Bachelors
STU11408,20,Female,Medium,18.4,High-Speed,Bachelors
STU11409,21,Female,High,2.5,High-Speed,Bachelors
STU11410,24,Male,Medium,17.9,High-Speed,Doctorate
STU11411,18,Male,Medium,1.4,High-Speed,Masters
STU11412,19,Male,High,8.2,Limited,High School
STU11413,18,Male,Low,20.8,Moderate,High School
STU11414,22,Female,Low,6.1,Moderate,High School
STU11415,25,Female,Medium,13.0,High-Speed,High School
STU11416,24,Male,Medium,15.5,High-Speed,Bachelors
STU11417,19,Male,High,12.7,Moderate,Bachelors
STU11418,18,Male,Medium,24.6,High-Speed,High School
STU11419,24,Female,Medium,5.6,Limited,Bachelors
STU11420,24,Male,Medium,1.8,High-Speed,Bachelors
STU11421,25,Female,Low,0.5,High-Speed,High School
STU11422,21,Male,Medium,2.7,Moderate,High School
STU11423,21,Male,High,1.5,High-Speed,Masters
STU11424,19,Other,Low,7.8,High-Speed,Bachelors
STU11425,22,Female,Medium,1.9,High-Speed,High School
STU11426,21,Male,Medium,0.4,Moderate,High School
STU11427,25,Female,Low,0.3,High-Speed,High School
STU11428,21,Female,Low,16.9,High-Speed,High School
STU11429,22,Female,High,8.5,Moderate,Masters
STU11430,18,Male,Medium,4.2,High-Speed,High School
STU11431,21,Female,Low,21.3,Limited,High School
STU11432,25,Male,Low,0.7,High-Speed,High School
STU11433,20,Female,Medium,37.3,Moderate,Bachelors
STU11434,25,Male,Medium,9.1,High-Speed,High School
STU11435,23,Male,Medium,1.9,Moderate,High School
STU11436,23,Male,Low,10.8,Moderate,Bachelors
STU11437,21,Female,High,13.7,Limited,Bachelors
STU11438,18,Male,Medium,5.3,High-Speed,High School
STU11439,24,Female,Medium,18.8,High-Speed,High School
STU11440,18,Female,Medium,1.6,Moderate,Bachelors
STU11441,25,Male,Medium,3.1,High-Speed,Doctorate
STU11442,19,Female,High,0.9,High-Speed,High School
STU11443,20,Male,High,2.2,Limited,High School
STU11444,18,Female,Medium,2.6,High-Speed,High School
STU11445,22,Male,High,23.7,Limited,Bachelors
STU11446,25,Female,Medium,0.8,High-Speed,Bachelors
STU11447,20,Female,High,5.3,Moderate,Bachelors
STU11448,23,Female,Low,7.2,High-Speed,Bachelors
STU11449,25,Female,Medium,21.8,High-Speed,Masters
STU11450,20,Female,Low,57.7,Limited,Masters
STU11451,22,Female,High,13.3,High-Speed,Bachelors
STU11452,21,Female,Low,33.6,Moderate,Bachelors
STU11453,22,Female,Medium,14.7,Moderate,High School
STU11454,22,Male,Medium,31.4,High-Speed,Bachelors
STU11455,21,Female,Medium,11.7,Limited,Bachelors
STU11456,21,Female,Medium,0.8,High-Speed,Bachelors
STU11457,21,Female,High,4.9,Moderate,High School
STU11458,21,Male,Medium,9.9,High-Speed,Bachelors
STU11459,21,Female,High,4.1,Moderate,Bachelors
STU11460,22,Male,Low,3.0,Moderate,Bachelors
STU11461,19,Female,Medium,8.2,High-Speed,High School
STU11462,19,Male,Medium,25.8,Moderate,Bachelors
STU11463,25,Female,Low,0.3,High-Speed,High School
STU11464,18,Other,Medium,13.9,High-Speed,Masters
STU11465,19,Male,Medium,12.2,High-Speed,Bachelors
STU11466,23,Female,Medium,31.6,High-Speed,High School
STU11467,19,Male,Medium,25.4,High-Speed,High School
STU11468,22,Female,Medium,13.6,High-Speed,Bachelors
STU11469,21,Female,Low,7.0,High-Speed,High School
STU11470,25,Female,Low,2.2,High-Speed,Doctorate
STU11471,21,Female,Medium,7.5,High-Speed,Bachelors
STU11472,24,Female,Low,13.8,Moderate,High School
STU11473,24,Male,Low,21.5,Moderate,Bachelors
STU11474,24,Male,Medium,14.8,High-Speed,High School
STU11475,22,Female,Medium,2.1,Moderate,Masters
STU11476,23,Female,Medium,8.7,Moderate,High School
STU11477,19,Female,Medium,3.8,Moderate,Doctorate
STU11478,22,Female,Medium,0.1,High-Speed,Bachelors
STU11479,18,Male,Medium,2.1,High-Speed,Masters
STU11480,25,Female,Medium,1.1,Moderate,High School
STU11481,21,Male,Medium,17.6,Moderate,High School
STU11482,24,Female,Medium,2.8,High-Speed,Bachelors
STU11483,20,Male,Medium,3.2,High-Speed,Bachelors
STU11484,18,Male,Low,30.6,Moderate,High School
STU11485,24,Male,Medium,4.5,Moderate,High School
STU11486,23,Male,Medium,0.1,Moderate,High School
STU11487,18,Female,High,3.2,High-Speed,Bachelors
STU11488,22,Male,High,1.2,High-Speed,High School
STU11489,19,Male,Medium,1.0,High-Speed,High School
STU11490,21,Male,Low,0.8,High-Speed,High School
STU11491,25,Male,Low,8.5,High-Speed,Bachelors
STU11492,23,Male,Medium,2.0,Moderate,High School
STU11493,23,Male,Medium,4.3,High-Speed,Doctorate
STU11494,20,Female,Low,18.8,Moderate,High School
STU11495,18,Female,Medium,5.2,High-Speed,Masters
STU11496,20,Female,Low,23.5,High-Speed,Bachelors
STU11497,19,Male,High,6.5,High-Speed,High School
STU11498,24,Male,Low,4.8,High-Speed,High School
STU11499,19,Female,High,13.2,Moderate,Bachelors
STU11500,24,Female,High,0.7,High-Speed,Bachelors
STU11501,20,Male,Medium,0.9,High-Speed,Bachelors
STU11502,21,Male,Medium,10.0,High-Speed,High School
STU11503,19,Male,Medium,6.3,High-Speed,Masters
STU11504,20,Male,Medium,14.8,Moderate,Doctorate
STU11505,18,Male,Medium,23.6,High-Speed,Bachelors
STU11506,20,Female,Medium,4.7,Moderate,Bachelors
STU11507,20,Female,Medium,8.6,Moderate,Bachelors
STU11508,22,Female,Medium,6.6,High-Speed,High School
STU11509,19,Female,Medium,38.0,High-Speed,High School
STU11510,25,Female,Low,16.9,Moderate,Bachelors
STU11511,21,Female,Medium,23.1,Moderate,Masters
STU11512,21,Female,Low,2.8,High-Speed,High School
STU11513,22,Male,Low,14.1,High-Speed,Bachelors
STU11514,24,Male,Low,2.9,High-Speed,Masters
STU11515,23,Male,Low,2.2,High-Speed,High School
STU11516,24,Female,Low,27.4,High-Speed,High School
STU11517,21,Female,High,0.2,High-Speed,Bachelors
STU11518,20,Male,Low,32.0,High-Speed,High School
STU11519,22,Female,Medium,1.5,High-Speed,High School
STU11520,18,Male,Low,16.3,High-Speed,High School
STU11521,19,Female,High,3.1,Moderate,High School
STU11522,19,Male,Medium,4.1,High-Speed,Masters
STU11523,25,Male,Medium,2.3,Limited,Bachelors
STU11524,19,Male,Medium,8.4,High-Speed,Bachelors
STU11525,20,Male,Medium,4.1,Moderate,Bachelors
STU11526,18,Male,Medium,10.2,High-Speed,Doctorate
STU11527,22,Male,Low,0.1,Moderate,High School
STU11528,22,Female,High,0.6,High-Speed,High School
STU11529,19,Female,Medium,1.0,High-Speed,Doctorate
STU11530,18,Male,Medium,5.2,Limited,Doctorate
STU11531,18,Female,Medium,16.0,High-Speed,High School
STU11532,18,Female,Medium,20.8,Limited,High School
STU11533,21,Male,High,2.7,High-Speed,Bachelors
STU11534,21,Male,Medium,8.1,High-Speed,High School
STU11535,19,Male,Medium,13.9,High-Speed,Bachelors
STU11536,18,Male,Low,3.2,Moderate,High School
STU11537,23,Female,High,5.0,High-Speed,High School
STU11538,18,Male,Medium,7.1,Limited,Bachelors
STU11539,22,Female,Low,1.4,High-Speed,Doctorate
STU11540,22,Female,Low,0.3,Moderate,Bachelors
STU11541,19,Male,Medium,1.6,High-Speed,High School
STU11542,23,Female,High,9.4,High-Speed,Doctorate
STU11543,18,Male,Low,0.7,High-Speed,Bachelors
STU11544,24,Female,Medium,2.0,High-Speed,High School
STU11545,23,Male,Low,3.9,High-Speed,High School
STU11546,25,Female,Medium,0.8,High-Speed,High School
STU11547,19,Female,Medium,2.0,High-Speed,Bachelors
STU11548,22,Male,High,23.0,High-Speed,Bachelors
STU11549,24,Female,Medium,0.2,High-Speed,High School
STU11550,22,Female,High,10.1,High-Speed,High School
STU11551,21,Female,Medium,4.6,High-Speed,High School
STU11552,19,Female,Low,10.6,Limited,Bachelors
STU11553,19,Female,Medium,8.4,Limited,High School
STU11554,18,Male,Medium,2.4,High-Speed,High School
STU11555,18,Male,High,17.8,Limited,Masters
STU11556,21,Female,High,6.4,Moderate,Bachelors
STU11557,24,Male,Low,16.4,High-Speed,High School
STU11558,25,Female,Low,4.9,High-Speed,Bachelors
STU11559,20,Female,Low,39.7,Limited,High School
STU11560,23,Male,High,14.0,Moderate,Bachelors
STU11561,20,Male,High,32.1,Moderate,Bachelors
STU11562,20,Female,Medium,6.9,Moderate,Bachelors
STU11563,19,Male,Medium,6.1,High-Speed,Bachelors
STU11564,23,Female,Medium,13.4,High-Speed,High School
STU11565,19,Male,Medium,20.2,High-Speed,Bachelors
STU11566,25,Female,Low,31.6,High-Speed,High School
STU11567,23,Male,Medium,3.7,High-Speed,High School
STU11568,22,Female,Low,15.2,High-Speed,Masters
STU11569,19,Male,Low,2.2,High-Speed,Bachelors
STU11570,19,Female,High,7.5,High-Speed,Doctorate
STU11571,19,Male,Medium,1.9,High-Speed,High School
STU11572,24,Female,Medium,4.1,High-Speed,Bachelors
STU11573,21,Female,Medium,25.4,High-Speed,High School
STU11574,19,Male,Medium,1.5,High-Speed,Bachelors
STU11575,25,Male,Medium,9.5,Moderate,High School
STU11576,18,Male,Medium,8.5,Limited,High School
STU11577,18,Female,Medium,1.2,High-Speed,High School
STU11578,23,Female,Medium,3.7,High-Speed,Bachelors
STU11579,22,Female,Low,7.9,Moderate,High School
STU11580,21,Male,Medium,2.0,High-Speed,Masters
STU11581,24,Male,Medium,15.3,Moderate,High School
STU11582,23,Female,Medium,34.0,High-Speed,High School
STU11583,18,Female,Medium,2.3,Moderate,High School
STU11584,21,Other,Medium,2.0,Limited,Doctorate
STU11585,21,Male,Low,5.8,Moderate,High School
STU11586,22,Female,Medium,13.1,High-Speed,High School
STU11587,25,Male,High,3.1,Moderate,Bachelors
STU11588,21,Male,Low,0.2,Moderate,High School
STU11589,19,Female,Medium,7.4,Moderate,Bachelors
STU11590,21,Female,Medium,29.8,High-Speed,High School
STU11591,22,Other,Low,4.7,Moderate,Bachelors
STU11592,23,Male,Medium,5.2,High-Speed,High School
STU11593,22,Male,Medium,33.0,High-Speed,Bachelors
STU11594,24,Female,Medium,11.3,High-Speed,Bachelors
STU11595,22,Female,High,12.1,High-Speed,Bachelors
STU11596,18,Male,Low,7.9,Moderate,Bachelors
STU11597,19,Male,Low,34.9,Moderate,Masters
STU11598,25,Male,High,11.1,High-Speed,High School
STU11599,18,Female,Medium,21.4,Moderate,High School
STU11600,23,Male,Medium,11.4,Limited,Bachelors
STU11601,20,Male,Medium,12.6,High-Speed,Bachelors
STU11602,23,Male,Medium,3.3,High-Speed,High School
STU11603,19,Male,Medium,3.4,High-Speed,Bachelors
STU11604,21,Male,Low,14.5,High-Speed,High School
STU11605,22,Female,Low,3.3,High-Speed,Bachelors
STU11606,20,Male,Low,7.9,High-Speed,Masters
STU11607,19,Female,High,2.7,High-Speed,Bachelors
STU11608,18,Male,Low,16.1,Limited,High School
STU11609,22,Female,Medium,1.1,Moderate,Bachelors
STU11610,23,Female,High,16.8,High-Speed,Bachelors
STU11611,18,Female,Medium,8.8,High-Speed,High School
STU11612,19,Female,Medium,2.0,High-Speed,Bachelors
STU11613,19,Male,Medium,7.4,High-Speed,Doctorate
STU11614,23,Male,Medium,3.2,High-Speed,High School
STU11615,20,Female,Medium,3.7,High-Speed,High School
STU11616,23,Other,Medium,4.1,High-Speed,High School
STU11617,21,Female,High,0.6,High-Speed,Bachelors
STU11618,18,Female,High,40.5,High-Speed,Masters
STU11619,20,Female,High,0.3,Moderate,Bachelors
STU11620,22,Male,High,10.3,High-Speed,High School
STU11621,24,Male,Medium,4.4,High-Speed,Bachelors
STU11622,21,Female,Medium,9.9,High-Speed,Bachelors
STU11623,20,Female,High,4.2,Limited,Bachelors
STU11624,24,Male,Medium,10.6,Moderate,High School
STU11625,24,Female,High,12.4,High-Speed,Bachelors
STU11626,18,Male,Medium,11.1,Limited,Bachelors
STU11627,19,Female,Medium,1.1,High-Speed,High School
STU11628,22,Male,Medium,10.2,Limited,Bachelors
STU11629,23,Male,High,3.1,High-Speed,Doctorate
STU11630,18,Female,Low,0.3,High-Speed,High School
STU11631,21,Male,Medium,5.1,Moderate,Doctorate
STU11632,25,Female,Medium,5.4,High-Speed,High School
STU11633,24,Female,Low,6.0,Moderate,Bachelors
STU11634,21,Female,Medium,11.6,High-Speed,High School
STU11635,24,Male,Medium,3.5,Moderate,High School
STU11636,19,Male,Medium,3.6,High-Speed,Bachelors
STU11637,25,Male,Medium,0.6,High-Speed,Bachelors
STU11638,19,Other,Medium,11.0,Limited,Bachelors
STU11639,22,Female,Medium,8.0,Moderate,Bachelors
STU11640,23,Female,Medium,4.1,Limited,Bachelors
STU11641,22,Female,Low,11.6,Moderate,Masters
STU11642,19,Female,High,7.3,Moderate,Bachelors
STU11643,19,Female,Medium,6.0,High-Speed,High School
STU11644,21,Male,Medium,6.8,High-Speed,High School
STU11645,19,Female,Medium,9.6,High-Speed,High School
STU11646,25,Male,Medium,10.2,High-Speed,Bachelors
STU11647,25,Female,Medium,3.2,Moderate,High School
STU11648,20,Female,Medium,1.4,High-Speed,High School
STU11649,24,Female,Medium,1.6,Limited,High School
STU11650,18,Male,Medium,9.7,High-Speed,Bachelors
STU11651,19,Male,Medium,19.6,Moderate,High School
STU11652,22,Male,Low,5.0,High-Speed,High School
STU11653,23,Male,Medium,1.8,High-Speed,Bachelors
STU11654,24,Male,Low,13.4,Limited,Bachelors
STU11655,24,Female,Low,17.0,High-Speed,High School
STU11656,23,Female,High,20.2,High-Speed,Bachelors
STU11657,23,Male,Medium,8.9,High-Speed,High School
STU11658,24,Male,Medium,18.7,High-Speed,Masters
STU11659,20,Male,Medium,0.1,High-Speed,High School
STU11660,22,Female,High,1.1,Moderate,Doctorate
STU11661,20,Female,Medium,0.9,High-Speed,Doctorate
STU11662,19,Female,Medium,11.8,High-Speed,Bachelors
STU11663,18,Female,Medium,0.7,High-Speed,High School
STU11664,23,Other,High,6.5,Moderate,Bachelors
STU11665,25,Female,High,6.1,Moderate,High School
STU11666,22,Male,High,3.5,High-Speed,Masters
STU11667,23,Female,Low,19.4,High-Speed,Bachelors
STU11668,20,Male,Low,1.8,High-Speed,Doctorate
STU11669,21,Female,Low,4.1,Moderate,Bachelors
STU11670,19,Male,Low,14.1,Moderate,Bachelors
STU11671,18,Female,High,0.3,Limited,Bachelors
STU11672,19,Female,Low,10.6,High-Speed,High School
STU11673,21,Female,Low,16.1,High-Speed,Bachelors
STU11674,18,Female,Low,25.6,High-Speed,Bachelors
STU11675,21,Male,Low,19.9,High-Speed,Masters
STU11676,19,Male,Low,3.7,High-Speed,Bachelors
STU11677,20,Male,Medium,8.4,High-Speed,Masters
STU11678,24,Male,Medium,0.8,Moderate,Masters
STU11679,19,Female,Low,2.8,High-Speed,Bachelors
STU11680,19,Male,Medium,0.9,Moderate,High School
STU11681,19,Female,Medium,3.6,High-Speed,Bachelors
STU11682,22,Female,Low,19.8,Limited,Bachelors
STU11683,21,Female,Medium,4.1,Limited,High School
STU11684,25,Male,Medium,7.8,Limited,High School
STU11685,21,Female,Medium,5.4,Moderate,Doctorate
STU11686,23,Female,Medium,5.8,Moderate,High School
STU11687,21,Male,Low,33.2,High-Speed,Bachelors
STU11688,23,Female,High,3.3,High-Speed,Masters
STU11689,22,Female,High,9.4,Moderate,Bachelors
STU11690,20,Male,High,5.2,Moderate,Bachelors
STU11691,23,Female,Low,0.6,Limited,Bachelors
STU11692,19,Male,High,6.4,High-Speed,Bachelors
STU11693,20,Male,High,15.9,High-Speed,High School
STU11694,24,Male,High,1.0,Moderate,Doctorate
STU11695,22,Male,Low,0.7,Limited,Bachelors
STU11696,21,Male,Medium,1.6,High-Speed,Bachelors
STU11697,23,Male,High,13.7,High-Speed,Bachelors
STU11698,25,Female,Medium,12.2,High-Speed,High School
STU11699,19,Female,Medium,7.9,High-Speed,Doctorate
STU11700,18,Female,High,6.0,High-Speed,Bachelors
STU11701,24,Male,Medium,20.8,High-Speed,High School
STU11702,18,Male,Medium,13.8,Moderate,Doctorate
STU11703,20,Female,Medium,15.9,High-Speed,Bachelors
STU11704,21,Male,High,15.9,High-Speed,Bachelors
STU11705,25,Male,Low,9.8,Moderate,Bachelors
STU11706,18,Female,Medium,5.8,Limited,High School
STU11707,20,Male,Medium,19.0,Limited,Bachelors
STU11708,22,Female,Medium,24.7,High-Speed,High School
STU11709,20,Female,Medium,0.2,Limited,Bachelors
STU11710,24,Male,High,0.5,High-Speed,Bachelors
STU11711,25,Male,High,30.3,Moderate,Masters
STU11712,25,Female,Low,3.1,Moderate,Bachelors
STU11713,20,Male,Medium,19.6,High-Speed,High School
STU11714,24,Male,Low,4.7,High-Speed,Masters
STU11715,20,Other,Medium,1.2,High-Speed,Bachelors
STU11716,25,Male,Medium,0.8,Moderate,Bachelors
STU11717,25,Female,High,1.6,High-Speed,High School
STU11718,19,Other,High,2.7,Moderate,Masters
STU11719,20,Male,Low,6.4,High-Speed,Masters
STU11720,23,Male,Low,11.5,High-Speed,Bachelors
STU11721,20,Male,Medium,40.8,Limited,Masters
STU11722,25,Male,Medium,5.5,Moderate,High School
STU11723,19,Male,Low,6.9,Limited,Masters
STU11724,19,Female,High,7.0,High-Speed,Bachelors
STU11725,22,Male,High,7.4,High-Speed,High School
STU11726,24,Female,Medium,6.9,High-Speed,Bachelors
STU11727,21,Other,High,0.1,High-Speed,Bachelors
STU11728,18,Female,Medium,0.0,High-Speed,High School
STU11729,18,Female,Medium,1.0,Moderate,High School
STU11730,20,Male,Medium,1.0,High-Speed,High School
STU11731,22,Female,Low,11.6,High-Speed,High School
STU11732,20,Female,High,2.2,High-Speed,High School
STU11733,18,Male,Medium,21.4,High-Speed,High School
STU11734,24,Male,Medium,25.1,Moderate,High School
STU11735,25,Female,Medium,35.4,High-Speed,Doctorate
STU11736,24,Male,Low,26.6,High-Speed,Bachelors
STU11737,24,Male,Low,3.0,High-Speed,High School
STU11738,19,Male,Medium,6.8,Limited,Doctorate
STU11739,25,Male,Medium,1.8,Limited,Bachelors
STU11740,21,Female,Medium,15.6,Moderate,Bachelors
STU11741,25,Female,Medium,20.8,High-Speed,Bachelors
STU11742,22,Female,Medium,18.1,High-Speed,Bachelors
STU11743,19,Male,Medium,5.4,Moderate,High School
STU11744,21,Male,Medium,13.5,Limited,High School
STU11745,22,Male,High,1.0,Limited,Bachelors
STU11746,22,Male,Medium,0.4,Moderate,Bachelors
STU11747,18,Male,Medium,13.3,High-Speed,Bachelors
STU11748,19,Female,Low,5.3,Limited,High School
STU11749,22,Male,Medium,51.4,Moderate,Bachelors
STU11750,23,Female,Low,1.0,Moderate,Bachelors
STU11751,24,Male,Medium,18.4,High-Speed,Doctorate
STU11752,22,Male,Low,6.2,High-Speed,High School
STU11753,21,Male,Medium,16.7,High-Speed,Masters
STU11754,18,Female,Medium,16.1,High-Speed,Masters
STU11755,20,Female,Medium,23.5,High-Speed,Bachelors
STU11756,24,Female,Low,3.4,Moderate,Bachelors
STU11757,18,Male,Low,28.4,High-Speed,High School
STU11758,20,Male,Medium,1.6,High-Speed,Doctorate
STU11759,19,Female,Low,0.8,High-Speed,High School
STU11760,19,Male,Medium,5.4,High-Speed,Bachelors
STU11761,22,Female,Medium,16.7,Limited,High School
STU11762,23,Male,Medium,6.1,High-Speed,Bachelors
STU11763,19,Male,Medium,16.8,High-Speed,Bachelors
STU11764,25,Male,High,12.4,Limited,Masters
STU11765,22,Male,Low,2.2,Moderate,Bachelors
STU11766,24,Female,Low,28.2,High-Speed,Doctorate
STU11767,18,Male,Low,0.6,Moderate,Bachelors
STU11768,19,Male,Low,21.7,Moderate,High School
STU11769,25,Male,Low,3.4,Moderate,High School
STU11770,18,Male,Medium,6.6,High-Speed,Bachelors
STU11771,18,Female,Medium,5.2,Limited,High School
STU11772,23,Female,Medium,1.8,High-Speed,Bachelors
STU11773,19,Female,Medium,4.2,High-Speed,High School
STU11774,18,Female,Medium,2.0,High-Speed,Bachelors
STU11775,23,Male,Medium,2.2,High-Speed,Bachelors
STU11776,23,Female,Low,2.0,Limited,Bachelors
STU11777,19,Male,Medium,6.4,High-Speed,High School
STU11778,23,Male,Low,15.2,High-Speed,High School
STU11779,19,Female,Low,8.0,High-Speed,High School
STU11780,25,Male,Medium,21.3,High-Speed,High School
STU11781,19,Female,High,9.6,Limited,Bachelors
STU11782,20,Male,Medium,11.1,High-Speed,Bachelors
STU11783,18,Female,Low,10.5,Moderate,High School
STU11784,25,Female,High,5.7,Moderate,Bachelors
STU11785,21,Female,Medium,11.1,Moderate,Bachelors
STU11786,19,Female,Medium,0.7,Moderate,High School
STU11787,18,Female,High,18.7,High-Speed,Bachelors
STU11788,24,Male,Medium,14.3,Moderate,High School
STU11789,23,Female,Low,2.7,Moderate,Bachelors
STU11790,22,Male,Medium,13.9,Moderate,Bachelors
STU11791,19,Female,Medium,0.1,Limited,High School
STU11792,23,Female,Medium,2.3,Moderate,Bachelors
STU11793,23,Female,Medium,0.6,Moderate,Bachelors
STU11794,23,Male,High,14.4,Limited,High School
STU11795,23,Male,High,13.4,High-Speed,Bachelors
STU11796,23,Female,High,16.0,High-Speed,Bachelors
STU11797,19,Male,High,0.0,High-Speed,Bachelors
STU11798,24,Male,High,6.6,High-Speed,Bachelors
STU11799,21,Male,Low,11.6,Moderate,Masters
STU11800,20,Female,Low,1.6,Moderate,Doctorate
STU11801,23,Female,Medium,10.0,Moderate,Bachelors
STU11802,23,Male,High,0.8,Limited,Masters
STU11803,20,Male,Medium,1.9,High-Speed,High School
STU11804,24,Male,Medium,6.1,Moderate,Bachelors
STU11805,25,Female,Low,10.1,High-Speed,High School
STU11806,24,Female,Low,1.5,High-Speed,High School
STU11807,25,Male,Medium,1.9,High-Speed,Bachelors
STU11808,19,Male,Low,2.2,Moderate,Bachelors
STU11809,18,Male,Medium,2.6,High-Speed,Bachelors
STU11810,22,Female,Low,2.4,Moderate,Bachelors
STU11811,22,Female,Medium,4.8,High-Speed,Bachelors
STU11812,18,Male,Medium,10.1,High-Speed,Bachelors
STU11813,19,Male,Medium,5.5,High-Speed,High School
STU11814,22,Male,Medium,14.2,High-Speed,High School
STU11815,24,Female,Low,12.1,Limited,High School
STU11816,20,Male,High,1.3,High-Speed,Bachelors
STU11817,18,Female,Medium,0.5,Limited,High School
STU11818,24,Female,Medium,20.0,Limited,High School
STU11819,21,Male,Medium,0.8,Limited,Bachelors
STU11820,19,Male,Low,1.5,High-Speed,Bachelors
STU11821,18,Male,High,0.2,Limited,Bachelors
STU11822,22,Female,Medium,9.4,High-Speed,High School
STU11823,19,Female,Medium,8.3,High-Speed,Bachelors
STU11824,20,Female,Low,41.2,High-Speed,Bachelors
STU11825,19,Female,High,20.7,Limited,Masters
STU11826,19,Male,Medium,5.0,High-Speed,Bachelors
STU11827,20,Female,Low,4.4,High-Speed,High School
STU11828,23,Female,Medium,3.3,High-Speed,Bachelors
STU11829,20,Male,High,1.6,High-Speed,High School
STU11830,24,Female,Medium,1.4,High-Speed,High School
STU11831,19,Female,Medium,1.3,Moderate,High School
STU11832,25,Female,Medium,1.2,High-Speed,Bachelors
STU11833,20,Female,Medium,2.6,Limited,Bachelors
STU11834,23,Female,Medium,3.5,Moderate,Bachelors
STU11835,24,Female,Low,31.0,Limited,Bachelors
STU11836,25,Male,Medium,8.2,High-Speed,High School
STU11837,25,Male,High,41.7,Moderate,Bachelors
STU11838,18,Female,Medium,4.4,High-Speed,Bachelors
STU11839,20,Male,Medium,5.8,High-Speed,Bachelors
STU11840,20,Male,Medium,3.7,Moderate,Bachelors
STU11841,19,Male,Medium,1.9,Moderate,High School
STU11842,24,Male,High,1.5,Moderate,Bachelors
STU11843,18,Female,Medium,27.6,Moderate,Bachelors
STU11844,21,Female,Low,41.1,High-Speed,Bachelors
STU11845,21,Male,High,0.4,Moderate,Bachelors
STU11846,22,Male,Medium,1.5,High-Speed,Masters
STU11847,20,Male,High,5.2,High-Speed,High School
STU11848,20,Female,Medium,2.0,Moderate,Bachelors
STU11849,18,Female,High,4.3,Limited,Bachelors
STU11850,23,Male,Low,1.3,High-Speed,High School
STU11851,21,Female,Medium,5.8,High-Speed,High School
STU11852,22,Female,High,3.0,High-Speed,Bachelors
STU11853,18,Female,Low,4.1,High-Speed,High School
STU11854,20,Female,Low,0.9,Moderate,High School
STU11855,21,Male,Medium,5.3,Moderate,Doctorate
STU11856,24,Female,High,38.9,Moderate,Bachelors
STU11857,22,Male,Low,3.8,Moderate,High School
STU11858,19,Female,High,19.9,High-Speed,Bachelors
STU11859,21,Female,Medium,17.6,High-Speed,Bachelors
STU11860,22,Female,Medium,28.9,High-Speed,Masters
STU11861,18,Female,High,14.8,Moderate,Bachelors
STU11862,19,Male,Medium,10.2,Moderate,Masters
STU11863,22,Female,Low,18.4,Moderate,High School
STU11864,22,Other,Low,0.7,High-Speed,Bachelors
STU11865,25,Female,Medium,5.9,High-Speed,High School
STU11866,25,Male,Medium,43.1,Limited,High School
STU11867,25,Male,High,13.9,High-Speed,Bachelors
STU11868,20,Male,Medium,31.1,Moderate,High School
STU11869,23,Female,Medium,14.4,High-Speed,Bachelors
STU11870,21,Female,Medium,19.7,High-Speed,Masters
STU11871,20,Male,Low,11.6,Moderate,High School
STU11872,24,Female,Low,13.6,High-Speed,High School
STU11873,19,Female,High,7.0,Moderate,Bachelors
STU11874,23,Female,Low,24.5,Moderate,Masters
STU11875,22,Female,Low,16.6,High-Speed,Bachelors
STU11876,20,Female,Medium,17.6,Moderate,Bachelors
STU11877,25,Female,Medium,10.6,High-Speed,High School
STU11878,23,Male,High,3.5,High-Speed,High School
STU11879,24,Female,Low,0.3,Moderate,Bachelors
STU11880,21,Female,Low,26.1,High-Speed,High School
STU11881,24,Female,Medium,8.4,High-Speed,Masters
STU11882,19,Female,Medium,3.4,Limited,Bachelors
STU11883,18,Female,Medium,1.5,High-Speed,Bachelors
STU11884,20,Male,Medium,16.8,Moderate,Bachelors
STU11885,25,Male,High,17.2,Moderate,Bachelors
STU11886,19,Male,High,16.0,High-Speed,Bachelors
STU11887,18,Male,Low,9.8,High-Speed,Masters
STU11888,25,Female,Medium,4.3,High-Speed,Doctorate
STU11889,25,Other,Medium,3.4,High-Speed,Masters
STU11890,25,Male,High,0.1,Moderate,Masters
STU11891,20,Male,High,17.0,Moderate,Bachelors
STU11892,19,Female,Low,0.9,High-Speed,Bachelors
STU11893,25,Male,Medium,9.5,Moderate,High School
STU11894,24,Female,Medium,6.7,Limited,High School
STU11895,19,Female,Low,7.1,High-Speed,High School
STU11896,23,Female,Low,24.8,Moderate,High School
STU11897,24,Male,Medium,0.3,Moderate,Bachelors
STU11898,20,Male,Medium,14.1,High-Speed,High School
STU11899,25,Female,Low,0.5,High-Speed,Masters
STU11900,19,Female,Medium,0.4,Moderate,Masters
STU11901,22,Male,Low,5.3,High-Speed,High School
STU11902,20,Female,Medium,0.6,High-Speed,High School
STU11903,19,Male,Medium,14.8,Moderate,Masters
STU11904,23,Female,Low,7.2,Moderate,Masters
STU11905,25,Male,Medium,0.3,High-Speed,Masters
STU11906,18,Female,Low,0.4,High-Speed,Doctorate
STU11907,25,Male,Medium,9.0,High-Speed,Doctorate
STU11908,18,Male,Low,15.6,High-Speed,Bachelors
STU11909,22,Male,Medium,5.5,High-Speed,High School
STU11910,20,Male,Low,7.7,High-Speed,Bachelors
STU11911,23,Female,Medium,15.3,High-Speed,High School
STU11912,19,Other,Medium,9.0,High-Speed,Masters
STU11913,19,Male,Low,2.4,High-Speed,Bachelors
STU11914,18,Male,Medium,9.0,High-Speed,Bachelors
STU11915,23,Female,Low,9.4,High-Speed,High School
STU11916,24,Female,Medium,12.6,High-Speed,Bachelors
STU11917,22,Female,Low,9.2,Limited,Bachelors
STU11918,18,Male,Medium,33.1,High-Speed,Masters
STU11919,18,Male,Medium,2.1,Moderate,High School
STU11920,22,Female,High,28.7,Limited,Masters
STU11921,20,Male,Medium,7.3,High-Speed,Masters
STU11922,19,Female,Medium,10.6,Moderate,Bachelors
STU11923,20,Male,Medium,1.0,High-Speed,Bachelors
STU11924,23,Female,High,4.6,High-Speed,Bachelors
STU11925,24,Male,Medium,13.9,High-Speed,High School
STU11926,25,Female,Low,11.7,High-Speed,High School
STU11927,21,Male,High,0.4,High-Speed,Masters
STU11928,21,Female,Medium,7.5,High-Speed,Bachelors
STU11929,21,Male,High,0.9,Moderate,High School
STU11930,22,Female,High,52.1,Limited,Bachelors
STU11931,18,Female,Low,21.6,High-Speed,Bachelors
STU11932,24,Female,Medium,0.2,High-Speed,High School
STU11933,20,Female,Low,18.6,High-Speed,Bachelors
STU11934,25,Female,Low,23.9,High-Speed,High School
STU11935,19,Female,Low,4.1,Moderate,High School
STU11936,21,Male,Medium,12.1,High-Speed,Bachelors
STU11937,20,Female,Low,5.5,High-Speed,Bachelors
STU11938,21,Female,Low,10.1,Moderate,High School
STU11939,24,Male,Medium,4.0,Moderate,Bachelors
STU11940,21,Male,Low,3.7,High-Speed,High School
STU11941,19,Male,Low,5.2,High-Speed,High School
STU11942,25,Female,Low,1.5,High-Speed,High School
STU11943,23,Female,Medium,16.9,High-Speed,High School
STU11944,23,Female,Medium,4.1,High-Speed,High School
STU11945,24,Female,Low,4.9,High-Speed,Masters
STU11946,23,Male,High,21.3,Limited,Bachelors
STU11947,22,Male,Medium,6.5,High-Speed,High School
STU11948,18,Male,Medium,7.5,High-Speed,High School
STU11949,22,Male,Medium,29.8,High-Speed,High School
STU11950,20,Male,Medium,20.7,High-Speed,Bachelors
STU11951,22,Male,Medium,1.8,Moderate,High School
STU11952,20,Female,Low,6.1,High-Speed,High School
STU11953,20,Female,Low,33.7,High-Speed,Bachelors
STU11954,18,Other,High,4.4,High-Speed,Bachelors
STU11955,19,Female,Low,4.4,High-Speed,High School
STU11956,25,Female,Medium,2.1,High-Speed,Bachelors
STU11957,24,Male,High,1.2,High-Speed,High School
STU11958,18,Female,Medium,12.8,High-Speed,High School
STU11959,24,Female,Medium,14.0,High-Speed,Bachelors
STU11960,23,Male,Medium,33.0,High-Speed,Bachelors
STU11961,23,Male,Low,14.1,Moderate,Bachelors
STU11962,22,Female,Medium,2.6,Moderate,High School
STU11963,20,Male,Medium,0.4,Moderate,Bachelors
STU11964,21,Female,High,40.2,Moderate,High School
STU11965,21,Female,High,4.0,High-Speed,Bachelors
STU11966,24,Male,High,3.6,Moderate,Bachelors
STU11967,20,Male,High,22.5,High-Speed,High School
STU11968,24,Male,Medium,8.4,High-Speed,Bachelors
STU11969,18,Male,Medium,2.3,High-Speed,Bachelors
STU11970,19,Male,Medium,20.9,High-Speed,High School
STU11971,25,Female,Medium,47.6,Limited,Masters
STU11972,18,Male,High,0.9,High-Speed,Masters
STU11973,20,Female,Low,18.8,High-Speed,High School
STU11974,20,Male,High,4.7,High-Speed,Masters
STU11975,19,Female,High,7.1,High-Speed,Bachelors
STU11976,24,Male,High,23.4,High-Speed,Bachelors
STU11977,22,Male,High,34.4,High-Speed,Masters
STU11978,22,Female,Low,2.9,High-Speed,Bachelors
STU11979,19,Female,Low,2.3,Moderate,High School
STU11980,22,Male,Low,0.8,High-Speed,Masters
STU11981,21,Female,Low,7.8,High-Speed,High School
STU11982,22,Male,Medium,0.1,Moderate,High School
STU11983,22,Male,High,5.0,Limited,High School
STU11984,22,Male,High,0.7,High-Speed,Masters
STU11985,21,Male,Medium,4.9,High-Speed,Masters
STU11986,24,Female,Low,0.4,Limited,High School
STU11987,22,Female,Low,17.1,High-Speed,Masters
STU11988,23,Male,Low,2.2,High-Speed,High School
STU11989,21,Female,Medium,3.8,High-Speed,Doctorate
STU11990,19,Female,Medium,19.4,Limited,Bachelors
STU11991,18,Male,Low,13.0,Limited,High School
STU11992,19,Female,Medium,2.3,Moderate,High School
STU11993,18,Male,Low,0.7,High-Speed,High School
STU11994,25,Female,Medium,11.9,High-Speed,High School
STU11995,19,Female,Medium,4.7,High-Speed,Bachelors
STU11996,23,Female,Medium,13.8,Moderate,High School
STU11997,18,Male,Medium,5.6,Limited,Doctorate
STU11998,18,Male,High,4.0,High-Speed,Bachelors
STU11999,20,Male,Low,5.7,Moderate,Bachelors
STU12000,18,Male,Medium,13.1,High-Speed,High School
STU12001,18,Male,Medium,22.1,High-Speed,Masters
STU12002,20,Female,Medium,0.5,Moderate,Bachelors
STU12003,22,Male,High,7.1,High-Speed,Masters
STU12004,22,Male,Medium,0.3,High-Speed,Doctorate
STU12005,20,Female,Medium,6.0,High-Speed,High School
STU12006,21,Male,Low,20.6,Moderate,High School
STU12007,25,Female,Medium,4.3,Moderate,Masters
STU12008,18,Male,Low,25.6,Limited,Masters
STU12009,18,Male,Low,9.5,Moderate,Bachelors
STU12010,20,Male,Medium,25.8,High-Speed,High School
STU12011,20,Male,Medium,13.4,High-Speed,Bachelors
STU12012,21,Female,Low,1.0,Limited,High School
STU12013,23,Male,Medium,2.5,High-Speed,High School
STU12014,22,Female,Medium,4.8,Moderate,Bachelors
STU12015,19,Male,Low,1.8,Moderate,High School
STU12016,23,Male,Medium,6.5,Moderate,Bachelors
STU12017,24,Female,Medium,6.1,High-Speed,Doctorate
STU12018,22,Male,Medium,29.7,High-Speed,Masters
STU12019,18,Female,Medium,5.4,Moderate,Masters
STU12020,24,Female,Medium,14.6,Moderate,Masters
STU12021,23,Female,Medium,27.0,Moderate,High School
STU12022,20,Female,High,19.9,High-Speed,Masters
STU12023,21,Male,Medium,2.2,High-Speed,Masters
STU12024,22,Male,Low,6.5,Moderate,Masters
STU12025,21,Male,Medium,4.1,Moderate,Bachelors
STU12026,24,Female,High,4.9,Moderate,High School
STU12027,22,Other,Low,4.3,High-Speed,High School
STU12028,25,Male,High,16.6,Limited,High School
STU12029,25,Female,High,5.7,High-Speed,Doctorate
STU12030,23,Male,Low,7.0,Moderate,Bachelors
STU12031,18,Female,High,38.4,High-Speed,Masters
STU12032,25,Male,Medium,0.6,High-Speed,Bachelors
STU12033,25,Female,High,6.4,Moderate,Bachelors
STU12034,19,Female,Medium,14.1,High-Speed,High School
STU12035,21,Male,Medium,1.6,High-Speed,High School
STU12036,21,Male,Medium,9.0,High-Speed,Bachelors
STU12037,25,Male,Medium,2.6,Moderate,Bachelors
STU12038,19,Male,Low,19.2,High-Speed,High School
STU12039,21,Male,Medium,3.8,High-Speed,Bachelors
STU12040,21,Female,Low,3.8,Limited,High School
STU12041,22,Female,Medium,8.7,High-Speed,Masters
STU12042,22,Female,Medium,1.9,High-Speed,High School
STU12043,19,Male,Medium,3.2,High-Speed,Bachelors
STU12044,24,Female,Medium,5.1,Limited,High School
STU12045,18,Female,Low,4.1,High-Speed,Bachelors
STU12046,23,Male,Low,7.1,Moderate,Bachelors
STU12047,25,Female,Low,8.7,High-Speed,Bachelors
STU12048,25,Female,Medium,7.9,Moderate,Masters
STU12049,23,Male,High,10.1,Moderate,High School
STU12050,25,Male,Low,3.5,High-Speed,High School
STU12051,25,Male,High,1.3,High-Speed,Bachelors
STU12052,24,Male,Medium,13.6,Moderate,Bachelors
STU12053,21,Female,Medium,18.1,High-Speed,High School
STU12054,18,Female,Medium,2.8,Limited,Bachelors
STU12055,25,Female,High,5.0,High-Speed,High School
STU12056,19,Male,Low,6.6,Moderate,High School
STU12057,24,Male,Medium,7.2,High-Speed,Bachelors
STU12058,25,Female,Medium,10.2,Moderate,Masters
STU12059,19,Female,Medium,0.4,High-Speed,Bachelors
STU12060,22,Male,High,12.1,High-Speed,Bachelors
STU12061,21,Female,Low,0.6,High-Speed,Masters
STU12062,20,Female,Medium,6.0,High-Speed,High School
STU12063,25,Male,Medium,16.7,High-Speed,Bachelors
STU12064,19,Male,Medium,5.7,High-Speed,Masters
STU12065,24,Female,Medium,1.5,Moderate,High School
STU12066,21,Male,Medium,39.9,High-Speed,High School
STU12067,18,Male,High,20.9,Moderate,Doctorate
STU12068,24,Male,Medium,14.0,High-Speed,Doctorate
STU12069,22,Male,High,5.0,High-Speed,High School
STU12070,23,Female,Medium,1.9,High-Speed,High School
STU12071,25,Female,Low,27.0,Limited,High School
STU12072,18,Male,Low,7.2,Moderate,High School
STU12073,19,Female,Low,18.2,High-Speed,Bachelors
STU12074,25,Female,Medium,4.0,Moderate,Bachelors
STU12075,19,Female,Medium,3.9,High-Speed,Masters
STU12076,18,Male,Medium,40.2,High-Speed,High School
STU12077,19,Male,Medium,7.0,High-Speed,Masters
STU12078,24,Other,Low,1.4,High-Speed,High School
STU12079,21,Female,Low,2.4,High-Speed,High School
STU12080,19,Male,Low,6.2,Moderate,Bachelors
STU12081,22,Male,Medium,0.4,High-Speed,High School
STU12082,21,Male,Low,5.9,Moderate,High School
STU12083,24,Female,Low,5.2,High-Speed,Masters
STU12084,25,Female,High,14.4,High-Speed,High School
STU12085,20,Female,High,4.2,Moderate,Bachelors
STU12086,25,Male,Low,38.5,Moderate,High School
STU12087,19,Female,Medium,1.9,Limited,High School
STU12088,19,Female,Medium,8.5,High-Speed,Bachelors
STU12089,22,Male,Medium,0.9,Moderate,Masters
STU12090,24,Female,Medium,12.6,Moderate,Bachelors
STU12091,22,Female,Low,49.9,High-Speed,Bachelors
STU12092,23,Male,Medium,16.2,High-Speed,Masters
STU12093,24,Female,Medium,7.7,High-Speed,Bachelors
STU12094,18,Male,Low,6.3,High-Speed,High School
STU12095,18,Female,Medium,17.1,High-Speed,Bachelors
STU12096,18,Female,Medium,26.1,Limited,Bachelors
STU12097,22,Female,Medium,43.0,High-Speed,Bachelors
STU12098,18,Female,Low,4.8,Moderate,Bachelors
STU12099,24,Male,Medium,44.7,Moderate,High School
STU12100,18,Female,Low,1.6,High-Speed,Bachelors
STU12101,20,Female,Medium,2.8,High-Speed,Bachelors
STU12102,18,Male,Low,0.9,High-Speed,Bachelors
STU12103,19,Female,Low,3.0,Moderate,Masters
STU12104,23,Female,Medium,13.9,Limited,Masters
STU12105,22,Male,Medium,18.2,High-Speed,Bachelors
STU12106,21,Female,High,14.3,Moderate,Bachelors
STU12107,23,Female,Medium,9.5,High-Speed,Bachelors
STU12108,20,Male,Low,6.9,Moderate,Bachelors
STU12109,22,Other,Medium,11.7,High-Speed,Doctorate
STU12110,24,Male,Medium,4.7,High-Speed,Bachelors
STU12111,25,Male,Low,17.5,High-Speed,High School
STU12112,22,Male,High,10.7,High-Speed,Bachelors
STU12113,19,Female,Low,11.4,High-Speed,Bachelors
STU12114,24,Female,High,7.3,Moderate,Bachelors
STU12115,23,Male,High,20.6,High-Speed,Bachelors
STU12116,23,Male,Medium,2.8,Moderate,High School
STU12117,18,Female,High,4.6,High-Speed,High School
STU12118,24,Male,Medium,14.3,Moderate,High School
STU12119,25,Female,Low,6.4,Moderate,Bachelors
STU12120,19,Female,Medium,20.9,Moderate,High School
STU12121,18,Female,Low,4.0,High-Speed,Masters
STU12122,18,Female,Medium,4.4,High-Speed,High School
STU12123,25,Male,Medium,20.9,Moderate,Masters
STU12124,22,Other,Medium,5.9,High-Speed,High School
STU12125,23,Female,Medium,6.9,High-Speed,High School
STU12126,18,Female,Medium,3.8,High-Speed,Bachelors
STU12127,20,Male,High,3.1,Moderate,High School
STU12128,20,Female,Low,10.1,Moderate,Masters
STU12129,23,Male,Medium,1.2,Moderate,High School
STU12130,20,Male,Low,20.1,High-Speed,Bachelors
STU12131,25,Male,Medium,14.3,High-Speed,Masters
STU12132,22,Female,Low,2.0,Limited,High School
STU12133,19,Female,Medium,11.3,High-Speed,High School
STU12134,21,Female,Low,8.8,High-Speed,High School
STU12135,18,Female,Low,1.9,High-Speed,Bachelors
STU12136,21,Male,High,3.0,High-Speed,High School
STU12137,19,Female,Low,5.0,High-Speed,Bachelors
STU12138,19,Male,Medium,11.4,High-Speed,Masters
STU12139,25,Female,Low,9.7,High-Speed,Masters
STU12140,22,Female,Medium,7.2,High-Speed,High School
STU12141,20,Female,Medium,13.9,Moderate,High School
STU12142,20,Female,Medium,13.5,High-Speed,High School
STU12143,25,Male,Low,9.1,High-Speed,Bachelors
STU12144,19,Male,Medium,14.7,Moderate,High School
STU12145,22,Female,Medium,3.9,Limited,Masters
STU12146,22,Male,Medium,20.2,High-Speed,Bachelors
STU12147,23,Male,Medium,9.1,Moderate,High School
STU12148,24,Female,Medium,16.4,High-Speed,Bachelors
STU12149,18,Female,Low,7.5,High-Speed,High School
STU12150,25,Male,Low,2.3,High-Speed,High School
STU12151,24,Male,Low,7.4,High-Speed,High School
STU12152,25,Female,Low,4.4,Moderate,High School
STU12153,20,Female,Low,11.4,High-Speed,Bachelors
STU12154,19,Male,Medium,6.1,High-Speed,Bachelors
STU12155,25,Male,Medium,17.2,Moderate,High School
STU12156,25,Male,High,10.8,High-Speed,Doctorate
STU12157,23,Male,Low,11.0,Moderate,Bachelors
STU12158,21,Male,Medium,2.3,Moderate,High School
STU12159,20,Female,High,39.4,High-Speed,High School
STU12160,18,Female,Medium,17.5,Limited,Bachelors
STU12161,22,Female,Low,14.8,High-Speed,Doctorate
STU12162,19,Male,Low,3.8,High-Speed,Bachelors
STU12163,20,Female,Low,7.3,High-Speed,Masters
STU12164,21,Male,Medium,1.4,Moderate,Bachelors
STU12165,25,Female,Medium,7.3,Moderate,Bachelors
STU12166,18,Female,Low,1.5,High-Speed,Bachelors
STU12167,25,Male,Low,7.7,High-Speed,Bachelors
STU12168,18,Female,Medium,9.9,High-Speed,High School
STU12169,23,Male,Medium,4.7,Moderate,Masters
STU12170,25,Female,Medium,6.6,Moderate,High School
STU12171,20,Male,Medium,19.8,Moderate,Bachelors
STU12172,21,Male,Medium,1.1,Moderate,Bachelors
STU12173,18,Female,Low,14.9,High-Speed,Bachelors
STU12174,19,Male,Medium,1.8,High-Speed,High School
STU12175,18,Female,Medium,0.4,High-Speed,Bachelors
STU12176,21,Male,High,2.0,Moderate,Bachelors
STU12177,22,Female,Low,13.8,High-Speed,Bachelors
STU12178,22,Female,Medium,4.9,High-Speed,Bachelors
STU12179,23,Female,Medium,19.6,Limited,Bachelors
STU12180,20,Male,Medium,7.1,Moderate,High School
STU12181,21,Male,Low,0.2,High-Speed,Doctorate
STU12182,23,Male,Medium,12.0,Moderate,Masters
STU12183,24,Male,High,1.1,Limited,High School
STU12184,18,Female,Medium,14.8,High-Speed,High School
STU12185,24,Female,Medium,1.7,High-Speed,High School
STU12186,18,Female,Low,4.0,High-Speed,Bachelors
STU12187,22,Female,Low,13.6,High-Speed,Masters
STU12188,23,Female,Medium,29.3,Moderate,Bachelors
STU12189,22,Female,High,4.4,High-Speed,Masters
STU12190,19,Male,High,16.8,High-Speed,High School
STU12191,24,Female,Medium,2.0,High-Speed,Bachelors
STU12192,24,Female,Medium,15.6,High-Speed,High School
STU12193,22,Female,High,10.2,High-Speed,High School
STU12194,19,Male,Medium,2.0,Moderate,Bachelors
STU12195,18,Male,Medium,3.4,High-Speed,High School
STU12196,23,Male,Low,1.3,Moderate,Bachelors
STU12197,19,Female,Medium,4.6,Moderate,Bachelors
STU12198,23,Female,Medium,2.2,High-Speed,Masters
STU12199,24,Male,High,9.8,Moderate,High School
STU12200,23,Female,Medium,49.4,Moderate,Bachelors
STU12201,24,Male,Low,0.1,High-Speed,Doctorate
STU12202,19,Male,Medium,7.4,High-Speed,Masters
STU12203,24,Male,High,8.1,Moderate,Bachelors
STU12204,25,Female,Medium,23.3,Limited,Bachelors
STU12205,20,Female,Low,6.7,High-Speed,Bachelors
STU12206,24,Male,Low,7.5,High-Speed,Bachelors
STU12207,22,Female,Medium,6.1,High-Speed,Bachelors
STU12208,19,Male,Medium,3.0,High-Speed,Bachelors
STU12209,25,Female,Medium,0.5,High-Speed,Bachelors
STU12210,18,Female,Low,5.0,High-Speed,Bachelors
STU12211,23,Female,High,0.5,High-Speed,High School
STU12212,25,Male,Low,7.6,High-Speed,Bachelors
STU12213,21,Female,Low,3.5,High-Speed,High School
STU12214,25,Female,Medium,7.2,High-Speed,High School
STU12215,19,Male,Medium,1.4,High-Speed,High School
STU12216,25,Female,Low,25.6,High-Speed,High School
STU12217,25,Male,Low,21.4,Moderate,Masters
STU12218,22,Female,Low,2.0,Limited,Bachelors
STU12219,24,Male,Medium,4.0,High-Speed,High School
STU12220,23,Female,Medium,9.0,High-Speed,Bachelors
STU12221,20,Female,Medium,1.0,High-Speed,High School
STU12222,18,Male,Medium,4.2,High-Speed,Bachelors
STU12223,20,Male,Medium,2.7,High-Speed,Bachelors
STU12224,25,Male,Low,23.5,High-Speed,Masters
STU12225,21,Male,High,18.2,Moderate,High School
STU12226,19,Male,High,8.2,High-Speed,Bachelors
STU12227,23,Female,Low,7.0,High-Speed,Masters
STU12228,19,Male,Low,25.4,Moderate,Doctorate
STU12229,22,Male,Low,25.6,Moderate,High School
STU12230,19,Female,Low,33.1,High-Speed,Bachelors
STU12231,18,Male,Medium,1.3,High-Speed,High School
STU12232,21,Female,Medium,1.7,High-Speed,Bachelors
STU12233,20,Female,Medium,10.7,High-Speed,High School
STU12234,25,Female,Medium,7.4,High-Speed,Masters
STU12235,25,Female,Medium,0.2,High-Speed,High School
STU12236,21,Female,Medium,0.6,High-Speed,Bachelors
STU12237,23,Male,Low,20.8,Moderate,Bachelors
STU12238,19,Male,Medium,19.3,Moderate,Doctorate
STU12239,23,Male,Medium,4.2,High-Speed,Bachelors
STU12240,20,Female,Low,21.1,High-Speed,High School
STU12241,23,Male,Low,8.6,High-Speed,High School
STU12242,22,Female,High,15.6,High-Speed,High School
STU12243,21,Other,Medium,5.3,High-Speed,Bachelors
STU12244,20,Female,Low,1.1,Moderate,Bachelors
STU12245,20,Female,Medium,5.4,Moderate,Bachelors
STU12246,24,Male,Medium,5.8,Moderate,High School
STU12247,20,Female,Medium,7.6,Moderate,Bachelors
STU12248,24,Female,Low,1.1,Limited,Bachelors
STU12249,18,Male,High,45.2,Moderate,Doctorate
STU12250,25,Male,Medium,2.7,Limited,Bachelors
STU12251,24,Female,Low,2.1,High-Speed,High School
STU12252,21,Female,Medium,7.1,High-Speed,High School
STU12253,23,Female,Medium,7.3,High-Speed,High School
STU12254,24,Female,Low,5.5,Limited,Bachelors
STU12255,20,Female,Low,14.0,High-Speed,Bachelors
STU12256,21,Female,Low,6.9,High-Speed,High School
STU12257,24,Male,High,8.9,High-Speed,High School
STU12258,24,Male,Low,12.2,Moderate,High School
STU12259,20,Male,Medium,0.2,High-Speed,Masters
STU12260,22,Female,High,8.0,Moderate,High School
STU12261,22,Female,Low,20.5,Limited,High School
STU12262,24,Female,High,0.2,Moderate,High School
STU12263,22,Male,High,4.9,High-Speed,Bachelors
STU12264,19,Female,High,24.8,High-Speed,Bachelors
STU12265,20,Female,Low,4.1,High-Speed,Masters
STU12266,19,Female,Medium,5.8,High-Speed,High School
STU12267,21,Female,Medium,37.9,High-Speed,Bachelors
STU12268,19,Male,High,2.1,Moderate,High School
STU12269,21,Female,Low,0.6,High-Speed,Doctorate
STU12270,24,Male,Medium,18.6,Moderate,High School
STU12271,21,Male,Medium,19.3,Limited,High School
STU12272,21,Male,Low,6.1,High-Speed,Bachelors
STU12273,23,Female,Medium,6.9,Limited,High School
STU12274,19,Female,Medium,17.2,Moderate,High School
STU12275,23,Female,Medium,12.7,High-Speed,Bachelors
STU12276,24,Female,Medium,2.9,High-Speed,Bachelors
STU12277,20,Female,High,0.2,High-Speed,Bachelors
STU12278,19,Female,Medium,6.2,High-Speed,Bachelors
STU12279,20,Male,Medium,18.6,Moderate,Bachelors
STU12280,20,Male,Medium,21.5,High-Speed,Bachelors
STU12281,21,Male,Medium,29.7,Moderate,Bachelors
STU12282,25,Male,Medium,20.1,High-Speed,Bachelors
STU12283,19,Male,High,8.2,High-Speed,High School
STU12284,20,Male,Medium,5.6,High-Speed,High School
STU12285,25,Male,Medium,14.2,High-Speed,Bachelors
STU12286,22,Female,Low,12.8,High-Speed,Bachelors
STU12287,20,Male,Low,7.3,High-Speed,Bachelors
STU12288,22,Male,Medium,0.9,Moderate,High School
STU12289,19,Male,Low,24.7,Moderate,High School
STU12290,24,Female,Low,5.8,High-Speed,High School
STU12291,23,Male,Medium,4.3,High-Speed,High School
STU12292,19,Male,Low,9.4,High-Speed,Bachelors
STU12293,23,Female,Low,10.6,High-Speed,Bachelors
STU12294,23,Male,Medium,2.2,Moderate,Bachelors
STU12295,19,Male,Medium,17.2,Moderate,Bachelors
STU12296,20,Male,High,3.3,Moderate,Masters
STU12297,18,Male,Medium,2.0,High-Speed,Doctorate
STU12298,20,Male,Medium,5.0,Moderate,Bachelors
STU12299,20,Male,High,12.5,High-Speed,Masters
STU12300,24,Female,Medium,32.0,Limited,Bachelors
STU12301,21,Female,Low,15.7,High-Speed,Masters
STU12302,21,Female,Low,26.8,High-Speed,Masters
STU12303,20,Male,Medium,1.4,High-Speed,Doctorate
STU12304,22,Female,Medium,0.7,High-Speed,Bachelors
STU12305,24,Male,Medium,7.7,Moderate,Bachelors
STU12306,23,Male,Medium,3.3,Moderate,Bachelors
STU12307,25,Female,Medium,16.7,High-Speed,High School
STU12308,21,Male,High,10.6,Moderate,High School
STU12309,20,Male,Medium,33.5,High-Speed,Masters
STU12310,24,Female,Low,2.8,High-Speed,High School
STU12311,18,Female,High,6.3,Limited,Bachelors
STU12312,22,Female,Low,6.6,Moderate,High School
STU12313,19,Female,Medium,2.6,High-Speed,High School
STU12314,20,Other,High,8.5,High-Speed,Masters
STU12315,24,Male,Medium,5.6,High-Speed,Masters
STU12316,20,Male,Medium,5.6,Moderate,Bachelors
STU12317,25,Male,Medium,4.3,Limited,High School
STU12318,23,Male,Medium,0.2,High-Speed,Bachelors
STU12319,22,Male,Medium,7.0,Moderate,Bachelors
STU12320,21,Female,Medium,3.9,High-Speed,High School
STU12321,21,Female,Medium,0.0,High-Speed,High School
STU12322,21,Female,Medium,3.5,Limited,Bachelors
STU12323,25,Male,Low,3.1,High-Speed,High School
STU12324,19,Female,Medium,4.7,High-Speed,Bachelors
STU12325,24,Female,Medium,1.3,Moderate,High School
STU12326,22,Female,Medium,6.7,High-Speed,Bachelors
STU12327,22,Male,Medium,11.2,High-Speed,High School
STU12328,21,Female,Medium,9.5,Limited,Doctorate
STU12329,21,Male,Medium,15.5,Moderate,Bachelors
STU12330,23,Male,Medium,5.7,Moderate,High School
STU12331,25,Male,High,7.0,High-Speed,Bachelors
STU12332,18,Female,Low,15.8,High-Speed,Masters
STU12333,18,Female,High,5.3,Limited,Bachelors
STU12334,20,Male,Low,11.5,High-Speed,Bachelors
STU12335,20,Male,Low,5.4,High-Speed,High School
STU12336,22,Male,High,5.1,High-Speed,Bachelors
STU12337,22,Male,Low,13.6,High-Speed,Bachelors
STU12338,19,Male,Medium,1.8,High-Speed,Bachelors
STU12339,19,Male,High,3.9,Moderate,Masters
STU12340,18,Female,High,2.4,Limited,High School
STU12341,25,Male,High,4.2,High-Speed,High School
STU12342,20,Male,Low,2.5,Moderate,Masters
STU12343,18,Male,Medium,8.2,Moderate,Bachelors
STU12344,25,Female,Low,15.2,Moderate,High School
STU12345,18,Female,Medium,14.7,High-Speed,High School
STU12346,20,Female,High,4.3,High-Speed,Masters
STU12347,24,Male,Medium,42.6,High-Speed,High School
STU12348,19,Female,Medium,8.6,High-Speed,High School
STU12349,23,Male,Medium,4.8,High-Speed,High School
STU12350,23,Female,Medium,17.1,High-Speed,Masters
STU12351,23,Female,High,12.4,High-Speed,Masters
STU12352,20,Female,Low,13.1,High-Speed,Bachelors
STU12353,21,Female,Medium,2.1,High-Speed,Bachelors
STU12354,21,Female,High,6.0,High-Speed,High School
STU12355,21,Male,Medium,18.8,Moderate,High School
STU12356,22,Female,Low,6.7,High-Speed,Masters
STU12357,19,Male,Medium,10.9,Moderate,High School
STU12358,19,Female,Medium,8.4,Limited,Bachelors
STU12359,24,Male,Low,17.6,Moderate,Bachelors
STU12360,24,Male,High,3.2,Moderate,High School
STU12361,22,Male,Medium,8.1,Limited,Bachelors
STU12362,18,Male,High,1.2,High-Speed,Bachelors
STU12363,25,Male,High,11.1,Limited,Bachelors
STU12364,24,Female,Medium,12.5,Moderate,High School
STU12365,23,Male,Low,0.4,Moderate,High School
STU12366,21,Male,Medium,10.7,High-Speed,Bachelors
STU12367,23,Female,Low,5.1,High-Speed,Doctorate
STU12368,21,Male,High,1.3,Moderate,High School
STU12369,23,Female,Low,5.2,Moderate,Doctorate
STU12370,18,Female,Low,2.1,Moderate,Bachelors
STU12371,25,Female,Medium,5.1,High-Speed,Masters
STU12372,23,Female,Low,4.6,High-Speed,High School
STU12373,23,Male,Low,12.7,High-Speed,High School
STU12374,20,Female,Medium,14.1,High-Speed,High School
STU12375,25,Male,Low,8.9,High-Speed,High School
STU12376,23,Male,Low,0.2,High-Speed,Doctorate
STU12377,20,Female,Medium,25.4,High-Speed,High School
STU12378,19,Male,Medium,11.0,High-Speed,Bachelors
STU12379,25,Female,Medium,0.3,High-Speed,High School
STU12380,22,Female,Medium,16.2,Limited,Bachelors
STU12381,25,Female,Medium,2.1,Moderate,High School
STU12382,25,Female,Medium,8.2,Moderate,High School
STU12383,23,Male,High,6.0,High-Speed,High School
STU12384,19,Male,Low,5.2,Moderate,Bachelors
STU12385,25,Female,Medium,20.9,High-Speed,High School
STU12386,24,Male,High,5.5,Limited,High School
STU12387,24,Female,High,0.7,Moderate,High School
STU12388,20,Female,Low,27.8,High-Speed,Doctorate
STU12389,23,Female,Low,24.1,Moderate,Bachelors
STU12390,23,Male,Medium,11.0,High-Speed,Bachelors
STU12391,25,Male,Low,6.0,High-Speed,Bachelors
STU12392,18,Male,High,0.9,Moderate,High School
STU12393,19,Male,Medium,14.9,High-Speed,Bachelors
STU12394,21,Female,Medium,0.7,High-Speed,High School
STU12395,21,Male,Low,0.7,Moderate,Bachelors
STU12396,18,Male,Medium,7.3,High-Speed,Bachelors
STU12397,20,Male,Medium,1.7,Moderate,Bachelors
STU12398,21,Female,High,0.1,Limited,High School
STU12399,25,Female,Low,5.2,High-Speed,High School
STU12400,21,Male,Low,1.4,High-Speed,Bachelors
STU12401,24,Male,Medium,1.7,High-Speed,Bachelors
STU12402,24,Male,Low,0.8,High-Speed,High School
STU12403,22,Male,Medium,2.2,High-Speed,High School
STU12404,19,Female,High,11.9,High-Speed,Masters
STU12405,20,Female,Medium,15.7,High-Speed,Bachelors
STU12406,23,Male,High,5.7,High-Speed,Doctorate
STU12407,19,Male,Low,6.7,Moderate,High School
STU12408,20,Other,Low,0.3,Moderate,Bachelors
STU12409,21,Male,Low,0.7,Moderate,High School
STU12410,22,Female,Medium,2.8,High-Speed,Bachelors
STU12411,19,Male,High,7.5,High-Speed,High School
STU12412,21,Male,Low,12.8,Moderate,High School
STU12413,20,Male,Medium,8.8,High-Speed,High School
STU12414,19,Female,Medium,4.7,High-Speed,Bachelors
STU12415,23,Female,High,1.2,Moderate,Bachelors
STU12416,19,Male,Low,14.4,High-Speed,Bachelors
STU12417,21,Male,Low,4.3,High-Speed,Masters
STU12418,25,Male,Low,12.7,Moderate,Bachelors
STU12419,25,Male,Medium,6.8,Limited,Bachelors
STU12420,19,Male,Low,12.7,High-Speed,Doctorate
STU12421,23,Male,High,22.6,High-Speed,Bachelors
STU12422,22,Female,Medium,24.1,High-Speed,High School
STU12423,22,Male,Medium,7.3,Moderate,Doctorate
STU12424,25,Male,Medium,6.8,High-Speed,High School
STU12425,21,Female,Low,2.9,High-Speed,Bachelors
STU12426,20,Male,Medium,26.1,Limited,High School
STU12427,21,Female,High,5.8,High-Speed,Bachelors
STU12428,22,Male,High,1.3,Limited,Bachelors
STU12429,18,Female,High,5.4,Limited,High School
STU12430,18,Female,High,1.3,High-Speed,Bachelors
STU12431,19,Female,Low,6.6,Moderate,Bachelors
STU12432,23,Other,Low,7.8,High-Speed,High School
STU12433,25,Male,Low,3.9,Moderate,High School
STU12434,24,Female,Medium,0.7,Moderate,High School
STU12435,24,Male,Low,27.3,High-Speed,Masters
STU12436,24,Male,Medium,14.1,Moderate,Bachelors
STU12437,19,Male,Medium,17.3,Moderate,Masters
STU12438,18,Female,High,4.3,High-Speed,High School
STU12439,22,Male,Medium,13.6,High-Speed,High School
STU12440,19,Female,High,6.3,High-Speed,High School
STU12441,24,Female,Low,2.1,High-Speed,High School
STU12442,24,Female,Low,1.3,Limited,Bachelors
STU12443,25,Female,Medium,4.0,Moderate,Doctorate
STU12444,21,Male,Low,1.4,High-Speed,High School
STU12445,24,Male,Low,60.4,High-Speed,Doctorate
STU12446,23,Male,Medium,0.5,High-Speed,High School
STU12447,24,Male,Low,5.5,High-Speed,Masters
STU12448,21,Male,Medium,5.7,High-Speed,High School
STU12449,24,Male,Medium,3.4,High-Speed,Masters
STU12450,23,Male,Medium,8.0,High-Speed,High School
STU12451,22,Female,Medium,1.5,Limited,Masters
STU12452,19,Female,Medium,14.6,Moderate,High School
STU12453,23,Male,Low,3.8,Moderate,High School
STU12454,21,Female,Low,8.5,High-Speed,Bachelors
STU12455,19,Male,Medium,11.9,Limited,High School
STU12456,19,Male,Medium,20.9,Moderate,Bachelors
STU12457,21,Female,Medium,17.2,Moderate,Doctorate
STU12458,25,Male,Medium,8.9,High-Speed,Bachelors
STU12459,18,Male,Low,4.7,High-Speed,Bachelors
STU12460,24,Other,Medium,6.6,High-Speed,High School
STU12461,23,Female,Medium,13.9,High-Speed,Bachelors
STU12462,21,Female,Medium,20.0,Moderate,Bachelors
STU12463,22,Female,Medium,1.0,Limited,Masters
STU12464,20,Female,Medium,4.6,High-Speed,High School
STU12465,21,Male,Medium,14.2,High-Speed,Bachelors
STU12466,24,Male,Medium,5.4,Moderate,High School
STU12467,24,Male,Low,3.8,High-Speed,High School
STU12468,19,Male,Medium,5.0,Moderate,High School
STU12469,19,Female,Low,8.8,Moderate,High School
STU12470,21,Male,Low,81.2,High-Speed,High School
STU12471,20,Female,High,6.5,Moderate,High School
STU12472,25,Female,High,2.2,High-Speed,Masters
STU12473,21,Female,Low,1.7,Moderate,High School
STU12474,20,Female,Medium,0.4,Moderate,Masters
STU12475,25,Female,Low,7.8,Moderate,High School
STU12476,20,Male,Medium,7.5,High-Speed,High School
STU12477,24,Female,High,2.2,High-Speed,Bachelors
STU12478,24,Male,High,11.3,High-Speed,Bachelors
STU12479,24,Female,Medium,12.8,High-Speed,Bachelors
STU12480,22,Male,Medium,2.8,Moderate,Bachelors
STU12481,24,Female,Medium,4.0,High-Speed,High School
STU12482,23,Female,Medium,44.2,Moderate,Bachelors
STU12483,19,Male,High,4.5,High-Speed,Bachelors
STU12484,19,Male,High,13.6,High-Speed,High School
STU12485,20,Other,Medium,5.7,Moderate,Masters
STU12486,19,Male,Medium,15.0,High-Speed,Bachelors
STU12487,18,Female,Low,13.9,Moderate,High School
STU12488,25,Female,Low,10.5,High-Speed,Masters
STU12489,20,Male,High,18.3,Limited,Masters
STU12490,19,Male,Medium,26.6,High-Speed,Bachelors
STU12491,18,Male,Medium,8.2,Moderate,High School
STU12492,25,Female,Medium,2.6,High-Speed,Masters
STU12493,22,Male,High,4.8,High-Speed,High School
STU12494,19,Female,Low,13.5,Limited,High School
STU12495,18,Female,High,10.0,Moderate,High School
STU12496,21,Female,High,1.9,High-Speed,Bachelors
STU12497,23,Female,High,0.5,High-Speed,Masters
STU12498,21,Other,Medium,10.9,High-Speed,Bachelors
STU12499,18,Male,Low,2.7,High-Speed,Doctorate
STU12500,20,Female,Medium,6.6,Moderate,High School
STU12501,24,Female,Medium,13.0,High-Speed,High School
STU12502,24,Female,Low,7.9,High-Speed,Bachelors
STU12503,24,Female,Medium,0.8,Moderate,Doctorate
STU12504,25,Male,Medium,2.0,High-Speed,Bachelors
STU12505,20,Male,High,2.4,Moderate,High School
STU12506,25,Female,Low,2.8,Limited,High School
STU12507,19,Male,Medium,7.9,High-Speed,High School
STU12508,24,Female,Medium,6.7,Moderate,High School
STU12509,21,Female,Medium,2.2,High-Speed,High School
STU12510,20,Male,High,0.7,High-Speed,Masters
STU12511,20,Female,Medium,1.8,High-Speed,Bachelors
STU12512,24,Male,High,39.5,High-Speed,Bachelors
STU12513,21,Female,Medium,6.0,High-Speed,High School
STU12514,22,Female,Medium,19.2,High-Speed,High School
STU12515,20,Female,Low,17.9,Moderate,Bachelors
STU12516,24,Male,Low,6.8,Moderate,Masters
STU12517,23,Male,Low,11.7,Limited,Bachelors
STU12518,18,Female,Low,2.0,High-Speed,Masters
STU12519,25,Female,Low,11.1,High-Speed,Masters
STU12520,19,Female,Low,3.0,High-Speed,High School
STU12521,20,Male,Low,16.9,High-Speed,High School
STU12522,23,Male,High,0.8,High-Speed,Bachelors
STU12523,23,Male,Low,14.1,Moderate,Bachelors
STU12524,20,Female,Medium,1.0,High-Speed,High School
STU12525,22,Male,Low,20.2,High-Speed,Bachelors
STU12526,18,Male,High,3.4,High-Speed,Bachelors
STU12527,19,Female,High,10.1,High-Speed,Masters
STU12528,20,Male,Medium,6.4,High-Speed,High School
STU12529,25,Other,Medium,4.3,High-Speed,High School
STU12530,19,Female,Low,9.9,Moderate,Bachelors
STU12531,21,Female,High,28.0,High-Speed,Bachelors
STU12532,23,Male,High,0.4,Moderate,Bachelors
STU12533,23,Male,High,23.9,High-Speed,Masters
STU12534,20,Female,Medium,8.9,High-Speed,Bachelors
STU12535,20,Female,Medium,15.6,Moderate,Bachelors
STU12536,25,Female,High,4.6,High-Speed,High School
STU12537,21,Male,Low,6.1,High-Speed,Bachelors
STU12538,22,Female,Medium,19.3,Moderate,Bachelors
STU12539,20,Female,Low,5.1,High-Speed,Masters
STU12540,23,Female,High,7.3,High-Speed,Doctorate
STU12541,19,Female,Low,0.2,Moderate,Bachelors
STU12542,18,Female,Low,1.6,Moderate,Bachelors
STU12543,24,Female,Medium,9.8,High-Speed,High School
STU12544,19,Male,Medium,12.0,High-Speed,High School
STU12545,22,Male,Medium,8.3,Moderate,High School
STU12546,18,Male,Low,1.5,High-Speed,High School
STU12547,19,Male,Low,5.6,High-Speed,Bachelors
STU12548,19,Male,Medium,4.2,High-Speed,High School
STU12549,21,Male,High,6.5,Limited,Bachelors
STU12550,24,Male,High,19.4,High-Speed,Bachelors
STU12551,25,Male,Medium,14.2,Moderate,Bachelors
STU12552,22,Female,High,0.8,High-Speed,Bachelors
STU12553,23,Female,Medium,21.0,High-Speed,High School
STU12554,21,Male,Medium,6.1,Moderate,Doctorate
STU12555,18,Female,Medium,12.9,Limited,High School
STU12556,24,Female,Medium,1.4,High-Speed,Masters
STU12557,23,Male,Medium,10.6,High-Speed,High School
STU12558,21,Male,Medium,2.6,Limited,Bachelors
STU12559,24,Female,Medium,5.5,Moderate,High School
STU12560,25,Female,Low,0.2,High-Speed,High School
STU12561,22,Female,Low,1.6,High-Speed,Bachelors
STU12562,20,Male,Medium,0.9,Moderate,Bachelors
STU12563,25,Male,Low,2.6,Moderate,High School
STU12564,20,Male,Low,1.0,Limited,Bachelors
STU12565,18,Male,Medium,11.2,High-Speed,High School
STU12566,20,Male,Medium,0.3,High-Speed,High School
STU12567,21,Male,Medium,9.1,Moderate,Masters
STU12568,18,Female,Medium,1.4,High-Speed,Masters
STU12569,23,Female,High,27.6,High-Speed,Bachelors
STU12570,25,Male,High,25.7,High-Speed,High School
STU12571,25,Female,High,2.4,High-Speed,High School
STU12572,22,Male,Medium,9.1,High-Speed,Doctorate
STU12573,18,Male,Medium,0.3,Moderate,High School
STU12574,23,Male,High,25.5,Moderate,Masters
STU12575,25,Female,Low,7.0,High-Speed,High School
STU12576,18,Female,Low,0.4,High-Speed,Doctorate
STU12577,19,Female,Medium,4.0,High-Speed,High School
STU12578,19,Male,Low,0.8,Moderate,High School
STU12579,18,Female,High,4.7,High-Speed,Bachelors
STU12580,25,Male,Medium,10.5,Moderate,Doctorate
STU12581,24,Female,Medium,6.0,High-Speed,Doctorate
STU12582,20,Female,Medium,4.6,High-Speed,Bachelors
STU12583,19,Male,Medium,1.2,Moderate,Bachelors
STU12584,24,Female,Low,2.7,High-Speed,Bachelors
STU12585,24,Female,Medium,1.0,High-Speed,Bachelors
STU12586,22,Male,Medium,15.7,High-Speed,Masters
STU12587,23,Female,Medium,1.4,High-Speed,Bachelors
STU12588,21,Male,Medium,8.6,High-Speed,Bachelors
STU12589,19,Female,Low,4.0,High-Speed,Bachelors
STU12590,18,Female,Low,2.4,Moderate,Bachelors
STU12591,20,Female,Low,9.7,Moderate,Masters
STU12592,21,Female,Medium,5.8,Moderate,High School
STU12593,23,Female,High,4.9,High-Speed,High School
STU12594,24,Male,High,8.5,Moderate,Bachelors
STU12595,23,Female,Medium,6.4,High-Speed,High School
STU12596,25,Male,Medium,3.4,High-Speed,Bachelors
STU12597,19,Female,Medium,7.8,High-Speed,Masters
STU12598,23,Male,Low,10.5,Limited,Bachelors
STU12599,23,Male,Low,0.3,High-Speed,Masters
STU12600,20,Female,High,6.0,Limited,High School
STU12601,25,Male,Medium,0.6,High-Speed,Masters
STU12602,25,Female,High,2.0,High-Speed,Bachelors
STU12603,24,Male,Medium,7.8,High-Speed,High School
STU12604,20,Male,Medium,19.1,Moderate,Bachelors
STU12605,20,Female,Low,20.4,High-Speed,Doctorate
STU12606,18,Male,Low,0.7,Moderate,High School
STU12607,23,Male,Medium,5.2,Moderate,Bachelors
STU12608,23,Female,Medium,8.3,Moderate,Masters
STU12609,25,Male,Low,1.5,High-Speed,High School
STU12610,23,Female,Low,13.8,Limited,Bachelors
STU12611,22,Male,Low,13.0,Moderate,Bachelors
STU12612,20,Male,Medium,22.2,High-Speed,High School
STU12613,21,Female,Medium,0.1,Moderate,Bachelors
STU12614,25,Male,Low,2.3,High-Speed,High School
STU12615,19,Male,Low,16.7,High-Speed,Bachelors
STU12616,25,Male,Low,10.5,High-Speed,High School
STU12617,24,Male,Medium,21.4,High-Speed,High School
STU12618,21,Female,Low,0.6,High-Speed,Bachelors
STU12619,24,Male,Medium,8.6,High-Speed,High School
STU12620,18,Female,Low,8.0,Moderate,High School
STU12621,18,Female,Low,0.3,Limited,Masters
STU12622,24,Male,High,6.8,Limited,Masters
STU12623,23,Female,Medium,8.9,High-Speed,Masters
STU12624,21,Male,Low,2.0,Moderate,Bachelors
STU12625,23,Female,High,3.0,High-Speed,Masters
STU12626,25,Male,Medium,9.7,Moderate,Masters
STU12627,22,Female,High,6.0,High-Speed,Bachelors
STU12628,18,Female,Medium,18.5,High-Speed,High School
STU12629,18,Male,Medium,4.0,Moderate,High School
STU12630,21,Female,High,2.9,High-Speed,Bachelors
STU12631,18,Female,Low,39.8,High-Speed,Masters
STU12632,22,Male,Medium,23.0,Moderate,Bachelors
STU12633,22,Male,Medium,0.3,High-Speed,Bachelors
STU12634,22,Female,Low,14.0,High-Speed,High School
STU12635,19,Female,Low,1.1,High-Speed,High School
STU12636,22,Female,Low,0.3,High-Speed,Bachelors
STU12637,22,Female,Medium,3.0,High-Speed,Doctorate
STU12638,19,Female,Medium,3.0,Moderate,High School
STU12639,23,Female,Medium,16.3,High-Speed,Masters
STU12640,25,Male,Low,11.8,Moderate,High School
STU12641,20,Male,Medium,38.0,High-Speed,Bachelors
STU12642,18,Female,High,11.8,High-Speed,Bachelors
STU12643,22,Female,Medium,5.1,Moderate,Masters
STU12644,18,Male,Medium,11.4,Moderate,High School
STU12645,21,Male,Medium,71.5,Moderate,High School
STU12646,18,Female,Medium,11.8,Limited,High School
STU12647,24,Female,Medium,13.6,High-Speed,Masters
STU12648,23,Male,High,26.5,High-Speed,High School
STU12649,25,Male,Medium,1.1,Moderate,High School
STU12650,19,Male,High,11.6,High-Speed,Bachelors
STU12651,18,Male,Low,18.1,High-Speed,Bachelors
STU12652,18,Male,Low,29.3,High-Speed,Masters
STU12653,18,Male,Low,2.3,Moderate,Masters
STU12654,20,Female,Medium,6.7,High-Speed,Bachelors
STU12655,20,Male,Medium,10.8,High-Speed,Masters
STU12656,21,Female,Low,2.7,High-Speed,Bachelors
STU12657,19,Female,Low,8.7,Moderate,High School
STU12658,18,Male,High,2.8,High-Speed,Masters
STU12659,18,Female,High,3.9,High-Speed,Bachelors
STU12660,18,Male,Medium,5.5,Moderate,Bachelors
STU12661,18,Female,Medium,7.2,Limited,Bachelors
STU12662,20,Male,Medium,5.7,Moderate,Bachelors
STU12663,23,Female,Medium,6.5,Moderate,High School
STU12664,23,Female,High,3.4,High-Speed,Bachelors
STU12665,21,Male,Low,1.6,High-Speed,Masters
STU12666,24,Male,Medium,0.5,High-Speed,Bachelors
STU12667,22,Female,Medium,2.1,Moderate,High School
STU12668,19,Female,Medium,8.3,High-Speed,Doctorate
STU12669,23,Male,Medium,14.7,Moderate,High School
STU12670,24,Female,Medium,1.8,Limited,High School
STU12671,25,Male,Low,1.1,High-Speed,High School
STU12672,25,Female,Medium,13.1,High-Speed,High School
STU12673,18,Male,Low,3.5,High-Speed,Bachelors
STU12674,25,Female,Low,28.7,High-Speed,Bachelors
STU12675,23,Male,Low,11.9,High-Speed,Masters
STU12676,21,Male,Medium,3.8,Moderate,Doctorate
STU12677,22,Male,Medium,3.2,High-Speed,Masters
STU12678,23,Male,Medium,7.0,High-Speed,Bachelors
STU12679,21,Female,Medium,0.8,High-Speed,Bachelors
STU12680,25,Male,Medium,1.2,Limited,Masters
STU12681,20,Female,Medium,1.8,Moderate,Bachelors
STU12682,22,Male,Medium,14.2,Limited,Bachelors
STU12683,21,Male,Medium,6.9,Limited,Bachelors
STU12684,24,Male,Medium,0.1,High-Speed,High School
STU12685,23,Male,Medium,10.6,High-Speed,Bachelors
STU12686,20,Male,High,5.2,High-Speed,Bachelors
STU12687,24,Male,High,6.8,High-Speed,Bachelors
STU12688,21,Female,Low,2.3,Moderate,High School
STU12689,21,Male,Low,7.6,High-Speed,Bachelors
STU12690,25,Female,Medium,36.8,High-Speed,Masters
STU12691,24,Female,Medium,0.7,Moderate,Doctorate
STU12692,23,Male,Low,3.2,Moderate,High School
STU12693,22,Male,High,2.6,Moderate,High School
STU12694,20,Female,Low,2.7,High-Speed,Bachelors
STU12695,25,Female,High,4.5,Moderate,Bachelors
STU12696,18,Female,Medium,16.2,High-Speed,High School
STU12697,19,Male,Medium,23.2,High-Speed,High School
STU12698,22,Female,Low,2.1,Moderate,Masters
STU12699,25,Female,Low,7.4,Limited,Bachelors
STU12700,20,Female,Medium,9.6,High-Speed,Bachelors
STU12701,24,Female,Low,7.0,High-Speed,Bachelors
STU12702,21,Male,Medium,5.4,High-Speed,Bachelors
STU12703,24,Male,Medium,2.0,High-Speed,High School
STU12704,25,Female,Low,6.4,Moderate,Bachelors
STU12705,20,Female,Low,4.9,High-Speed,High School
STU12706,24,Male,Medium,15.1,Moderate,Bachelors
STU12707,24,Male,Low,13.7,Moderate,High School
STU12708,19,Male,Low,1.4,High-Speed,Bachelors
STU12709,23,Male,Medium,0.9,High-Speed,Bachelors
STU12710,25,Female,High,22.7,High-Speed,High School
STU12711,19,Female,Medium,7.3,High-Speed,High School
STU12712,25,Male,Low,18.5,High-Speed,High School
STU12713,18,Male,Medium,0.6,High-Speed,Bachelors
STU12714,18,Male,High,7.1,Moderate,High School
STU12715,19,Male,Medium,7.4,High-Speed,High School
STU12716,22,Female,Medium,18.7,Moderate,Bachelors
STU12717,22,Female,Medium,1.0,High-Speed,Bachelors
STU12718,24,Female,Medium,2.6,Moderate,High School
STU12719,24,Male,Low,5.0,Limited,Bachelors
STU12720,21,Female,Medium,19.1,High-Speed,Masters
STU12721,18,Female,Medium,26.6,Moderate,Masters
STU12722,25,Female,High,46.8,Moderate,High School
STU12723,21,Male,Low,30.4,Moderate,Masters
STU12724,18,Male,Low,0.1,Moderate,Bachelors
STU12725,19,Male,Medium,0.5,High-Speed,Doctorate
STU12726,22,Male,Medium,1.5,High-Speed,Bachelors
STU12727,24,Male,Medium,4.1,High-Speed,Bachelors
STU12728,22,Male,Low,16.8,High-Speed,Bachelors
STU12729,19,Male,Low,21.2,Limited,Bachelors
STU12730,21,Female,Medium,2.0,Moderate,Bachelors
STU12731,21,Male,Medium,9.2,High-Speed,High School
STU12732,20,Male,High,23.7,Moderate,High School
STU12733,24,Female,Medium,5.9,Moderate,Bachelors
STU12734,24,Female,Medium,1.0,High-Speed,Masters
STU12735,25,Female,Medium,5.8,High-Speed,Bachelors
STU12736,24,Other,Medium,4.5,High-Speed,Bachelors
STU12737,18,Female,Medium,8.2,Moderate,Bachelors
STU12738,21,Female,High,5.5,Moderate,High School
STU12739,19,Male,Low,0.2,High-Speed,High School
STU12740,21,Male,Medium,48.6,High-Speed,Bachelors
STU12741,22,Male,Low,7.5,Moderate,Doctorate
STU12742,18,Male,Medium,6.1,Limited,High School
STU12743,24,Male,Medium,29.4,Moderate,Bachelors
STU12744,25,Female,Low,1.6,Moderate,High School
STU12745,25,Female,High,2.0,High-Speed,High School
STU12746,25,Female,Low,15.7,High-Speed,High School
STU12747,23,Male,Medium,2.9,High-Speed,Bachelors
STU12748,20,Female,High,15.3,Moderate,High School
STU12749,18,Female,Low,3.0,High-Speed,High School
STU12750,22,Male,Medium,0.3,Moderate,Bachelors
STU12751,24,Female,Low,6.9,High-Speed,Doctorate
STU12752,22,Male,Low,2.1,Moderate,High School
STU12753,22,Male,Medium,13.5,High-Speed,Bachelors
STU12754,24,Female,High,9.7,High-Speed,High School
STU12755,22,Male,Low,24.4,Moderate,Masters
STU12756,25,Male,Medium,14.5,High-Speed,Bachelors
STU12757,19,Female,Medium,1.9,Limited,Masters
STU12758,20,Female,High,15.3,High-Speed,High School
STU12759,23,Male,Low,9.8,High-Speed,Bachelors
STU12760,22,Male,Medium,10.5,Moderate,Bachelors
STU12761,22,Male,Medium,17.0,Moderate,High School
STU12762,21,Female,Medium,8.1,High-Speed,High School
STU12763,20,Male,High,6.0,Limited,Bachelors
STU12764,18,Male,High,9.6,High-Speed,Bachelors
STU12765,20,Female,Low,3.4,High-Speed,High School
STU12766,20,Female,Medium,1.9,High-Speed,Bachelors
STU12767,24,Male,Medium,9.1,High-Speed,High School
STU12768,24,Female,Medium,2.5,High-Speed,High School
STU12769,24,Female,Medium,0.8,High-Speed,Bachelors
STU12770,23,Male,Medium,0.0,High-Speed,High School
STU12771,25,Male,Medium,8.9,Moderate,Bachelors
STU12772,20,Female,High,4.3,High-Speed,High School
STU12773,23,Male,Low,13.3,Limited,Bachelors
STU12774,22,Female,High,4.5,Moderate,Bachelors
STU12775,24,Male,Medium,6.3,High-Speed,Doctorate
STU12776,22,Male,Medium,5.0,High-Speed,High School
STU12777,24,Male,High,10.0,High-Speed,Bachelors
STU12778,19,Male,Medium,4.2,Moderate,High School
STU12779,23,Male,Medium,31.5,High-Speed,Bachelors
STU12780,23,Male,Medium,26.1,High-Speed,Bachelors
STU12781,25,Female,Medium,17.9,Limited,High School
STU12782,18,Other,High,24.0,Moderate,Bachelors
STU12783,21,Female,High,5.7,High-Speed,High School
STU12784,20,Female,Low,7.3,High-Speed,High School
STU12785,18,Male,Low,12.9,Moderate,High School
STU12786,23,Female,Medium,11.3,Moderate,Bachelors
STU12787,18,Male,Low,21.0,High-Speed,Bachelors
STU12788,19,Female,Medium,12.0,High-Speed,High School
STU12789,21,Other,Low,58.5,Moderate,Bachelors
STU12790,25,Female,Medium,4.1,Moderate,High School
STU12791,23,Other,Low,17.0,Moderate,High School
STU12792,23,Female,Medium,11.4,High-Speed,Bachelors
STU12793,20,Male,Medium,11.2,Limited,Bachelors
STU12794,25,Male,Medium,3.7,High-Speed,High School
STU12795,25,Female,High,14.6,High-Speed,High School
STU12796,24,Male,High,21.9,Moderate,Masters
STU12797,21,Female,Medium,2.3,High-Speed,High School
STU12798,19,Other,Low,9.3,Moderate,High School
STU12799,22,Male,High,4.7,High-Speed,Bachelors
STU12800,18,Female,High,43.3,Moderate,Bachelors
STU12801,25,Female,High,6.2,High-Speed,Bachelors
STU12802,20,Female,Low,2.5,Moderate,Masters
STU12803,23,Female,High,4.6,High-Speed,High School
STU12804,22,Female,Low,10.1,Moderate,Bachelors
STU12805,19,Female,Medium,0.8,Moderate,High School
STU12806,21,Female,High,8.8,High-Speed,Bachelors
STU12807,25,Male,Low,25.4,High-Speed,Masters
STU12808,18,Male,High,18.0,High-Speed,Bachelors
STU12809,25,Female,Medium,0.7,Moderate,Bachelors
STU12810,20,Male,High,47.7,High-Speed,Masters
STU12811,25,Female,Low,11.4,High-Speed,High School
STU12812,25,Female,High,1.7,High-Speed,Bachelors
STU12813,25,Male,Low,0.1,Limited,Masters
STU12814,23,Female,Medium,1.8,High-Speed,Bachelors
STU12815,23,Female,Medium,17.3,High-Speed,High School
STU12816,22,Female,Medium,0.2,Moderate,High School
STU12817,22,Male,Low,2.5,Moderate,High School
STU12818,18,Male,Medium,13.5,High-Speed,High School
STU12819,21,Male,Low,8.4,Limited,Bachelors
STU12820,19,Female,Medium,14.5,Moderate,High School
STU12821,24,Male,Low,13.0,High-Speed,High School
STU12822,21,Female,High,0.5,High-Speed,Bachelors
STU12823,21,Male,Low,21.2,Moderate,Bachelors
STU12824,21,Male,Low,2.4,High-Speed,Bachelors
STU12825,24,Female,Low,7.7,High-Speed,Bachelors
STU12826,18,Female,Medium,9.8,High-Speed,High School
STU12827,24,Male,Low,1.8,Moderate,High School
STU12828,18,Male,Medium,35.5,High-Speed,High School
STU12829,24,Male,High,6.4,Moderate,Bachelors
STU12830,19,Male,Medium,0.6,High-Speed,High School
STU12831,25,Female,Medium,26.3,Moderate,Bachelors
STU12832,21,Male,Low,8.4,Moderate,High School
STU12833,25,Male,Medium,11.4,High-Speed,Masters
STU12834,18,Male,Low,7.1,Moderate,Bachelors
STU12835,24,Female,Medium,17.1,High-Speed,Bachelors
STU12836,19,Other,Low,0.3,Moderate,Bachelors
STU12837,24,Male,Medium,3.0,High-Speed,Bachelors
STU12838,25,Female,Medium,6.0,High-Speed,Bachelors
STU12839,23,Male,High,0.8,Limited,Masters
STU12840,19,Male,Low,11.6,Limited,Bachelors
STU12841,21,Female,Medium,4.8,High-Speed,Masters
STU12842,20,Female,Low,3.0,High-Speed,High School
STU12843,21,Female,Medium,0.0,High-Speed,Masters
STU12844,20,Female,High,12.1,Moderate,High School
STU12845,19,Male,Medium,17.0,High-Speed,High School
STU12846,23,Female,Medium,4.8,High-Speed,Bachelors
STU12847,25,Male,High,7.9,High-Speed,High School
STU12848,23,Female,Medium,2.5,Limited,High School
STU12849,18,Male,Medium,9.2,High-Speed,High School
STU12850,23,Female,Medium,0.1,High-Speed,Bachelors
STU12851,22,Male,Medium,6.4,High-Speed,Masters
STU12852,19,Male,Low,9.8,High-Speed,Bachelors
STU12853,25,Female,High,23.8,Moderate,Masters
STU12854,25,Male,Medium,4.6,Limited,Bachelors
STU12855,18,Female,Low,13.8,Moderate,High School
STU12856,25,Male,Medium,8.6,High-Speed,High School
STU12857,23,Male,Medium,24.9,Moderate,Bachelors
STU12858,19,Male,Low,4.8,High-Speed,High School
STU12859,21,Male,Medium,3.7,High-Speed,High School
STU12860,23,Female,High,20.7,Limited,Bachelors
STU12861,24,Male,High,0.5,High-Speed,Bachelors
STU12862,20,Female,High,1.4,High-Speed,High School
STU12863,19,Female,High,0.8,Limited,Masters
STU12864,25,Male,Low,17.6,High-Speed,Bachelors
STU12865,18,Female,Medium,0.1,Moderate,Bachelors
STU12866,21,Female,High,18.8,Limited,Doctorate
STU12867,22,Female,Medium,5.7,High-Speed,High School
STU12868,21,Male,Medium,0.0,High-Speed,Bachelors
STU12869,23,Male,Medium,4.9,High-Speed,Masters
STU12870,20,Female,Medium,2.0,High-Speed,Bachelors
STU12871,21,Female,High,9.3,High-Speed,Bachelors
STU12872,22,Female,Medium,10.8,Moderate,Bachelors
STU12873,24,Male,Medium,6.4,High-Speed,Bachelors
STU12874,18,Female,High,0.4,High-Speed,High School
STU12875,19,Male,Medium,10.1,High-Speed,Doctorate
STU12876,20,Female,Low,17.5,High-Speed,Masters
STU12877,22,Male,Medium,12.1,Moderate,Masters
STU12878,25,Female,High,16.8,High-Speed,Bachelors
STU12879,23,Male,Medium,2.1,Moderate,High School
STU12880,23,Male,Medium,20.9,High-Speed,High School
STU12881,23,Female,Medium,3.7,High-Speed,Masters
STU12882,25,Male,Low,0.1,High-Speed,High School
STU12883,25,Male,High,17.6,High-Speed,High School
STU12884,20,Male,High,27.0,Moderate,Bachelors
STU12885,21,Female,Low,10.1,High-Speed,Bachelors
STU12886,20,Female,Low,2.5,Limited,Bachelors
STU12887,23,Male,High,2.8,High-Speed,Bachelors
STU12888,24,Female,High,6.0,Limited,Bachelors
STU12889,22,Female,High,21.7,High-Speed,Masters
STU12890,19,Male,High,1.5,High-Speed,High School
STU12891,19,Female,Medium,16.6,High-Speed,High School
STU12892,20,Female,Medium,3.3,High-Speed,Bachelors
STU12893,23,Female,Medium,15.7,Moderate,Doctorate
STU12894,25,Male,Low,24.0,High-Speed,High School
STU12895,18,Female,Medium,5.3,High-Speed,High School
STU12896,24,Female,Medium,4.3,High-Speed,Bachelors
STU12897,20,Male,Medium,15.4,High-Speed,Bachelors
STU12898,23,Male,Medium,7.2,Moderate,Doctorate
STU12899,21,Male,Medium,11.0,Moderate,Masters
STU12900,19,Male,Low,9.3,Moderate,Bachelors
STU12901,19,Female,Low,1.6,High-Speed,Bachelors
STU12902,24,Male,Low,17.7,Limited,High School
STU12903,19,Male,Low,2.1,Moderate,Bachelors
STU12904,18,Female,High,25.6,High-Speed,Bachelors
STU12905,23,Male,Low,2.7,High-Speed,High School
STU12906,23,Female,Low,12.6,Limited,High School
STU12907,24,Male,Medium,3.2,High-Speed,Masters
STU12908,23,Male,Medium,3.6,Moderate,Bachelors
STU12909,25,Male,Low,3.5,High-Speed,Bachelors
STU12910,24,Male,Medium,13.1,High-Speed,High School
STU12911,23,Male,Medium,7.7,Moderate,Bachelors
STU12912,18,Female,Low,20.4,Moderate,Masters
STU12913,22,Female,Low,3.5,High-Speed,High School
STU12914,20,Male,High,11.2,Moderate,Bachelors
STU12915,20,Female,High,13.3,High-Speed,High School
STU12916,23,Female,Medium,1.6,Moderate,Bachelors
STU12917,21,Female,Low,4.9,Limited,Masters
STU12918,19,Male,Medium,6.3,Moderate,Bachelors
STU12919,18,Male,Medium,4.2,High-Speed,Masters
STU12920,21,Male,Low,3.7,High-Speed,Masters
STU12921,25,Female,Medium,11.0,Moderate,Masters
STU12922,21,Female,Medium,2.3,High-Speed,Masters
STU12923,23,Male,Medium,11.7,High-Speed,High School
STU12924,18,Male,Medium,26.0,Limited,Masters
STU12925,20,Female,High,7.9,High-Speed,High School
STU12926,19,Female,Medium,9.0,High-Speed,High School
STU12927,20,Other,High,0.7,High-Speed,High School
STU12928,21,Female,Low,19.0,High-Speed,High School
STU12929,25,Male,High,3.2,High-Speed,Bachelors
STU12930,19,Female,Low,9.1,Limited,Bachelors
STU12931,22,Female,Low,36.8,High-Speed,High School
STU12932,21,Male,Medium,8.6,High-Speed,Bachelors
STU12933,20,Female,Medium,12.3,Moderate,Bachelors
STU12934,20,Female,High,5.6,Moderate,Bachelors
STU12935,23,Male,Medium,0.6,Moderate,High School
STU12936,20,Female,Low,15.2,High-Speed,High School
STU12937,18,Female,Medium,0.3,Moderate,High School
STU12938,21,Female,Medium,11.5,High-Speed,High School
STU12939,24,Male,Medium,0.2,High-Speed,Bachelors
STU12940,24,Male,Medium,18.8,High-Speed,Bachelors
STU12941,25,Female,Medium,1.6,High-Speed,High School
STU12942,19,Male,High,6.9,High-Speed,High School
STU12943,20,Female,High,8.6,Moderate,High School
STU12944,23,Female,Low,5.8,High-Speed,Doctorate
STU12945,23,Male,Medium,4.0,Moderate,High School
STU12946,20,Female,Medium,6.0,High-Speed,Masters
STU12947,18,Female,Medium,3.5,High-Speed,Bachelors
STU12948,23,Male,Medium,5.5,High-Speed,High School
STU12949,24,Female,High,4.2,Limited,Doctorate
STU12950,19,Female,Medium,7.9,Moderate,Bachelors
STU12951,21,Female,High,2.6,Limited,Bachelors
STU12952,22,Female,High,42.6,Moderate,Bachelors
STU12953,18,Male,High,6.6,Moderate,Bachelors
STU12954,25,Female,High,2.1,Moderate,High School
STU12955,25,Female,Medium,6.2,Moderate,High School
STU12956,23,Female,Low,19.1,High-Speed,Masters
STU12957,21,Female,Medium,0.2,High-Speed,Masters
STU12958,22,Male,Low,10.8,High-Speed,High School
STU12959,25,Female,Medium,7.5,High-Speed,Bachelors
STU12960,20,Male,Medium,1.8,High-Speed,Bachelors
STU12961,20,Male,Medium,16.2,High-Speed,High School
STU12962,19,Male,High,4.4,High-Speed,Bachelors
STU12963,22,Female,High,3.3,High-Speed,Bachelors
STU12964,20,Female,Low,16.7,Limited,Bachelors
STU12965,25,Female,Medium,9.7,High-Speed,Masters
STU12966,20,Female,Medium,21.7,High-Speed,High School
STU12967,24,Female,Medium,9.4,Moderate,Bachelors
STU12968,23,Female,Medium,12.8,High-Speed,Bachelors
STU12969,25,Female,Medium,17.2,High-Speed,Bachelors
STU12970,25,Male,Medium,0.5,High-Speed,High School
STU12971,25,Male,High,14.2,High-Speed,Bachelors
STU12972,19,Female,High,9.0,High-Speed,Masters
STU12973,21,Female,Low,0.7,High-Speed,High School
STU12974,25,Male,Medium,6.7,High-Speed,Bachelors
STU12975,20,Male,Medium,0.8,Moderate,Masters
STU12976,24,Female,Low,12.7,High-Speed,High School
STU12977,25,Male,Low,7.5,Moderate,Masters
STU12978,18,Female,Medium,29.2,High-Speed,High School
STU12979,18,Female,Medium,1.9,High-Speed,High School
STU12980,21,Male,Low,8.8,Moderate,High School
STU12981,22,Male,Medium,2.3,High-Speed,High School
STU12982,19,Female,Medium,9.0,Moderate,High School
STU12983,24,Female,Low,12.2,High-Speed,Bachelors
STU12984,23,Female,Low,12.2,Moderate,High School
STU12985,24,Female,High,16.0,High-Speed,Masters
STU12986,18,Male,Low,18.3,High-Speed,Bachelors
STU12987,18,Female,High,0.8,Moderate,Bachelors
STU12988,21,Female,Medium,4.0,Moderate,Bachelors
STU12989,22,Female,Medium,11.0,High-Speed,Bachelors
STU12990,22,Male,Low,6.6,Limited,Bachelors
STU12991,21,Female,Low,2.0,High-Speed,High School
STU12992,25,Female,Low,7.6,High-Speed,Masters
STU12993,24,Male,Low,5.0,High-Speed,Bachelors
STU12994,18,Male,Medium,4.7,Moderate,High School
STU12995,24,Female,Low,15.8,Limited,Bachelors
STU12996,24,Male,Medium,5.0,High-Speed,Bachelors
STU12997,19,Male,Medium,0.3,High-Speed,High School
STU12998,18,Male,Low,0.6,Moderate,Masters
STU12999,22,Female,Low,18.4,High-Speed,Bachelors
STU13000,23,Female,Low,30.7,High-Speed,Bachelors
STU13001,24,Female,Low,11.1,High-Speed,Bachelors
STU13002,18,Male,Medium,4.3,High-Speed,Doctorate
STU13003,24,Female,Medium,26.5,High-Speed,High School
STU13004,19,Female,Medium,10.3,High-Speed,Bachelors
STU13005,25,Female,Medium,17.7,Moderate,High School
STU13006,20,Female,Medium,13.8,Moderate,Bachelors
STU13007,18,Male,Medium,4.5,High-Speed,High School
STU13008,21,Female,Medium,6.2,High-Speed,High School
STU13009,20,Male,Low,2.0,High-Speed,Masters
STU13010,24,Female,Low,3.3,High-Speed,Bachelors
STU13011,21,Male,Medium,14.3,Moderate,High School
STU13012,21,Male,Medium,21.3,Limited,Bachelors
STU13013,21,Male,Medium,12.2,Moderate,Bachelors
STU13014,18,Female,Medium,5.9,Moderate,High School
STU13015,22,Male,Medium,0.9,High-Speed,High School
STU13016,24,Female,Medium,0.6,High-Speed,Doctorate
STU13017,20,Male,Medium,4.5,Limited,Bachelors
STU13018,19,Male,Medium,5.9,Limited,High School
STU13019,22,Female,Medium,8.9,High-Speed,Masters
STU13020,24,Male,Medium,0.1,High-Speed,Bachelors
STU13021,25,Male,Medium,43.5,Moderate,High School
STU13022,25,Female,High,4.3,High-Speed,High School
STU13023,18,Male,Medium,17.9,Moderate,High School
STU13024,21,Male,Medium,7.3,Moderate,Masters
STU13025,19,Male,Medium,1.3,High-Speed,High School
STU13026,24,Female,Medium,15.2,Limited,High School
STU13027,20,Female,Low,11.8,Limited,Masters
STU13028,24,Female,High,7.1,Limited,High School
STU13029,22,Female,Low,6.9,High-Speed,Bachelors
STU13030,25,Male,Medium,0.9,High-Speed,High School
STU13031,23,Male,Medium,10.1,High-Speed,Bachelors
STU13032,22,Female,High,23.0,High-Speed,High School
STU13033,24,Male,Low,0.9,High-Speed,High School
STU13034,19,Male,Medium,2.9,High-Speed,Bachelors
STU13035,24,Male,Medium,22.1,Moderate,Bachelors
STU13036,24,Male,Medium,3.2,High-Speed,Bachelors
STU13037,18,Other,Low,10.1,High-Speed,Bachelors
STU13038,20,Male,Medium,7.3,High-Speed,Bachelors
STU13039,19,Female,Medium,8.6,Moderate,Bachelors
STU13040,24,Male,Low,5.1,Moderate,Bachelors
STU13041,21,Female,Medium,3.4,High-Speed,Bachelors
STU13042,20,Male,Medium,0.5,Limited,Bachelors
STU13043,22,Male,Medium,13.0,High-Speed,Bachelors
STU13044,19,Female,High,13.0,High-Speed,High School
STU13045,22,Female,Medium,10.6,Moderate,High School
STU13046,25,Male,High,9.8,Moderate,High School
STU13047,24,Male,High,2.7,High-Speed,Masters
STU13048,22,Male,Low,0.2,Limited,Bachelors
STU13049,22,Male,Low,15.7,Limited,Bachelors
STU13050,18,Male,Medium,6.4,High-Speed,High School
STU13051,22,Male,Medium,3.5,High-Speed,High School
STU13052,21,Male,Medium,1.0,High-Speed,Masters
STU13053,21,Male,Medium,0.6,High-Speed,Masters
STU13054,20,Female,Medium,4.1,High-Speed,High School
STU13055,24,Female,Medium,15.5,Moderate,Bachelors
STU13056,23,Female,Low,23.8,High-Speed,Bachelors
STU13057,25,Male,High,21.6,Moderate,High School
STU13058,22,Male,Medium,24.0,High-Speed,Bachelors
STU13059,22,Female,High,22.6,High-Speed,Bachelors
STU13060,19,Male,Low,7.1,High-Speed,Bachelors
STU13061,18,Male,High,2.4,High-Speed,High School
STU13062,23,Female,Low,15.2,High-Speed,High School
STU13063,20,Female,Low,2.3,Moderate,High School
STU13064,25,Female,Low,3.0,Moderate,High School
STU13065,23,Male,Medium,2.5,High-Speed,Bachelors
STU13066,22,Male,High,6.9,Moderate,High School
STU13067,19,Female,Medium,3.7,High-Speed,Bachelors
STU13068,24,Male,High,1.6,High-Speed,High School
STU13069,18,Female,Medium,5.7,High-Speed,Bachelors
STU13070,24,Female,Medium,19.7,Moderate,Bachelors
STU13071,20,Female,High,8.0,High-Speed,Bachelors
STU13072,23,Male,Low,20.0,High-Speed,High School
STU13073,20,Male,Medium,2.1,High-Speed,High School
STU13074,22,Female,High,1.7,Limited,High School
STU13075,20,Female,High,8.1,Moderate,High School
STU13076,24,Female,High,5.9,Moderate,High School
STU13077,19,Male,High,10.3,Moderate,High School
STU13078,20,Male,Low,15.0,High-Speed,Bachelors
STU13079,21,Female,High,13.2,Moderate,Doctorate
STU13080,19,Female,Medium,27.1,Moderate,High School
STU13081,23,Female,High,4.8,High-Speed,Masters
STU13082,18,Male,Medium,2.2,High-Speed,High School
STU13083,18,Female,Medium,7.6,High-Speed,Bachelors
STU13084,22,Female,Medium,1.1,High-Speed,Bachelors
STU13085,22,Female,Medium,3.2,Moderate,Masters
STU13086,21,Male,Low,2.2,High-Speed,High School
STU13087,23,Male,High,4.8,High-Speed,High School
STU13088,24,Female,High,1.1,Moderate,High School
STU13089,18,Male,Low,0.3,High-Speed,Bachelors
STU13090,18,Male,Medium,10.2,High-Speed,Masters
STU13091,18,Female,Medium,9.0,Moderate,Bachelors
STU13092,24,Male,Medium,11.7,High-Speed,Bachelors
STU13093,18,Female,Low,10.3,Moderate,Bachelors
STU13094,20,Male,High,1.2,High-Speed,Masters
STU13095,23,Female,Medium,3.3,High-Speed,Bachelors
STU13096,19,Female,Medium,1.3,High-Speed,High School
STU13097,19,Male,Medium,17.6,High-Speed,Masters
STU13098,21,Male,Low,13.1,Limited,High School
STU13099,20,Male,Medium,2.1,Limited,High School
STU13100,18,Male,Low,4.0,Moderate,High School
STU13101,18,Female,Low,32.3,High-Speed,Bachelors
STU13102,22,Female,Medium,8.6,Limited,Bachelors
STU13103,22,Male,High,15.3,Moderate,High School
STU13104,21,Male,Medium,2.9,High-Speed,Bachelors
STU13105,18,Male,Low,2.2,Moderate,Bachelors
STU13106,21,Female,Medium,14.6,High-Speed,Masters
STU13107,20,Male,High,11.0,High-Speed,Bachelors
STU13108,19,Female,Medium,10.9,Moderate,Bachelors
STU13109,18,Female,High,7.6,Moderate,Bachelors
STU13110,23,Female,Medium,7.9,High-Speed,High School
STU13111,24,Male,Medium,12.6,High-Speed,High School
STU13112,20,Female,Low,3.0,Limited,Bachelors
STU13113,18,Male,Medium,4.1,Moderate,High School
STU13114,24,Male,Medium,19.5,High-Speed,High School
STU13115,23,Female,Medium,3.5,High-Speed,Bachelors
STU13116,22,Female,High,7.5,High-Speed,High School
STU13117,21,Male,High,11.5,Limited,High School
STU13118,22,Male,Low,90.2,High-Speed,Bachelors
STU13119,19,Male,Low,5.4,High-Speed,Bachelors
STU13120,22,Male,Medium,5.3,High-Speed,Masters
STU13121,18,Male,Low,17.6,Moderate,Bachelors
STU13122,23,Male,Medium,15.6,Moderate,Bachelors
STU13123,22,Male,High,12.5,Moderate,High School
STU13124,18,Female,High,5.9,High-Speed,High School
STU13125,19,Female,Medium,3.7,High-Speed,High School
STU13126,24,Female,High,8.9,Limited,Bachelors
STU13127,23,Male,Medium,19.8,Limited,Bachelors
STU13128,22,Female,Low,20.4,Limited,Bachelors
STU13129,21,Female,Medium,1.1,Limited,Bachelors
STU13130,21,Female,Medium,5.3,Moderate,High School
STU13131,23,Female,Medium,5.9,Moderate,Bachelors
STU13132,21,Female,Low,36.1,Moderate,Bachelors
STU13133,22,Female,Medium,10.8,Moderate,Bachelors
STU13134,22,Male,Medium,5.0,High-Speed,Bachelors
STU13135,23,Female,High,0.3,High-Speed,Doctorate
STU13136,22,Female,Medium,7.9,Limited,Masters
STU13137,24,Female,Medium,1.0,High-Speed,Masters
STU13138,18,Female,Medium,17.1,Moderate,High School
STU13139,19,Male,Low,13.3,High-Speed,High School
STU13140,24,Male,Medium,5.9,High-Speed,High School
STU13141,24,Female,High,5.3,High-Speed,High School
STU13142,21,Female,Medium,21.6,High-Speed,Bachelors
STU13143,18,Female,High,3.2,High-Speed,Bachelors
STU13144,23,Male,Low,2.7,High-Speed,Bachelors
STU13145,25,Male,Low,26.6,Moderate,Masters
STU13146,21,Female,High,15.7,High-Speed,Masters
STU13147,18,Female,High,16.3,High-Speed,High School
STU13148,22,Female,High,2.1,High-Speed,Masters
STU13149,23,Male,Medium,1.5,Moderate,Bachelors
STU13150,25,Female,High,0.3,Moderate,Bachelors
STU13151,23,Male,High,2.6,Moderate,Bachelors
STU13152,25,Female,High,14.1,High-Speed,High School
STU13153,25,Male,Medium,2.6,High-Speed,Masters
STU13154,21,Male,Medium,12.4,Moderate,Bachelors
STU13155,22,Female,High,2.8,Moderate,Masters
STU13156,21,Female,Medium,4.8,High-Speed,Doctorate
STU13157,25,Male,Medium,38.8,High-Speed,Bachelors
STU13158,25,Female,Medium,2.7,High-Speed,High School
STU13159,20,Male,Medium,4.5,High-Speed,High School
STU13160,18,Male,Medium,3.4,Moderate,High School
STU13161,20,Male,Low,1.1,High-Speed,High School
STU13162,18,Male,High,6.4,High-Speed,Masters
STU13163,19,Female,Medium,4.5,High-Speed,High School
STU13164,24,Male,Medium,11.3,Limited,Doctorate
STU13165,23,Female,Low,16.2,Moderate,Bachelors
STU13166,21,Female,Low,7.5,Moderate,High School
STU13167,19,Male,Low,0.3,High-Speed,Bachelors
STU13168,19,Female,Medium,9.2,Moderate,Bachelors
STU13169,23,Male,Low,0.5,High-Speed,Bachelors
STU13170,23,Female,High,9.1,High-Speed,Bachelors
STU13171,18,Male,Low,11.0,High-Speed,High School
STU13172,20,Male,Low,2.1,High-Speed,Bachelors
STU13173,22,Male,Low,16.3,High-Speed,Bachelors
STU13174,18,Male,Low,23.0,Moderate,Bachelors
STU13175,22,Male,Medium,15.9,High-Speed,Masters
STU13176,19,Female,High,3.5,High-Speed,High School
STU13177,22,Female,Medium,8.4,High-Speed,High School
STU13178,20,Female,Low,23.4,High-Speed,Bachelors
STU13179,18,Female,Low,3.7,High-Speed,Doctorate
STU13180,25,Male,Medium,16.3,High-Speed,Bachelors
STU13181,23,Male,High,0.1,High-Speed,High School
STU13182,25,Male,Low,0.0,High-Speed,High School
STU13183,20,Male,Medium,13.5,High-Speed,High School
STU13184,24,Female,Medium,13.6,High-Speed,High School
STU13185,20,Female,Low,14.8,High-Speed,Bachelors
STU13186,24,Male,Medium,25.3,High-Speed,Bachelors
STU13187,18,Male,Low,1.2,High-Speed,High School
STU13188,23,Female,Medium,2.5,Moderate,High School
STU13189,20,Female,Low,22.2,High-Speed,High School
STU13190,25,Male,Medium,1.9,High-Speed,Masters
STU13191,24,Female,Low,10.9,Limited,Bachelors
STU13192,23,Female,High,7.2,Moderate,Doctorate
STU13193,21,Male,Low,0.8,Limited,Bachelors
STU13194,21,Male,High,3.2,Moderate,High School
STU13195,21,Female,High,7.0,High-Speed,High School
STU13196,22,Female,High,18.2,High-Speed,Bachelors
STU13197,20,Female,Medium,11.7,Moderate,Bachelors
STU13198,18,Male,Medium,9.2,Limited,Bachelors
STU13199,25,Male,Medium,6.5,Moderate,Bachelors
STU13200,18,Female,Low,3.4,Moderate,Bachelors
STU13201,22,Female,Medium,1.2,High-Speed,High School
STU13202,18,Male,Low,5.0,High-Speed,Masters
STU13203,24,Female,High,0.3,Limited,Bachelors
STU13204,21,Female,Low,2.3,Moderate,High School
STU13205,25,Female,Medium,5.4,Limited,Bachelors
STU13206,20,Female,Medium,5.2,Moderate,Bachelors
STU13207,18,Female,Medium,0.4,High-Speed,High School
STU13208,18,Male,Medium,8.4,High-Speed,Bachelors
STU13209,19,Female,Low,7.6,Limited,High School
STU13210,19,Male,Medium,0.8,High-Speed,High School
STU13211,19,Female,Low,27.2,High-Speed,High School
STU13212,20,Male,High,1.0,High-Speed,High School
STU13213,21,Female,Medium,18.3,High-Speed,High School
STU13214,23,Male,High,0.0,High-Speed,High School
STU13215,21,Male,Low,20.3,Moderate,Masters
STU13216,25,Male,Low,0.2,High-Speed,High School
STU13217,21,Male,Low,13.5,High-Speed,Bachelors
STU13218,20,Female,Low,4.3,Moderate,High School
STU13219,24,Female,Low,12.7,High-Speed,Bachelors
STU13220,24,Female,Medium,4.9,Moderate,High School
STU13221,20,Male,Low,0.7,High-Speed,High School
STU13222,19,Male,Medium,13.9,Limited,High School
STU13223,18,Male,High,0.7,High-Speed,Doctorate
STU13224,22,Male,Medium,24.2,High-Speed,Bachelors
STU13225,22,Female,Medium,0.5,Moderate,High School
STU13226,23,Male,Medium,6.2,Moderate,High School
STU13227,18,Male,Medium,12.2,High-Speed,High School
STU13228,23,Male,Low,4.7,Limited,High School
STU13229,19,Male,Medium,2.3,High-Speed,Bachelors
STU13230,23,Female,Medium,13.5,Limited,Bachelors
STU13231,18,Female,High,14.6,High-Speed,Bachelors
STU13232,25,Male,Medium,24.3,High-Speed,High School
STU13233,18,Male,Medium,4.5,High-Speed,Bachelors
STU13234,22,Male,Medium,6.7,High-Speed,High School
STU13235,24,Male,Low,4.3,High-Speed,High School
STU13236,19,Male,Medium,2.8,High-Speed,Bachelors
STU13237,25,Female,Medium,13.2,High-Speed,High School
STU13238,20,Female,Low,3.9,High-Speed,Bachelors
STU13239,25,Female,Low,5.3,High-Speed,Masters
STU13240,25,Male,Low,4.9,Moderate,High School
STU13241,23,Male,Medium,11.8,High-Speed,Masters
STU13242,22,Female,Low,23.7,Moderate,High School
STU13243,23,Female,Medium,10.4,Limited,High School
STU13244,23,Female,Medium,6.1,Moderate,Bachelors
STU13245,20,Male,Medium,14.3,Limited,Bachelors
STU13246,19,Female,High,9.7,High-Speed,High School
STU13247,18,Male,High,0.6,High-Speed,Bachelors
STU13248,21,Female,Medium,1.0,High-Speed,Doctorate
STU13249,23,Female,Low,0.4,High-Speed,High School
STU13250,21,Female,Medium,5.8,Moderate,Masters
STU13251,19,Male,Medium,16.6,High-Speed,Bachelors
STU13252,21,Female,Medium,3.6,High-Speed,Masters
STU13253,23,Male,Medium,4.6,Moderate,High School
STU13254,20,Male,Low,22.8,High-Speed,Bachelors
STU13255,21,Male,Medium,17.2,High-Speed,High School
STU13256,19,Female,Low,10.4,High-Speed,Masters
STU13257,19,Male,Medium,2.9,Limited,Bachelors
STU13258,24,Male,Medium,1.2,Moderate,High School
STU13259,24,Female,Medium,0.2,High-Speed,High School
STU13260,20,Male,Low,1.1,High-Speed,Masters
STU13261,21,Female,Medium,3.3,High-Speed,Bachelors
STU13262,21,Male,Medium,7.6,High-Speed,High School
STU13263,24,Male,Low,0.6,Moderate,Bachelors
STU13264,18,Female,Medium,1.4,High-Speed,Masters
STU13265,22,Male,Medium,1.9,High-Speed,High School
STU13266,19,Male,Medium,9.5,Limited,High School
STU13267,18,Female,Medium,9.1,Moderate,Masters
STU13268,19,Female,Medium,7.6,Moderate,High School
STU13269,25,Female,Medium,2.7,High-Speed,High School
STU13270,25,Male,Medium,4.4,High-Speed,High School
STU13271,18,Male,Medium,1.0,High-Speed,Masters
STU13272,25,Female,Medium,2.4,Moderate,High School
STU13273,24,Female,Low,21.7,High-Speed,Bachelors
STU13274,24,Female,Low,37.0,Moderate,Masters
STU13275,22,Female,Low,9.9,Limited,High School
STU13276,18,Female,Medium,23.6,High-Speed,Masters
STU13277,19,Male,Medium,9.8,High-Speed,Bachelors
STU13278,21,Male,Medium,0.3,Moderate,Bachelors
STU13279,19,Female,Low,54.5,Limited,High School
STU13280,23,Male,High,1.0,Moderate,Bachelors
STU13281,24,Male,Medium,10.9,High-Speed,High School
STU13282,20,Female,High,2.8,High-Speed,High School
STU13283,20,Female,Medium,4.7,Moderate,Masters
STU13284,24,Male,Medium,9.9,Moderate,High School
STU13285,23,Male,Low,5.4,High-Speed,Masters
STU13286,20,Male,Low,2.7,High-Speed,High School
STU13287,25,Female,Low,3.9,Moderate,High School
STU13288,24,Female,Medium,4.0,High-Speed,Masters
STU13289,20,Male,Medium,30.4,Moderate,High School
STU13290,24,Male,Medium,15.2,High-Speed,Masters
STU13291,22,Female,Medium,5.8,Moderate,Bachelors
STU13292,21,Male,High,2.1,Moderate,High School
STU13293,21,Female,Low,15.8,High-Speed,Bachelors
STU13294,19,Female,Low,1.6,Moderate,High School
STU13295,23,Male,Medium,2.2,Moderate,High School
STU13296,24,Female,Medium,4.3,Limited,Bachelors
STU13297,18,Male,Medium,20.2,High-Speed,High School
STU13298,19,Male,Medium,1.3,Moderate,High School
STU13299,19,Female,Low,1.2,Moderate,Masters
STU13300,24,Male,Medium,6.5,High-Speed,Masters
STU13301,24,Other,High,3.1,Moderate,Bachelors
STU13302,19,Female,Low,8.0,High-Speed,Bachelors
STU13303,19,Male,High,5.7,High-Speed,Bachelors
STU13304,21,Male,High,5.4,High-Speed,Bachelors
STU13305,18,Male,Low,1.1,High-Speed,Bachelors
STU13306,25,Male,Low,1.4,Limited,Doctorate
STU13307,19,Male,Medium,16.3,Moderate,High School
STU13308,25,Male,Medium,20.6,High-Speed,Bachelors
STU13309,21,Male,Medium,2.5,Moderate,Masters
STU13310,19,Female,Medium,1.1,High-Speed,Bachelors
STU13311,20,Female,Medium,0.5,High-Speed,Masters
STU13312,19,Female,Low,8.9,High-Speed,High School
STU13313,24,Male,High,11.9,High-Speed,High School
STU13314,23,Male,Medium,4.4,High-Speed,Masters
STU13315,23,Female,Medium,10.8,Moderate,High School
STU13316,19,Male,High,11.9,High-Speed,Bachelors
STU13317,22,Male,Medium,26.0,High-Speed,High School
STU13318,20,Female,Low,0.6,High-Speed,Bachelors
STU13319,18,Female,Medium,2.0,High-Speed,Bachelors
STU13320,19,Female,Medium,0.7,Limited,High School
STU13321,25,Male,Low,19.2,High-Speed,Bachelors
STU13322,18,Female,High,14.9,Moderate,Bachelors
STU13323,20,Female,Low,8.1,High-Speed,High School
STU13324,19,Female,Medium,0.8,Moderate,Bachelors
STU13325,22,Female,Medium,3.0,High-Speed,Bachelors
STU13326,21,Female,Low,3.4,Limited,High School
STU13327,22,Female,High,7.8,High-Speed,Bachelors
STU13328,24,Male,High,2.8,High-Speed,High School
STU13329,22,Female,Medium,0.7,Limited,High School
STU13330,25,Female,Low,12.5,Moderate,Bachelors
STU13331,21,Female,Low,3.4,High-Speed,Bachelors
STU13332,24,Male,Medium,5.7,Limited,Masters
STU13333,21,Male,Low,1.3,Moderate,High School
STU13334,23,Female,Medium,15.4,High-Speed,High School
STU13335,21,Female,High,7.9,High-Speed,High School
STU13336,19,Female,Medium,22.0,High-Speed,Bachelors
STU13337,18,Female,High,6.5,High-Speed,Bachelors
STU13338,23,Female,Medium,27.0,Moderate,Bachelors
STU13339,23,Female,Medium,21.1,High-Speed,High School
STU13340,18,Female,High,8.2,High-Speed,Masters
STU13341,25,Female,Medium,25.8,Moderate,Bachelors
STU13342,23,Female,High,3.7,High-Speed,Masters
STU13343,21,Male,Low,4.3,Limited,High School
STU13344,22,Male,Low,0.4,Limited,Bachelors
STU13345,20,Female,High,8.5,Limited,Bachelors
STU13346,25,Male,Medium,12.2,Moderate,Bachelors
STU13347,21,Male,High,14.1,High-Speed,High School
STU13348,24,Male,High,1.5,High-Speed,Doctorate
STU13349,24,Male,Low,5.6,High-Speed,High School
STU13350,22,Male,Medium,1.8,High-Speed,High School
STU13351,25,Male,Medium,10.3,Moderate,Bachelors
STU13352,25,Female,Medium,1.6,High-Speed,Bachelors
STU13353,22,Female,Medium,22.3,Limited,Bachelors
STU13354,25,Male,Low,2.5,Limited,High School
STU13355,23,Male,Medium,3.3,High-Speed,Bachelors
STU13356,19,Female,Medium,18.1,High-Speed,Bachelors
STU13357,19,Male,Low,5.8,High-Speed,High School
STU13358,25,Female,High,0.2,Moderate,Masters
STU13359,23,Female,Medium,6.5,Moderate,Masters
STU13360,23,Female,High,0.8,High-Speed,Bachelors
STU13361,18,Male,Medium,40.1,High-Speed,High School
STU13362,18,Female,Low,8.4,High-Speed,Masters
STU13363,20,Male,Medium,2.8,Limited,High School
STU13364,20,Female,Low,7.9,High-Speed,High School
STU13365,20,Female,High,0.8,High-Speed,High School
STU13366,20,Male,Low,15.3,Moderate,High School
STU13367,22,Male,Medium,24.6,Moderate,Masters
STU13368,22,Male,Medium,19.7,Moderate,Bachelors
STU13369,18,Female,Medium,4.0,High-Speed,Doctorate
STU13370,19,Male,Low,3.7,Moderate,High School
STU13371,23,Female,Medium,0.3,High-Speed,Bachelors
STU13372,24,Male,Medium,10.0,High-Speed,Doctorate
STU13373,19,Female,Low,7.3,High-Speed,Masters
STU13374,21,Female,High,5.8,High-Speed,Bachelors
STU13375,22,Female,Medium,22.6,High-Speed,High School
STU13376,20,Female,Medium,1.7,Limited,Bachelors
STU13377,20,Male,Medium,0.1,High-Speed,High School
STU13378,21,Male,Low,0.7,Limited,Bachelors
STU13379,19,Female,High,2.4,High-Speed,Bachelors
STU13380,20,Male,Medium,0.3,High-Speed,Bachelors
STU13381,19,Male,Low,6.6,Moderate,Bachelors
STU13382,23,Male,Medium,3.6,Moderate,Bachelors
STU13383,21,Male,Medium,1.9,High-Speed,High School
STU13384,24,Male,Medium,13.2,Moderate,Bachelors
STU13385,19,Female,Medium,2.2,High-Speed,Bachelors
STU13386,23,Male,Low,11.1,Limited,High School
STU13387,25,Female,Low,4.1,High-Speed,High School
STU13388,25,Male,High,6.8,Moderate,High School
STU13389,19,Female,Low,25.8,High-Speed,Bachelors
STU13390,25,Male,High,0.4,Moderate,Doctorate
STU13391,19,Female,Low,6.6,Moderate,High School
STU13392,20,Female,High,18.3,High-Speed,Bachelors
STU13393,18,Male,Medium,8.4,Limited,Bachelors
STU13394,25,Female,Medium,3.1,High-Speed,High School
STU13395,22,Other,Low,4.8,High-Speed,Masters
STU13396,19,Female,Low,10.8,Moderate,High School
STU13397,19,Female,Low,21.0,High-Speed,Masters
STU13398,19,Male,Low,0.4,High-Speed,High School
STU13399,18,Female,Medium,0.7,High-Speed,High School
STU13400,23,Male,Medium,3.7,Moderate,High School
STU13401,25,Male,Medium,2.5,High-Speed,High School
STU13402,24,Other,Medium,2.9,High-Speed,Masters
STU13403,24,Male,Medium,2.4,Moderate,High School
STU13404,21,Female,Medium,2.1,Moderate,Bachelors
STU13405,20,Female,Medium,1.3,Limited,High School
STU13406,18,Female,Medium,25.8,Moderate,Masters
STU13407,23,Other,Medium,1.5,Moderate,Bachelors
STU13408,19,Male,High,2.2,High-Speed,Bachelors
STU13409,23,Male,Low,2.7,High-Speed,High School
STU13410,18,Male,Low,25.7,Moderate,Bachelors
STU13411,18,Male,Medium,13.4,Limited,High School
STU13412,18,Male,Low,14.8,Moderate,High School
STU13413,21,Male,High,1.1,High-Speed,Bachelors
STU13414,22,Female,High,17.2,High-Speed,Doctorate
STU13415,20,Female,Low,5.0,Moderate,Masters
STU13416,21,Male,Low,2.9,Moderate,Bachelors
STU13417,21,Female,Medium,8.1,Moderate,Bachelors
STU13418,25,Male,Medium,16.4,High-Speed,Doctorate
STU13419,22,Male,Low,14.3,High-Speed,Bachelors
STU13420,21,Female,Medium,21.0,Limited,Bachelors
STU13421,18,Female,Medium,25.0,Moderate,Masters
STU13422,18,Female,Medium,2.6,High-Speed,High School
STU13423,25,Male,Low,5.2,High-Speed,High School
STU13424,23,Female,Medium,0.1,Limited,Bachelors
STU13425,19,Female,Low,20.1,Moderate,High School
STU13426,21,Female,High,1.6,High-Speed,High School
STU13427,19,Female,Medium,18.8,High-Speed,Bachelors
STU13428,20,Female,Medium,3.8,High-Speed,Bachelors
STU13429,24,Female,High,4.4,High-Speed,Doctorate
STU13430,18,Female,High,0.4,Moderate,High School
STU13431,23,Other,Medium,3.8,High-Speed,High School
STU13432,20,Female,Low,20.8,Moderate,High School
STU13433,25,Male,Medium,0.2,Moderate,Bachelors
STU13434,23,Female,Medium,5.0,High-Speed,Bachelors
STU13435,24,Male,Low,0.3,High-Speed,Bachelors
STU13436,24,Male,High,4.4,High-Speed,High School
STU13437,25,Female,Low,1.8,High-Speed,Bachelors
STU13438,22,Female,Low,2.8,High-Speed,Bachelors
STU13439,25,Female,Low,20.0,Moderate,High School
STU13440,18,Male,Medium,5.4,Moderate,Bachelors
STU13441,20,Female,Medium,3.0,Moderate,Bachelors
STU13442,22,Male,Medium,8.5,Moderate,Doctorate
STU13443,24,Other,Medium,1.5,Moderate,Masters
STU13444,20,Other,Medium,2.9,Moderate,Bachelors
STU13445,23,Female,Medium,7.5,High-Speed,Masters
STU13446,22,Female,Low,2.6,Limited,Bachelors
STU13447,22,Female,High,10.8,High-Speed,Masters
STU13448,18,Female,Low,6.4,High-Speed,High School
STU13449,25,Male,High,14.0,High-Speed,Bachelors
STU13450,19,Male,Low,28.1,Limited,Bachelors
STU13451,23,Female,Medium,1.2,Limited,Bachelors
STU13452,23,Female,Low,3.9,Moderate,High School
STU13453,25,Male,Low,3.7,Moderate,High School
STU13454,22,Female,High,1.6,High-Speed,High School
STU13455,22,Male,High,15.8,Limited,High School
STU13456,18,Female,Medium,13.6,Moderate,High School
STU13457,19,Female,Medium,6.3,Limited,Bachelors
STU13458,23,Female,Medium,7.3,High-Speed,Masters
STU13459,24,Female,High,0.6,High-Speed,Bachelors
STU13460,21,Male,Medium,7.7,Moderate,Masters
STU13461,21,Male,Medium,14.9,High-Speed,Masters
STU13462,19,Female,Medium,8.1,Limited,Bachelors
STU13463,20,Female,Medium,2.9,High-Speed,High School
STU13464,18,Male,High,10.5,Limited,High School
STU13465,19,Female,Low,4.3,High-Speed,Masters
STU13466,25,Male,Low,7.5,Moderate,High School
STU13467,25,Female,Medium,6.4,High-Speed,Bachelors
STU13468,21,Female,Medium,4.6,Moderate,High School
STU13469,22,Male,Low,12.1,High-Speed,Masters
STU13470,21,Male,Medium,20.5,Limited,Bachelors
STU13471,22,Female,High,0.0,Moderate,Masters
STU13472,18,Female,Low,25.8,High-Speed,High School
STU13473,22,Female,Medium,6.8,Limited,High School
STU13474,19,Female,Medium,11.5,High-Speed,Bachelors
STU13475,22,Female,Medium,18.4,High-Speed,Doctorate
STU13476,20,Female,High,6.0,High-Speed,Bachelors
STU13477,25,Female,Medium,17.1,Moderate,Masters
STU13478,19,Male,Medium,1.9,High-Speed,Bachelors
STU13479,25,Male,Medium,1.6,High-Speed,Bachelors
STU13480,18,Male,Medium,10.2,Limited,Bachelors
STU13481,19,Female,Medium,19.4,Moderate,High School
STU13482,20,Male,High,21.2,High-Speed,High School
STU13483,18,Female,Medium,9.8,Moderate,Doctorate
STU13484,21,Female,Low,7.1,Limited,Doctorate
STU13485,20,Female,Low,3.8,High-Speed,Bachelors
STU13486,18,Male,Low,37.2,Moderate,High School
STU13487,24,Male,Low,3.7,High-Speed,High School
STU13488,22,Male,High,13.0,Moderate,Doctorate
STU13489,19,Male,Medium,7.2,High-Speed,High School
STU13490,18,Male,Medium,8.9,Moderate,Masters
STU13491,19,Female,Medium,4.8,High-Speed,High School
STU13492,22,Female,High,31.8,Moderate,Bachelors
STU13493,18,Female,Medium,8.1,High-Speed,Masters
STU13494,21,Female,High,26.4,High-Speed,High School
STU13495,24,Male,Medium,0.1,High-Speed,High School
STU13496,24,Female,High,8.1,Moderate,Doctorate
STU13497,20,Female,Medium,12.0,High-Speed,Bachelors
STU13498,18,Male,Low,13.0,High-Speed,Bachelors
STU13499,22,Female,Medium,22.4,High-Speed,Bachelors
STU13500,18,Male,Medium,0.0,Moderate,High School
STU13501,19,Female,Low,0.0,High-Speed,High School
STU13502,23,Other,Medium,6.1,Moderate,Bachelors
STU13503,25,Male,Medium,0.3,High-Speed,High School
STU13504,18,Female,Low,34.9,High-Speed,Bachelors
STU13505,24,Female,High,2.4,High-Speed,Bachelors
STU13506,24,Female,Medium,6.1,Limited,High School
STU13507,25,Male,High,0.6,High-Speed,Bachelors
STU13508,24,Female,Medium,7.0,High-Speed,High School
STU13509,21,Male,Medium,4.5,High-Speed,High School
STU13510,18,Male,Medium,0.4,Moderate,Bachelors
STU13511,20,Male,Medium,3.9,High-Speed,Masters
STU13512,18,Female,High,4.7,Moderate,High School
STU13513,23,Female,Low,43.7,High-Speed,Bachelors
STU13514,24,Female,High,2.2,High-Speed,Bachelors
STU13515,19,Female,High,7.5,High-Speed,High School
STU13516,24,Male,Medium,41.5,Moderate,Bachelors
STU13517,18,Male,High,14.9,Moderate,Masters
STU13518,21,Male,Medium,47.6,High-Speed,Bachelors
STU13519,22,Male,High,32.8,Limited,High School
STU13520,18,Male,Medium,6.4,High-Speed,Bachelors
STU13521,18,Male,Low,11.3,Moderate,Bachelors
STU13522,20,Male,High,1.1,High-Speed,High School
STU13523,21,Male,Medium,5.5,High-Speed,High School
STU13524,23,Male,Medium,15.7,Moderate,High School
STU13525,22,Male,Medium,6.7,Moderate,High School
STU13526,24,Female,Low,11.5,High-Speed,High School
STU13527,19,Female,Medium,13.0,High-Speed,Bachelors
STU13528,18,Female,High,2.8,High-Speed,High School
STU13529,23,Male,Low,19.8,Moderate,Masters
STU13530,22,Male,Low,5.9,High-Speed,Bachelors
STU13531,19,Female,Low,2.2,Moderate,Masters
STU13532,23,Male,Medium,19.1,High-Speed,Bachelors
STU13533,21,Male,Medium,5.1,High-Speed,High School
STU13534,21,Male,Medium,13.2,High-Speed,Bachelors
STU13535,22,Male,High,7.5,High-Speed,Masters
STU13536,24,Male,Medium,4.6,High-Speed,High School
STU13537,25,Male,Low,15.8,High-Speed,High School
STU13538,19,Female,High,8.3,Moderate,High School
STU13539,21,Male,Medium,4.7,High-Speed,High School
STU13540,25,Male,Medium,1.1,Moderate,High School
STU13541,22,Female,Medium,21.5,High-Speed,High School
STU13542,21,Male,High,0.3,Limited,High School
STU13543,21,Male,Medium,18.9,Limited,Bachelors
STU13544,23,Female,Medium,4.2,Moderate,High School
STU13545,25,Male,Medium,9.7,Moderate,Bachelors
STU13546,23,Male,Low,24.3,High-Speed,Bachelors
STU13547,21,Male,Medium,1.6,Moderate,Bachelors
STU13548,25,Male,Medium,8.0,Limited,High School
STU13549,20,Female,Low,13.7,High-Speed,Bachelors
STU13550,25,Female,Low,13.5,High-Speed,High School
STU13551,23,Male,Low,7.1,High-Speed,Bachelors
STU13552,19,Female,Medium,9.3,High-Speed,Bachelors
STU13553,22,Female,High,13.5,High-Speed,High School
STU13554,22,Male,High,17.5,High-Speed,High School
STU13555,24,Female,Medium,13.6,High-Speed,High School
STU13556,19,Male,Medium,4.2,Limited,High School
STU13557,19,Male,High,54.4,High-Speed,High School
STU13558,19,Male,Low,5.4,Moderate,Doctorate
STU13559,24,Male,Medium,0.2,High-Speed,High School
STU13560,19,Male,Medium,4.3,High-Speed,Bachelors
STU13561,18,Female,Low,1.3,High-Speed,Bachelors
STU13562,24,Male,High,1.2,High-Speed,Bachelors
STU13563,22,Male,High,3.1,High-Speed,Masters
STU13564,18,Male,Low,0.5,High-Speed,Masters
STU13565,24,Female,Low,11.1,High-Speed,Bachelors
STU13566,21,Female,Low,0.7,Moderate,Doctorate
STU13567,21,Female,Medium,2.2,High-Speed,High School
STU13568,22,Female,Medium,0.9,High-Speed,Bachelors
STU13569,21,Female,Medium,0.6,Moderate,Masters
STU13570,19,Male,Low,3.0,High-Speed,Bachelors
STU13571,24,Female,High,8.1,High-Speed,Doctorate
STU13572,18,Female,Medium,31.8,High-Speed,High School
STU13573,19,Other,Low,19.8,High-Speed,Bachelors
STU13574,21,Female,Medium,19.8,High-Speed,Doctorate
STU13575,23,Male,Medium,1.8,High-Speed,High School
STU13576,25,Male,Medium,2.9,High-Speed,Bachelors
STU13577,18,Male,Low,0.8,Moderate,High School
STU13578,19,Female,Low,14.3,High-Speed,Bachelors
STU13579,24,Female,High,0.7,High-Speed,Masters
STU13580,22,Male,High,7.7,Limited,High School
STU13581,19,Female,Medium,2.7,Moderate,High School
STU13582,23,Male,Medium,2.7,High-Speed,High School
STU13583,21,Female,Medium,44.5,Limited,Masters
STU13584,18,Male,Medium,13.4,High-Speed,Bachelors
STU13585,22,Male,Medium,17.2,High-Speed,High School
STU13586,18,Male,High,8.1,Limited,High School
STU13587,22,Female,Medium,19.5,Moderate,Masters
STU13588,25,Male,Medium,9.9,High-Speed,Masters
STU13589,24,Male,Medium,27.8,Moderate,High School
STU13590,18,Female,High,3.1,Moderate,High School
STU13591,21,Male,Medium,8.6,High-Speed,Bachelors
STU13592,24,Female,Low,11.1,High-Speed,Bachelors
STU13593,24,Female,Medium,4.7,High-Speed,Doctorate
STU13594,25,Male,Medium,20.1,Limited,Bachelors
STU13595,22,Female,Medium,37.1,High-Speed,Bachelors
STU13596,20,Male,Medium,6.5,Moderate,Bachelors
STU13597,18,Female,High,4.7,High-Speed,Masters
STU13598,18,Male,Medium,6.1,High-Speed,High School
STU13599,19,Female,High,18.2,Moderate,High School
STU13600,22,Male,Low,9.9,Moderate,High School
STU13601,23,Female,High,0.4,High-Speed,Masters
STU13602,20,Male,Medium,7.4,High-Speed,Bachelors
STU13603,21,Male,Medium,0.2,High-Speed,High School
STU13604,19,Male,Medium,14.3,High-Speed,Bachelors
STU13605,25,Male,Low,3.8,High-Speed,High School
STU13606,20,Female,Medium,6.1,Moderate,High School
STU13607,22,Male,Medium,15.2,High-Speed,High School
STU13608,20,Female,Low,0.5,High-Speed,Bachelors
STU13609,25,Female,Medium,1.6,High-Speed,Bachelors
STU13610,24,Female,Medium,4.8,Limited,Masters
STU13611,18,Male,Low,2.5,High-Speed,Masters
STU13612,24,Male,Low,3.9,Moderate,Bachelors
STU13613,18,Female,Medium,59.9,High-Speed,Bachelors
STU13614,19,Male,Medium,16.6,High-Speed,High School
STU13615,25,Male,High,20.5,High-Speed,High School
STU13616,22,Female,High,26.3,High-Speed,High School
STU13617,22,Female,Medium,4.0,Moderate,Bachelors
STU13618,20,Female,Medium,3.3,High-Speed,High School
STU13619,19,Male,Medium,2.5,Moderate,High School
STU13620,22,Female,Medium,16.8,High-Speed,Bachelors
STU13621,23,Male,Low,10.8,High-Speed,High School
STU13622,23,Male,Medium,2.6,High-Speed,Bachelors
STU13623,24,Female,Medium,4.5,Moderate,Bachelors
STU13624,18,Male,Low,6.7,Moderate,High School
STU13625,20,Male,Medium,7.1,Moderate,High School
STU13626,21,Male,High,20.9,High-Speed,High School
STU13627,25,Female,Medium,4.6,Moderate,High School
STU13628,18,Female,Medium,22.7,High-Speed,Bachelors
STU13629,19,Female,High,5.5,Moderate,Bachelors
STU13630,22,Female,Medium,13.0,Limited,High School
STU13631,18,Male,Low,25.3,High-Speed,High School
STU13632,21,Male,Medium,22.6,High-Speed,Masters
STU13633,21,Male,Medium,0.6,Moderate,High School
STU13634,23,Male,Medium,2.2,Moderate,High School
STU13635,19,Male,Low,6.2,High-Speed,Bachelors
STU13636,18,Female,Medium,5.4,Limited,Bachelors
STU13637,20,Male,High,9.7,Moderate,Bachelors
STU13638,18,Male,Medium,27.5,High-Speed,Bachelors
STU13639,23,Male,High,1.1,High-Speed,High School
STU13640,24,Male,Medium,5.7,Moderate,Bachelors
STU13641,21,Female,High,2.0,High-Speed,High School
STU13642,19,Male,Low,21.3,High-Speed,Bachelors
STU13643,19,Male,Medium,31.7,High-Speed,Masters
STU13644,20,Female,Low,6.2,Moderate,High School
STU13645,19,Male,Medium,1.0,Moderate,High School
STU13646,23,Male,Medium,14.6,High-Speed,High School
STU13647,23,Male,Medium,11.3,Moderate,High School
STU13648,23,Female,High,4.2,Limited,High School
STU13649,19,Other,High,20.7,High-Speed,Bachelors
STU13650,19,Female,Low,35.4,Moderate,Doctorate
STU13651,23,Male,Medium,7.8,Limited,High School
STU13652,19,Female,Medium,7.9,Moderate,High School
STU13653,25,Male,Medium,3.4,Moderate,High School
STU13654,19,Male,High,8.3,High-Speed,High School
STU13655,25,Male,Medium,5.5,High-Speed,High School
STU13656,21,Male,High,3.4,High-Speed,Bachelors
STU13657,18,Female,Low,0.7,Moderate,High School
STU13658,22,Female,Medium,2.8,Limited,Doctorate
STU13659,25,Female,Medium,2.1,High-Speed,Bachelors
STU13660,25,Female,Low,7.4,High-Speed,Bachelors
STU13661,19,Female,Medium,8.7,High-Speed,High School
STU13662,22,Male,High,8.9,Moderate,Bachelors
STU13663,24,Male,Medium,4.7,High-Speed,Bachelors
STU13664,22,Female,Medium,5.2,Moderate,High School
STU13665,21,Male,Medium,17.1,High-Speed,High School
STU13666,25,Female,Low,6.1,High-Speed,Masters
STU13667,19,Male,Low,41.8,High-Speed,High School
STU13668,23,Male,Medium,5.5,Moderate,Bachelors
STU13669,22,Male,Low,10.0,High-Speed,High School
STU13670,19,Male,High,0.5,Limited,High School
STU13671,20,Male,Medium,10.1,High-Speed,High School
STU13672,24,Female,High,18.1,High-Speed,High School
STU13673,23,Male,Medium,27.1,High-Speed,Bachelors
STU13674,20,Female,High,56.3,Limited,Bachelors
STU13675,20,Male,Medium,3.1,Moderate,Bachelors
STU13676,22,Male,Medium,8.1,High-Speed,Bachelors
STU13677,20,Male,High,5.7,Moderate,High School
STU13678,21,Female,Medium,7.9,High-Speed,Bachelors
STU13679,21,Male,Low,1.6,High-Speed,Bachelors
STU13680,22,Female,Medium,18.4,High-Speed,Bachelors
STU13681,19,Male,High,22.8,Moderate,Bachelors
STU13682,18,Female,Medium,5.7,High-Speed,Bachelors
STU13683,19,Male,Medium,3.1,High-Speed,High School
STU13684,19,Female,Medium,1.4,High-Speed,Bachelors
STU13685,19,Female,High,10.9,High-Speed,High School
STU13686,19,Female,Low,3.6,High-Speed,Bachelors
STU13687,23,Male,Medium,22.8,High-Speed,High School
STU13688,18,Male,Low,10.6,High-Speed,Masters
STU13689,23,Male,Medium,9.9,Limited,Bachelors
STU13690,20,Female,Medium,7.8,High-Speed,Bachelors
STU13691,24,Female,Low,0.4,High-Speed,Bachelors
STU13692,19,Female,Low,25.5,High-Speed,Masters
STU13693,24,Male,Medium,9.4,High-Speed,Bachelors
STU13694,21,Male,Low,48.7,Moderate,High School
STU13695,22,Male,Low,7.3,High-Speed,Masters
STU13696,22,Female,High,11.8,Moderate,Bachelors
STU13697,23,Female,Medium,0.5,Moderate,Bachelors
STU13698,23,Female,Medium,9.5,Moderate,Masters
STU13699,21,Male,High,13.7,High-Speed,High School
STU13700,19,Female,Low,14.3,High-Speed,High School
STU13701,24,Female,Medium,14.0,High-Speed,Bachelors
STU13702,25,Male,Medium,2.4,Moderate,Bachelors
STU13703,24,Female,Medium,35.2,High-Speed,Bachelors
STU13704,18,Female,High,50.7,High-Speed,Bachelors
STU13705,20,Female,High,0.7,High-Speed,Bachelors
STU13706,22,Female,Medium,26.2,Moderate,Bachelors
STU13707,20,Male,Low,3.2,Moderate,Masters
STU13708,18,Male,Low,11.1,High-Speed,High School
STU13709,23,Female,Medium,3.9,High-Speed,Bachelors
STU13710,24,Male,Low,32.6,High-Speed,Bachelors
STU13711,22,Female,Medium,1.0,High-Speed,Bachelors
STU13712,20,Female,Medium,6.5,Moderate,High School
STU13713,25,Female,Low,5.3,Moderate,High School
STU13714,23,Other,High,3.7,Moderate,Bachelors
STU13715,18,Male,Low,9.9,High-Speed,High School
STU13716,25,Male,Medium,1.3,Moderate,High School
STU13717,20,Male,Medium,12.0,Limited,High School
STU13718,25,Male,Medium,37.4,Limited,Bachelors
STU13719,24,Male,Medium,15.5,Moderate,Bachelors
STU13720,19,Male,Low,18.7,High-Speed,Bachelors
STU13721,25,Female,Medium,4.2,Moderate,High School
STU13722,23,Female,Medium,3.7,Moderate,Bachelors
STU13723,18,Male,High,6.9,Moderate,Bachelors
STU13724,20,Male,Medium,0.4,High-Speed,High School
STU13725,24,Female,Medium,27.6,Limited,High School
STU13726,19,Male,Medium,1.5,High-Speed,Masters
STU13727,19,Male,High,22.2,High-Speed,Bachelors
STU13728,18,Male,Low,0.8,High-Speed,Bachelors
STU13729,21,Female,Medium,16.4,Moderate,High School
STU13730,24,Male,Medium,1.6,High-Speed,Masters
STU13731,24,Female,Medium,0.4,High-Speed,Bachelors
STU13732,22,Male,Low,12.1,Moderate,Masters
STU13733,18,Female,Medium,3.1,Moderate,Doctorate
STU13734,19,Male,Low,11.9,Moderate,Doctorate
STU13735,19,Male,Medium,7.7,High-Speed,Masters
STU13736,25,Female,Medium,1.1,Moderate,High School
STU13737,18,Female,High,25.6,High-Speed,Masters
STU13738,21,Female,Medium,5.7,High-Speed,High School
STU13739,22,Female,Low,12.6,High-Speed,Masters
STU13740,20,Female,Low,6.6,Moderate,High School
STU13741,18,Female,High,8.8,High-Speed,Bachelors
STU13742,22,Female,Low,3.4,High-Speed,High School
STU13743,24,Male,Medium,2.1,High-Speed,Bachelors
STU13744,22,Male,Low,7.4,High-Speed,High School
STU13745,25,Male,Medium,5.5,Limited,Bachelors
STU13746,23,Female,Medium,4.7,Limited,Masters
STU13747,19,Male,Medium,10.6,High-Speed,Bachelors
STU13748,25,Male,Medium,11.1,High-Speed,High School
STU13749,20,Female,High,0.4,High-Speed,Bachelors
STU13750,18,Female,Medium,3.9,Moderate,High School
STU13751,25,Female,Medium,5.0,High-Speed,Bachelors
STU13752,19,Male,High,1.0,High-Speed,Doctorate
STU13753,23,Female,High,2.6,High-Speed,Bachelors
STU13754,25,Male,Medium,0.5,High-Speed,High School
STU13755,23,Male,High,53.0,High-Speed,High School
STU13756,25,Male,Low,12.7,High-Speed,Doctorate
STU13757,19,Male,Medium,0.9,High-Speed,High School
STU13758,21,Male,High,0.2,High-Speed,Bachelors
STU13759,22,Female,Low,12.1,Limited,Bachelors
STU13760,18,Male,Low,5.5,High-Speed,Bachelors
STU13761,18,Female,Medium,14.7,High-Speed,Masters
STU13762,18,Female,Medium,24.4,Limited,High School
STU13763,19,Male,Medium,8.7,Moderate,Bachelors
STU13764,24,Female,Medium,2.0,High-Speed,Bachelors
STU13765,21,Male,High,14.5,Moderate,High School
STU13766,20,Female,Medium,29.6,High-Speed,High School
STU13767,23,Male,Low,8.2,Moderate,Bachelors
STU13768,19,Male,High,10.9,Limited,High School
STU13769,24,Male,Low,3.9,High-Speed,Masters
STU13770,20,Female,Low,4.6,High-Speed,High School
STU13771,23,Female,Low,12.6,High-Speed,High School
STU13772,23,Male,Medium,25.0,Moderate,High School
STU13773,21,Female,Low,9.4,High-Speed,High School
STU13774,22,Female,Low,14.8,Moderate,Bachelors
STU13775,18,Female,Medium,1.8,High-Speed,High School
STU13776,25,Female,Low,2.3,High-Speed,Bachelors
STU13777,20,Female,Medium,7.2,High-Speed,Doctorate
STU13778,19,Female,High,1.8,High-Speed,Bachelors
STU13779,20,Female,Medium,9.6,High-Speed,High School
STU13780,22,Male,Low,3.3,High-Speed,Masters
STU13781,18,Male,Low,14.9,Moderate,High School
STU13782,20,Male,High,15.7,Moderate,Bachelors
STU13783,22,Female,Low,5.9,Moderate,Bachelors
STU13784,19,Female,High,1.9,High-Speed,High School
STU13785,21,Male,Low,9.9,Limited,Masters
STU13786,24,Female,High,46.9,Moderate,High School
STU13787,23,Male,Medium,9.3,High-Speed,Bachelors
STU13788,19,Male,Medium,0.3,High-Speed,High School
STU13789,18,Other,Medium,0.2,High-Speed,Bachelors
STU13790,23,Male,Medium,3.7,Limited,Bachelors
STU13791,24,Male,Medium,2.1,High-Speed,High School
STU13792,19,Female,Medium,15.9,High-Speed,Bachelors
STU13793,25,Female,Medium,17.7,High-Speed,Bachelors
STU13794,19,Male,Low,2.8,Moderate,Bachelors
STU13795,19,Female,Low,3.7,High-Speed,Bachelors
STU13796,25,Female,Medium,2.6,High-Speed,Bachelors
STU13797,19,Male,Low,22.7,High-Speed,High School
STU13798,23,Male,Medium,6.6,High-Speed,Bachelors
STU13799,18,Female,Low,10.1,High-Speed,Bachelors
STU13800,24,Male,Medium,5.1,High-Speed,Bachelors
STU13801,22,Female,Low,9.5,Moderate,Masters
STU13802,20,Female,Medium,4.6,Moderate,High School
STU13803,25,Other,Low,3.9,Moderate,High School
STU13804,21,Male,Low,9.6,High-Speed,High School
STU13805,25,Female,Low,8.5,Moderate,High School
STU13806,24,Male,High,3.3,High-Speed,High School
STU13807,20,Male,Low,1.5,High-Speed,Doctorate
STU13808,20,Male,Medium,4.4,Limited,High School
STU13809,21,Male,Low,5.1,Moderate,Bachelors
STU13810,24,Female,Low,9.4,High-Speed,High School
STU13811,23,Male,Medium,23.4,Moderate,Bachelors
STU13812,18,Male,Medium,0.4,Limited,Doctorate
STU13813,21,Female,High,2.7,Moderate,High School
STU13814,18,Male,High,2.0,Moderate,Masters
STU13815,23,Female,Medium,6.6,Moderate,Doctorate
STU13816,20,Male,Medium,5.3,High-Speed,Bachelors
STU13817,18,Female,Medium,12.4,High-Speed,High School
STU13818,23,Female,Medium,2.6,Moderate,Bachelors
STU13819,23,Male,High,8.6,High-Speed,Masters
STU13820,22,Male,Medium,20.5,High-Speed,High School
STU13821,21,Male,Medium,22.9,High-Speed,Bachelors
STU13822,22,Female,Low,30.3,High-Speed,High School
STU13823,25,Male,Low,14.1,Limited,High School
STU13824,20,Male,High,22.5,Moderate,Masters
STU13825,21,Male,Medium,2.5,High-Speed,Bachelors
STU13826,20,Male,Medium,2.1,Limited,High School
STU13827,22,Male,Low,0.1,Limited,Bachelors
STU13828,24,Female,High,11.7,High-Speed,High School
STU13829,23,Male,Low,26.3,Limited,High School
STU13830,20,Male,High,2.0,High-Speed,Bachelors
STU13831,21,Female,Low,9.6,High-Speed,Bachelors
STU13832,25,Female,High,13.0,High-Speed,High School
STU13833,21,Male,Medium,24.9,Moderate,High School
STU13834,20,Male,Low,9.9,High-Speed,Bachelors
STU13835,21,Male,Medium,33.4,Moderate,Masters
STU13836,25,Female,Medium,4.0,Moderate,Masters
STU13837,23,Male,Low,4.1,High-Speed,High School
STU13838,24,Female,High,7.4,High-Speed,Bachelors
STU13839,23,Female,Medium,4.6,High-Speed,Masters
STU13840,21,Female,Medium,0.0,High-Speed,Bachelors
STU13841,25,Male,Low,12.5,Moderate,Masters
STU13842,25,Male,Medium,13.2,High-Speed,Masters
STU13843,20,Male,High,13.1,High-Speed,High School
STU13844,22,Male,Medium,4.0,High-Speed,High School
STU13845,21,Female,High,7.0,Moderate,High School
STU13846,21,Female,High,4.2,Moderate,High School
STU13847,21,Female,Low,0.2,Limited,Masters
STU13848,21,Female,Low,7.9,Moderate,Masters
STU13849,20,Male,High,1.3,High-Speed,High School
STU13850,22,Male,Medium,0.8,High-Speed,Bachelors
STU13851,22,Male,Low,13.4,Moderate,Bachelors
STU13852,18,Female,Low,0.1,Limited,High School
STU13853,21,Female,Medium,30.3,High-Speed,Bachelors
STU13854,21,Female,Medium,6.9,High-Speed,Masters
STU13855,18,Male,Low,38.7,High-Speed,High School
STU13856,22,Male,Low,0.6,Moderate,High School
STU13857,25,Female,High,8.3,High-Speed,High School
STU13858,25,Male,Medium,4.1,High-Speed,High School
STU13859,19,Female,Medium,17.6,Moderate,High School
STU13860,23,Female,Medium,4.3,High-Speed,Bachelors
STU13861,19,Female,Medium,2.9,High-Speed,Bachelors
STU13862,22,Male,Medium,18.5,High-Speed,Bachelors
STU13863,24,Male,Medium,4.5,High-Speed,High School
STU13864,21,Male,Low,0.2,High-Speed,High School
STU13865,19,Male,Medium,4.7,High-Speed,Masters
STU13866,20,Male,Medium,10.1,High-Speed,Masters
STU13867,25,Female,High,2.8,Moderate,High School
STU13868,20,Female,Medium,5.4,Moderate,High School
STU13869,18,Male,High,0.6,High-Speed,Masters
STU13870,22,Male,High,8.4,High-Speed,High School
STU13871,22,Male,Low,13.4,Moderate,High School
STU13872,19,Male,Medium,5.1,High-Speed,Bachelors
STU13873,21,Female,Medium,5.2,High-Speed,High School
STU13874,22,Male,High,0.9,High-Speed,High School
STU13875,19,Male,Medium,2.1,Moderate,Bachelors
STU13876,19,Male,Medium,1.6,High-Speed,Bachelors
STU13877,23,Female,Medium,6.2,Moderate,Masters
STU13878,23,Female,Low,7.2,Moderate,Doctorate
STU13879,22,Male,Low,28.3,Limited,High School
STU13880,19,Female,Medium,0.7,High-Speed,High School
STU13881,18,Female,Medium,8.7,Moderate,Bachelors
STU13882,18,Female,Medium,7.1,High-Speed,Bachelors
STU13883,23,Male,Medium,6.9,High-Speed,High School
STU13884,22,Female,Low,19.6,High-Speed,High School
STU13885,25,Female,Medium,2.2,High-Speed,High School
STU13886,21,Female,Low,0.4,Moderate,Bachelors
STU13887,24,Female,High,10.6,High-Speed,High School
STU13888,25,Female,High,4.0,High-Speed,Doctorate
STU13889,18,Male,Medium,0.2,High-Speed,High School
STU13890,18,Female,Low,2.8,Moderate,Doctorate
STU13891,25,Female,Low,3.5,High-Speed,Masters
STU13892,23,Female,Medium,9.1,Moderate,Bachelors
STU13893,23,Male,Medium,1.8,Moderate,Bachelors
STU13894,22,Female,Medium,5.1,Moderate,Bachelors
STU13895,23,Female,Low,6.3,High-Speed,High School
STU13896,20,Male,Medium,5.8,Moderate,High School
STU13897,24,Female,Medium,34.7,High-Speed,Bachelors
STU13898,25,Female,Medium,0.4,Moderate,Bachelors
STU13899,25,Female,Medium,28.6,Moderate,Bachelors
STU13900,19,Male,Low,8.3,High-Speed,Bachelors
STU13901,18,Male,Medium,15.1,Moderate,Bachelors
STU13902,25,Female,High,5.3,High-Speed,Bachelors
STU13903,20,Male,Medium,5.7,High-Speed,Bachelors
STU13904,25,Female,High,20.1,High-Speed,Bachelors
STU13905,21,Male,Medium,21.5,Limited,Masters
STU13906,20,Female,Low,2.6,Moderate,Bachelors
STU13907,22,Male,Medium,2.1,Moderate,Bachelors
STU13908,21,Female,Medium,6.5,Limited,Bachelors
STU13909,21,Male,Medium,21.9,High-Speed,Bachelors
STU13910,25,Male,Low,3.7,Limited,Bachelors
STU13911,23,Male,Medium,10.0,High-Speed,High School
STU13912,25,Male,Low,11.7,Moderate,Doctorate
STU13913,20,Female,Low,14.3,Moderate,High School
STU13914,22,Female,Medium,7.9,High-Speed,High School
STU13915,18,Male,Medium,4.9,High-Speed,High School
STU13916,24,Female,High,32.4,High-Speed,High School
STU13917,23,Male,Medium,9.0,Limited,Bachelors
STU13918,20,Female,Medium,12.4,High-Speed,Bachelors
STU13919,18,Female,Medium,4.0,High-Speed,Masters
STU13920,20,Female,Medium,10.5,Moderate,High School
STU13921,23,Male,Low,2.8,High-Speed,High School
STU13922,18,Female,High,2.7,High-Speed,High School
STU13923,23,Male,Medium,11.9,Moderate,Bachelors
STU13924,20,Other,High,7.0,High-Speed,Masters
STU13925,21,Male,Medium,10.9,Moderate,Bachelors
STU13926,24,Female,Low,3.0,High-Speed,High School
STU13927,19,Female,Medium,8.7,High-Speed,Doctorate
STU13928,24,Female,Low,5.6,High-Speed,High School
STU13929,21,Male,Medium,8.6,High-Speed,Bachelors
STU13930,23,Female,Low,3.3,Limited,Bachelors
STU13931,24,Male,Medium,11.9,Moderate,High School
STU13932,23,Female,High,15.6,High-Speed,High School
STU13933,23,Male,Medium,2.9,High-Speed,High School
STU13934,18,Male,High,3.4,High-Speed,Masters
STU13935,22,Female,Medium,10.3,High-Speed,Bachelors
STU13936,23,Male,Medium,11.3,High-Speed,Masters
STU13937,24,Male,High,11.6,Moderate,Bachelors
STU13938,24,Male,High,10.9,High-Speed,Bachelors
STU13939,24,Male,Medium,4.7,High-Speed,Bachelors
STU13940,21,Female,Low,4.8,High-Speed,Masters
STU13941,19,Female,Medium,2.8,High-Speed,High School
STU13942,23,Male,Low,1.6,Moderate,High School
STU13943,25,Male,Medium,11.2,High-Speed,Bachelors
STU13944,23,Male,Medium,0.9,High-Speed,Doctorate
STU13945,23,Male,High,26.4,High-Speed,Doctorate
STU13946,25,Female,High,16.7,Limited,Bachelors
STU13947,18,Female,Medium,18.5,High-Speed,High School
STU13948,23,Male,Low,22.5,Moderate,High School
STU13949,21,Male,High,5.0,High-Speed,Masters
STU13950,20,Male,Low,17.8,Moderate,Bachelors
STU13951,22,Female,Medium,1.6,Moderate,High School
STU13952,24,Female,Low,0.2,High-Speed,Masters
STU13953,23,Male,Medium,14.6,Moderate,High School
STU13954,18,Male,High,0.7,Moderate,Bachelors
STU13955,21,Female,Low,42.4,High-Speed,Bachelors
STU13956,23,Female,Medium,10.7,High-Speed,High School
STU13957,25,Male,Medium,13.3,Moderate,High School
STU13958,18,Male,High,2.7,Moderate,High School
STU13959,20,Male,High,10.6,Moderate,Bachelors
STU13960,19,Female,Low,0.4,Moderate,Bachelors
STU13961,23,Male,Low,17.3,Moderate,High School
STU13962,21,Male,Medium,1.8,Moderate,Doctorate
STU13963,18,Female,Medium,11.4,High-Speed,High School
STU13964,25,Male,Medium,2.4,High-Speed,High School
STU13965,18,Female,Low,0.7,Limited,High School
STU13966,23,Male,Low,6.2,High-Speed,High School
STU13967,18,Male,Medium,1.8,High-Speed,Doctorate
STU13968,19,Female,Low,12.4,Moderate,High School
STU13969,18,Male,High,2.6,High-Speed,Bachelors
STU13970,24,Female,Low,4.0,High-Speed,Masters
STU13971,22,Female,Low,8.0,High-Speed,Bachelors
STU13972,24,Male,High,3.2,Moderate,High School
STU13973,22,Female,Medium,4.5,Limited,Masters
STU13974,18,Male,Medium,16.1,High-Speed,Bachelors
STU13975,25,Female,Low,1.9,High-Speed,High School
STU13976,25,Male,Medium,0.8,High-Speed,Bachelors
STU13977,23,Female,Medium,3.8,High-Speed,Masters
STU13978,25,Male,Medium,5.2,High-Speed,Bachelors
STU13979,22,Male,High,7.4,High-Speed,Bachelors
STU13980,21,Female,Medium,4.4,High-Speed,Doctorate
STU13981,22,Female,Medium,14.8,High-Speed,Bachelors
STU13982,24,Male,Medium,0.4,High-Speed,High School
STU13983,18,Male,Medium,5.4,Moderate,High School
STU13984,23,Female,Low,4.6,Moderate,Bachelors
STU13985,20,Female,Medium,9.9,Limited,High School
STU13986,23,Male,Medium,32.2,Moderate,Doctorate
STU13987,23,Male,Medium,6.8,High-Speed,Bachelors
STU13988,23,Male,Medium,41.2,Moderate,Bachelors
STU13989,21,Female,Medium,3.4,High-Speed,Bachelors
STU13990,19,Male,High,0.3,Moderate,Bachelors
STU13991,24,Male,Low,1.7,Moderate,High School
STU13992,18,Female,Medium,4.8,Moderate,High School
STU13993,19,Male,Medium,3.6,Limited,Bachelors
STU13994,20,Female,Medium,1.0,Moderate,Masters
STU13995,19,Male,Medium,5.4,Moderate,Bachelors
STU13996,18,Male,Low,3.9,High-Speed,High School
STU13997,24,Male,Medium,1.2,Limited,High School
STU13998,24,Female,Low,3.3,High-Speed,Masters
STU13999,18,Male,High,20.7,Limited,Masters
STU14000,20,Female,Medium,3.4,High-Speed,High School
STU14001,18,Female,High,11.9,High-Speed,Bachelors
STU14002,20,Female,Medium,9.0,Moderate,Bachelors
STU14003,20,Male,Medium,5.3,High-Speed,Bachelors
STU14004,18,Male,Medium,2.6,Moderate,Masters
STU14005,22,Male,High,4.4,High-Speed,High School
STU14006,24,Male,High,8.5,Moderate,Bachelors
STU14007,20,Male,Low,4.1,Moderate,High School
STU14008,18,Female,Medium,2.3,Moderate,High School
STU14009,25,Male,Medium,1.2,High-Speed,Bachelors
STU14010,22,Male,Low,20.1,High-Speed,High School
STU14011,24,Male,Medium,5.5,Moderate,Bachelors
STU14012,20,Female,High,9.3,High-Speed,High School
STU14013,24,Male,Medium,6.4,High-Speed,Bachelors
STU14014,22,Female,Medium,19.6,Moderate,High School
STU14015,24,Male,Medium,7.5,High-Speed,Bachelors
STU14016,21,Female,Medium,6.2,High-Speed,Bachelors
STU14017,23,Female,Low,24.6,High-Speed,Doctorate
STU14018,21,Male,Medium,12.1,High-Speed,Masters
STU14019,22,Male,High,1.1,Moderate,High School
STU14020,20,Male,Medium,1.9,High-Speed,High School
STU14021,18,Male,Low,14.7,Limited,Bachelors
STU14022,19,Female,Low,17.2,High-Speed,Bachelors
STU14023,18,Female,Low,7.5,High-Speed,High School
STU14024,24,Female,Medium,7.7,High-Speed,High School
STU14025,19,Female,Medium,9.5,High-Speed,Bachelors
STU14026,19,Male,Low,5.5,Moderate,Masters
STU14027,24,Male,High,10.8,Moderate,Masters
STU14028,24,Female,Medium,1.1,High-Speed,High School
STU14029,20,Male,Medium,30.9,Moderate,High School
STU14030,22,Female,High,13.2,High-Speed,High School
STU14031,25,Male,Low,9.5,High-Speed,Bachelors
STU14032,18,Male,High,3.6,High-Speed,Bachelors
STU14033,22,Other,Low,1.7,Limited,Bachelors
STU14034,21,Male,Medium,5.0,High-Speed,Bachelors
STU14035,20,Other,High,10.3,Moderate,High School
STU14036,20,Female,High,9.5,High-Speed,High School
STU14037,25,Female,Medium,4.6,High-Speed,Masters
STU14038,21,Female,Medium,9.0,High-Speed,High School
STU14039,18,Female,Medium,16.0,Moderate,High School
STU14040,23,Female,High,0.3,Moderate,Bachelors
STU14041,21,Male,Low,5.7,High-Speed,Bachelors
STU14042,18,Male,High,13.5,Moderate,Masters
STU14043,19,Female,Medium,7.5,High-Speed,High School
STU14044,24,Male,Medium,10.0,Limited,Bachelors
STU14045,20,Male,Medium,6.9,Moderate,Bachelors
STU14046,18,Male,Medium,45.7,Moderate,Masters
STU14047,22,Female,High,0.5,Moderate,Bachelors
STU14048,25,Female,Medium,6.4,High-Speed,Masters
STU14049,24,Male,High,0.9,Moderate,High School
STU14050,22,Female,Low,1.7,High-Speed,Bachelors
STU14051,24,Female,Medium,4.6,High-Speed,Bachelors
STU14052,20,Female,High,1.6,High-Speed,High School
STU14053,21,Female,Medium,31.5,High-Speed,High School
STU14054,23,Female,Medium,27.9,High-Speed,Bachelors
STU14055,21,Male,Medium,3.9,High-Speed,High School
STU14056,18,Female,High,9.7,High-Speed,Masters
STU14057,25,Male,High,7.2,High-Speed,Bachelors
STU14058,21,Female,Low,16.1,Moderate,High School
STU14059,20,Other,High,9.4,High-Speed,Bachelors
STU14060,25,Male,Medium,0.0,Moderate,High School
STU14061,18,Male,Low,13.7,High-Speed,Bachelors
STU14062,19,Female,High,13.1,High-Speed,Bachelors
STU14063,21,Male,Medium,6.8,High-Speed,Masters
STU14064,21,Female,High,22.2,High-Speed,Bachelors
STU14065,23,Male,Low,22.7,Moderate,Masters
STU14066,18,Male,Low,7.1,Moderate,Bachelors
STU14067,22,Female,Medium,8.9,High-Speed,Bachelors
STU14068,21,Female,Low,53.8,High-Speed,Bachelors
STU14069,20,Female,Medium,3.4,Moderate,Bachelors
STU14070,21,Male,Low,3.7,High-Speed,High School
STU14071,23,Female,Medium,1.9,High-Speed,Masters
STU14072,19,Female,Low,21.5,Moderate,Bachelors
STU14073,23,Female,Low,13.0,High-Speed,High School
STU14074,21,Female,Medium,1.1,Limited,Doctorate
STU14075,25,Female,Low,38.0,Moderate,High School
STU14076,22,Male,Medium,12.5,High-Speed,Masters
STU14077,24,Male,High,18.1,High-Speed,High School
STU14078,21,Female,Medium,0.5,High-Speed,Bachelors
STU14079,18,Male,High,6.7,High-Speed,Bachelors
STU14080,21,Female,Low,11.4,Limited,Bachelors
STU14081,22,Male,Low,7.4,Moderate,High School
STU14082,18,Female,High,10.4,High-Speed,High School
STU14083,20,Female,Medium,16.2,High-Speed,High School
STU14084,25,Male,Medium,4.5,High-Speed,Masters
STU14085,18,Male,Medium,17.9,High-Speed,High School
STU14086,23,Male,Medium,1.7,Moderate,Bachelors
STU14087,19,Female,Low,3.0,Moderate,Masters
STU14088,23,Female,Medium,0.4,High-Speed,Masters
STU14089,24,Male,Medium,4.3,High-Speed,High School
STU14090,18,Female,Medium,4.5,Moderate,Masters
STU14091,20,Male,High,15.5,High-Speed,High School
STU14092,21,Male,Medium,10.1,Moderate,Bachelors
STU14093,25,Female,Low,5.5,High-Speed,Bachelors
STU14094,18,Male,High,10.0,Moderate,High School
STU14095,23,Male,Medium,0.5,Moderate,High School
STU14096,18,Male,Medium,1.9,Moderate,Bachelors
STU14097,18,Male,Low,9.4,Limited,Bachelors
STU14098,18,Male,Low,9.7,Limited,Masters
STU14099,20,Male,Medium,14.1,Moderate,High School
STU14100,25,Female,Medium,4.9,Limited,Masters
STU14101,22,Male,High,12.2,Moderate,Bachelors
STU14102,22,Female,High,10.9,Moderate,Doctorate
STU14103,18,Male,High,31.4,High-Speed,Bachelors
STU14104,20,Male,Medium,2.3,High-Speed,Masters
STU14105,20,Female,Medium,7.6,Moderate,High School
STU14106,24,Female,Medium,8.7,High-Speed,Bachelors
STU14107,18,Male,Low,62.8,Moderate,High School
STU14108,23,Female,Low,2.1,High-Speed,High School
STU14109,23,Female,Medium,7.0,High-Speed,Bachelors
STU14110,19,Female,High,4.0,Moderate,Bachelors
STU14111,25,Female,Low,7.1,Limited,High School
STU14112,18,Male,Low,2.5,High-Speed,Bachelors
STU14113,19,Male,High,0.5,Moderate,Bachelors
STU14114,23,Female,Low,8.1,Moderate,High School
STU14115,23,Male,Medium,3.9,High-Speed,Bachelors
STU14116,18,Female,Medium,1.9,High-Speed,Bachelors
STU14117,19,Male,Low,3.7,High-Speed,High School
STU14118,19,Male,High,0.5,High-Speed,Bachelors
STU14119,18,Female,Low,28.5,High-Speed,Bachelors
STU14120,25,Male,Medium,8.3,High-Speed,Masters
STU14121,24,Female,Low,16.0,High-Speed,High School
STU14122,19,Female,Low,5.2,Moderate,Masters
STU14123,24,Female,Low,22.2,High-Speed,High School
STU14124,21,Female,Low,6.3,Moderate,Bachelors
STU14125,25,Female,Low,8.1,High-Speed,High School
STU14126,23,Female,Medium,6.4,Moderate,Masters
STU14127,22,Female,Medium,12.6,Moderate,Bachelors
STU14128,25,Male,Medium,7.9,High-Speed,High School
STU14129,24,Male,Medium,3.0,Limited,High School
STU14130,24,Male,High,1.5,Moderate,High School
STU14131,24,Male,High,8.9,Moderate,High School
STU14132,20,Female,Medium,6.4,Moderate,Bachelors
STU14133,25,Female,High,1.0,High-Speed,Bachelors
STU14134,19,Female,Medium,4.8,High-Speed,Masters
STU14135,19,Male,Medium,6.9,High-Speed,Doctorate
STU14136,20,Female,Medium,16.7,High-Speed,Bachelors
STU14137,19,Male,Medium,0.8,High-Speed,High School
STU14138,20,Female,Medium,4.1,Moderate,High School
STU14139,24,Female,Medium,16.4,High-Speed,Bachelors
STU14140,18,Male,High,9.9,Limited,Bachelors
STU14141,25,Male,High,3.3,High-Speed,Bachelors
STU14142,21,Male,Medium,17.7,High-Speed,Doctorate
STU14143,24,Female,Medium,6.5,High-Speed,Masters
STU14144,21,Female,Low,6.6,High-Speed,High School
STU14145,23,Female,Low,35.7,Limited,High School
STU14146,24,Male,Medium,27.9,Moderate,Masters
STU14147,22,Male,Medium,4.2,High-Speed,Masters
STU14148,19,Female,Low,1.4,Limited,High School
STU14149,22,Female,High,3.7,Moderate,Bachelors
STU14150,18,Male,Medium,0.3,High-Speed,Bachelors
STU14151,21,Male,Medium,0.2,Moderate,Bachelors
STU14152,25,Female,Low,4.8,Moderate,High School
STU14153,24,Male,Low,26.9,High-Speed,Masters
STU14154,25,Male,High,19.5,Moderate,Bachelors
STU14155,18,Male,Medium,6.8,High-Speed,High School
STU14156,18,Female,High,7.9,High-Speed,Bachelors
STU14157,19,Female,High,0.1,High-Speed,Bachelors
STU14158,18,Female,Medium,2.3,Limited,Masters
STU14159,24,Female,Low,0.2,Moderate,High School
STU14160,24,Female,High,13.3,High-Speed,Doctorate
STU14161,25,Male,High,1.5,High-Speed,High School
STU14162,25,Female,Medium,19.3,High-Speed,Bachelors
STU14163,21,Male,Medium,9.8,Moderate,Bachelors
STU14164,24,Female,Medium,2.5,High-Speed,Bachelors
STU14165,22,Male,Medium,1.6,Moderate,Bachelors
STU14166,21,Male,Medium,9.4,Limited,Masters
STU14167,19,Male,High,22.0,Moderate,Bachelors
STU14168,21,Male,Medium,12.0,High-Speed,Bachelors
STU14169,20,Male,Low,4.1,High-Speed,High School
STU14170,25,Male,Medium,8.4,High-Speed,High School
STU14171,22,Other,Low,3.5,Moderate,High School
STU14172,25,Male,Low,67.2,Moderate,Doctorate
STU14173,20,Female,High,13.1,High-Speed,Bachelors
STU14174,20,Female,Low,9.1,High-Speed,Doctorate
STU14175,23,Other,Low,5.2,Moderate,High School
STU14176,24,Female,Medium,9.1,High-Speed,Bachelors
STU14177,19,Female,Medium,4.0,High-Speed,High School
STU14178,18,Male,Medium,0.3,Moderate,Bachelors
STU14179,20,Male,Low,4.8,High-Speed,High School
STU14180,21,Male,Low,25.3,Moderate,High School
STU14181,18,Female,Low,9.4,Moderate,Bachelors
STU14182,21,Female,Medium,0.8,Moderate,High School
STU14183,25,Male,Low,20.5,High-Speed,Bachelors
STU14184,21,Male,High,3.0,High-Speed,Bachelors
STU14185,18,Female,Medium,2.7,High-Speed,Bachelors
STU14186,18,Male,Low,3.3,High-Speed,Doctorate
STU14187,24,Female,Medium,8.2,Limited,High School
STU14188,21,Female,Medium,7.5,Moderate,Bachelors
STU14189,19,Female,Medium,6.4,High-Speed,Masters
STU14190,24,Female,Low,12.0,Limited,Bachelors
STU14191,22,Female,Medium,3.6,Moderate,High School
STU14192,23,Female,Medium,14.5,High-Speed,Masters
STU14193,22,Female,High,1.8,High-Speed,High School
STU14194,19,Female,Low,14.5,High-Speed,High School
STU14195,24,Male,Medium,10.4,Limited,High School
STU14196,23,Male,Medium,10.9,High-Speed,High School
STU14197,24,Male,High,6.2,Moderate,High School
STU14198,18,Male,High,10.4,High-Speed,High School
STU14199,23,Female,Low,0.8,Moderate,Bachelors
STU14200,25,Female,Low,18.1,High-Speed,High School
STU14201,21,Male,Medium,0.5,Limited,High School
STU14202,22,Male,Low,1.5,Limited,Bachelors
STU14203,23,Female,Medium,8.2,High-Speed,High School
STU14204,21,Male,Low,12.8,Moderate,High School
STU14205,24,Male,Medium,0.8,Moderate,Bachelors
STU14206,19,Female,High,24.1,Limited,High School
STU14207,23,Female,High,34.5,High-Speed,High School
STU14208,21,Male,Medium,8.8,High-Speed,Bachelors
STU14209,24,Male,Medium,6.2,Moderate,Bachelors
STU14210,24,Male,High,12.8,Moderate,Bachelors
STU14211,24,Female,Low,3.8,High-Speed,Masters
STU14212,19,Female,Medium,6.5,Moderate,Bachelors
STU14213,18,Male,Medium,23.5,High-Speed,Bachelors
STU14214,19,Female,Low,29.6,Moderate,High School
STU14215,19,Female,Medium,24.9,High-Speed,Bachelors
STU14216,25,Male,Low,2.9,High-Speed,High School
STU14217,22,Female,Medium,2.5,High-Speed,Bachelors
STU14218,24,Female,Low,3.4,High-Speed,Bachelors
STU14219,21,Male,Medium,5.5,High-Speed,Bachelors
STU14220,23,Male,Low,3.6,High-Speed,Masters
STU14221,22,Female,High,4.5,High-Speed,Masters
STU14222,24,Female,Medium,9.2,High-Speed,High School
STU14223,20,Female,Medium,13.7,Moderate,High School
STU14224,19,Female,Medium,12.6,High-Speed,Masters
STU14225,20,Female,Medium,16.0,High-Speed,Bachelors
STU14226,24,Male,Low,0.3,Moderate,Bachelors
STU14227,22,Female,Medium,0.5,Limited,Bachelors
STU14228,21,Male,Low,14.8,Moderate,Bachelors
STU14229,22,Male,Low,7.2,High-Speed,Doctorate
STU14230,25,Female,Medium,8.2,Moderate,Bachelors
STU14231,21,Female,Low,0.5,Limited,Bachelors
STU14232,21,Male,Medium,2.8,High-Speed,Bachelors
STU14233,24,Female,Medium,9.7,Limited,Masters
STU14234,18,Male,Medium,18.6,High-Speed,Bachelors
STU14235,24,Male,Medium,23.6,High-Speed,Bachelors
STU14236,19,Male,Medium,6.6,High-Speed,Doctorate
STU14237,22,Female,Medium,7.5,Moderate,Bachelors
STU14238,21,Female,Medium,17.0,High-Speed,High School
STU14239,24,Male,Low,7.3,High-Speed,Bachelors
STU14240,24,Female,Medium,6.9,High-Speed,Bachelors
STU14241,22,Male,Medium,22.4,High-Speed,High School
STU14242,22,Female,Medium,14.8,High-Speed,Bachelors
STU14243,25,Male,High,22.8,High-Speed,Bachelors
STU14244,21,Male,High,2.3,High-Speed,Bachelors
STU14245,23,Female,Low,7.1,Limited,Bachelors
STU14246,25,Male,Low,17.6,High-Speed,Bachelors
STU14247,20,Male,Low,1.1,High-Speed,Doctorate
STU14248,19,Female,Low,15.0,High-Speed,High School
STU14249,19,Female,Low,1.9,High-Speed,High School
STU14250,23,Male,Medium,15.7,High-Speed,Bachelors
STU14251,18,Male,High,9.0,High-Speed,Bachelors
STU14252,25,Male,Medium,2.0,Moderate,High School
STU14253,23,Female,Low,6.1,High-Speed,High School
STU14254,18,Male,Medium,10.9,High-Speed,Bachelors
STU14255,18,Female,Medium,9.5,High-Speed,High School
STU14256,23,Other,High,5.3,Moderate,Bachelors
STU14257,19,Male,High,21.8,Moderate,Bachelors
STU14258,20,Male,High,7.0,High-Speed,Bachelors
STU14259,19,Male,Medium,6.7,High-Speed,High School
STU14260,24,Male,Medium,0.6,Limited,Bachelors
STU14261,19,Female,Low,24.2,High-Speed,Bachelors
STU14262,19,Male,Medium,1.9,High-Speed,Masters
STU14263,25,Male,Low,7.1,High-Speed,Masters
STU14264,23,Female,Medium,15.5,High-Speed,High School
STU14265,23,Male,Medium,2.3,Limited,High School
STU14266,24,Female,Low,7.1,Limited,High School
STU14267,24,Male,Low,2.6,Moderate,High School
STU14268,25,Female,Low,13.5,High-Speed,Bachelors
STU14269,23,Female,Low,7.9,High-Speed,Bachelors
STU14270,19,Female,Low,18.4,High-Speed,High School
STU14271,20,Female,Low,21.4,Limited,Bachelors
STU14272,18,Male,Low,9.9,Moderate,Masters
STU14273,22,Male,Low,12.3,High-Speed,Bachelors
STU14274,18,Female,High,7.6,High-Speed,High School
STU14275,24,Female,Medium,4.6,High-Speed,Bachelors
STU14276,24,Male,Low,9.9,Limited,Bachelors
STU14277,18,Male,Medium,22.7,High-Speed,Masters
STU14278,22,Male,High,5.1,High-Speed,High School
STU14279,19,Male,Medium,3.6,High-Speed,Bachelors
STU14280,20,Male,Low,4.7,High-Speed,Bachelors
STU14281,20,Female,Medium,5.4,Limited,Bachelors
STU14282,18,Male,Medium,0.7,Limited,Bachelors
STU14283,22,Male,Medium,6.6,Limited,High School
STU14284,25,Female,Medium,6.5,Moderate,Bachelors
STU14285,24,Female,High,8.4,High-Speed,High School
STU14286,21,Female,High,4.3,High-Speed,High School
STU14287,19,Female,Medium,9.0,High-Speed,Bachelors
STU14288,25,Male,Medium,20.0,Moderate,High School
STU14289,18,Female,Medium,29.6,High-Speed,High School
STU14290,20,Female,High,8.3,Moderate,Bachelors
STU14291,24,Male,Low,0.4,High-Speed,Bachelors
STU14292,25,Female,High,33.1,High-Speed,High School
STU14293,25,Female,Low,11.6,Moderate,Bachelors
STU14294,23,Male,Medium,3.9,Limited,High School
STU14295,23,Male,High,1.5,High-Speed,High School
STU14296,22,Male,Low,1.5,High-Speed,Bachelors
STU14297,22,Male,Medium,1.7,Limited,High School
STU14298,18,Male,Low,0.4,Moderate,Doctorate
STU14299,25,Female,Medium,22.1,High-Speed,High School
STU14300,21,Male,Low,7.4,High-Speed,Bachelors
STU14301,20,Female,Medium,11.4,High-Speed,Masters
STU14302,18,Female,Medium,16.7,High-Speed,Doctorate
STU14303,21,Female,High,14.9,Moderate,Bachelors
STU14304,24,Female,High,20.4,High-Speed,Masters
STU14305,22,Male,Low,32.5,High-Speed,Doctorate
STU14306,23,Male,Medium,5.5,High-Speed,High School
STU14307,19,Female,Low,28.5,High-Speed,Bachelors
STU14308,25,Female,Low,12.2,High-Speed,High School
STU14309,24,Female,Low,0.7,High-Speed,Bachelors
STU14310,23,Male,High,10.9,High-Speed,Bachelors
STU14311,20,Female,High,11.0,High-Speed,High School
STU14312,20,Male,Low,22.4,High-Speed,Bachelors
STU14313,23,Female,Low,4.4,High-Speed,High School
STU14314,24,Female,Low,8.4,Moderate,Masters
STU14315,23,Male,Medium,0.1,High-Speed,High School
STU14316,21,Female,Medium,3.8,High-Speed,Bachelors
STU14317,18,Male,Low,0.6,High-Speed,High School
STU14318,22,Male,Medium,7.0,Limited,High School
STU14319,21,Female,Medium,16.2,Limited,Bachelors
STU14320,19,Female,High,2.2,High-Speed,High School
STU14321,23,Female,Medium,7.1,Moderate,Bachelors
STU14322,19,Female,Medium,2.2,High-Speed,Masters
STU14323,19,Male,Medium,1.2,High-Speed,High School
STU14324,21,Female,High,6.8,High-Speed,Masters
STU14325,22,Female,Low,0.8,High-Speed,High School
STU14326,24,Male,Medium,8.4,High-Speed,High School
STU14327,20,Other,High,0.3,Moderate,High School
STU14328,18,Male,Low,1.1,Moderate,Doctorate
STU14329,25,Female,Low,7.6,High-Speed,High School
STU14330,20,Male,Medium,8.5,High-Speed,Masters
STU14331,22,Male,High,0.3,High-Speed,Doctorate
STU14332,25,Male,Medium,8.1,High-Speed,High School
STU14333,20,Female,High,17.3,Limited,Bachelors
STU14334,23,Male,Medium,12.2,Moderate,Bachelors
STU14335,23,Male,Low,1.3,Limited,High School
STU14336,21,Female,Medium,8.5,Moderate,High School
STU14337,19,Female,Medium,10.6,High-Speed,Bachelors
STU14338,25,Male,Low,0.4,High-Speed,Bachelors
STU14339,22,Male,Low,18.4,High-Speed,Bachelors
STU14340,22,Male,Low,22.5,High-Speed,High School
STU14341,20,Male,Medium,18.1,Moderate,High School
STU14342,21,Female,High,16.5,High-Speed,Masters
STU14343,20,Female,Medium,13.0,High-Speed,High School
STU14344,20,Female,High,9.5,Moderate,Bachelors
STU14345,22,Male,Low,10.8,Moderate,High School
STU14346,20,Female,High,15.6,High-Speed,Masters
STU14347,19,Female,High,10.3,Moderate,Masters
STU14348,20,Female,Medium,3.8,High-Speed,High School
STU14349,25,Female,High,4.5,High-Speed,High School
STU14350,19,Female,Low,21.6,High-Speed,Bachelors
STU14351,22,Female,High,0.2,High-Speed,High School
STU14352,21,Male,High,11.4,Moderate,Bachelors
STU14353,23,Female,Medium,29.4,High-Speed,Bachelors
STU14354,25,Female,Medium,11.6,Moderate,High School
STU14355,19,Female,Low,48.5,Moderate,High School
STU14356,21,Male,Medium,11.1,High-Speed,Bachelors
STU14357,21,Female,Medium,0.3,Moderate,Bachelors
STU14358,19,Female,Medium,16.7,High-Speed,High School
STU14359,22,Male,Medium,3.2,High-Speed,Bachelors
STU14360,18,Male,High,5.6,Moderate,Bachelors
STU14361,21,Female,Low,3.6,Moderate,Bachelors
STU14362,21,Female,High,3.0,High-Speed,High School
STU14363,22,Female,High,5.4,Limited,High School
STU14364,22,Male,Medium,4.5,High-Speed,Masters
STU14365,20,Female,Low,9.5,Limited,Masters
STU14366,22,Male,Low,15.9,High-Speed,Bachelors
STU14367,21,Male,Low,3.3,High-Speed,High School
STU14368,19,Male,Medium,2.3,High-Speed,Bachelors
STU14369,18,Male,Medium,10.4,High-Speed,Masters
STU14370,24,Male,High,10.5,High-Speed,High School
STU14371,20,Male,Medium,22.0,Moderate,High School
STU14372,24,Male,Medium,0.2,High-Speed,Bachelors
STU14373,19,Male,Medium,18.2,High-Speed,Masters
STU14374,18,Female,High,7.0,High-Speed,High School
STU14375,18,Male,High,9.2,High-Speed,Bachelors
STU14376,18,Male,High,0.9,Moderate,Bachelors
STU14377,23,Female,Medium,5.4,Moderate,Bachelors
STU14378,19,Male,Medium,2.4,Limited,Bachelors
STU14379,25,Female,High,2.8,High-Speed,Bachelors
STU14380,20,Male,Medium,6.7,High-Speed,High School
STU14381,20,Male,Low,15.9,High-Speed,High School
STU14382,18,Female,Low,12.9,Limited,Bachelors
STU14383,19,Female,Low,8.5,Moderate,High School
STU14384,23,Female,Medium,7.4,High-Speed,Bachelors
STU14385,18,Female,Low,5.3,High-Speed,Bachelors
STU14386,22,Female,Low,34.2,Moderate,High School
STU14387,25,Male,Low,7.8,Moderate,Bachelors
STU14388,24,Male,Medium,2.8,Moderate,Bachelors
STU14389,20,Male,Medium,2.5,High-Speed,High School
STU14390,24,Male,Medium,9.0,Limited,Bachelors
STU14391,21,Female,Low,7.0,High-Speed,Masters
STU14392,18,Female,Low,0.1,Limited,Bachelors
STU14393,22,Male,Medium,16.8,Moderate,Bachelors
STU14394,20,Female,Medium,11.6,Moderate,High School
STU14395,24,Female,Low,10.3,Moderate,High School
STU14396,25,Male,Low,0.7,High-Speed,High School
STU14397,23,Male,High,4.3,High-Speed,Bachelors
STU14398,19,Male,Medium,26.0,High-Speed,High School
STU14399,20,Male,Low,18.9,High-Speed,High School
STU14400,25,Male,Low,3.2,High-Speed,Bachelors
STU14401,24,Female,High,1.6,High-Speed,High School
STU14402,19,Male,Medium,5.7,Moderate,High School
STU14403,24,Male,Medium,4.2,High-Speed,Bachelors
STU14404,19,Other,Medium,10.9,Moderate,High School
STU14405,23,Female,Medium,32.2,Moderate,Bachelors
STU14406,23,Female,Medium,4.3,High-Speed,High School
STU14407,18,Male,Medium,0.6,High-Speed,High School
STU14408,18,Male,Medium,21.7,High-Speed,Masters
STU14409,20,Female,Low,0.4,Moderate,Masters
STU14410,23,Male,High,29.0,High-Speed,Masters
STU14411,22,Male,Medium,10.4,High-Speed,Masters
STU14412,24,Female,Low,27.0,Moderate,Bachelors
STU14413,24,Female,High,2.1,High-Speed,Bachelors
STU14414,24,Male,High,0.4,Moderate,Bachelors
STU14415,20,Male,High,6.4,High-Speed,Bachelors
STU14416,24,Male,High,5.7,Moderate,Bachelors
STU14417,21,Male,High,3.8,Limited,High School
STU14418,19,Male,Low,30.0,Moderate,Masters
STU14419,24,Male,High,16.4,High-Speed,Bachelors
STU14420,25,Male,High,10.3,High-Speed,Masters
STU14421,19,Female,Low,1.7,Moderate,High School
STU14422,18,Female,Low,12.6,High-Speed,High School
STU14423,24,Female,High,12.3,High-Speed,High School
STU14424,25,Male,Low,5.3,Moderate,Bachelors
STU14425,22,Male,High,24.6,High-Speed,High School
STU14426,25,Male,Low,1.7,High-Speed,High School
STU14427,23,Male,Low,3.0,Limited,High School
STU14428,23,Male,Medium,0.6,High-Speed,High School
STU14429,18,Female,Low,15.1,High-Speed,Bachelors
STU14430,21,Female,Medium,9.2,Moderate,Masters
STU14431,20,Female,Medium,3.6,Moderate,High School
STU14432,20,Male,Low,1.7,High-Speed,Bachelors
STU14433,22,Female,Low,0.4,Moderate,High School
STU14434,18,Male,Medium,1.7,Moderate,High School
STU14435,18,Male,Low,5.7,High-Speed,Bachelors
STU14436,21,Male,Medium,2.7,High-Speed,Bachelors
STU14437,24,Female,Medium,2.8,High-Speed,Masters
STU14438,20,Other,Low,19.8,Moderate,Bachelors
STU14439,24,Male,Medium,6.9,Moderate,Masters
STU14440,18,Female,Low,12.4,High-Speed,High School
STU14441,24,Female,Low,0.3,Moderate,High School
STU14442,23,Male,Low,4.3,Moderate,High School
STU14443,22,Male,High,6.2,High-Speed,Bachelors
STU14444,20,Male,High,2.0,Moderate,High School
STU14445,21,Female,High,1.2,High-Speed,High School
STU14446,22,Male,Medium,19.4,Limited,Bachelors
STU14447,19,Female,Low,26.6,High-Speed,High School
STU14448,23,Male,Medium,0.8,Moderate,High School
STU14449,21,Female,Medium,4.1,Moderate,High School
STU14450,25,Male,High,30.2,High-Speed,High School
STU14451,22,Female,Low,0.8,Moderate,Bachelors
STU14452,18,Female,Low,9.8,Moderate,Bachelors
STU14453,19,Female,Medium,34.0,Limited,High School
STU14454,21,Female,High,36.4,High-Speed,High School
STU14455,18,Male,High,6.1,High-Speed,Masters
STU14456,23,Female,Medium,1.7,Limited,Bachelors
STU14457,25,Male,High,2.1,Moderate,Bachelors
STU14458,19,Male,Medium,20.9,Moderate,Bachelors
STU14459,20,Female,High,23.1,Limited,High School
STU14460,25,Male,High,8.9,High-Speed,Doctorate
STU14461,18,Female,High,13.8,High-Speed,Bachelors
STU14462,22,Other,Medium,12.8,High-Speed,High School
STU14463,24,Male,Low,10.3,Moderate,Bachelors
STU14464,21,Female,Medium,16.7,Moderate,High School
STU14465,19,Male,Medium,11.0,Limited,High School
STU14466,18,Male,High,7.3,High-Speed,Masters
STU14467,20,Male,Low,2.6,Moderate,Masters
STU14468,24,Female,Low,12.9,Limited,High School
STU14469,21,Female,Medium,6.1,Moderate,High School
STU14470,21,Female,Low,3.3,High-Speed,Bachelors
STU14471,18,Other,Medium,15.4,Moderate,High School
STU14472,20,Male,Medium,11.3,Limited,Bachelors
STU14473,23,Male,Medium,26.3,Limited,Bachelors
STU14474,24,Female,Low,1.7,Moderate,Bachelors
STU14475,23,Male,High,10.0,Moderate,Bachelors
STU14476,19,Male,Medium,2.7,High-Speed,Bachelors
STU14477,18,Male,High,22.2,High-Speed,Doctorate
STU14478,24,Female,Medium,1.0,Limited,High School
STU14479,19,Female,Low,10.1,High-Speed,Masters
STU14480,25,Male,Low,14.9,High-Speed,High School
STU14481,23,Male,Low,4.2,High-Speed,High School
STU14482,25,Female,Medium,29.3,High-Speed,High School
STU14483,25,Female,Low,18.1,Moderate,Bachelors
STU14484,24,Male,Medium,3.3,High-Speed,High School
STU14485,21,Female,Medium,0.1,Limited,Masters
STU14486,19,Male,Low,3.3,Limited,Bachelors
STU14487,25,Male,Low,3.1,High-Speed,High School
STU14488,20,Female,Medium,21.0,High-Speed,Bachelors
STU14489,22,Female,High,32.4,Moderate,Masters
STU14490,23,Male,Low,0.7,Moderate,Bachelors
STU14491,23,Female,Low,6.1,High-Speed,High School
STU14492,20,Female,High,7.6,High-Speed,Masters
STU14493,24,Female,Low,0.9,High-Speed,Bachelors
STU14494,24,Female,High,4.5,High-Speed,High School
STU14495,24,Female,Low,3.6,High-Speed,High School
STU14496,19,Male,High,7.3,Moderate,Bachelors
STU14497,18,Male,Medium,10.3,Moderate,Masters
STU14498,25,Male,High,11.5,Moderate,High School
STU14499,21,Male,Medium,1.4,High-Speed,High School
STU14500,22,Female,Medium,15.9,Moderate,Masters
STU14501,18,Female,Low,10.8,High-Speed,High School
STU14502,18,Male,Low,20.9,High-Speed,Masters
STU14503,20,Male,Medium,5.7,Moderate,High School
STU14504,19,Female,Medium,21.3,Moderate,Bachelors
STU14505,23,Male,High,19.1,High-Speed,High School
STU14506,23,Female,Medium,5.5,Moderate,Masters
STU14507,20,Male,High,4.6,Limited,Bachelors
STU14508,19,Female,Medium,25.7,High-Speed,Masters
STU14509,20,Female,High,11.9,Moderate,Bachelors
STU14510,23,Male,High,25.0,Limited,High School
STU14511,18,Male,Medium,15.1,Moderate,High School
STU14512,21,Male,High,8.9,High-Speed,Bachelors
STU14513,25,Female,High,1.2,High-Speed,Bachelors
STU14514,24,Female,Low,3.3,High-Speed,Masters
STU14515,19,Male,Medium,33.0,High-Speed,High School
STU14516,25,Female,Low,3.7,Moderate,Bachelors
STU14517,22,Female,High,0.9,High-Speed,Doctorate
STU14518,22,Male,Low,11.7,Limited,High School
STU14519,18,Male,Low,12.6,High-Speed,Masters
STU14520,20,Female,Medium,3.2,Moderate,Bachelors
STU14521,20,Female,Medium,3.4,High-Speed,Bachelors
STU14522,23,Female,High,6.0,High-Speed,High School
STU14523,18,Female,High,0.2,Moderate,High School
STU14524,23,Female,Medium,14.8,High-Speed,High School
STU14525,23,Male,Low,3.6,High-Speed,Doctorate
STU14526,22,Female,Medium,18.3,High-Speed,Masters
STU14527,23,Female,Medium,15.4,High-Speed,High School
STU14528,25,Female,Medium,10.3,Moderate,Doctorate
STU14529,24,Male,Medium,3.7,Limited,Bachelors
STU14530,23,Male,Medium,6.9,High-Speed,Masters
STU14531,22,Male,Medium,5.6,High-Speed,High School
STU14532,24,Male,Medium,3.9,Moderate,High School
STU14533,20,Male,Medium,17.9,Limited,Bachelors
STU14534,19,Female,High,6.3,Limited,High School
STU14535,21,Female,Medium,17.0,Moderate,Bachelors
STU14536,23,Male,Low,1.1,High-Speed,Bachelors
STU14537,25,Female,High,1.4,High-Speed,High School
STU14538,24,Male,Medium,36.0,High-Speed,High School
STU14539,19,Male,Low,8.4,High-Speed,Doctorate
STU14540,22,Male,Medium,6.8,Moderate,High School
STU14541,19,Female,Medium,7.0,Moderate,High School
STU14542,21,Male,High,2.3,Moderate,Bachelors
STU14543,25,Male,Medium,12.0,High-Speed,Bachelors
STU14544,19,Male,Medium,0.8,Moderate,Bachelors
STU14545,25,Female,Low,8.1,High-Speed,Bachelors
STU14546,24,Male,Medium,8.0,High-Speed,High School
STU14547,19,Female,High,23.3,High-Speed,High School
STU14548,25,Female,High,7.1,Moderate,Bachelors
STU14549,19,Female,Low,1.4,High-Speed,Masters
STU14550,19,Female,Low,8.1,Moderate,Bachelors
STU14551,18,Male,Medium,0.9,High-Speed,High School
STU14552,23,Male,Medium,2.2,High-Speed,High School
STU14553,22,Female,Medium,0.3,Limited,High School
STU14554,21,Male,Medium,6.8,High-Speed,Bachelors
STU14555,22,Female,Medium,0.8,High-Speed,High School
STU14556,18,Female,High,6.0,High-Speed,High School
STU14557,18,Female,Medium,25.7,Limited,Bachelors
STU14558,24,Female,Low,12.1,High-Speed,Bachelors
STU14559,18,Other,Medium,0.8,High-Speed,Bachelors
STU14560,23,Female,High,2.4,High-Speed,Bachelors
STU14561,18,Male,Medium,10.6,High-Speed,Bachelors
STU14562,19,Female,Medium,21.4,High-Speed,High School
STU14563,22,Male,Medium,0.3,Moderate,Bachelors
STU14564,20,Male,High,15.9,Moderate,High School
STU14565,21,Female,Medium,7.8,High-Speed,High School
STU14566,18,Male,Medium,7.5,Moderate,Bachelors
STU14567,22,Male,High,30.1,Moderate,Bachelors
STU14568,24,Male,High,13.1,Limited,Bachelors
STU14569,18,Female,Medium,18.0,High-Speed,Bachelors
STU14570,23,Female,Medium,4.2,High-Speed,Masters
STU14571,18,Female,Medium,7.7,Moderate,Bachelors
STU14572,18,Male,Low,9.1,High-Speed,Bachelors
STU14573,25,Female,High,3.7,High-Speed,Bachelors
STU14574,25,Female,Medium,8.0,Moderate,High School
STU14575,18,Male,High,2.6,High-Speed,High School
STU14576,24,Male,Low,1.5,High-Speed,Bachelors
STU14577,25,Male,Medium,4.4,High-Speed,High School
STU14578,18,Female,Low,12.8,Moderate,Bachelors
STU14579,21,Female,Medium,23.6,High-Speed,Bachelors
STU14580,22,Female,Medium,5.8,Moderate,Doctorate
STU14581,25,Male,Medium,9.8,Moderate,Masters
STU14582,25,Female,Low,1.0,High-Speed,High School
STU14583,23,Female,Low,22.3,High-Speed,Bachelors
STU14584,18,Female,Low,8.0,High-Speed,High School
STU14585,18,Female,Low,14.4,Moderate,High School
STU14586,18,Male,Medium,15.0,High-Speed,Bachelors
STU14587,18,Male,Medium,2.8,Limited,High School
STU14588,25,Female,Medium,7.2,High-Speed,High School
STU14589,19,Female,Medium,30.7,High-Speed,Masters
STU14590,19,Female,Low,0.9,High-Speed,Masters
STU14591,20,Male,Low,10.9,Moderate,Bachelors
STU14592,18,Female,Low,31.1,High-Speed,Masters
STU14593,20,Male,High,3.4,High-Speed,Bachelors
STU14594,21,Male,Medium,18.8,Moderate,High School
STU14595,20,Female,Low,25.8,High-Speed,Bachelors
STU14596,22,Female,Low,13.1,High-Speed,Bachelors
STU14597,19,Male,High,2.5,Moderate,High School
STU14598,19,Male,Medium,3.9,Moderate,Masters
STU14599,18,Male,Medium,0.3,High-Speed,Bachelors
STU14600,25,Male,Medium,16.9,High-Speed,High School
STU14601,18,Female,Low,18.0,Moderate,High School
STU14602,21,Female,High,9.5,High-Speed,High School
STU14603,23,Male,Medium,4.1,Moderate,Masters
STU14604,21,Female,Medium,0.8,High-Speed,Bachelors
STU14605,22,Female,High,13.3,High-Speed,Bachelors
STU14606,18,Female,Medium,12.3,High-Speed,Bachelors
STU14607,18,Male,Low,23.2,High-Speed,Bachelors
STU14608,21,Female,Medium,12.5,Moderate,Bachelors
STU14609,21,Male,Low,16.8,High-Speed,Bachelors
STU14610,21,Male,Low,13.0,High-Speed,Masters
STU14611,19,Male,Medium,9.5,Limited,Doctorate
STU14612,20,Male,Low,5.3,High-Speed,Doctorate
STU14613,20,Male,High,22.1,Moderate,Bachelors
STU14614,18,Male,High,10.0,Limited,Masters
STU14615,19,Male,Low,4.8,Limited,Bachelors
STU14616,21,Female,Medium,0.8,Moderate,Masters
STU14617,18,Female,High,3.3,High-Speed,Masters
STU14618,19,Male,Medium,7.5,Limited,Masters
STU14619,22,Female,Medium,3.1,Moderate,Masters
STU14620,23,Female,Medium,2.4,Moderate,Bachelors
STU14621,19,Female,Medium,7.1,High-Speed,High School
STU14622,24,Male,Medium,1.8,Limited,High School
STU14623,18,Female,High,15.3,Moderate,Bachelors
STU14624,25,Female,Medium,6.3,Moderate,High School
STU14625,20,Female,High,8.1,High-Speed,Bachelors
STU14626,24,Male,Low,1.5,High-Speed,Bachelors
STU14627,21,Female,High,3.7,Limited,Bachelors
STU14628,23,Female,Medium,5.0,High-Speed,Masters
STU14629,25,Female,Medium,15.7,High-Speed,Bachelors
STU14630,22,Male,Medium,14.0,Moderate,Bachelors
STU14631,25,Male,Low,2.4,High-Speed,Bachelors
STU14632,23,Female,Low,9.1,High-Speed,Masters
STU14633,25,Female,Low,2.7,High-Speed,High School
STU14634,23,Male,Low,42.2,High-Speed,High School
STU14635,19,Female,Medium,28.9,High-Speed,Masters
STU14636,18,Male,Medium,7.9,High-Speed,Bachelors
STU14637,25,Female,Medium,11.4,High-Speed,Bachelors
STU14638,25,Female,Low,15.4,Moderate,Bachelors
STU14639,18,Female,High,12.1,Limited,High School
STU14640,23,Female,Medium,11.4,High-Speed,Bachelors
STU14641,21,Male,High,30.2,High-Speed,High School
STU14642,18,Female,Medium,8.6,High-Speed,Bachelors
STU14643,23,Male,Low,9.6,Moderate,Bachelors
STU14644,18,Female,Medium,18.0,Limited,Bachelors
STU14645,21,Female,Medium,10.5,High-Speed,Bachelors
STU14646,22,Female,Low,12.5,High-Speed,Doctorate
STU14647,24,Male,Low,2.5,Moderate,Bachelors
STU14648,23,Female,Low,4.4,Moderate,Masters
STU14649,20,Male,Low,1.5,High-Speed,Bachelors
STU14650,20,Male,Medium,6.7,Moderate,Bachelors
STU14651,23,Female,Medium,5.8,Moderate,High School
STU14652,19,Male,Low,55.7,Limited,High School
STU14653,22,Female,Medium,9.0,High-Speed,Bachelors
STU14654,19,Male,Medium,14.7,Limited,High School
STU14655,24,Male,Low,3.9,High-Speed,Bachelors
STU14656,20,Female,Low,16.9,Moderate,Bachelors
STU14657,21,Female,Low,9.1,High-Speed,Masters
STU14658,23,Male,Medium,11.3,High-Speed,Doctorate
STU14659,24,Female,Low,3.3,Moderate,High School
STU14660,25,Female,Medium,7.6,High-Speed,High School
STU14661,25,Female,Medium,9.5,High-Speed,Bachelors
STU14662,18,Male,Medium,8.4,High-Speed,High School
STU14663,20,Female,Low,23.4,High-Speed,High School
STU14664,22,Female,Medium,21.7,High-Speed,Masters
STU14665,20,Female,Medium,33.6,Limited,Doctorate
STU14666,22,Male,High,10.5,High-Speed,Bachelors
STU14667,22,Female,Medium,33.9,High-Speed,Bachelors
STU14668,23,Female,Medium,17.0,High-Speed,Bachelors
STU14669,22,Female,Medium,3.0,High-Speed,Bachelors
STU14670,19,Male,Medium,5.3,High-Speed,Bachelors
STU14671,25,Female,High,2.6,High-Speed,Bachelors
STU14672,24,Female,Low,0.0,High-Speed,High School
STU14673,21,Male,High,2.0,High-Speed,Masters
STU14674,20,Male,Medium,0.0,Moderate,Bachelors
STU14675,21,Female,Medium,12.1,Moderate,Bachelors
STU14676,24,Male,Low,5.3,High-Speed,Masters
STU14677,18,Female,Medium,3.6,High-Speed,High School
STU14678,24,Female,Medium,13.6,Moderate,High School
STU14679,20,Female,Low,17.0,High-Speed,Masters
STU14680,25,Male,Low,35.2,Limited,Doctorate
STU14681,21,Male,High,9.8,High-Speed,Bachelors
STU14682,21,Female,Medium,5.9,High-Speed,High School
STU14683,23,Male,Medium,3.5,Moderate,Bachelors
STU14684,23,Female,Low,2.4,Moderate,High School
STU14685,24,Male,Medium,2.3,High-Speed,Bachelors
STU14686,24,Male,Medium,5.0,High-Speed,High School
STU14687,18,Male,Medium,45.6,High-Speed,Masters
STU14688,22,Female,Medium,0.0,Limited,Bachelors
STU14689,20,Female,Medium,2.1,Moderate,Masters
STU14690,23,Male,Medium,2.0,High-Speed,High School
STU14691,20,Male,Low,12.0,High-Speed,High School
STU14692,18,Male,High,4.1,High-Speed,Masters
STU14693,23,Female,Medium,5.8,High-Speed,High School
STU14694,23,Male,Medium,1.5,High-Speed,Bachelors
STU14695,22,Female,Medium,4.9,Moderate,High School
STU14696,20,Female,High,1.0,High-Speed,Bachelors
STU14697,25,Female,Low,7.2,High-Speed,High School
STU14698,20,Male,Low,1.0,Moderate,Bachelors
STU14699,20,Other,Medium,14.8,High-Speed,Bachelors
STU14700,22,Male,Medium,7.9,High-Speed,Bachelors
STU14701,23,Male,Medium,12.2,High-Speed,High School
STU14702,18,Female,Low,5.2,High-Speed,Bachelors
STU14703,20,Female,Medium,4.6,Moderate,Bachelors
STU14704,21,Male,Low,1.0,Moderate,High School
STU14705,25,Male,Low,7.0,High-Speed,Bachelors
STU14706,25,Female,High,6.9,High-Speed,Masters
STU14707,22,Male,Medium,6.0,High-Speed,High School
STU14708,19,Female,Medium,12.8,High-Speed,Bachelors
STU14709,18,Female,Low,17.0,High-Speed,Bachelors
STU14710,21,Male,Medium,13.2,High-Speed,High School
STU14711,20,Male,Medium,1.5,High-Speed,High School
STU14712,19,Male,High,9.2,High-Speed,Bachelors
STU14713,18,Female,High,0.8,Moderate,Bachelors
STU14714,22,Female,Medium,11.3,Moderate,High School
STU14715,19,Male,Medium,4.6,Limited,Masters
STU14716,23,Female,Medium,1.4,High-Speed,Bachelors
STU14717,24,Other,Medium,18.8,Moderate,High School
STU14718,19,Male,Low,9.0,Moderate,Bachelors
STU14719,24,Female,Medium,4.2,Limited,Doctorate
STU14720,25,Male,Low,0.3,High-Speed,High School
STU14721,21,Male,Low,7.3,Moderate,Bachelors
STU14722,18,Male,Low,24.4,High-Speed,Bachelors
STU14723,21,Male,Medium,8.6,Moderate,High School
STU14724,21,Male,Medium,33.8,High-Speed,High School
STU14725,20,Male,Medium,1.4,Moderate,High School
STU14726,22,Female,Medium,8.0,Moderate,High School
STU14727,19,Female,Low,15.2,High-Speed,High School
STU14728,18,Female,Medium,7.1,High-Speed,Masters
STU14729,25,Male,Low,0.9,High-Speed,Doctorate
STU14730,23,Male,Medium,8.3,High-Speed,High School
STU14731,22,Male,High,9.0,High-Speed,Bachelors
STU14732,22,Female,Low,12.4,High-Speed,High School
STU14733,18,Female,Low,13.6,Moderate,High School
STU14734,22,Male,Medium,14.0,High-Speed,High School
STU14735,20,Male,High,10.3,Moderate,High School
STU14736,22,Female,Medium,2.3,Moderate,Masters
STU14737,25,Male,High,4.9,Limited,High School
STU14738,25,Male,Medium,14.2,Moderate,Bachelors
STU14739,20,Female,High,29.1,High-Speed,High School
STU14740,19,Female,Low,0.8,Moderate,High School
STU14741,19,Male,Low,7.3,High-Speed,Masters
STU14742,21,Male,High,3.6,Limited,High School
STU14743,25,Other,High,2.4,Moderate,Doctorate
STU14744,20,Male,Low,6.7,Moderate,High School
STU14745,23,Male,Low,8.9,High-Speed,Bachelors
STU14746,19,Male,Low,0.1,High-Speed,Doctorate
STU14747,22,Male,Low,14.4,Moderate,High School
STU14748,18,Male,Low,16.3,Moderate,Bachelors
STU14749,18,Female,High,32.0,High-Speed,Bachelors
STU14750,24,Male,Medium,1.9,Limited,High School
STU14751,25,Male,Medium,8.6,High-Speed,Bachelors
STU14752,20,Female,Medium,5.3,Moderate,High School
STU14753,23,Female,Medium,3.9,Moderate,High School
STU14754,21,Female,Medium,7.9,High-Speed,High School
STU14755,22,Female,Medium,14.5,High-Speed,Masters
STU14756,20,Male,Medium,0.2,Moderate,High School
STU14757,24,Female,Medium,33.1,High-Speed,High School
STU14758,18,Male,Medium,15.8,High-Speed,Bachelors
STU14759,20,Other,High,13.2,Moderate,High School
STU14760,22,Male,High,13.6,Moderate,Bachelors
STU14761,23,Other,Medium,4.7,High-Speed,High School
STU14762,25,Female,Medium,13.2,High-Speed,Bachelors
STU14763,23,Male,Low,4.6,High-Speed,Bachelors
STU14764,19,Female,Medium,21.8,Moderate,High School
STU14765,22,Other,Medium,1.9,High-Speed,High School
STU14766,24,Female,Low,3.3,Moderate,Bachelors
STU14767,19,Male,Medium,7.6,Moderate,Bachelors
STU14768,19,Female,Medium,3.7,High-Speed,High School
STU14769,19,Male,Low,5.2,High-Speed,High School
STU14770,20,Male,High,6.4,Limited,High School
STU14771,24,Male,Low,18.4,High-Speed,Bachelors
STU14772,18,Male,High,7.0,Moderate,Doctorate
STU14773,23,Female,Medium,4.3,Limited,High School
STU14774,25,Male,Medium,2.7,Limited,High School
STU14775,20,Female,Medium,5.0,High-Speed,High School
STU14776,18,Male,Medium,6.9,High-Speed,High School
STU14777,23,Male,Medium,13.0,Limited,Bachelors
STU14778,25,Male,Medium,1.2,Moderate,Masters
STU14779,24,Male,Medium,2.4,High-Speed,High School
STU14780,25,Male,Medium,4.5,High-Speed,Bachelors
STU14781,24,Male,High,4.2,High-Speed,High School
STU14782,22,Female,Low,4.7,Moderate,Masters
STU14783,25,Male,Medium,15.0,High-Speed,Bachelors
STU14784,23,Male,Low,3.7,Moderate,High School
STU14785,23,Male,Medium,6.6,Moderate,Masters
STU14786,24,Female,Medium,9.3,Moderate,High School
STU14787,23,Female,Low,2.5,Moderate,Bachelors
STU14788,21,Female,Low,12.0,Moderate,Masters
STU14789,22,Male,Low,7.5,High-Speed,High School
STU14790,20,Male,Medium,5.6,High-Speed,Bachelors
STU14791,25,Female,Medium,15.8,Moderate,Masters
STU14792,20,Male,High,2.7,High-Speed,Doctorate
STU14793,18,Male,Medium,20.4,High-Speed,Bachelors
STU14794,20,Male,Low,7.8,High-Speed,High School
STU14795,19,Male,High,8.9,High-Speed,Bachelors
STU14796,23,Male,Medium,19.8,Moderate,Bachelors
STU14797,20,Female,Medium,16.2,Moderate,Bachelors
STU14798,18,Male,Low,8.7,High-Speed,Masters
STU14799,18,Female,Medium,13.3,Moderate,High School
STU14800,19,Male,High,5.4,High-Speed,High School
STU14801,18,Male,Medium,7.5,Moderate,Bachelors
STU14802,24,Female,Medium,0.6,High-Speed,Doctorate
STU14803,21,Male,Medium,0.9,Moderate,Bachelors
STU14804,24,Female,High,16.8,High-Speed,Doctorate
STU14805,23,Female,Low,0.6,High-Speed,Masters
STU14806,23,Male,Medium,1.8,Moderate,Masters
STU14807,23,Female,High,15.1,High-Speed,Masters
STU14808,22,Male,Low,0.0,Limited,Masters
STU14809,20,Female,Medium,3.2,Moderate,Masters
STU14810,21,Male,Medium,8.3,High-Speed,Bachelors
STU14811,20,Female,Medium,8.6,Moderate,High School
STU14812,21,Male,Medium,14.3,High-Speed,High School
STU14813,20,Female,Medium,6.7,High-Speed,High School
STU14814,19,Female,Medium,6.8,Limited,High School
STU14815,25,Female,Low,12.3,High-Speed,High School
STU14816,24,Female,Medium,6.6,Moderate,Masters
STU14817,18,Female,Low,8.9,High-Speed,Bachelors
STU14818,18,Female,Low,21.7,Moderate,High School
STU14819,24,Male,High,4.9,High-Speed,Bachelors
STU14820,19,Male,Medium,4.6,High-Speed,Bachelors
STU14821,21,Male,High,0.0,Limited,High School
STU14822,24,Male,Low,9.0,High-Speed,Masters
STU14823,22,Male,Medium,0.3,Moderate,High School
STU14824,21,Female,Low,6.7,High-Speed,Bachelors
STU14825,18,Male,Medium,15.5,High-Speed,High School
STU14826,22,Female,Medium,7.6,Moderate,Bachelors
STU14827,20,Male,Low,3.0,High-Speed,Masters
STU14828,22,Male,High,14.7,High-Speed,High School
STU14829,21,Female,Low,3.0,Limited,Doctorate
STU14830,19,Female,Medium,12.5,Moderate,High School
STU14831,20,Female,High,9.0,High-Speed,Bachelors
STU14832,21,Female,High,1.8,High-Speed,Masters
STU14833,20,Male,High,22.4,Moderate,Masters
STU14834,22,Female,Medium,2.1,Limited,High School
STU14835,18,Male,Low,43.4,Limited,High School
STU14836,21,Male,Low,0.1,Moderate,Bachelors
STU14837,25,Male,Medium,2.9,High-Speed,High School
STU14838,19,Male,Medium,2.1,Limited,Bachelors
STU14839,25,Male,Low,0.1,Moderate,Bachelors
STU14840,25,Female,Medium,12.5,High-Speed,Bachelors
STU14841,24,Female,Medium,11.2,High-Speed,High School
STU14842,22,Male,Medium,14.9,High-Speed,Bachelors
STU14843,21,Male,Medium,2.8,Moderate,Masters
STU14844,19,Male,Medium,5.6,High-Speed,Bachelors
STU14845,21,Male,High,10.2,High-Speed,Bachelors
STU14846,22,Female,Low,5.5,High-Speed,High School
STU14847,21,Male,Medium,11.4,High-Speed,High School
STU14848,20,Female,Low,9.5,High-Speed,High School
STU14849,22,Male,Low,1.2,Moderate,Bachelors
STU14850,21,Other,Medium,14.4,High-Speed,High School
STU14851,24,Male,High,12.1,Limited,Bachelors
STU14852,18,Female,Low,10.1,Moderate,Bachelors
STU14853,21,Male,Medium,1.6,Limited,Bachelors
STU14854,20,Female,Medium,3.0,Moderate,High School
STU14855,19,Male,Low,4.7,High-Speed,Bachelors
STU14856,24,Male,High,3.1,High-Speed,Bachelors
STU14857,19,Female,Medium,2.5,High-Speed,High School
STU14858,25,Female,Low,15.5,Limited,High School
STU14859,24,Female,Medium,9.7,High-Speed,Bachelors
STU14860,19,Female,Medium,7.9,High-Speed,High School
STU14861,18,Female,Medium,2.4,Moderate,High School
STU14862,20,Male,Medium,23.8,Limited,High School
STU14863,25,Male,Low,2.0,Moderate,High School
STU14864,22,Male,Medium,15.1,Moderate,Doctorate
STU14865,19,Female,Low,32.3,High-Speed,Bachelors
STU14866,24,Male,High,12.3,Moderate,Bachelors
STU14867,20,Male,Medium,46.9,High-Speed,Masters
STU14868,21,Female,Low,10.0,Moderate,Bachelors
STU14869,18,Female,High,2.3,High-Speed,Bachelors
STU14870,20,Male,Low,2.2,High-Speed,High School
STU14871,20,Male,Medium,3.7,Limited,Bachelors
STU14872,22,Male,Medium,0.1,High-Speed,High School
STU14873,20,Male,Low,10.9,Moderate,Bachelors
STU14874,22,Male,High,3.0,Moderate,High School
STU14875,18,Female,Medium,16.0,Moderate,High School
STU14876,18,Female,Low,4.2,High-Speed,High School
STU14877,21,Female,Medium,6.2,High-Speed,High School
STU14878,22,Male,Medium,32.0,Moderate,Masters
STU14879,22,Female,High,2.6,Moderate,High School
STU14880,19,Male,Medium,12.1,High-Speed,Masters
STU14881,19,Male,Medium,13.4,High-Speed,Bachelors
STU14882,21,Female,Medium,2.4,High-Speed,Bachelors
STU14883,18,Male,Medium,6.6,Limited,High School
STU14884,23,Male,Medium,4.1,High-Speed,Masters
STU14885,19,Female,Low,14.0,High-Speed,High School
STU14886,20,Male,Medium,9.3,Moderate,Bachelors
STU14887,18,Female,Medium,6.1,High-Speed,Bachelors
STU14888,23,Male,High,14.4,Limited,Bachelors
STU14889,25,Female,Low,2.5,High-Speed,High School
STU14890,20,Male,Medium,13.3,High-Speed,Bachelors
STU14891,24,Male,High,19.0,High-Speed,Masters
STU14892,22,Female,Medium,20.0,High-Speed,Masters
STU14893,18,Male,High,14.5,High-Speed,Masters
STU14894,24,Male,High,5.0,High-Speed,High School
STU14895,21,Male,Medium,38.1,High-Speed,High School
STU14896,22,Male,Medium,4.5,Moderate,High School
STU14897,22,Male,Low,9.7,High-Speed,Masters
STU14898,20,Male,Medium,1.7,Limited,High School
STU14899,24,Female,Low,37.4,Moderate,Bachelors
STU14900,22,Male,Medium,11.6,High-Speed,Masters
STU14901,19,Male,Medium,13.3,High-Speed,Bachelors
STU14902,18,Male,Medium,0.6,High-Speed,Bachelors
STU14903,19,Male,Low,13.7,High-Speed,High School
STU14904,20,Female,High,14.2,High-Speed,Bachelors
STU14905,23,Male,Low,10.6,High-Speed,Masters
STU14906,25,Female,Low,3.3,Moderate,Bachelors
STU14907,20,Male,Low,6.4,High-Speed,High School
STU14908,18,Female,High,1.1,High-Speed,High School
STU14909,22,Female,High,6.1,High-Speed,High School
STU14910,24,Female,Medium,2.7,Moderate,Bachelors
STU14911,24,Female,High,4.1,High-Speed,High School
STU14912,21,Female,Low,1.7,Moderate,Bachelors
STU14913,20,Male,High,2.5,High-Speed,Bachelors
STU14914,18,Male,Low,0.8,Limited,Bachelors
STU14915,21,Female,Low,24.0,High-Speed,High School
STU14916,22,Male,Low,7.2,Limited,Bachelors
STU14917,23,Male,Medium,4.8,Moderate,Bachelors
STU14918,20,Female,Medium,7.3,High-Speed,High School
STU14919,23,Male,Medium,9.4,High-Speed,Doctorate
STU14920,18,Female,High,24.2,High-Speed,High School
STU14921,23,Female,Medium,1.9,Limited,Bachelors
STU14922,23,Female,Low,3.3,Moderate,High School
STU14923,18,Female,Medium,35.3,High-Speed,Bachelors
STU14924,18,Male,Medium,4.4,High-Speed,Bachelors
STU14925,20,Male,High,0.2,High-Speed,High School
STU14926,23,Male,Medium,1.5,Moderate,Bachelors
STU14927,21,Male,Medium,0.3,Moderate,Bachelors
STU14928,25,Female,Low,43.7,High-Speed,Bachelors
STU14929,18,Female,Medium,3.1,High-Speed,High School
STU14930,22,Male,High,24.4,High-Speed,High School
STU14931,23,Male,Low,52.2,High-Speed,Bachelors
STU14932,18,Female,High,8.7,High-Speed,High School
STU14933,21,Male,Medium,0.3,High-Speed,Bachelors
STU14934,24,Male,Low,0.8,High-Speed,High School
STU14935,20,Male,High,6.2,Limited,High School
STU14936,23,Female,Medium,5.0,Moderate,Masters
STU14937,24,Female,Medium,8.9,Limited,Bachelors
STU14938,18,Female,Low,5.5,High-Speed,Bachelors
STU14939,18,Female,Low,25.8,Moderate,Masters
STU14940,22,Male,High,7.3,Moderate,Bachelors
STU14941,22,Male,Medium,11.2,High-Speed,Bachelors
STU14942,23,Female,High,21.5,High-Speed,Doctorate
STU14943,24,Male,Low,1.5,Moderate,Bachelors
STU14944,25,Female,Low,2.5,Limited,Bachelors
STU14945,24,Female,Low,1.1,High-Speed,Bachelors
STU14946,18,Female,Medium,1.4,High-Speed,Masters
STU14947,25,Female,High,6.8,Moderate,High School
STU14948,23,Female,Medium,3.7,Limited,High School
STU14949,18,Female,Medium,5.2,Moderate,High School
STU14950,22,Male,High,38.4,High-Speed,High School
STU14951,21,Male,Medium,1.6,High-Speed,High School
STU14952,19,Male,Low,7.4,High-Speed,Masters
STU14953,25,Female,High,1.0,Moderate,Bachelors
STU14954,19,Male,Medium,3.6,Moderate,High School
STU14955,18,Female,Low,7.1,High-Speed,Bachelors
STU14956,24,Male,Low,27.8,High-Speed,Bachelors
STU14957,22,Female,Medium,4.7,Limited,Bachelors
STU14958,20,Male,Medium,0.6,Moderate,High School
STU14959,20,Female,Low,4.7,Limited,Masters
STU14960,19,Female,Low,1.5,High-Speed,High School
STU14961,21,Male,Medium,2.5,Moderate,High School
STU14962,19,Male,High,9.1,Moderate,High School
STU14963,18,Female,Medium,0.7,High-Speed,Bachelors
STU14964,21,Male,Low,5.9,Limited,Bachelors
STU14965,20,Male,Low,8.9,High-Speed,High School
STU14966,24,Female,Low,5.2,Moderate,High School
STU14967,22,Female,Low,0.2,Limited,Bachelors
STU14968,25,Female,Medium,40.2,High-Speed,Bachelors
STU14969,22,Male,Medium,4.3,Moderate,High School
STU14970,18,Male,Medium,14.3,High-Speed,Masters
STU14971,19,Female,Medium,3.7,Moderate,Doctorate
STU14972,18,Female,Low,6.1,Moderate,High School
STU14973,25,Female,Medium,4.7,Moderate,Bachelors
STU14974,22,Male,Medium,4.0,Moderate,High School
STU14975,25,Male,Medium,0.2,High-Speed,Bachelors
STU14976,20,Male,Low,4.2,High-Speed,Bachelors
STU14977,22,Male,Medium,20.9,High-Speed,High School
STU14978,21,Male,Low,11.1,Moderate,Bachelors
STU14979,24,Male,Low,1.5,High-Speed,Masters
STU14980,25,Female,High,8.5,Moderate,High School
STU14981,24,Male,High,21.2,High-Speed,High School
STU14982,23,Female,Low,11.4,Moderate,High School
STU14983,22,Female,Low,1.5,High-Speed,Bachelors
STU14984,22,Female,Medium,19.2,Moderate,Bachelors
STU14985,24,Male,Low,3.4,Moderate,Bachelors
STU14986,23,Female,Medium,5.8,Limited,Bachelors
STU14987,21,Female,Low,7.1,Moderate,Bachelors
STU14988,19,Female,Low,18.1,Moderate,Bachelors
STU14989,25,Female,Medium,25.5,Limited,Bachelors
STU14990,25,Female,High,25.2,Moderate,Bachelors
STU14991,22,Female,Low,0.1,High-Speed,Masters
STU14992,24,Male,Medium,24.2,Moderate,High School
STU14993,18,Female,Low,0.5,Moderate,High School
STU14994,22,Male,Low,2.9,High-Speed,High School
STU14995,18,Female,High,6.9,Moderate,Masters
STU14996,21,Male,Medium,6.2,Moderate,Bachelors
STU14997,22,Male,Medium,8.8,Limited,High School
STU14998,25,Female,Medium,6.2,Limited,Doctorate
STU14999,24,Female,High,25.9,High-Speed,Masters
